num_events,utilization,reallocations,changes,failures,reallocated_prop,time_compute,time_apply,time_enum,time_search,time_pp
1,1.0,8,11,0,0.3076923076923077,0.03659820556640625,0.5752313137054443,0.015425920486450195,0.011353015899658203,0.009816884994506836
