num_events,utilization,reallocations,changes,failures,reallocated_prop,time_compute,time_apply,time_enum,time_search,time_pp
1,1.0,1,3,0,0.125,0.0306093692779541,0.6052589416503906,0.0150299072265625,0.005771160125732422,0.009806632995605469
