num_events,utilization,reallocations,changes,failures,reallocated_prop,time_compute,time_apply,time_enum,time_search,time_pp
1,0.6701766304347826,10,19,0,0.4,0.07367062568664551,3.5368571281433105,0.0005078315734863281,0.0017468929290771484,0.07141351699829102
