num_events,utilization,reallocations,changes,failures,reallocated_prop,time_compute,time_apply,time_enum,time_search,time_pp
1,0.6662024456521739,10,17,0,0.45454545454545453,0.07539677619934082,3.56611967086792,0.0005159378051757812,0.00148773193359375,0.07339072227478027
