num_events,utilization,reallocations,changes,failures,reallocated_prop,time_compute,time_apply,time_enum,time_search,time_pp
1,0.050543478260869565,1,0,0,0.0,0.02007269859313965,0.17968487739562988,9.870529174804688e-05,0.0007390975952148438,0.019233226776123047
