num_events,utilization,reallocations,changes,failures,reallocated_prop,time_compute,time_apply,time_enum,time_search,time_pp
1,0.45523097826086956,3,2,0,0.6666666666666666,0.03616619110107422,1.4264099597930908,9.989738464355469e-05,0.0001087188720703125,0.03595590591430664
