num_events,utilization,reallocations,changes,failures,reallocated_prop,time_compute,time_apply
1,0.7129755434782609,7,11,0,0.3888888888888889,0.07320213317871094,3.8106818199157715
