num_events,utilization,reallocations,changes,failures,reallocated_prop,time_compute,time_apply,time_enum,time_search,time_pp
1,0.33695652173913043,1,0,0,0.0,0.2577531337738037,0.28401780128479004,0.017652273178100586,0.2300858497619629,0.010012626647949219
