num_events,utilization,reallocations,changes,failures,reallocated_prop,time_compute,time_apply,time_enum,time_search,time_pp
1,0.65,19,46,0,0.3275862068965517,0.020220041275024414,0.6084449291229248,0.0005285739898681641,0.0014557838439941406,0.018233776092529297
