num_events,utilization,reallocations,changes,failures,reallocated_prop,time_compute,time_apply
1,0.9059782608695652,30,54,0,0.189873417721519,0.015830039978027344,0.5526790618896484
