num_events,utilization,reallocations,changes,failures,reallocated_prop,time_compute,time_apply
1,0.7159307065217392,10,15,0,0.45454545454545453,0.07277274131774902,3.7878284454345703
