num_events,utilization,reallocations,changes,failures,reallocated_prop,time_compute,time_apply
1,0.4904891304347826,3,3,0,0.6666666666666666,0.22396135330200195,0.48029160499572754
