num_events,utilization,reallocations,changes,failures,reallocated_prop,time_compute,time_apply,time_enum,time_search,time_pp
1,0.39456521739130435,1,0,0,0.0,0.012386083602905273,0.2010207176208496,9.369850158691406e-05,0.002473592758178711,0.009817123413085938
