num_events,utilization,reallocations,changes,failures,reallocated_prop,time_compute,time_apply,time_enum,time_search,time_pp
1,1.0,28,62,0,0.07629427792915532,0.13074421882629395,0.577003002166748,0.01476430892944336,0.10602474212646484,0.009953022003173828
