num_events,utilization,reallocations,changes,failures,reallocated_prop,time_compute,time_apply,time_enum,time_search,time_pp
1,0.19891304347826086,1,0,0,0.0,0.16781020164489746,0.2182481288909912,0.01812291145324707,0.1400456428527832,0.009639501571655273
