num_events,utilization,reallocations,changes,failures,reallocated_prop,time_compute,time_apply,time_enum,time_search,time_pp
1,1.0,4,6,0,0.26666666666666666,0.028548240661621094,0.5447676181793213,0.012717008590698242,0.0069200992584228516,0.008910179138183594
