num_events,utilization,reallocations,changes,failures,reallocated_prop,time_compute,time_apply
1,0.9059782608695652,28,51,0,0.27722772277227725,0.014662981033325195,0.5458846092224121
