num_events,utilization,reallocations,changes,failures,reallocated_prop,time_compute,time_apply,time_enum,time_search,time_pp
1,1.0,69,156,0,0.19827586206896552,0.12521934509277344,0.5909895896911621,0.014667510986328125,0.10060381889343262,0.00994563102722168
