num_events,utilization,reallocations,changes,failures,reallocated_prop,time_compute,time_apply,time_enum,time_search,time_pp
1,0.05434782608695652,1,0,0,0.0,0.010509967803955078,0.09263968467712402,9.775161743164062e-05,0.0004055500030517578,0.010004520416259766
