num_events,utilization,reallocations,changes,failures,reallocated_prop,time_compute,time_apply,time_enum,time_search,time_pp
1,0.75,1,0,0,0.0,0.030942440032958984,0.5257935523986816,0.01590418815612793,0.004824638366699219,0.010212421417236328
