num_events,utilization,reallocations,changes,failures,reallocated_prop,time_compute,time_apply,time_enum,time_search,time_pp
1,1.0,18,32,0,0.24324324324324326,0.0510251522064209,0.5616188049316406,0.015911340713500977,0.024980545043945312,0.010130882263183594
