num_events,utilization,reallocations,changes,failures,reallocated_prop,time_compute,time_apply,time_enum,time_search,time_pp
1,1.0,7,7,0,0.3684210526315789,0.03282618522644043,0.5780699253082275,0.014701366424560547,0.008657217025756836,0.009466171264648438
