num_events,utilization,reallocations,changes,failures,reallocated_prop,time_compute,time_apply
1,0.7131793478260869,7,6,0,0.5454545454545454,0.038431644439697266,1.910337209701538
