num_events,utilization,reallocations,changes,failures,reallocated_prop,time_compute,time_apply,time_enum,time_search,time_pp
1,0.30434782608695654,1,0,0,0.0,0.2373366355895996,0.25344085693359375,0.017552614212036133,0.2103722095489502,0.009409904479980469
