num_events,utilization,reallocations,changes,failures,reallocated_prop,time_compute,time_apply,time_enum,time_search,time_pp
1,0.65,10,19,0,0.4166666666666667,0.012310028076171875,0.3532435894012451,0.0006196498870849609,0.0006897449493408203,0.010998725891113281
