num_events,utilization,reallocations,changes,failures,reallocated_prop,time_compute,time_apply,time_enum,time_search,time_pp
1,0.7353260869565217,11,11,0,0.2564102564102564,0.019095420837402344,0.9521856307983398,3.361701965332031e-05,0.0002105236053466797,0.018849611282348633
