num_events,utilization,reallocations,changes,failures,reallocated_prop,time_compute,time_apply,time_enum,time_search,time_pp
1,1.0,21,63,0,0.12352941176470589,0.07589411735534668,0.5809838771820068,0.014757633209228516,0.051609039306640625,0.009525537490844727
