num_events,utilization,reallocations,changes,failures,reallocated_prop,time_compute,time_apply,time_enum,time_search,time_pp
1,0.004483695652173913,1,0,0,0.0,0.07702922821044922,0.5977389812469482,8.320808410644531e-05,0.0002467632293701172,0.07669639587402344
