num_events,utilization,reallocations,changes,failures,reallocated_prop,time_compute,time_apply,time_enum,time_search,time_pp
1,0.008152173913043478,1,0,0,0.0,0.07270073890686035,0.4427039623260498,3.337860107421875e-05,3.743171691894531e-05,0.07262849807739258
