num_events,utilization,reallocations,changes,failures,reallocated_prop,time_compute,time_apply,time_enum,time_search,time_pp
1,1.0,17,48,0,0.15454545454545454,0.06085658073425293,0.5406250953674316,0.016872882843017578,0.0350794792175293,0.008900880813598633
