num_events,utilization,reallocations,changes,failures,reallocated_prop,time_compute,time_apply
1,0.7479619565217391,9,9,0,0.7272727272727273,0.018462419509887695,1.0139222145080566
