num_events,utilization,reallocations,changes,failures,reallocated_prop,time_compute,time_apply,time_enum
1,0.07608695652173914,1,0,0,0.0,0.038583993911743164,0.15879487991333008,0.018247365951538086
