num_events,utilization,reallocations,changes,failures,reallocated_prop,time_compute,time_apply,time_enum,time_search,time_pp
1,1.0,7,18,0,0.1590909090909091,0.04051041603088379,0.571509599685669,0.014706134796142578,0.01634359359741211,0.009458780288696289
