num_events,utilization,reallocations,changes,failures,reallocated_prop,time_compute,time_apply,time_enum,time_search,time_pp
1,0.6758152173913043,3,4,0,0.3333333333333333,0.010577917098999023,0.4548075199127197,0.0005733966827392578,0.0006892681121826172,0.009313583374023438
