num_events,utilization,reallocations,changes,failures,reallocated_prop,time_compute,time_apply,time_enum,time_search,time_pp
1,0.65,46,87,0,0.41818181818181815,0.012630939483642578,0.3197033405303955,0.0005085468292236328,0.0025374889373779297,0.009583234786987305
