num_events,utilization,reallocations,changes,failures,reallocated_prop,time_compute,time_apply,time_enum,time_search,time_pp
1,0.6804347826086956,9,9,0,0.5333333333333333,0.018003225326538086,0.8874270915985107,3.0517578125e-05,7.534027099609375e-05,0.017895221710205078
