num_events,utilization,reallocations,changes,failures,reallocated_prop,time_compute,time_apply,time_enum,time_search,time_pp
1,0.3684782608695652,1,0,0,0.0,0.2783658504486084,0.2924809455871582,0.01814436912536621,0.2505226135253906,0.009696483612060547
