num_events,utilization,reallocations,changes,failures,reallocated_prop,time_compute,time_apply,time_enum,time_search,time_pp
1,0.65,83,134,0,0.20194647201946472,0.02008795738220215,0.3816673755645752,0.0006322860717773438,0.008064985275268555,0.011388778686523438
