num_events,utilization,reallocations,changes,failures,reallocated_prop,time_compute,time_apply,time_enum,time_search,time_pp
1,0.08423913043478261,1,0,0,0.0,0.07055258750915527,0.5910310745239258,3.314018249511719e-05,0.00026035308837890625,0.07025718688964844
