num_events,utilization,reallocations,changes,failures,reallocated_prop,time_compute,time_apply,time_enum,time_search,time_pp
1,1.0,49,108,0,0.2024793388429752,0.09651970863342285,0.5824167728424072,0.014821767807006836,0.07189679145812988,0.009798526763916016
