num_events,utilization,reallocations,changes,failures,reallocated_prop,time_compute,time_apply,time_enum,time_search,time_pp
1,0.751358695652174,5,11,0,0.4166666666666667,0.010442495346069336,0.4425928592681885,0.00041937828063964844,0.0009999275207519531,0.009020805358886719
