num_events,utilization,reallocations,changes,failures,reallocated_prop,time_compute,time_apply,time_enum,time_search,time_pp
1,0.6742527173913043,5,4,0,0.18181818181818182,0.0364842414855957,1.7945170402526855,0.00010800361633300781,0.00039267539978027344,0.035980939865112305
