num_events,utilization,reallocations,changes,failures,reallocated_prop,time_compute,time_apply
1,0.8247282608695652,9,10,0,0.6153846153846154,0.009469747543334961,0.5341446399688721
