num_events,utilization,reallocations,changes,failures,reallocated_prop,time_compute,time_apply,time_enum,time_search,time_pp
1,1.0,75,167,0,0.1875,0.13919544219970703,0.6005172729492188,0.014681339263916016,0.11452174186706543,0.00998997688293457
