num_events,utilization,reallocations,changes,failures,reallocated_prop,time_compute,time_apply
1,0.6991847826086957,3,2,0,0.3333333333333333,0.013756036758422852,0.5243597030639648
