num_events,utilization,reallocations,changes,failures,reallocated_prop,time_compute,time_apply,time_enum,time_search,time_pp
1,0.1608695652173913,1,0,0,0.0,0.010267496109008789,0.16773486137390137,0.00010347366333007812,5.078315734863281e-05,0.010111570358276367
