num_events,utilization,reallocations,changes,failures,reallocated_prop,time_compute,time_apply,time_enum,time_search,time_pp
1,1.0,10,17,0,0.37037037037037035,0.06830334663391113,0.6175856590270996,0.014474868774414062,0.04446101188659668,0.009364604949951172
