num_events,utilization,reallocations,changes,failures,reallocated_prop,time_compute,time_apply,time_enum,time_search,time_pp
1,0.051086956521739134,1,0,0,0.0,0.020095348358154297,0.18231725692749023,9.989738464355469e-05,0.0007495880126953125,0.01924419403076172
