num_events,utilization,reallocations,changes,failures,reallocated_prop,time_compute,time_apply,time_enum,time_search,time_pp
1,0.1608695652173913,1,0,0,0.0,0.14043116569519043,0.20002126693725586,0.018285751342773438,0.11249828338623047,0.0096435546875
