num_events,utilization,reallocations,changes,failures,reallocated_prop,time_compute,time_apply,time_enum,time_search,time_pp
1,0.6701086956521739,5,4,0,0.5,0.018575668334960938,0.9226233959197998,3.838539123535156e-05,6.771087646484375e-05,0.018467426300048828
