num_events,utilization,reallocations,changes,failures,reallocated_prop,time_compute,time_apply,time_enum,time_search,time_pp
1,0.03152173913043478,1,0,0,0.0,0.009639739990234375,0.08120274543762207,0.00010204315185546875,0.00024580955505371094,0.009290456771850586
