num_events,utilization,reallocations,changes,failures,reallocated_prop,time_compute,time_apply,time_enum,time_search,time_pp
1,0.65,28,68,0,0.32558139534883723,0.02082657814025879,0.5915765762329102,0.0004978179931640625,0.002074003219604492,0.018252134323120117
