num_events,utilization,reallocations,changes,failures,reallocated_prop,time_compute,time_apply
1,0.8130434782608695,9,21,0,0.32142857142857145,0.012631416320800781,0.5151998996734619
