num_events,utilization,reallocations,changes,failures,reallocated_prop,time_compute,time_apply,time_enum,time_search,time_pp
1,0.65,40,66,0,0.273972602739726,0.012786149978637695,0.30486536026000977,0.0005030632019042969,0.003029346466064453,0.009251832962036133
