num_events,utilization,reallocations,changes,failures,reallocated_prop,time_compute,time_apply,time_enum,time_search,time_pp
1,0.667085597826087,10,9,0,0.4090909090909091,0.0697336196899414,3.4374032020568848,0.00010585784912109375,0.0005011558532714844,0.06912422180175781
