num_events,utilization,reallocations,changes,failures,reallocated_prop,time_compute,time_apply,time_enum,time_search,time_pp
1,0.14673913043478262,1,0,0,0.0,0.03687477111816406,0.37531495094299316,3.361701965332031e-05,0.00022268295288085938,0.03661608695983887
