num_events,utilization,reallocations,changes,failures,reallocated_prop,time_compute,time_apply,time_enum,time_search,time_pp
1,0.65,2,5,0,0.2857142857142857,0.019116640090942383,0.587622880935669,0.0005044937133789062,0.0003750324249267578,0.018235206604003906
