num_events,utilization,reallocations,changes,failures,reallocated_prop,time_compute,time_apply
1,0.8972826086956521,31,75,0,0.40789473684210525,0.014148950576782227,0.5551130771636963
