num_events,utilization,reallocations,changes,failures,reallocated_prop,time_compute,time_apply,time_enum,time_search,time_pp
1,1.0,15,24,0,0.25862068965517243,0.04197216033935547,0.5515568256378174,0.013579845428466797,0.018956899642944336,0.009433984756469727
