num_events,utilization,reallocations,changes,failures,reallocated_prop,time_compute,time_apply,time_enum,time_search,time_pp
1,0.65,53,70,0,0.1853146853146853,0.017808914184570312,0.37028002738952637,0.0006246566772460938,0.00558161735534668,0.01160120964050293
