num_events,utilization,reallocations,changes,failures,reallocated_prop,time_compute,time_apply,time_enum,time_search,time_pp
1,0.20652173913043478,1,0,0,0.0,0.04380011558532715,0.21105694770812988,0.016538143157958984,0.017501115798950195,0.009758234024047852
