num_events,utilization,reallocations,changes,failures,reallocated_prop,time_compute,time_apply,time_enum,time_search,time_pp
1,1.0,33,59,0,0.2462686567164179,0.06693577766418457,0.5734403133392334,0.014927148818969727,0.04214048385620117,0.009865760803222656
