num_events,utilization,reallocations,changes,failures,reallocated_prop,time_compute,time_apply,time_enum,time_search,time_pp
1,0.3739130434782609,1,0,0,0.0,0.28117895126342773,0.2935004234313965,0.018233537673950195,0.25296783447265625,0.00997471809387207
