num_events,utilization,reallocations,changes,failures,reallocated_prop,time_compute,time_apply
1,0.8929347826086956,18,33,0,0.15517241379310345,0.015522241592407227,0.5351958274841309
