num_events,utilization,reallocations,changes,failures,reallocated_prop,time_compute,time_apply,time_enum,time_search,time_pp
1,0.2902173913043478,1,0,0,0.0,0.011494159698486328,0.16698074340820312,0.00010180473327636719,0.0018858909606933594,0.009505033493041992
