num_events,utilization,reallocations,changes,failures,reallocated_prop,time_compute,time_apply,time_enum,time_search,time_pp
1,1.0,8,14,0,0.32,0.06391763687133789,0.5991208553314209,0.014778614044189453,0.03995490074157715,0.00918126106262207
