num_events,utilization,reallocations,changes,failures,reallocated_prop,time_compute,time_apply,time_enum
1,0.31521739130434784,1,0,0,0.0,0.05838608741760254,0.25226640701293945,0.018146514892578125
