num_events,utilization,reallocations,changes,failures,reallocated_prop,time_compute,time_apply
1,0.7209918478260869,9,12,0,0.47368421052631576,0.07697415351867676,3.922872304916382
