num_events,utilization,reallocations,changes,failures,reallocated_prop,time_compute,time_apply,time_enum,time_search,time_pp
1,0.6648097826086956,4,3,0,0.42857142857142855,0.018660306930541992,0.8994648456573486,9.870529174804688e-05,0.00013589859008789062,0.01842355728149414
