num_events,utilization,reallocations,changes,failures,reallocated_prop,time_compute,time_apply,time_enum,time_search,time_pp
1,0.5184782608695652,1,0,0,0.0,0.3694126605987549,0.35234570503234863,0.017635822296142578,0.3420271873474121,0.00974726676940918
