num_events,utilization,reallocations,changes,failures,reallocated_prop,time_compute,time_apply,time_enum,time_search,time_pp
1,1.0,16,45,0,0.15384615384615385,0.053679466247558594,0.5806825160980225,0.01245880126953125,0.03178691864013672,0.009431123733520508
