num_events,utilization,reallocations,changes,failures,reallocated_prop,time_compute,time_apply,time_enum,time_search,time_pp
1,0.6716032608695652,11,22,0,0.39285714285714285,0.07607626914978027,3.541362762451172,0.0005245208740234375,0.0020258426666259766,0.07352328300476074
