num_events,utilization,reallocations,changes,failures,reallocated_prop,time_compute,time_apply,time_enum,time_search,time_pp
1,0.3184782608695652,1,0,0,0.0,0.011270523071289062,0.1695713996887207,8.058547973632812e-05,0.0018341541290283203,0.009354352951049805
