num_events,utilization,reallocations,changes,failures,reallocated_prop,time_compute,time_apply,time_enum,time_search,time_pp
1,1.0,48,77,0,0.45714285714285713,0.11430644989013672,0.6359102725982666,0.015769004821777344,0.08872246742248535,0.00981283187866211
