num_events,utilization,reallocations,changes,failures,reallocated_prop,time_compute,time_apply,time_enum,time_search,time_pp
1,0.65,19,40,0,0.2714285714285714,0.011905431747436523,0.3257405757904053,0.0005049705505371094,0.001699686050415039,0.009698629379272461
