num_events,utilization,reallocations,changes,failures,reallocated_prop,time_compute,time_apply
1,0.7288043478260869,6,6,0,0.7142857142857143,0.00928640365600586,0.4774303436279297
