num_events,utilization,reallocations,changes,failures,reallocated_prop,time_compute,time_apply,time_enum,time_search,time_pp
1,0.7635869565217391,57,116,0,0.36075949367088606,0.014169454574584961,0.49687910079956055,0.0004918575286865234,0.004281759262084961,0.009394168853759766
