num_events,utilization,reallocations,changes,failures,reallocated_prop,time_compute,time_apply
1,0.7866847826086957,14,15,0,0.6842105263157895,0.009506464004516602,0.5242447853088379
