num_events,utilization,reallocations,changes,failures,reallocated_prop,time_compute,time_apply,time_enum,time_search,time_pp
1,1.0,37,69,0,0.17370892018779344,0.08824682235717773,0.5862278938293457,0.014698982238769531,0.0637216567993164,0.009823799133300781
