num_events,utilization,reallocations,changes,failures,reallocated_prop,time_compute,time_apply,time_enum,time_search,time_pp
1,0.65,22,43,0,0.23655913978494625,0.01233363151550293,0.31885719299316406,0.0005154609680175781,0.002124309539794922,0.009691715240478516
