num_events,utilization,reallocations,changes,failures,reallocated_prop,time_compute,time_apply,time_enum,time_search,time_pp
1,1.0,8,11,0,0.3076923076923077,0.03163266181945801,0.5379455089569092,0.01271677017211914,0.009955644607543945,0.008958816528320312
