num_events,utilization,reallocations,changes,failures,reallocated_prop,time_compute,time_apply,time_enum,time_search,time_pp
1,0.65,31,58,0,0.4246575342465753,0.019231557846069336,0.5827367305755615,0.00047659873962402344,0.0015916824340820312,0.01716160774230957
