num_events,utilization,reallocations,changes,failures,reallocated_prop,time_compute,time_apply,time_enum,time_search,time_pp
1,0.012364130434782608,1,0,0,0.0,0.07551836967468262,0.6171314716339111,9.846687316894531e-05,0.0007543563842773438,0.07466340065002441
