num_events,utilization,reallocations,changes,failures,reallocated_prop,time_compute,time_apply,time_enum,time_search,time_pp
1,0.65,19,46,0,0.3333333333333333,0.014278411865234375,0.37049412727355957,0.0007004737854003906,0.0015735626220703125,0.012002229690551758
