num_events,utilization,reallocations,changes,failures,reallocated_prop,time_compute,time_apply,time_enum,time_search,time_pp
1,0.758695652173913,12,28,0,0.42857142857142855,0.011218547821044922,0.46887660026550293,0.0004982948303222656,0.001466512680053711,0.009252548217773438
