num_events,utilization,reallocations,changes,failures,reallocated_prop,time_compute,time_apply,time_enum,time_search,time_pp
1,0.1891304347826087,1,0,0,0.0,0.010788440704345703,0.13327956199645996,0.00010347366333007812,0.0013120174407958984,0.009371519088745117
