num_events,utilization,reallocations,changes,failures,reallocated_prop,time_compute,time_apply,time_enum,time_search,time_pp
1,0.65,77,155,0,0.24367088607594936,0.016970157623291016,0.3319261074066162,0.0005106925964355469,0.00653839111328125,0.009919404983520508
