num_events,utilization,reallocations,changes,failures,reallocated_prop,time_compute,time_apply,time_enum,time_search,time_pp
1,0.043478260869565216,1,0,0,0.0,0.0728762149810791,0.5230417251586914,3.4332275390625e-05,0.0001437664031982422,0.07269644737243652
