num_events,utilization,reallocations,changes,failures,reallocated_prop,time_compute,time_apply,time_enum,time_search,time_pp
1,0.005434782608695652,0,0,0,0.0,0.018128633499145508,0.13498687744140625,0.0005185604095458984,0.00022530555725097656,0.017382144927978516
