num_events,utilization,reallocations,changes,failures,reallocated_prop,time_compute,time_apply,time_enum,time_search,time_pp
1,0.22934782608695653,1,0,0,0.0,0.010541677474975586,0.13866496086120605,7.915496826171875e-05,0.0013430118560791016,0.009118318557739258
