num_events,utilization,reallocations,changes,failures,reallocated_prop,time_compute,time_apply,time_enum,time_search,time_pp
1,1.0,11,30,0,0.15714285714285714,0.04743480682373047,0.5744118690490723,0.014990806579589844,0.02300095558166504,0.009441614151000977
