num_events,utilization,reallocations,changes,failures,reallocated_prop,time_compute,time_apply,time_enum,time_search,time_pp
1,1.0,44,65,0,0.3013698630136986,0.0689857006072998,0.56565260887146,0.01465153694152832,0.04471445083618164,0.00961756706237793
