num_events,utilization,reallocations,changes,failures,reallocated_prop,time_compute,time_apply
1,0.8404891304347826,24,24,0,0.6764705882352942,0.009942293167114258,0.5310161113739014
