num_events,utilization,reallocations,changes,failures,reallocated_prop,time_compute,time_apply,time_enum,time_search,time_pp
1,1.0,68,131,0,0.1650485436893204,0.1367948055267334,0.5576002597808838,0.013476371765136719,0.11380457878112793,0.009512186050415039
