num_events,utilization,reallocations,changes,failures,reallocated_prop,time_compute,time_apply,time_enum,time_search,time_pp
1,0.06929347826086957,1,0,0,0.0,0.07659649848937988,0.5681624412536621,3.504753112792969e-05,0.0002231597900390625,0.07633495330810547
