num_events,utilization,reallocations,changes,failures,reallocated_prop,time_compute,time_apply,time_enum,time_search,time_pp
1,0.7108695652173913,8,7,0,0.4666666666666667,0.008769035339355469,0.44396042823791504,2.9802322387695312e-05,7.319450378417969e-05,0.008664369583129883
