num_events,utilization,reallocations,changes,failures,reallocated_prop,time_compute,time_apply
1,0.778804347826087,3,6,0,0.3333333333333333,0.010879755020141602,0.4879322052001953
