num_events,utilization,reallocations,changes,failures,reallocated_prop,time_compute,time_apply,time_enum,time_search,time_pp
1,1.0,31,65,0,0.34444444444444444,0.0955510139465332,0.6430850028991699,0.014648675918579102,0.07129597663879395,0.009603738784790039
