num_events,utilization,reallocations,changes,failures,reallocated_prop,time_compute,time_apply,time_enum,time_search,time_pp
1,1.0,21,48,0,0.39622641509433965,0.08753395080566406,0.6305181980133057,0.014626741409301758,0.06360983848571777,0.009295225143432617
