num_events,utilization,reallocations,changes,failures,reallocated_prop,time_compute,time_apply,time_enum,time_search,time_pp
1,0.3815217391304348,1,0,0,0.0,0.012143373489379883,0.1959972381591797,9.274482727050781e-05,0.0023818016052246094,0.009667158126831055
