num_events,utilization,reallocations,changes,failures,reallocated_prop,time_compute,time_apply
1,0.7581521739130435,5,4,0,0.3333333333333333,0.009880781173706055,0.5074272155761719
