num_events,utilization,reallocations,changes,failures,reallocated_prop,time_compute,time_apply
1,0.9146739130434782,14,33,0,0.42424242424242425,0.01245880126953125,0.5463919639587402
