num_events,utilization,reallocations,changes,failures,reallocated_prop,time_compute,time_apply,time_enum,time_search,time_pp
1,0.09565217391304348,1,0,0,0.0,0.010537862777709961,0.10372376441955566,0.00010371208190917969,0.0007534027099609375,0.00967860221862793
