num_events,utilization,reallocations,changes,failures,reallocated_prop,time_compute,time_apply
1,0.7942934782608696,14,15,0,0.5652173913043478,0.009311676025390625,0.5030648708343506
