num_events,utilization,reallocations,changes,failures,reallocated_prop,time_compute,time_apply,time_enum,time_search,time_pp
1,0.042391304347826085,1,0,0,0.0,0.02055072784423828,0.18354344367980957,8.368492126464844e-05,0.0005230903625488281,0.01994156837463379
