num_events,utilization,reallocations,changes,failures,reallocated_prop,time_compute,time_apply,time_enum,time_search,time_pp
1,0.65,32,53,0,0.16842105263157894,0.014730215072631836,0.3171658515930176,0.00051116943359375,0.004207611083984375,0.010009527206420898
