num_events,utilization,reallocations,changes,failures,reallocated_prop,time_compute,time_apply
1,0.9059782608695652,34,45,0,0.18888888888888888,0.017961740493774414,0.5642955303192139
