num_events,utilization,reallocations,changes,failures,reallocated_prop,time_compute,time_apply,time_enum,time_search,time_pp
1,0.65,68,109,0,0.1691542288557214,0.01896071434020996,0.3303954601287842,0.0005052089691162109,0.00845956802368164,0.009994029998779297
