num_events,utilization,reallocations,changes,failures,reallocated_prop,time_compute,time_apply
1,0.6828804347826087,5,5,0,0.6666666666666666,0.2778167724609375,0.499927282333374
