num_events,utilization,reallocations,changes,failures,reallocated_prop,time_compute,time_apply,time_enum,time_search,time_pp
1,0.508695652173913,1,0,0,0.0,0.3611466884613037,0.3405897617340088,0.017674922943115234,0.33387112617492676,0.009597301483154297
