num_events,utilization,reallocations,changes,failures,reallocated_prop,time_compute,time_apply,time_enum,time_search,time_pp
1,0.5,2,2,0,0.25,0.07250428199768066,1.8958001136779785,0.0005035400390625,0.0003094673156738281,0.07168889045715332
