num_events,utilization,reallocations,changes,failures,reallocated_prop,time_compute,time_apply,time_enum
1,0.07608695652173914,1,0,0,0.0,0.010401487350463867,0.12347888946533203,0.0001456737518310547
