num_events,utilization,reallocations,changes,failures,reallocated_prop,time_compute,time_apply
1,0.7304347826086957,15,14,0,0.5833333333333334,0.03717660903930664,1.9897136688232422
