num_events,utilization,reallocations,changes,failures,reallocated_prop,time_compute,time_apply,time_enum,time_search,time_pp
1,0.375,1,0,0,0.0,0.281693696975708,0.2944977283477783,0.01822948455810547,0.25363802909851074,0.009823799133300781
