num_events,utilization,reallocations,changes,failures,reallocated_prop,time_compute,time_apply,time_enum,time_search,time_pp
1,1.0,68,153,0,0.17215189873417722,0.1374216079711914,0.6003561019897461,0.014544486999511719,0.11293721199035645,0.009936809539794922
