num_events,utilization,reallocations,changes,failures,reallocated_prop,time_compute,time_apply,time_enum,time_search,time_pp
1,1.0,4,5,0,0.5,0.04279327392578125,0.5875930786132812,0.012628555297851562,0.020970821380615234,0.009191036224365234
