num_events,utilization,reallocations,changes,failures,reallocated_prop,time_compute,time_apply,time_enum,time_search,time_pp
1,0.29239130434782606,1,0,0,0.0,0.23277997970581055,0.2574748992919922,0.018269062042236328,0.20492124557495117,0.009586572647094727
