num_events,utilization,reallocations,changes,failures,reallocated_prop,time_compute,time_apply,time_enum,time_search,time_pp
1,0.16847826086956522,1,0,0,0.0,0.010259389877319336,0.1232304573059082,8.20159912109375e-05,0.001013040542602539,0.009162664413452148
