num_events,utilization,reallocations,changes,failures,reallocated_prop,time_compute,time_apply,time_enum,time_search,time_pp
1,0.05652173913043478,1,0,0,0.0,0.0684211254119873,0.15421438217163086,0.018331289291381836,0.040937185287475586,0.00915074348449707
