num_events,utilization,reallocations,changes,failures,reallocated_prop,time_compute,time_apply,time_enum,time_search,time_pp
1,0.65,11,21,0,0.4074074074074074,0.010914087295532227,0.3088676929473877,0.0005087852478027344,0.0008287429809570312,0.00957489013671875
