num_events,utilization,reallocations,changes,failures,reallocated_prop,time_compute,time_apply
1,0.8059782608695653,7,6,0,0.3333333333333333,0.010543346405029297,0.5150661468505859
