num_events,utilization,reallocations,changes,failures,reallocated_prop,time_compute,time_apply,time_enum,time_search,time_pp
1,0.1782608695652174,1,0,0,0.0,0.010649681091308594,0.12977910041809082,9.369850158691406e-05,0.001192331314086914,0.009361743927001953
