num_events,utilization,reallocations,changes,failures,reallocated_prop,time_compute,time_apply,time_enum,time_search,time_pp
1,0.6570991847826086,5,4,0,0.5,0.07159662246704102,3.5480542182922363,0.00010037422180175781,0.00023508071899414062,0.07125973701477051
