num_events,utilization,reallocations,changes,failures,reallocated_prop,time_compute,time_apply,time_enum,time_search,time_pp
1,1.0,48,108,0,0.1991701244813278,0.09611821174621582,0.5808024406433105,0.014944076538085938,0.07130551338195801,0.00986623764038086
