num_events,utilization,reallocations,changes,failures,reallocated_prop,time_compute,time_apply,time_enum,time_search,time_pp
1,1.0,19,23,0,0.30158730158730157,0.13478350639343262,0.6257765293121338,0.0183258056640625,0.1070396900177002,0.009415626525878906
