num_events,utilization,reallocations,changes,failures,reallocated_prop,time_compute,time_apply,time_enum,time_search,time_pp
1,1.0,45,78,0,0.25280898876404495,0.07813858985900879,0.5761153697967529,0.01460576057434082,0.05388236045837402,0.00964808464050293
