num_events,utilization,reallocations,changes,failures,reallocated_prop,time_compute,time_apply,time_enum,time_search,time_pp
1,0.65,4,10,0,0.2857142857142857,0.013010263442993164,0.36080479621887207,0.0006968975067138672,0.0006051063537597656,0.01170659065246582
