num_events,utilization,reallocations,changes,failures,reallocated_prop,time_compute,time_apply
1,0.7241847826086957,5,8,0,0.38461538461538464,0.010169029235839844,0.46074771881103516
