num_events,utilization,reallocations,changes,failures,reallocated_prop,time_compute,time_apply,time_enum,time_search,time_pp
1,0.01847826086956522,1,0,0,0.0,0.009592056274414062,0.07963156700134277,8.177757263183594e-05,0.0001373291015625,0.009371519088745117
