num_events,utilization,reallocations,changes,failures,reallocated_prop,time_compute,time_apply,time_enum,time_search,time_pp
1,0.37282608695652175,1,0,0,0.0,0.01232290267944336,0.19347310066223145,9.703636169433594e-05,0.0024492740631103516,0.009775161743164062
