num_events,utilization,reallocations,changes,failures,reallocated_prop,time_compute,time_apply,time_enum,time_search,time_pp
1,0.7567934782608695,15,35,0,0.4838709677419355,0.011383056640625,0.4722580909729004,0.0004904270172119141,0.0014786720275878906,0.009412527084350586
