num_events,utilization,reallocations,changes,failures,reallocated_prop,time_compute,time_apply,time_enum,time_search,time_pp
1,0.14565217391304347,1,0,0,0.0,0.1254115104675293,0.1919078826904297,0.017481565475463867,0.09885811805725098,0.009069442749023438
