num_events,utilization,reallocations,changes,failures,reallocated_prop,time_compute,time_apply,time_enum,time_search,time_pp
1,0.5049592391304348,3,2,0,0.5,0.03622150421142578,1.4544684886932373,3.504753112792969e-05,4.076957702636719e-05,0.03614354133605957
