num_events,utilization,reallocations,changes,failures,reallocated_prop,time_compute,time_apply,time_enum,time_search,time_pp
1,0.12391304347826088,1,0,0,0.0,0.11202406883239746,0.18542718887329102,0.01764702796936035,0.08531594276428223,0.009059429168701172
