num_events,utilization,reallocations,changes,failures,reallocated_prop,time_compute,time_apply,time_enum,time_search,time_pp
1,0.24021739130434783,1,0,0,0.0,0.011287450790405273,0.15084171295166016,9.489059448242188e-05,0.0015416145324707031,0.009649038314819336
