num_events,utilization,reallocations,changes,failures,reallocated_prop,time_compute,time_apply,time_enum,time_search,time_pp
1,0.7614130434782609,5,4,0,0.11764705882352941,0.011165380477905273,0.4853043556213379,0.0001068115234375,0.0005664825439453125,0.010489702224731445
