num_events,utilization,reallocations,changes,failures,reallocated_prop,time_compute,time_apply,time_enum,time_search,time_pp
1,0.3978260869565217,1,0,0,0.0,0.2960789203643799,0.30349111557006836,0.018152713775634766,0.26807165145874023,0.009851694107055664
