num_events,utilization,reallocations,changes,failures,reallocated_prop,time_compute,time_apply,time_enum,time_search,time_pp
1,0.6647418478260869,9,9,0,0.5333333333333333,0.038623809814453125,1.8080532550811768,3.528594970703125e-05,0.00011229515075683594,0.03847384452819824
