num_events,utilization,reallocations,changes,failures,reallocated_prop,time_compute,time_apply
1,0.7213315217391304,11,16,0,0.4583333333333333,0.07761168479919434,3.976529359817505
