num_events,utilization,reallocations,changes,failures,reallocated_prop,time_compute,time_apply,time_enum,time_search,time_pp
1,0.671773097826087,15,17,0,0.4827586206896552,0.0726773738861084,3.63328218460083,3.5762786865234375e-05,0.0002346038818359375,0.07240509986877441
