num_events,utilization,reallocations,changes,failures,reallocated_prop,time_compute,time_apply,time_enum,time_search,time_pp
1,0.6671195652173914,9,8,0,0.25806451612903225,0.07486128807067871,3.538297414779663,0.00010752677917480469,0.0007259845733642578,0.07402563095092773
