num_events,utilization,reallocations,changes,failures,reallocated_prop,time_compute,time_apply,time_enum,time_search,time_pp
1,0.65,34,44,0,0.1827956989247312,0.014359712600708008,0.31679821014404297,0.0005021095275878906,0.0040149688720703125,0.009840726852416992
