num_events,utilization,reallocations,changes,failures,reallocated_prop,time_compute,time_apply,time_enum,time_search,time_pp
1,0.65,77,155,0,0.24367088607594936,0.017392635345458984,0.33139538764953613,0.0005064010620117188,0.0065882205963134766,0.010295867919921875
