num_events,utilization,reallocations,changes,failures,reallocated_prop,time_compute,time_apply,time_enum,time_search,time_pp
1,1.0,39,96,0,0.2805755395683453,0.12348556518554688,0.649463415145874,0.014492273330688477,0.09961605072021484,0.00937509536743164
