num_events,utilization,reallocations,changes,failures,reallocated_prop,time_compute,time_apply,time_enum,time_search,time_pp
1,0.004619565217391305,1,0,0,0.0,0.03751206398010254,0.2898874282836914,9.799003601074219e-05,0.00015783309936523438,0.03725481033325195
