num_events,utilization,reallocations,changes,failures,reallocated_prop,time_compute,time_apply,time_enum,time_search,time_pp
1,0.28804347826086957,1,0,0,0.0,0.011497735977172852,0.16614294052124023,0.00010156631469726562,0.0018603801727294922,0.009534120559692383
