num_events,utilization,reallocations,changes,failures,reallocated_prop,time_compute,time_apply
1,0.8872282608695652,18,18,0,0.4473684210526316,0.009639978408813477,0.5427513122558594
