num_events,utilization,reallocations,changes,failures,reallocated_prop,time_compute,time_apply,time_enum,time_search,time_pp
1,1.0,22,23,0,0.3492063492063492,0.14067959785461426,0.6010255813598633,0.018835067749023438,0.11273527145385742,0.00910639762878418
