num_events,utilization,reallocations,changes,failures,reallocated_prop,time_compute,time_apply,time_enum,time_search,time_pp
1,0.21956521739130436,1,0,0,0.0,0.18181920051574707,0.22775673866271973,0.01831793785095215,0.15392518043518066,0.009574413299560547
