num_events,utilization,reallocations,changes,failures,reallocated_prop,time_compute,time_apply,time_enum,time_search,time_pp
1,0.65,44,82,0,0.22448979591836735,0.014303445816040039,0.3219749927520752,0.0005011558532714844,0.004210472106933594,0.00959014892578125
