num_events,utilization,reallocations,changes,failures,reallocated_prop,time_compute,time_apply,time_enum,time_search,time_pp
1,0.7315217391304348,16,29,0,0.5,0.01119089126586914,0.4672725200653076,0.0005068778991699219,0.0014660358428955078,0.00921630859375
