num_events,utilization,reallocations,changes,failures,reallocated_prop,time_compute,time_apply,time_enum,time_search,time_pp
1,0.65,91,213,0,0.3333333333333333,0.016028404235839844,0.33724069595336914,0.0005085468292236328,0.005762577056884766,0.00975489616394043
