num_events,utilization,reallocations,changes,failures,reallocated_prop,time_compute,time_apply,time_enum
1,0.043478260869565216,1,0,0,0.0,0.010756731033325195,0.1213986873626709,0.00014281272888183594
