num_events,utilization,reallocations,changes,failures,reallocated_prop,time_compute,time_apply,time_enum,time_search,time_pp
1,0.65,20,47,0,0.06920415224913495,0.016927719116210938,0.32520556449890137,0.0005095005035400391,0.006153583526611328,0.010262489318847656
