num_events,utilization,reallocations,changes,failures,reallocated_prop,time_compute,time_apply,time_enum,time_search,time_pp
1,1.0,8,13,0,0.25,0.039107322692871094,0.5736556053161621,0.015640974044799805,0.01366567611694336,0.009799003601074219
