num_events,utilization,reallocations,changes,failures,reallocated_prop,time_compute,time_apply
1,0.7796195652173913,11,11,0,0.8333333333333334,0.009441137313842773,0.507793664932251
