num_events,utilization,reallocations,changes,failures,reallocated_prop,time_compute,time_apply,time_enum,time_search,time_pp
1,0.65,2,5,0,0.2857142857142857,0.07154107093811035,2.2936627864837646,0.0005826950073242188,0.00036406517028808594,0.07059144973754883
