num_events,utilization,reallocations,changes,failures,reallocated_prop,time_compute,time_apply,time_enum,time_search,time_pp
1,1.0,40,73,0,0.23121387283236994,0.07728362083435059,0.5757033824920654,0.014804363250732422,0.05292105674743652,0.009554386138916016
