num_events,utilization,reallocations,changes,failures,reallocated_prop,time_compute,time_apply,time_enum,time_search,time_pp
1,0.6744565217391304,5,4,0,0.36363636363636365,0.020824670791625977,0.8986959457397461,0.00011587142944335938,0.00022912025451660156,0.020478010177612305
