num_events,utilization,reallocations,changes,failures,reallocated_prop,time_compute,time_apply,time_enum,time_search,time_pp
1,1.0,27,49,0,0.2872340425531915,0.0903475284576416,0.6329231262207031,0.014516830444335938,0.06629705429077148,0.009531259536743164
