num_events,utilization,reallocations,changes,failures,reallocated_prop,time_compute,time_apply
1,0.9059782608695652,40,63,0,0.6349206349206349,0.013796329498291016,0.5686707496643066
