num_events,utilization,reallocations,changes,failures,reallocated_prop,time_compute,time_apply,time_enum,time_search,time_pp
1,0.16820652173913042,1,0,0,0.0,0.018342256546020508,0.3694636821746826,0.0005197525024414062,0.0003421306610107422,0.017478466033935547
