num_events,utilization,reallocations,changes,failures,reallocated_prop,time_compute,time_apply,time_enum,time_search,time_pp
1,0.1858695652173913,1,0,0,0.0,0.010637044906616211,0.1313636302947998,9.632110595703125e-05,0.001237630844116211,0.009301424026489258
