num_events,utilization,reallocations,changes,failures,reallocated_prop,time_compute,time_apply,time_enum,time_search,time_pp
1,0.04483695652173913,1,0,0,0.0,0.07356905937194824,0.5308153629302979,3.528594970703125e-05,0.00015401840209960938,0.07337760925292969
