num_events,utilization,reallocations,changes,failures,reallocated_prop,time_compute,time_apply,time_enum,time_search,time_pp
1,1.0,23,69,0,0.07098765432098765,0.12220191955566406,0.6009500026702881,0.015044689178466797,0.09740662574768066,0.009748220443725586
