num_events,utilization,reallocations,changes,failures,reallocated_prop,time_compute,time_apply,time_enum,time_search,time_pp
1,0.7633152173913044,29,45,0,0.32954545454545453,0.012119531631469727,0.4607124328613281,0.0005047321319580078,0.0027081966400146484,0.008903980255126953
