num_events,utilization,reallocations,changes,failures,reallocated_prop,time_compute,time_apply,time_enum
1,0.09782608695652174,1,0,0,0.0,0.00918722152709961,0.12211990356445312,0.00011348724365234375
