num_events,utilization,reallocations,changes,failures,reallocated_prop,time_compute,time_apply,time_enum,time_search,time_pp
1,0.5130434782608696,1,0,0,0.0,0.3769676685333252,0.35727429389953613,0.018290042877197266,0.3485071659088135,0.010168313980102539
