num_events,utilization,reallocations,changes,failures,reallocated_prop,time_compute,time_apply,time_enum,time_search,time_pp
1,0.751358695652174,7,12,0,0.5384615384615384,0.010268926620483398,0.46443843841552734,0.00042057037353515625,0.0009806156158447266,0.008865594863891602
