num_events,utilization,reallocations,changes,failures,reallocated_prop,time_compute,time_apply,time_enum,time_search,time_pp
1,0.65,29,55,0,0.42028985507246375,0.019582271575927734,0.5910861492156982,0.0004146099090576172,0.0015189647674560547,0.01764678955078125
