num_events,utilization,reallocations,changes,failures,reallocated_prop,time_compute,time_apply
1,0.9059782608695652,41,60,0,0.5466666666666666,0.013936519622802734,0.5631246566772461
