num_events,utilization,reallocations,changes,failures,reallocated_prop,time_compute,time_apply
1,0.8263586956521739,14,14,0,0.6190476190476191,0.00975346565246582,0.506511926651001
