num_events,utilization,reallocations,changes,failures,reallocated_prop,time_compute,time_apply,time_enum,time_search,time_pp
1,0.3782608695652174,1,0,0,0.0,0.2836909294128418,0.2950711250305176,0.018228530883789062,0.2555217742919922,0.00993800163269043
