num_events,utilization,reallocations,changes,failures,reallocated_prop,time_compute,time_apply
1,0.7845108695652174,5,11,0,0.3333333333333333,0.011441946029663086,0.5069773197174072
