num_events,utilization,reallocations,changes,failures,reallocated_prop,time_compute,time_apply,time_enum,time_search,time_pp
1,0.65,65,123,0,0.31100478468899523,0.015128612518310547,0.3260953426361084,0.00054931640625,0.004631757736206055,0.009945392608642578
