num_events,utilization,reallocations,changes,failures,reallocated_prop,time_compute,time_apply,time_enum,time_search,time_pp
1,1.0,24,32,0,0.41379310344827586,0.15254688262939453,0.6506893634796143,0.018800735473632812,0.12336111068725586,0.010380983352661133
