num_events,utilization,reallocations,changes,failures,reallocated_prop,time_compute,time_apply,time_enum,time_search,time_pp
1,0.7339673913043478,8,14,0,0.5,0.011185169219970703,0.44531750679016113,0.0005557537078857422,0.0010828971862792969,0.009544610977172852
