num_events,utilization,reallocations,changes,failures,reallocated_prop,time_compute,time_apply
1,0.7548913043478261,8,13,0,0.42105263157894735,0.011646032333374023,0.5150718688964844
