num_events,utilization,reallocations,changes,failures,reallocated_prop,time_compute,time_apply,time_enum,time_search,time_pp
1,0.65,67,126,0,0.4267515923566879,0.013417482376098633,0.3246445655822754,0.0005068778991699219,0.0034165382385253906,0.00949239730834961
