num_events,utilization,reallocations,changes,failures,reallocated_prop,time_compute,time_apply,time_enum,time_search,time_pp
1,0.3782608695652174,1,0,0,0.0,0.28133726119995117,0.2849421501159668,0.018010854721069336,0.25401830673217773,0.009305477142333984
