num_events,utilization,reallocations,changes,failures,reallocated_prop,time_compute,time_apply,time_enum,time_search,time_pp
1,0.7570652173913044,3,2,0,0.1111111111111111,0.00977778434753418,0.47186732292175293,9.989738464355469e-05,0.0004050731658935547,0.009270668029785156
