num_events,utilization,reallocations,changes,failures,reallocated_prop,time_compute,time_apply,time_enum,time_search,time_pp
1,0.7633152173913044,38,80,0,0.37254901960784315,0.013077735900878906,0.48104333877563477,0.0004973411560058594,0.003142118453979492,0.009436368942260742
