num_events,utilization,reallocations,changes,failures,reallocated_prop,time_compute,time_apply,time_enum,time_search,time_pp
1,1.0,36,40,0,0.5217391304347826,0.15872931480407715,0.6502034664154053,0.01854085922241211,0.13070440292358398,0.00948190689086914
