num_events,utilization,reallocations,changes,failures,reallocated_prop,time_compute,time_apply,time_enum,time_search,time_pp
1,0.65,111,269,0,0.3100558659217877,0.017831802368164062,0.3468029499053955,0.0005078315734863281,0.007386207580566406,0.009935855865478516
