num_events,utilization,reallocations,changes,failures,reallocated_prop,time_compute,time_apply
1,0.7166100543478261,11,16,0,0.4583333333333333,0.07954859733581543,3.946599006652832
