num_events,utilization,reallocations,changes,failures,reallocated_prop,time_compute,time_apply,time_enum,time_search,time_pp
1,1.0,54,99,0,0.18430034129692832,0.11042475700378418,0.579226016998291,0.014803171157836914,0.08565545082092285,0.009964227676391602
