num_events,utilization,reallocations,changes,failures,reallocated_prop,time_compute,time_apply,time_enum,time_search,time_pp
1,0.65,28,53,0,0.4117647058823529,0.014122724533081055,0.318861722946167,0.0005791187286376953,0.002760171890258789,0.010772228240966797
