num_events,utilization,reallocations,changes,failures,reallocated_prop,time_compute,time_apply,time_enum,time_search,time_pp
1,0.6773097826086957,4,9,0,0.3333333333333333,0.020395994186401367,0.9039263725280762,0.0005555152893066406,0.0008678436279296875,0.018970727920532227
