num_events,utilization,reallocations,changes,failures,reallocated_prop,time_compute,time_apply,time_enum,time_search,time_pp
1,0.26521739130434785,1,0,0,0.0,0.2113039493560791,0.24498343467712402,0.018009185791015625,0.18359041213989258,0.009701967239379883
