num_events,utilization,reallocations,changes,failures,reallocated_prop,time_compute,time_apply,time_enum,time_search,time_pp
1,1.0,21,63,0,0.04883720930232558,0.14717960357666016,0.5758919715881348,0.014706850051879883,0.12234210968017578,0.010128974914550781
