num_events,utilization,reallocations,changes,failures,reallocated_prop,time_compute,time_apply,time_enum,time_search,time_pp
1,1.0,30,54,0,0.10526315789473684,0.11076521873474121,0.5739545822143555,0.0153045654296875,0.08571958541870117,0.009739398956298828
