num_events,utilization,reallocations,changes,failures,reallocated_prop,time_compute,time_apply,time_enum,time_search,time_pp
1,0.15217391304347827,1,0,0,0.0,0.13454961776733398,0.19549322128295898,0.01809525489807129,0.1068265438079834,0.009624242782592773
