num_events,utilization,reallocations,changes,failures,reallocated_prop,time_compute,time_apply,time_enum,time_search,time_pp
1,1.0,3,5,0,0.21428571428571427,0.03124213218688965,0.5927965641021729,0.014687538146972656,0.007201671600341797,0.00935220718383789
