num_events,utilization,reallocations,changes,failures,reallocated_prop,time_compute,time_apply,time_enum,time_search,time_pp
1,0.375,1,0,0,0.0,0.012215852737426758,0.19397759437561035,9.322166442871094e-05,0.0023522377014160156,0.00976872444152832
