num_events,utilization,reallocations,changes,failures,reallocated_prop,time_compute,time_apply
1,0.7065896739130435,7,6,0,0.5454545454545454,0.06939268112182617,3.7391164302825928
