num_events,utilization,reallocations,changes,failures,reallocated_prop,time_compute,time_apply,time_enum,time_search,time_pp
1,0.65,13,24,0,0.40625,0.011676311492919922,0.3232302665710449,0.0005207061767578125,0.0008985996246337891,0.01025533676147461
