num_events,utilization,reallocations,changes,failures,reallocated_prop,time_compute,time_apply,time_enum,time_search,time_pp
1,0.65,12,29,0,0.3333333333333333,0.04005908966064453,1.2000093460083008,0.0004956722259521484,0.00122833251953125,0.03833365440368652
