num_events,utilization,reallocations,changes,failures,reallocated_prop,time_compute,time_apply,time_enum,time_search,time_pp
1,1.0,23,45,0,0.26744186046511625,0.09181833267211914,0.6414492130279541,0.014579534530639648,0.06745505332946777,0.0097808837890625
