num_events,utilization,reallocations,changes,failures,reallocated_prop,time_compute,time_apply,time_enum,time_search,time_pp
1,0.7355978260869566,5,4,0,0.23529411764705882,0.009757041931152344,0.45564866065979004,0.00011301040649414062,0.00034117698669433594,0.009300708770751953
