num_events,utilization,reallocations,changes,failures,reallocated_prop,time_compute,time_apply
1,0.9059782608695652,31,75,0,0.4246575342465753,0.01518392562866211,0.5679199695587158
