num_events,utilization,reallocations,changes,failures,reallocated_prop,time_compute,time_apply,time_enum,time_search,time_pp
1,0.6635190217391305,4,7,0,0.4444444444444444,0.03855419158935547,1.802100419998169,0.000522613525390625,0.0007703304290771484,0.03725910186767578
