num_events,utilization,reallocations,changes,failures,reallocated_prop,time_compute,time_apply,time_enum
1,0.34782608695652173,1,0,0,0.0,0.06047511100769043,0.25850868225097656,0.018191099166870117
