num_events,utilization,reallocations,changes,failures,reallocated_prop,time_compute,time_apply,time_enum,time_search,time_pp
1,1.0,10,12,0,0.5555555555555556,0.06866598129272461,0.5890970230102539,0.0218198299407959,0.03776216506958008,0.009081125259399414
