num_events,utilization,reallocations,changes,failures,reallocated_prop,time_compute,time_apply,time_enum,time_search,time_pp
1,0.07282608695652174,1,0,0,0.0,0.01082158088684082,0.10180521011352539,0.00010752677917480469,0.0005617141723632812,0.01015019416809082
