num_events,utilization,reallocations,changes,failures,reallocated_prop,time_compute,time_apply
1,0.45492527173913044,2,1,0,0.3333333333333333,0.07160091400146484,3.0826516151428223
