num_events,utilization,reallocations,changes,failures,reallocated_prop,time_compute,time_apply,time_enum,time_search,time_pp
1,1.0,41,86,0,0.2411764705882353,0.1332721710205078,0.6499168872833252,0.01452493667602539,0.10922813415527344,0.00951695442199707
