num_events,utilization,reallocations,changes,failures,reallocated_prop,time_compute,time_apply,time_enum,time_search,time_pp
1,0.06114130434782609,1,0,0,0.0,0.0703129768371582,0.5534396171569824,2.9087066650390625e-05,0.00016880035400390625,0.0701134204864502
