num_events,utilization,reallocations,changes,failures,reallocated_prop,time_compute,time_apply
1,0.8972826086956521,43,64,0,0.296551724137931,0.017519235610961914,0.5657379627227783
