num_events,utilization,reallocations,changes,failures,reallocated_prop,time_compute,time_apply,time_enum,time_search,time_pp
1,0.19021739130434784,1,0,0,0.0,0.03749394416809082,0.4329392910003662,3.695487976074219e-05,0.0003273487091064453,0.03712725639343262
