num_events,utilization,reallocations,changes,failures,reallocated_prop,time_compute,time_apply,time_enum,time_search,time_pp
1,1.0,8,18,0,0.1951219512195122,0.03948235511779785,0.5650205612182617,0.0149688720703125,0.014930486679077148,0.009581804275512695
