num_events,utilization,reallocations,changes,failures,reallocated_prop,time_compute,time_apply,time_enum,time_search,time_pp
1,0.33695652173913043,1,0,0,0.0,0.011690616607666016,0.18166756629943848,9.465217590332031e-05,0.0021228790283203125,0.009471893310546875
