num_events,utilization,reallocations,changes,failures,reallocated_prop,time_compute,time_apply,time_enum,time_search,time_pp
1,1.0,39,85,0,0.11926605504587157,0.12045598030090332,0.5768322944641113,0.014714717864990234,0.09583425521850586,0.009904861450195312
