num_events,utilization,reallocations,changes,failures,reallocated_prop,time_compute,time_apply,time_enum,time_search,time_pp
1,0.03967391304347826,1,0,0,0.0,0.01900005340576172,0.16744565963745117,8.273124694824219e-05,0.0005872249603271484,0.018327951431274414
