num_events,utilization,reallocations,changes,failures,reallocated_prop,time_compute,time_apply,time_enum,time_search,time_pp
1,1.0,40,72,0,0.34782608695652173,0.09845423698425293,0.6368134021759033,0.014821529388427734,0.07406377792358398,0.009566783905029297
