num_events,utilization,reallocations,changes,failures,reallocated_prop,time_compute,time_apply
1,0.8364130434782608,4,3,0,0.3333333333333333,0.05648231506347656,0.5474097728729248
