num_events,utilization,reallocations,changes,failures,reallocated_prop,time_compute,time_apply,time_enum,time_search,time_pp
1,0.65,17,27,0,0.04521276595744681,0.019615650177001953,0.36554718017578125,0.0006263256072998047,0.007308006286621094,0.011679410934448242
