num_events,utilization,reallocations,changes,failures,reallocated_prop,time_compute,time_apply,time_enum,time_search,time_pp
1,1.0,25,29,0,0.4716981132075472,0.1275937557220459,0.5988304615020752,0.01768040657043457,0.10095667839050293,0.008953571319580078
