num_events,utilization,reallocations,changes,failures,reallocated_prop,time_compute,time_apply,time_enum,time_search,time_pp
1,1.0,14,25,0,0.34146341463414637,0.07297873497009277,0.6150598526000977,0.014844417572021484,0.04874014854431152,0.009391546249389648
