num_events,utilization,reallocations,changes,failures,reallocated_prop,time_compute,time_apply,time_enum,time_search,time_pp
1,0.7633152173913044,23,34,0,0.26744186046511625,0.012140512466430664,0.4667999744415283,0.0004229545593261719,0.002698659896850586,0.009017229080200195
