num_events,utilization,reallocations,changes,failures,reallocated_prop,time_compute,time_apply
1,0.6652173913043479,3,2,0,0.3333333333333333,0.009808778762817383,0.48960351943969727
