num_events,utilization,reallocations,changes,failures,reallocated_prop,time_compute,time_apply,time_enum,time_search,time_pp
1,1.0,13,16,0,0.3333333333333333,0.04351401329040527,0.6795055866241455,0.01499032974243164,0.01726078987121582,0.011261224746704102
