num_events,utilization,reallocations,changes,failures,reallocated_prop,time_compute,time_apply,time_enum
1,0.16304347826086957,1,0,0,0.0,0.009962797164916992,0.15241169929504395,0.0001366138458251953
