num_events,utilization,reallocations,changes,failures,reallocated_prop,time_compute,time_apply,time_enum,time_search,time_pp
1,0.65,30,73,0,0.32608695652173914,0.07516741752624512,2.477818012237549,0.0004963874816894531,0.002202272415161133,0.07246661186218262
