num_events,utilization,reallocations,changes,failures,reallocated_prop,time_compute,time_apply,time_enum,time_search,time_pp
1,0.5361413043478261,3,2,0,0.5,0.009721994400024414,0.37664198875427246,0.00010561943054199219,0.0001277923583984375,0.009486198425292969
