num_events,utilization,reallocations,changes,failures,reallocated_prop,time_compute,time_apply,time_enum,time_search,time_pp
1,0.65,90,207,0,0.19693654266958424,0.019992351531982422,0.33832669258117676,0.0005650520324707031,0.009415864944458008,0.010009765625
