num_events,utilization,reallocations,changes,failures,reallocated_prop,time_compute,time_apply,time_enum,time_search,time_pp
1,0.65,29,54,0,0.2283464566929134,0.01292562484741211,0.31357550621032715,0.0005130767822265625,0.002779722213745117,0.009631633758544922
