num_events,utilization,reallocations,changes,failures,reallocated_prop,time_compute,time_apply,time_enum,time_search,time_pp
1,0.65,28,52,0,0.3684210526315789,0.013461112976074219,0.36696815490722656,0.0006363391876220703,0.0017209053039550781,0.011102437973022461
