num_events,utilization,reallocations,changes,failures,reallocated_prop,time_compute,time_apply,time_enum,time_search,time_pp
1,0.65,26,47,0,0.0896551724137931,0.01653265953063965,0.31705284118652344,0.0005044937133789062,0.006105661392211914,0.009920597076416016
