num_events,utilization,reallocations,changes,failures,reallocated_prop,time_compute,time_apply,time_enum,time_search,time_pp
1,0.05543478260869565,1,0,0,0.0,0.009756088256835938,0.09375143051147461,9.441375732421875e-05,0.0003943443298339844,0.009266138076782227
