num_events,utilization,reallocations,changes,failures,reallocated_prop,time_compute,time_apply,time_enum,time_search,time_pp
1,0.65,144,273,0,0.2987551867219917,0.02056264877319336,0.3505825996398926,0.0005140304565429688,0.009956598281860352,0.01009058952331543
