num_events,utilization,reallocations,changes,failures,reallocated_prop,time_compute,time_apply,time_enum,time_search,time_pp
1,0.65,28,52,0,0.37333333333333335,0.01163029670715332,0.3185718059539795,0.00051116943359375,0.0018143653869628906,0.009303092956542969
