num_events,utilization,reallocations,changes,failures,reallocated_prop,time_compute,time_apply,time_enum,time_search,time_pp
1,0.7633152173913044,45,95,0,0.37815126050420167,0.0157473087310791,0.5782349109649658,0.000514984130859375,0.004027366638183594,0.011202812194824219
