num_events,utilization,reallocations,changes,failures,reallocated_prop,time_compute,time_apply,time_enum,time_search,time_pp
1,0.10543478260869565,1,0,0,0.0,0.011562824249267578,0.11609601974487305,8.296966552734375e-05,0.0006682872772216797,0.01080942153930664
