num_events,utilization,reallocations,changes,failures,reallocated_prop,time_compute,time_apply
1,0.9059782608695652,28,65,0,0.4057971014492754,0.013979434967041016,0.5581352710723877
