num_events,utilization,reallocations,changes,failures,reallocated_prop,time_compute,time_apply,time_enum,time_search,time_pp
1,0.65,35,65,0,0.43209876543209874,0.02045273780822754,0.6042261123657227,0.00048613548278808594,0.0019233226776123047,0.018041133880615234
