num_events,utilization,reallocations,changes,failures,reallocated_prop,time_compute,time_apply,time_enum,time_search,time_pp
1,0.17567934782608696,1,0,0,0.0,0.037087202072143555,0.7822353839874268,0.0005083084106445312,0.0004856586456298828,0.03609156608581543
