num_events,utilization,reallocations,changes,failures,reallocated_prop,time_compute,time_apply,time_enum,time_search,time_pp
1,0.028532608695652172,1,0,0,0.0,0.07250380516052246,0.48842954635620117,3.3855438232421875e-05,9.942054748535156e-05,0.07236933708190918
