num_events,utilization,reallocations,changes,failures,reallocated_prop,time_compute,time_apply,time_enum,time_search,time_pp
1,0.7633152173913044,28,48,0,0.5384615384615384,0.011780023574829102,0.47771263122558594,0.0004987716674804688,0.00202178955078125,0.009257316589355469
