num_events,utilization,reallocations,changes,failures,reallocated_prop,time_compute,time_apply,time_enum,time_search,time_pp
1,0.15023777173913044,1,0,0,0.0,0.07215332984924316,1.3356454372406006,3.457069396972656e-05,2.0742416381835938e-05,0.07209539413452148
