num_events,utilization,reallocations,changes,failures,reallocated_prop,time_compute,time_apply,time_enum,time_search,time_pp
1,0.27608695652173915,1,0,0,0.0,0.22470784187316895,0.2503077983856201,0.019217967987060547,0.19581890106201172,0.009668350219726562
