num_events,utilization,reallocations,changes,failures,reallocated_prop,time_compute,time_apply,time_enum,time_search,time_pp
1,1.0,29,84,0,0.1518324607329843,0.08318042755126953,0.5807371139526367,0.014737129211425781,0.05879974365234375,0.009641647338867188
