num_events,utilization,reallocations,changes,failures,reallocated_prop,time_compute,time_apply,time_enum,time_search,time_pp
1,1.0,9,9,0,0.5,0.06577706336975098,0.5846405029296875,0.01814866065979004,0.03843259811401367,0.009192705154418945
