num_events,utilization,reallocations,changes,failures,reallocated_prop,time_compute,time_apply,time_enum,time_search,time_pp
1,0.21521739130434783,1,0,0,0.0,0.010739803314208984,0.14149022102355957,9.655952453613281e-05,0.0013833045959472656,0.009258508682250977
