num_events,utilization,reallocations,changes,failures,reallocated_prop,time_compute,time_apply,time_enum,time_search,time_pp
1,1.0,36,77,0,0.35294117647058826,0.0994114875793457,0.6332368850708008,0.014821529388427734,0.07481718063354492,0.009769678115844727
