num_events,utilization,reallocations,changes,failures,reallocated_prop,time_compute,time_apply
1,0.8595108695652174,12,13,0,0.4782608695652174,0.009345293045043945,0.520967960357666
