num_events,utilization,reallocations,changes,failures,reallocated_prop,time_compute,time_apply,time_enum,time_search,time_pp
1,0.3,1,0,0,0.0,0.03954935073852539,0.6212992668151855,0.0005197525024414062,0.000286102294921875,0.03874063491821289
