num_events,utilization,reallocations,changes,failures,reallocated_prop,time_compute,time_apply,time_enum,time_search,time_pp
1,1.0,42,93,0,0.19090909090909092,0.08984112739562988,0.5808172225952148,0.014750003814697266,0.06539249420166016,0.00969696044921875
