num_events,utilization,reallocations,changes,failures,reallocated_prop,time_compute,time_apply,time_enum,time_search,time_pp
1,0.7410326086956521,6,5,0,0.38461538461538464,0.009660005569458008,0.46570491790771484,3.5762786865234375e-05,0.00011491775512695312,0.00950765609741211
