num_events,utilization,reallocations,changes,failures,reallocated_prop,time_compute,time_apply,time_enum,time_search,time_pp
1,0.051086956521739134,1,0,0,0.0,0.010686159133911133,0.09200072288513184,0.00010561943054199219,0.00040221214294433594,0.010176658630371094
