num_events,utilization,reallocations,changes,failures,reallocated_prop,time_compute,time_apply,time_enum,time_search,time_pp
1,0.65,77,155,0,0.24290220820189273,0.01718735694885254,0.3358778953552246,0.0005068778991699219,0.00670933723449707,0.009968996047973633
