num_events,utilization,reallocations,changes,failures,reallocated_prop,time_compute,time_apply,time_enum,time_search,time_pp
1,0.0020380434782608695,1,0,0,0.0,0.07344818115234375,0.5849282741546631,9.870529174804688e-05,0.00014972686767578125,0.07319808006286621
