num_events,utilization,reallocations,changes,failures,reallocated_prop,time_compute,time_apply,time_enum,time_search,time_pp
1,1.0,52,75,0,0.2905027932960894,0.07800459861755371,0.5645320415496826,0.013052701950073242,0.05493569374084473,0.010014772415161133
