num_events,utilization,reallocations,changes,failures,reallocated_prop,time_compute,time_apply,time_enum,time_search,time_pp
1,0.65,32,78,0,0.32653061224489793,0.07859921455383301,2.4260897636413574,0.0005865097045898438,0.0024404525756835938,0.07556986808776855
