num_events,utilization,reallocations,changes,failures,reallocated_prop,time_compute,time_apply,time_enum,time_search,time_pp
1,0.2858695652173913,1,0,0,0.0,0.010753154754638672,0.15458130836486816,8.0108642578125e-05,0.0016851425170898438,0.008986234664916992
