num_events,utilization,reallocations,changes,failures,reallocated_prop,time_compute,time_apply,time_enum,time_search,time_pp
1,0.6759510869565217,4,3,0,0.3333333333333333,0.01830601692199707,0.9027326107025146,9.846687316894531e-05,0.00017309188842773438,0.01803302764892578
