num_events,utilization,reallocations,changes,failures,reallocated_prop,time_compute,time_apply,time_enum,time_search,time_pp
1,0.65,19,46,0,0.3275862068965517,0.01148080825805664,0.3135793209075928,0.0004947185516357422,0.0015621185302734375,0.009421825408935547
