num_events,utilization,reallocations,changes,failures,reallocated_prop,time_compute,time_apply,time_enum,time_search,time_pp
1,1.0,7,18,0,0.1590909090909091,0.03985905647277832,0.5786714553833008,0.014680624008178711,0.0157773494720459,0.009398698806762695
