num_events,utilization,reallocations,changes,failures,reallocated_prop,time_compute,time_apply,time_enum,time_search,time_pp
1,1.0,9,27,0,0.032490974729241874,0.1040487289428711,0.5820040702819824,0.014605283737182617,0.07979369163513184,0.009647369384765625
