num_events,utilization,reallocations,changes,failures,reallocated_prop,time_compute,time_apply
1,0.6910326086956522,3,3,0,0.3333333333333333,0.01057887077331543,0.4755074977874756
