num_events,utilization,reallocations,changes,failures,reallocated_prop,time_compute,time_apply,time_enum,time_search,time_pp
1,1.0,15,27,0,0.0539568345323741,0.10475993156433105,0.57196044921875,0.014832258224487305,0.08020710945129395,0.009718179702758789
