num_events,utilization,reallocations,changes,failures,reallocated_prop,time_compute,time_apply,time_enum,time_search,time_pp
1,1.0,31,69,0,0.09627329192546584,0.11807656288146973,0.5763633251190186,0.014788150787353516,0.09361553192138672,0.00967097282409668
