num_events,utilization,reallocations,changes,failures,reallocated_prop,time_compute,time_apply,time_enum,time_search,time_pp
1,0.5,1,0,0,0.0,0.05786252021789551,0.3160359859466553,0.013090133666992188,0.03549981117248535,0.00926971435546875
