num_events,utilization,reallocations,changes,failures,reallocated_prop,time_compute,time_apply
1,0.7227921195652174,16,17,0,0.5555555555555556,0.08915829658508301,4.704792022705078
