num_events,utilization,reallocations,changes,failures,reallocated_prop,time_compute,time_apply,time_enum,time_search,time_pp
1,0.65,89,166,0,0.21140142517814728,0.01971602439880371,0.33493852615356445,0.0005562305450439453,0.009181737899780273,0.009975671768188477
