num_events,utilization,reallocations,changes,failures,reallocated_prop,time_compute,time_apply,time_enum,time_search,time_pp
1,1.0,33,99,0,0.07432432432432433,0.14582085609436035,0.5649807453155518,0.012614011764526367,0.12372231483459473,0.009482622146606445
