num_events,utilization,reallocations,changes,failures,reallocated_prop,time_compute,time_apply,time_enum,time_search,time_pp
1,0.65,42,72,0,0.3230769230769231,0.013045549392700195,0.3179750442504883,0.0005071163177490234,0.0028836727142333984,0.009653091430664062
