num_events,utilization,reallocations,changes,failures,reallocated_prop,time_compute,time_apply,time_enum,time_search,time_pp
1,0.65,40,66,0,0.27586206896551724,0.013182640075683594,0.31802892684936523,0.0005033016204833984,0.0031604766845703125,0.009516716003417969
