num_events,utilization,reallocations,changes,failures,reallocated_prop,time_compute,time_apply
1,0.7501358695652174,9,8,0,0.47058823529411764,0.022490262985229492,1.2061128616333008
