num_events,utilization,reallocations,changes,failures,reallocated_prop,time_compute,time_apply,time_enum,time_search,time_pp
1,1.0,23,51,0,0.3333333333333333,0.08625459671020508,0.6307084560394287,0.014561891555786133,0.06203627586364746,0.009654760360717773
