num_events,utilization,reallocations,changes,failures,reallocated_prop,time_compute,time_apply,time_enum,time_search,time_pp
1,0.5217391304347826,1,0,0,0.0,0.0581207275390625,0.32453274726867676,0.012877702713012695,0.03575301170349121,0.00948786735534668
