num_events,utilization,reallocations,changes,failures,reallocated_prop,time_compute,time_apply,time_enum,time_search,time_pp
1,0.03260869565217391,1,0,0,0.0,0.01877117156982422,0.1627671718597412,9.775161743164062e-05,0.0005013942718505859,0.01817035675048828
