num_events,utilization,reallocations,changes,failures,reallocated_prop,time_compute,time_apply,time_enum,time_search,time_pp
1,0.3353260869565217,2,1,0,0.5,0.010573387145996094,0.2992079257965088,0.00010633468627929688,0.00011181831359863281,0.010353326797485352
