num_events,utilization,reallocations,changes,failures,reallocated_prop,time_compute,time_apply
1,0.7815217391304348,6,6,0,0.3333333333333333,0.010283946990966797,0.528327226638794
