num_events,utilization,reallocations,changes,failures,reallocated_prop,time_compute,time_apply,time_enum,time_search,time_pp
1,0.4380434782608696,1,0,0,0.0,0.3343350887298584,0.3243372440338135,0.018503189086914062,0.30590057373046875,0.00992894172668457
