num_events,utilization,reallocations,changes,failures,reallocated_prop,time_compute,time_apply,time_enum,time_search,time_pp
1,0.55,2,2,0,0.2,0.010555505752563477,0.2780773639678955,0.00055694580078125,0.0003523826599121094,0.009644508361816406
