num_events,utilization,reallocations,changes,failures,reallocated_prop,time_compute,time_apply
1,0.7317934782608696,18,20,0,0.8095238095238095,0.03781771659851074,1.92022705078125
