num_events,utilization,reallocations,changes,failures,reallocated_prop,time_compute,time_apply
1,0.8720108695652173,13,30,0,0.38235294117647056,0.01291513442993164,0.5318582057952881
