num_events,utilization,reallocations,changes,failures,reallocated_prop,time_compute,time_apply,time_enum,time_search,time_pp
1,0.65,19,36,0,0.4222222222222222,0.020281076431274414,0.6025748252868652,0.0005447864532470703,0.0012559890747070312,0.018477916717529297
