num_events,utilization,reallocations,changes,failures,reallocated_prop,time_compute,time_apply,time_enum,time_search,time_pp
1,0.03695652173913044,1,0,0,0.0,0.010571002960205078,0.09048223495483398,0.00010180473327636719,0.0002982616424560547,0.010169506072998047
