num_events,utilization,reallocations,changes,failures,reallocated_prop,time_compute,time_apply,time_enum,time_search,time_pp
1,0.65,31,57,0,0.37349397590361444,0.011915922164916992,0.31519126892089844,0.000522613525390625,0.0019342899322509766,0.009456872940063477
