num_events,utilization,reallocations,changes,failures,reallocated_prop,time_compute,time_apply,time_enum,time_search,time_pp
1,0.6641983695652174,5,4,0,0.3076923076923077,0.03626561164855957,1.7533209323883057,0.00010037422180175781,0.00024962425231933594,0.035913705825805664
