num_events,utilization,reallocations,changes,failures,reallocated_prop,time_compute,time_apply
1,0.9016304347826087,47,86,0,0.39166666666666666,0.01648712158203125,0.5880579948425293
