num_events,utilization,reallocations,changes,failures,reallocated_prop,time_compute,time_apply,time_enum,time_search,time_pp
1,0.65,19,40,0,0.2714285714285714,0.01217031478881836,0.31138110160827637,0.0005314350128173828,0.0019106864929199219,0.009726762771606445
