num_events,utilization,reallocations,changes,failures,reallocated_prop,time_compute,time_apply,time_enum,time_search,time_pp
1,0.65,28,68,0,0.32558139534883723,0.012009143829345703,0.3154561519622803,0.0005056858062744141,0.002003908157348633,0.009497642517089844
