num_events,utilization,reallocations,changes,failures,reallocated_prop,time_compute,time_apply,time_enum,time_search,time_pp
1,0.65,34,63,0,0.425,0.03885912895202637,1.205124855041504,0.0004928112030029297,0.001898050308227539,0.03646659851074219
