num_events,utilization,reallocations,changes,failures,reallocated_prop,time_compute,time_apply,time_enum,time_search,time_pp
1,0.0,0,0,0,0.0,0.037581682205200195,0.04605603218078613,0.022659778594970703,0.005219697952270508,0.009699821472167969
