num_events,utilization,reallocations,changes,failures,reallocated_prop,time_compute,time_apply,time_enum,time_search,time_pp
1,1.0,19,35,0,0.3333333333333333,0.08742237091064453,0.6253986358642578,0.014608144760131836,0.06337904930114746,0.009432315826416016
