num_events,utilization,reallocations,changes,failures,reallocated_prop,time_compute,time_apply,time_enum,time_search,time_pp
1,0.25217391304347825,1,0,0,0.0,0.011309385299682617,0.15308856964111328,0.00012063980102539062,0.0016427040100097656,0.009544610977172852
