num_events,utilization,reallocations,changes,failures,reallocated_prop,time_compute,time_apply,time_enum,time_search,time_pp
1,0.08695652173913043,1,0,0,0.0,0.009577751159667969,0.07849717140197754,3.5762786865234375e-05,4.8160552978515625e-05,0.009491920471191406
