num_events,utilization,reallocations,changes,failures,reallocated_prop,time_compute,time_apply,time_enum,time_search,time_pp
1,0.1673913043478261,1,0,0,0.0,0.010697126388549805,0.12527155876159668,0.00010180473327636719,0.0012028217315673828,0.009390830993652344
