num_events,utilization,reallocations,changes,failures,reallocated_prop,time_compute,time_apply,time_enum,time_search,time_pp
1,0.07717391304347826,1,0,0,0.0,0.010971546173095703,0.10072088241577148,0.00010371208190917969,0.000576019287109375,0.010290145874023438
