num_events,utilization,reallocations,changes,failures,reallocated_prop,time_compute,time_apply,time_enum,time_search,time_pp
1,0.7415760869565218,9,9,0,0.38095238095238093,0.00900721549987793,0.4561011791229248,3.075599670410156e-05,0.00011110305786132812,0.008863210678100586
