num_events,utilization,reallocations,changes,failures,reallocated_prop,time_compute,time_apply,time_enum,time_search,time_pp
1,0.29782608695652174,1,0,0,0.0,0.011531352996826172,0.16989541053771973,0.00010251998901367188,0.0018982887268066406,0.00952911376953125
