num_events,utilization,reallocations,changes,failures,reallocated_prop,time_compute,time_apply,time_enum,time_search,time_pp
1,0.20978260869565218,1,0,0,0.0,0.010876893997192383,0.13888311386108398,9.72747802734375e-05,0.0013594627380371094,0.009418725967407227
