num_events,utilization,reallocations,changes,failures,reallocated_prop,time_compute,time_apply,time_enum,time_search,time_pp
1,0.6067934782608696,3,4,0,0.3333333333333333,0.0743870735168457,3.4317128658294678,0.0005090236663818359,0.0005776882171630859,0.07329845428466797
