num_events,utilization,reallocations,changes,failures,reallocated_prop,time_compute,time_apply,time_enum,time_search,time_pp
1,1.0,28,28,0,0.29473684210526313,0.14939665794372559,0.6354677677154541,0.018592119216918945,0.12097573280334473,0.009826421737670898
