num_events,utilization,reallocations,changes,failures,reallocated_prop,time_compute,time_apply,time_enum,time_search,time_pp
1,0.005163043478260869,1,0,0,0.0,0.03750801086425781,0.3068971633911133,9.703636169433594e-05,0.00018095970153808594,0.03722739219665527
