num_events,utilization,reallocations,changes,failures,reallocated_prop,time_compute,time_apply,time_enum,time_search,time_pp
1,0.7019021739130434,2,5,0,0.25,0.010695934295654297,0.482799768447876,0.0005738735198974609,0.000743865966796875,0.00937652587890625
