num_events,utilization,reallocations,changes,failures,reallocated_prop,time_compute,time_apply,time_enum,time_search,time_pp
1,0.33260869565217394,1,0,0,0.0,0.25734543800354004,0.27707672119140625,0.018309354782104492,0.22936344146728516,0.009670495986938477
