num_events,utilization,reallocations,changes,failures,reallocated_prop,time_compute,time_apply,time_enum,time_search,time_pp
1,0.059782608695652176,1,0,0,0.0,0.010311603546142578,0.09516787528991699,0.00010633468627929688,0.00047278404235839844,0.00973057746887207
