num_events,utilization,reallocations,changes,failures,reallocated_prop,time_compute,time_apply,time_enum,time_search,time_pp
1,1.0,28,49,0,0.25,0.05945277214050293,0.5713784694671631,0.014994382858276367,0.034970760345458984,0.009485721588134766
