num_events,utilization,reallocations,changes,failures,reallocated_prop,time_compute,time_apply
1,0.7371603260869565,15,16,0,0.6086956521739131,0.037489891052246094,2.0250260829925537
