num_events,utilization,reallocations,changes,failures,reallocated_prop,time_compute,time_apply,time_enum,time_search,time_pp
1,0.65,19,36,0,0.4222222222222222,0.011130571365356445,0.3000810146331787,0.0005152225494384766,0.0013265609741210938,0.009287118911743164
