num_events,utilization,reallocations,changes,failures,reallocated_prop,time_compute,time_apply
1,0.8331521739130435,18,19,0,0.7727272727272727,0.009842634201049805,0.5237176418304443
