num_events,utilization,reallocations,changes,failures,reallocated_prop,time_compute,time_apply,time_enum,time_search,time_pp
1,0.1282608695652174,1,0,0,0.0,0.1215219497680664,0.18633556365966797,0.021625041961669922,0.09044742584228516,0.009446859359741211
