num_events,utilization,reallocations,changes,failures,reallocated_prop,time_compute,time_apply,time_enum,time_search,time_pp
1,0.65,19,36,0,0.4222222222222222,0.07420849800109863,2.4120445251464844,0.0005385875701904297,0.0012340545654296875,0.0724332332611084
