num_events,utilization,reallocations,changes,failures,reallocated_prop,time_compute,time_apply,time_enum,time_search,time_pp
1,0.011277173913043479,1,0,0,0.0,0.07553863525390625,0.6274151802062988,9.965896606445312e-05,0.0006690025329589844,0.07476663589477539
