num_events,utilization,reallocations,changes,failures,reallocated_prop,time_compute,time_apply,time_enum,time_search,time_pp
1,0.03260869565217391,1,0,0,0.0,0.010176897048950195,0.06889891624450684,3.600120544433594e-05,2.765655517578125e-05,0.010111331939697266
