num_events,utilization,reallocations,changes,failures,reallocated_prop,time_compute,time_apply,time_enum,time_search,time_pp
1,1.0,25,72,0,0.15337423312883436,0.07355403900146484,0.5727450847625732,0.014969587326049805,0.049086809158325195,0.00949549674987793
