num_events,utilization,reallocations,changes,failures,reallocated_prop,time_compute,time_apply
1,0.9358695652173913,7,9,0,0.6363636363636364,0.40882229804992676,0.5805199146270752
