num_events,utilization,reallocations,changes,failures,reallocated_prop,time_compute,time_apply
1,0.7418478260869565,11,12,0,0.7692307692307693,0.008781909942626953,0.49260783195495605
