num_events,utilization,reallocations,changes,failures,reallocated_prop,time_compute,time_apply,time_enum,time_search,time_pp
1,0.45,2,2,0,0.3333333333333333,0.07129526138305664,1.6559886932373047,0.0004947185516357422,0.0002810955047607422,0.07051730155944824
