num_events,utilization,reallocations,changes,failures,reallocated_prop,time_compute,time_apply,time_enum,time_search,time_pp
1,0.0891304347826087,1,0,0,0.0,0.010589122772216797,0.10293173789978027,0.00010061264038085938,0.0006258487701416016,0.009860515594482422
