num_events,utilization,reallocations,changes,failures,reallocated_prop,time_compute,time_apply,time_enum,time_search,time_pp
1,0.7557065217391304,3,2,0,0.08333333333333333,0.009751081466674805,0.46414852142333984,9.775161743164062e-05,0.00039005279541015625,0.009261369705200195
