num_events,utilization,reallocations,changes,failures,reallocated_prop,time_compute,time_apply
1,0.7646739130434783,9,9,0,0.7272727272727273,0.009468555450439453,0.48539018630981445
