num_events,utilization,reallocations,changes,failures,reallocated_prop,time_compute,time_apply
1,0.7695652173913043,7,6,0,0.42857142857142855,0.009784698486328125,0.5124521255493164
