num_events,utilization,reallocations,changes,failures,reallocated_prop,time_compute,time_apply,time_enum,time_search,time_pp
1,0.653226902173913,3,2,0,0.18181818181818182,0.07187151908874512,3.53129243850708,0.0001285076141357422,0.00015091896057128906,0.07159018516540527
