num_events,utilization,reallocations,changes,failures,reallocated_prop,time_compute,time_apply,time_enum,time_search,time_pp
1,0.65,17,41,0,0.3333333333333333,0.020000934600830078,0.6007115840911865,0.0004956722259521484,0.0015079975128173828,0.017995595932006836
