num_events,utilization,reallocations,changes,failures,reallocated_prop,time_compute,time_apply,time_enum,time_search,time_pp
1,1.0,17,39,0,0.19318181818181818,0.052614688873291016,0.5724990367889404,0.014926910400390625,0.028250932693481445,0.009434223175048828
