num_events,utilization,reallocations,changes,failures,reallocated_prop,time_compute,time_apply,time_enum,time_search,time_pp
1,0.3630434782608696,1,0,0,0.0,0.011370182037353516,0.17969059944152832,8.20159912109375e-05,0.0020782947540283203,0.009207963943481445
