num_events,utilization,reallocations,changes,failures,reallocated_prop,time_compute,time_apply,time_enum,time_search,time_pp
1,0.04891304347826087,1,0,0,0.0,0.00973820686340332,0.0878455638885498,8.225440979003906e-05,0.0003199577331542969,0.009334087371826172
