num_events,utilization,reallocations,changes,failures,reallocated_prop,time_compute,time_apply,time_enum,time_search,time_pp
1,0.28804347826086957,1,0,0,0.0,0.011694908142089844,0.1652669906616211,9.894371032714844e-05,0.0019207000732421875,0.009673833847045898
