num_events,utilization,reallocations,changes,failures,reallocated_prop,time_compute,time_apply,time_enum,time_search,time_pp
1,0.7567934782608695,21,30,0,0.12138728323699421,0.01446223258972168,0.48235273361206055,0.00049591064453125,0.0044515132904052734,0.009513378143310547
