num_events,utilization,reallocations,changes,failures,reallocated_prop,time_compute,time_apply,time_enum,time_search,time_pp
1,0.65,33,80,0,0.3333333333333333,0.039231300354003906,1.2203962802886963,0.0005028247833251953,0.0023369789123535156,0.036389827728271484
