num_events,utilization,reallocations,changes,failures,reallocated_prop,time_compute,time_apply,time_enum,time_search,time_pp
1,1.0,13,36,0,0.1566265060240964,0.050824880599975586,0.5780630111694336,0.014697551727294922,0.026584386825561523,0.009540796279907227
