num_events,utilization,reallocations,changes,failures,reallocated_prop,time_compute,time_apply,time_enum,time_search,time_pp
1,0.65,26,48,0,0.4262295081967213,0.01248311996459961,0.3193807601928711,0.0005784034729003906,0.0016529560089111328,0.010249614715576172
