num_events,utilization,reallocations,changes,failures,reallocated_prop,time_compute,time_apply,time_enum,time_search,time_pp
1,1.0,60,135,0,0.19933554817275748,0.11385154724121094,0.5892391204833984,0.014911413192749023,0.08931374549865723,0.009624242782592773
