num_events,utilization,reallocations,changes,failures,reallocated_prop,time_compute,time_apply,time_enum,time_search,time_pp
1,0.7567934782608695,29,51,0,0.26126126126126126,0.013065099716186523,0.47136521339416504,0.0004990100860595703,0.003156900405883789,0.009407758712768555
