num_events,utilization,reallocations,changes,failures,reallocated_prop,time_compute,time_apply,time_enum,time_search,time_pp
1,1.0,33,58,0,0.25,0.0650019645690918,0.5745368003845215,0.014685392379760742,0.04075503349304199,0.009559154510498047
