num_events,utilization,reallocations,changes,failures,reallocated_prop,time_compute,time_apply,time_enum,time_search,time_pp
1,0.4673913043478261,1,0,0,0.0,0.35245203971862793,0.3334083557128906,0.01827073097229004,0.3242003917694092,0.009978055953979492
