num_events,utilization,reallocations,changes,failures,reallocated_prop,time_compute,time_apply,time_enum,time_search,time_pp
1,0.6588315217391304,6,14,0,0.3333333333333333,0.07413887977600098,3.4737093448638916,0.0005223751068115234,0.0010530948638916016,0.07256102561950684
