num_events,utilization,reallocations,changes,failures,reallocated_prop,time_compute,time_apply,time_enum,time_search,time_pp
1,0.5282608695652173,1,0,0,0.0,0.38922119140625,0.3620767593383789,0.01822042465209961,0.3610408306121826,0.009957313537597656
