num_events,utilization,reallocations,changes,failures,reallocated_prop,time_compute,time_apply,time_enum,time_search,time_pp
1,1.0,65,117,0,0.1447661469933185,0.15217900276184082,0.5589566230773926,0.013829708099365234,0.1289229393005371,0.009424448013305664
