num_events,utilization,reallocations,changes,failures,reallocated_prop,time_compute,time_apply,time_enum,time_search,time_pp
1,0.011820652173913043,1,0,0,0.0,0.07610845565795898,0.6179389953613281,0.00010585784912109375,0.0007469654083251953,0.07525348663330078
