num_events,utilization,reallocations,changes,failures,reallocated_prop,time_compute,time_apply,time_enum,time_search,time_pp
1,0.035326086956521736,1,0,0,0.0,0.020581483840942383,0.17746901512145996,0.00010561943054199219,0.0005652904510498047,0.019908905029296875
