num_events,utilization,reallocations,changes,failures,reallocated_prop,time_compute,time_apply,time_enum,time_search,time_pp
1,0.6748641304347827,10,10,0,0.5,0.035156965255737305,1.7298896312713623,3.457069396972656e-05,0.00013399124145507812,0.03498649597167969
