num_events,utilization,reallocations,changes,failures,reallocated_prop,time_compute,time_apply,time_enum,time_search,time_pp
1,0.02608695652173913,1,0,0,0.0,0.01891946792602539,0.15904545783996582,0.00010061264038085938,0.00040721893310546875,0.018410205841064453
