num_events,utilization,reallocations,changes,failures,reallocated_prop,time_compute,time_apply,time_enum,time_search,time_pp
1,0.7619565217391304,9,8,0,0.2857142857142857,0.009925603866577148,0.46767687797546387,9.655952453613281e-05,0.0004856586456298828,0.009340763092041016
