num_events,utilization,reallocations,changes,failures,reallocated_prop,time_compute,time_apply,time_enum,time_search,time_pp
1,0.1858695652173913,1,0,0,0.0,0.010783910751342773,0.1322946548461914,9.560585021972656e-05,0.001222848892211914,0.009463310241699219
