num_events,utilization,reallocations,changes,failures,reallocated_prop,time_compute,time_apply,time_enum,time_search,time_pp
1,0.008559782608695651,1,0,0,0.0,0.07601714134216309,0.6132044792175293,0.00010228157043457031,0.0005235671997070312,0.07538914680480957
