num_events,utilization,reallocations,changes,failures,reallocated_prop,time_compute,time_apply,time_enum,time_search,time_pp
1,0.13260869565217392,1,0,0,0.0,0.12151575088500977,0.18684101104736328,0.018328189849853516,0.09354305267333984,0.009642601013183594
