num_events,utilization,reallocations,changes,failures,reallocated_prop,time_compute,time_apply,time_enum,time_search,time_pp
1,0.3532608695652174,1,0,0,0.0,0.27117276191711426,0.28542280197143555,0.021827220916748047,0.23958063125610352,0.009762048721313477
