num_events,utilization,reallocations,changes,failures,reallocated_prop,time_compute,time_apply,time_enum,time_search,time_pp
1,0.6932065217391304,9,8,0,0.24242424242424243,0.038144588470458984,1.835505485534668,9.751319885253906e-05,0.0006129741668701172,0.037432193756103516
