num_events,utilization,reallocations,changes,failures,reallocated_prop,time_compute,time_apply,time_enum,time_search,time_pp
1,1.0,18,25,0,0.36,0.12344145774841309,0.603398323059082,0.017548799514770508,0.09684991836547852,0.009040594100952148
