num_events,utilization,reallocations,changes,failures,reallocated_prop,time_compute,time_apply,time_enum,time_search,time_pp
1,0.7315217391304348,3,2,0,0.16666666666666666,0.009904623031616211,0.4611942768096924,9.5367431640625e-05,0.0002548694610595703,0.009552717208862305
