num_events,utilization,reallocations,changes,failures,reallocated_prop,time_compute,time_apply,time_enum,time_search,time_pp
1,0.33369565217391306,1,0,0,0.0,0.011913537979125977,0.1795973777770996,0.000102996826171875,0.002105712890625,0.009703636169433594
