num_events,utilization,reallocations,changes,failures,reallocated_prop,time_compute,time_apply,time_enum,time_search,time_pp
1,0.6706521739130434,3,4,0,0.3333333333333333,0.009991645812988281,0.41997241973876953,0.0005290508270263672,0.0006487369537353516,0.00881195068359375
