num_events,utilization,reallocations,changes,failures,reallocated_prop,time_compute,time_apply,time_enum,time_search,time_pp
1,0.04891304347826087,1,0,0,0.0,0.019097089767456055,0.12966132164001465,2.9087066650390625e-05,4.506111145019531e-05,0.01902151107788086
