num_events,utilization,reallocations,changes,failures,reallocated_prop,time_compute,time_apply,time_enum,time_search,time_pp
1,0.020652173913043477,1,0,0,0.0,0.010064125061035156,0.08159780502319336,0.00010538101196289062,0.00018715858459472656,0.009769916534423828
