num_events,utilization,reallocations,changes,failures,reallocated_prop,time_compute,time_apply,time_enum,time_search,time_pp
1,0.37717391304347825,1,0,0,0.0,0.012351751327514648,0.19445586204528809,9.393692016601562e-05,0.002490997314453125,0.009764671325683594
