num_events,utilization,reallocations,changes,failures,reallocated_prop,time_compute,time_apply
1,0.8913043478260869,14,23,0,0.5185185185185185,0.013188838958740234,0.5396120548248291
