num_events,utilization,reallocations,changes,failures,reallocated_prop,time_compute,time_apply,time_enum,time_search,time_pp
1,0.65,122,296,0,0.3333333333333333,0.01819920539855957,0.34943056106567383,0.0005080699920654297,0.007659912109375,0.010029077529907227
