num_events,utilization,reallocations,changes,failures,reallocated_prop,time_compute,time_apply,time_enum,time_search,time_pp
1,1.0,11,12,0,0.3235294117647059,0.10014510154724121,0.5920953750610352,0.01842331886291504,0.0723881721496582,0.009331464767456055
