num_events,utilization,reallocations,changes,failures,reallocated_prop,time_compute,time_apply,time_enum,time_search,time_pp
1,0.19130434782608696,1,0,0,0.0,0.010095834732055664,0.12948369979858398,7.987022399902344e-05,0.001129150390625,0.00888514518737793
