num_events,utilization,reallocations,changes,failures,reallocated_prop,time_compute,time_apply,time_enum,time_search,time_pp
1,0.23152173913043478,1,0,0,0.0,0.011037111282348633,0.14721202850341797,9.417533874511719e-05,0.0015001296997070312,0.009441375732421875
