num_events,utilization,reallocations,changes,failures,reallocated_prop,time_compute,time_apply,time_enum,time_search,time_pp
1,1.0,11,21,0,0.22448979591836735,0.03894376754760742,0.5573334693908691,0.012956619262695312,0.016650676727294922,0.009335517883300781
