num_events,utilization,reallocations,changes,failures,reallocated_prop,time_compute,time_apply,time_enum,time_search,time_pp
1,0.02282608695652174,1,0,0,0.0,0.03720259666442871,0.3165590763092041,9.822845458984375e-05,0.0006835460662841797,0.03641843795776367
