num_events,utilization,reallocations,changes,failures,reallocated_prop,time_compute,time_apply,time_enum,time_search,time_pp
1,0.0782608695652174,1,0,0,0.0,0.009882688522338867,0.09654545783996582,8.225440979003906e-05,0.000484466552734375,0.009313583374023438
