num_events,utilization,reallocations,changes,failures,reallocated_prop,time_compute,time_apply,time_enum,time_search,time_pp
1,1.0,42,72,0,0.2545454545454545,0.07685565948486328,0.5705935955047607,0.015462398529052734,0.05149030685424805,0.009900808334350586
