num_events,utilization,reallocations,changes,failures,reallocated_prop,time_compute,time_apply
1,0.8035326086956521,8,16,0,0.34782608695652173,0.011987686157226562,0.5265030860900879
