num_events,utilization,reallocations,changes,failures,reallocated_prop,time_compute,time_apply,time_enum,time_search,time_pp
1,0.6418478260869566,3,4,0,0.3333333333333333,0.009881734848022461,0.4186739921569824,0.0005235671997070312,0.0005209445953369141,0.008835077285766602
