num_events,utilization,reallocations,changes,failures,reallocated_prop,time_compute,time_apply,time_enum,time_search,time_pp
1,0.1331521739130435,1,0,0,0.0,0.07128453254699707,0.7187721729278564,3.4332275390625e-05,0.0004172325134277344,0.0708303451538086
