num_events,utilization,reallocations,changes,failures,reallocated_prop,time_compute,time_apply,time_enum,time_search,time_pp
1,0.01956521739130435,1,0,0,0.0,0.03722119331359863,0.3149232864379883,8.296966552734375e-05,0.0005850791931152344,0.03655052185058594
