num_events,utilization,reallocations,changes,failures,reallocated_prop,time_compute,time_apply,time_enum,time_search,time_pp
1,0.65,43,80,0,0.42574257425742573,0.01232004165649414,0.3172116279602051,0.0005056858062744141,0.0023331642150878906,0.009479284286499023
