num_events,utilization,reallocations,changes,failures,reallocated_prop,time_compute,time_apply,time_enum,time_search,time_pp
1,0.2858695652173913,1,0,0,0.0,0.22723913192749023,0.25381994247436523,0.01813793182373047,0.19947195053100586,0.009626626968383789
