num_events,utilization,reallocations,changes,failures,reallocated_prop,time_compute,time_apply
1,0.8972826086956521,44,63,0,0.5569620253164557,0.014243841171264648,0.5504264831542969
