num_events,utilization,reallocations,changes,failures,reallocated_prop,time_compute,time_apply
1,0.8486413043478261,19,21,0,0.6428571428571429,0.009705543518066406,0.5367441177368164
