num_events,utilization,reallocations,changes,failures,reallocated_prop,time_compute,time_apply,time_enum,time_search,time_pp
1,0.2565217391304348,1,0,0,0.0,0.20954346656799316,0.24159860610961914,0.02225208282470703,0.17766547203063965,0.00962376594543457
