num_events,utilization,reallocations,changes,failures,reallocated_prop,time_compute,time_apply,time_enum,time_search,time_pp
1,1.0,26,48,0,0.23853211009174313,0.0553436279296875,0.5505540370941162,0.013577938079833984,0.03243422508239746,0.00932931900024414
