num_events,utilization,reallocations,changes,failures,reallocated_prop,time_compute,time_apply
1,0.7285326086956522,6,6,0,0.7142857142857143,0.009453773498535156,0.4690399169921875
