num_events,utilization,reallocations,changes,failures,reallocated_prop,time_compute,time_apply,time_enum,time_search,time_pp
1,0.042391304347826085,1,0,0,0.0,0.05922889709472656,0.14681577682495117,0.01830267906188965,0.031762123107910156,0.009162425994873047
