num_events,utilization,reallocations,changes,failures,reallocated_prop,time_compute,time_apply,time_enum,time_search,time_pp
1,0.4434782608695652,1,0,0,0.0,0.33266186714172363,0.3261544704437256,0.01912665367126465,0.30368614196777344,0.009847402572631836
