num_events,utilization,reallocations,changes,failures,reallocated_prop,time_compute,time_apply,time_enum,time_search,time_pp
1,1.0,35,63,0,0.13565891472868216,0.10587716102600098,0.5835170745849609,0.014655351638793945,0.0810549259185791,0.010164260864257812
