num_events,utilization,reallocations,changes,failures,reallocated_prop,time_compute,time_apply,time_enum,time_search,time_pp
1,0.65,52,98,0,0.2139917695473251,0.015444517135620117,0.3263840675354004,0.0005519390106201172,0.005184650421142578,0.00970602035522461
