num_events,utilization,reallocations,changes,failures,reallocated_prop,time_compute,time_apply,time_enum,time_search,time_pp
1,0.6855978260869565,15,16,0,0.45161290322580644,0.0362701416015625,1.8088288307189941,3.504753112792969e-05,0.00017499923706054688,0.03605771064758301
