num_events,utilization,reallocations,changes,failures,reallocated_prop,time_compute,time_apply,time_enum,time_search,time_pp
1,1.0,20,29,0,0.30303030303030304,0.05266904830932617,0.6910810470581055,0.014983892440795898,0.02643871307373047,0.011243820190429688
