num_events,utilization,reallocations,changes,failures,reallocated_prop,time_compute,time_apply
1,0.8366847826086956,5,4,0,0.4444444444444444,0.01415872573852539,0.5555717945098877
