num_events,utilization,reallocations,changes,failures,reallocated_prop,time_compute,time_apply,time_enum,time_search,time_pp
1,1.0,13,36,0,0.15476190476190477,0.0516810417175293,0.5675783157348633,0.01476740837097168,0.027414321899414062,0.009497404098510742
