num_events,utilization,reallocations,changes,failures,reallocated_prop,time_compute,time_apply,time_enum,time_search,time_pp
1,0.5,2,2,0,0.25,0.010554075241088867,0.24257802963256836,0.0005581378936767578,0.0003399848937988281,0.009653806686401367
