num_events,utilization,reallocations,changes,failures,reallocated_prop,time_compute,time_apply,time_enum,time_search,time_pp
1,1.0,25,45,0,0.058823529411764705,0.14545416831970215,0.5728104114532471,0.014714479446411133,0.12085103988647461,0.009886503219604492
