num_events,utilization,reallocations,changes,failures,reallocated_prop,time_compute,time_apply,time_enum,time_search,time_pp
1,0.7206521739130435,9,9,0,0.36363636363636365,0.010378599166870117,0.4682765007019043,3.743171691894531e-05,0.00010585784912109375,0.010233640670776367
