num_events,utilization,reallocations,changes,failures,reallocated_prop,time_compute,time_apply
1,0.9146739130434782,28,65,0,0.417910447761194,0.013109683990478516,0.5625078678131104
