num_events,utilization,reallocations,changes,failures,reallocated_prop,time_compute,time_apply,time_enum,time_search,time_pp
1,1.0,6,8,0,0.6,0.037509918212890625,0.5882394313812256,0.012903213500976562,0.015350818634033203,0.009253263473510742
