num_events,utilization,reallocations,changes,failures,reallocated_prop,time_compute,time_apply,time_enum,time_search,time_pp
1,1.0,38,59,0,0.16379310344827586,0.09347867965698242,0.5816316604614258,0.014695167541503906,0.06928086280822754,0.009500980377197266
