num_events,utilization,reallocations,changes,failures,reallocated_prop,time_compute,time_apply,time_enum,time_search,time_pp
1,0.65,13,24,0,0.40625,0.06979513168334961,2.303739309310913,0.0004973411560058594,0.0008599758148193359,0.0684356689453125
