num_events,utilization,reallocations,changes,failures,reallocated_prop,time_compute,time_apply,time_enum,time_search,time_pp
1,1.0,3,6,0,0.1875,0.028844356536865234,0.5415890216827393,0.012822389602661133,0.007242679595947266,0.008778095245361328
