num_events,utilization,reallocations,changes,failures,reallocated_prop,time_compute,time_apply,time_enum,time_search,time_pp
1,1.0,45,70,0,0.4945054945054945,0.10828542709350586,0.6369776725769043,0.015277624130249023,0.08329439163208008,0.009711503982543945
