num_events,utilization,reallocations,changes,failures,reallocated_prop,time_compute,time_apply,time_enum,time_search,time_pp
1,1.0,60,87,0,0.273972602739726,0.09100985527038574,0.5774803161621094,0.014901876449584961,0.06647729873657227,0.009628534317016602
