num_events,utilization,reallocations,changes,failures,reallocated_prop,time_compute,time_apply,time_enum,time_search,time_pp
1,0.3967391304347826,1,0,0,0.0,0.01241922378540039,0.20313763618469238,9.5367431640625e-05,0.002535581588745117,0.009786367416381836
