num_events,utilization,reallocations,changes,failures,reallocated_prop,time_compute,time_apply,time_enum,time_search,time_pp
1,0.34456521739130436,1,0,0,0.0,0.011138200759887695,0.17440390586853027,8.082389831542969e-05,0.002016305923461914,0.009039878845214844
