num_events,utilization,reallocations,changes,failures,reallocated_prop,time_compute,time_apply,time_enum,time_search,time_pp
1,0.07065217391304347,1,0,0,0.0,0.07905817031860352,0.16640639305114746,0.018398046493530273,0.05104780197143555,0.009610176086425781
