num_events,utilization,reallocations,changes,failures,reallocated_prop,time_compute,time_apply,time_enum,time_search,time_pp
1,0.7635869565217391,47,108,0,0.36153846153846153,0.013478517532348633,0.4916102886199951,0.0005011558532714844,0.0036907196044921875,0.009285211563110352
