num_events,utilization,reallocations,changes,failures,reallocated_prop,time_compute,time_apply,time_enum,time_search,time_pp
1,1.0,14,15,0,0.3888888888888889,0.06016945838928223,0.5676934719085693,0.01468515396118164,0.03662896156311035,0.00885319709777832
