num_events,utilization,reallocations,changes,failures,reallocated_prop,time_compute,time_apply,time_enum,time_search,time_pp
1,0.3119565217391304,1,0,0,0.0,0.011883974075317383,0.17296195030212402,9.274482727050781e-05,0.002116680145263672,0.009673118591308594
