num_events,utilization,reallocations,changes,failures,reallocated_prop,time_compute,time_apply,time_enum,time_search,time_pp
1,0.65,89,166,0,0.2119047619047619,0.019117116928100586,0.34207820892333984,0.0005075931549072266,0.00851893424987793,0.010088920593261719
