num_events,utilization,reallocations,changes,failures,reallocated_prop,time_compute,time_apply,time_enum,time_search,time_pp
1,1.0,57,171,0,0.12127659574468085,0.1590719223022461,0.5942158699035645,0.014741897583007812,0.1344294548034668,0.009897947311401367
