num_events,utilization,reallocations,changes,failures,reallocated_prop,time_compute,time_apply,time_enum,time_search,time_pp
1,0.12391304347826088,1,0,0,0.0,0.11644625663757324,0.18876075744628906,0.018258094787597656,0.08855676651000977,0.009629487991333008
