num_events,utilization,reallocations,changes,failures,reallocated_prop,time_compute,time_apply,time_enum,time_search,time_pp
1,0.01154891304347826,1,0,0,0.0,0.07692527770996094,0.6163895130157471,9.989738464355469e-05,0.0006959438323974609,0.0761268138885498
