num_events,utilization,reallocations,changes,failures,reallocated_prop,time_compute,time_apply,time_enum,time_search,time_pp
1,0.16847826086956522,1,0,0,0.0,0.019115924835205078,0.19488883018493652,3.7670135498046875e-05,0.00014901161193847656,0.01892709732055664
