num_events,utilization,reallocations,changes,failures,reallocated_prop,time_compute,time_apply,time_enum,time_search,time_pp
1,0.3641304347826087,1,0,0,0.0,0.012875080108642578,0.1934070587158203,9.560585021972656e-05,0.0024666786193847656,0.010310888290405273
