num_events,utilization,reallocations,changes,failures,reallocated_prop,time_compute,time_apply,time_enum,time_search,time_pp
1,0.7567934782608695,17,33,0,0.5666666666666667,0.011477231979370117,0.4751861095428467,0.0005371570587158203,0.0014584064483642578,0.009479999542236328
