num_events,utilization,reallocations,changes,failures,reallocated_prop,time_compute,time_apply,time_enum,time_search,time_pp
1,0.65,19,36,0,0.40425531914893614,0.019767045974731445,0.6010026931762695,0.0004942417144775391,0.0012340545654296875,0.01803731918334961
