num_events,utilization,reallocations,changes,failures,reallocated_prop,time_compute,time_apply,time_enum,time_search,time_pp
1,0.4891304347826087,1,0,0,0.0,0.35661983489990234,0.32880425453186035,0.017106294631958008,0.32982659339904785,0.009684562683105469
