num_events,utilization,reallocations,changes,failures,reallocated_prop,time_compute,time_apply,time_enum,time_search,time_pp
1,0.08478260869565217,1,0,0,0.0,0.010056257247924805,0.09943461418151855,9.441375732421875e-05,0.0005967617034912109,0.009363889694213867
