num_events,utilization,reallocations,changes,failures,reallocated_prop,time_compute,time_apply,time_enum,time_search,time_pp
1,1.0,30,60,0,0.33707865168539325,0.08849072456359863,0.6338818073272705,0.014534473419189453,0.06450653076171875,0.009446144104003906
