num_events,utilization,reallocations,changes,failures,reallocated_prop,time_compute,time_apply,time_enum,time_search,time_pp
1,0.1956521739130435,1,0,0,0.0,0.010506868362426758,0.11804318428039551,3.695487976074219e-05,8.845329284667969e-05,0.010379314422607422
