num_events,utilization,reallocations,changes,failures,reallocated_prop,time_compute,time_apply,time_enum,time_search,time_pp
1,0.65,95,153,0,0.2278177458033573,0.019142627716064453,0.33478236198425293,0.0005016326904296875,0.008844852447509766,0.009793758392333984
