num_events,utilization,reallocations,changes,failures,reallocated_prop,time_compute,time_apply,time_enum,time_search,time_pp
1,0.29891304347826086,1,0,0,0.0,0.010904073715209961,0.15769124031066895,9.298324584960938e-05,0.0017521381378173828,0.009057044982910156
