num_events,utilization,reallocations,changes,failures,reallocated_prop,time_compute,time_apply,time_enum,time_search,time_pp
1,0.65,31,69,0,0.2897196261682243,0.012627601623535156,0.31849122047424316,0.0005102157592773438,0.0024805068969726562,0.009634971618652344
