num_events,utilization,reallocations,changes,failures,reallocated_prop,time_compute,time_apply
1,0.7759510869565217,8,11,0,0.4444444444444444,0.022159337997436523,1.034585952758789
