num_events,utilization,reallocations,changes,failures,reallocated_prop,time_compute,time_apply,time_enum,time_search,time_pp
1,0.65,21,51,0,0.3230769230769231,0.011320114135742188,0.30863094329833984,0.0005204677581787109,0.0015954971313476562,0.00920248031616211
