num_events,utilization,reallocations,changes,failures,reallocated_prop,time_compute,time_apply,time_enum,time_search,time_pp
1,0.2891304347826087,1,0,0,0.0,0.011638879776000977,0.1680431365966797,9.608268737792969e-05,0.0019617080688476562,0.009579658508300781
