num_events,utilization,reallocations,changes,failures,reallocated_prop,time_compute,time_apply,time_enum,time_search,time_pp
1,0.7497282608695652,9,9,0,0.36363636363636365,0.009387731552124023,0.4748678207397461,3.4332275390625e-05,0.000133514404296875,0.009218215942382812
