num_events,utilization,reallocations,changes,failures,reallocated_prop,time_compute,time_apply,time_enum,time_search,time_pp
1,1.0,13,36,0,0.1566265060240964,0.05063199996948242,0.5747380256652832,0.014795303344726562,0.026283979415893555,0.00955057144165039
