num_events,utilization,reallocations,changes,failures,reallocated_prop,time_compute,time_apply,time_enum,time_search,time_pp
1,1.0,20,57,0,0.15267175572519084,0.06425237655639648,0.5799744129180908,0.014837503433227539,0.03980088233947754,0.009612321853637695
