num_events,utilization,reallocations,changes,failures,reallocated_prop,time_compute,time_apply,time_enum,time_search,time_pp
1,1.0,9,27,0,0.025210084033613446,0.12700271606445312,0.5992422103881836,0.014711380004882812,0.10227370262145996,0.010015487670898438
