num_events,utilization,reallocations,changes,failures,reallocated_prop,time_compute,time_apply,time_enum,time_search,time_pp
1,0.30217391304347824,1,0,0,0.0,0.011792898178100586,0.17621684074401855,0.00010251998901367188,0.001988649368286133,0.009700536727905273
