num_events,utilization,reallocations,changes,failures,reallocated_prop,time_compute,time_apply,time_enum,time_search,time_pp
1,0.0967391304347826,1,0,0,0.0,0.09743332862854004,0.17028045654296875,0.018158912658691406,0.06989765167236328,0.009374618530273438
