num_events,utilization,reallocations,changes,failures,reallocated_prop,time_compute,time_apply,time_enum,time_search,time_pp
1,0.3782608695652174,1,0,0,0.0,0.28347134590148926,0.29039692878723145,0.017641305923461914,0.25595617294311523,0.009871959686279297
