num_events,utilization,reallocations,changes,failures,reallocated_prop,time_compute,time_apply
1,0.7807065217391305,6,9,0,0.42857142857142855,0.010838985443115234,0.49279189109802246
