num_events,utilization,reallocations,changes,failures,reallocated_prop,time_compute,time_apply,time_enum,time_search,time_pp
1,0.01576086956521739,1,0,0,0.0,0.018293142318725586,0.1510610580444336,8.416175842285156e-05,0.00025081634521484375,0.017956256866455078
