num_events,utilization,reallocations,changes,failures,reallocated_prop,time_compute,time_apply,time_enum,time_search,time_pp
1,1.0,9,24,0,0.15789473684210525,0.04414653778076172,0.5923113822937012,0.015167236328125,0.01947808265686035,0.009500265121459961
