num_events,utilization,reallocations,changes,failures,reallocated_prop,time_compute,time_apply,time_enum,time_search,time_pp
1,0.012092391304347826,1,0,0,0.0,0.07677841186523438,0.6230378150939941,0.00010561943054199219,0.0007839202880859375,0.07588601112365723
