num_events,utilization,reallocations,changes,failures,reallocated_prop,time_compute,time_apply
1,0.9059782608695652,24,42,0,0.2376237623762376,0.014668941497802734,0.5591700077056885
