num_events,utilization,reallocations,changes,failures,reallocated_prop,time_compute,time_apply,time_enum,time_search,time_pp
1,0.65,29,46,0,0.07571801566579635,0.01766800880432129,0.3263382911682129,0.0005085468292236328,0.007584810256958008,0.009572982788085938
