num_events,utilization,reallocations,changes,failures,reallocated_prop,time_compute,time_apply
1,0.7415760869565218,7,7,0,0.6666666666666666,0.009497404098510742,0.5050957202911377
