num_events,utilization,reallocations,changes,failures,reallocated_prop,time_compute,time_apply,time_enum,time_search,time_pp
1,0.22826086956521738,1,0,0,0.0,0.008772850036621094,0.1097567081451416,2.956390380859375e-05,8.344650268554688e-05,0.008658170700073242
