num_events,utilization,reallocations,changes,failures,reallocated_prop,time_compute,time_apply,time_enum,time_search,time_pp
1,0.65,21,51,0,0.328125,0.07366490364074707,2.4126522541046143,0.0004918575286865234,0.0016217231750488281,0.0715487003326416
