num_events,utilization,reallocations,changes,failures,reallocated_prop,time_compute,time_apply,time_enum,time_search,time_pp
1,0.65,19,36,0,0.41304347826086957,0.01037144660949707,0.28920793533325195,0.0004210472106933594,0.0010981559753417969,0.008850574493408203
