num_events,utilization,reallocations,changes,failures,reallocated_prop,time_compute,time_apply
1,0.9407608695652174,4,6,0,0.2727272727272727,0.015234231948852539,0.5733945369720459
