num_events,utilization,reallocations,changes,failures,reallocated_prop,time_compute,time_apply,time_enum,time_search,time_pp
1,0.021739130434782608,1,0,0,0.0,0.018680334091186523,0.12066507339477539,3.3855438232421875e-05,3.0279159545898438e-05,0.018615007400512695
