num_events,utilization,reallocations,changes,failures,reallocated_prop,time_compute,time_apply
1,0.9059782608695652,66,111,0,0.4074074074074074,0.01694774627685547,0.582843542098999
