num_events,utilization,reallocations,changes,failures,reallocated_prop,time_compute,time_apply,time_enum,time_search,time_pp
1,0.016304347826086956,1,0,0,0.0,0.04976248741149902,0.13949084281921387,0.02339458465576172,0.016522884368896484,0.00984334945678711
