num_events,utilization,reallocations,changes,failures,reallocated_prop,time_compute,time_apply
1,0.7307065217391304,4,5,0,0.4444444444444444,0.01059865951538086,0.4692115783691406
