num_events,utilization,reallocations,changes,failures,reallocated_prop,time_compute,time_apply
1,0.8972826086956521,29,52,0,0.5370370370370371,0.013106584548950195,0.5392835140228271
