num_events,utilization,reallocations,changes,failures,reallocated_prop,time_compute,time_apply
1,0.7552989130434783,12,11,0,0.4583333333333333,0.02056288719177246,1.0244522094726562
