num_events,utilization,reallocations,changes,failures,reallocated_prop,time_compute,time_apply,time_enum,time_search,time_pp
1,1.0,29,46,0,0.2815533980582524,0.10585355758666992,0.6328766345977783,0.01458120346069336,0.0817406177520752,0.00952911376953125
