num_events,utilization,reallocations,changes,failures,reallocated_prop,time_compute,time_apply,time_enum,time_search,time_pp
1,0.65,11,27,0,0.3142857142857143,0.07342767715454102,2.4036612510681152,0.0004975795745849609,0.0009946823120117188,0.07193231582641602
