num_events,utilization,reallocations,changes,failures,reallocated_prop,time_compute,time_apply,time_enum,time_search,time_pp
1,1.0,16,36,0,0.19753086419753085,0.05011129379272461,0.5667285919189453,0.014649152755737305,0.02591085433959961,0.009549379348754883
