num_events,utilization,reallocations,changes,failures,reallocated_prop,time_compute,time_apply,time_enum,time_search,time_pp
1,1.0,21,48,0,0.058011049723756904,0.13085365295410156,0.583961009979248,0.015030860900878906,0.10600614547729492,0.00981450080871582
