num_events,utilization,reallocations,changes,failures,reallocated_prop,time_compute,time_apply,time_enum,time_search,time_pp
1,0.22934782608695653,1,0,0,0.0,0.010332107543945312,0.1376180648803711,8.0108642578125e-05,0.001332998275756836,0.008917093276977539
