num_events,utilization,reallocations,changes,failures,reallocated_prop,time_compute,time_apply,time_enum
1,0.010869565217391304,0,0,0,0.0,0.03403139114379883,0.09921741485595703,0.019051790237426758
