num_events,utilization,reallocations,changes,failures,reallocated_prop,time_compute,time_apply,time_enum,time_search,time_pp
1,0.7263586956521739,8,7,0,0.3888888888888889,0.00948953628540039,0.4555938243865967,2.9087066650390625e-05,8.678436279296875e-05,0.009371757507324219
