num_events,utilization,reallocations,changes,failures,reallocated_prop,time_compute,time_apply,time_enum,time_search,time_pp
1,0.009510869565217392,1,0,0,0.0,0.07252693176269531,0.44934511184692383,3.457069396972656e-05,4.553794860839844e-05,0.07244420051574707
