num_events,utilization,reallocations,changes,failures,reallocated_prop,time_compute,time_apply,time_enum,time_search,time_pp
1,0.11630434782608695,1,0,0,0.0,0.11375737190246582,0.18002080917358398,0.018303394317626953,0.08546161651611328,0.009990453720092773
