num_events,utilization,reallocations,changes,failures,reallocated_prop,time_compute,time_apply,time_enum,time_search,time_pp
1,0.7567934782608695,59,139,0,0.4796747967479675,0.012714862823486328,0.47270703315734863,0.00041866302490234375,0.0033960342407226562,0.008897781372070312
