num_events,utilization,reallocations,changes,failures,reallocated_prop,time_compute,time_apply,time_enum,time_search,time_pp
1,0.65,5,9,0,0.38461538461538464,0.01036691665649414,0.2936551570892334,0.0005621910095214844,0.0005342960357666016,0.009268760681152344
