num_events,utilization,reallocations,changes,failures,reallocated_prop,time_compute,time_apply,time_enum,time_search,time_pp
1,0.05217391304347826,1,0,0,0.0,0.018710613250732422,0.17231512069702148,9.799003601074219e-05,0.0007555484771728516,0.017854928970336914
