num_events,utilization,reallocations,changes,failures,reallocated_prop,time_compute,time_apply
1,0.7671195652173913,19,19,0,0.6923076923076923,0.018899202346801758,1.0305705070495605
