num_events,utilization,reallocations,changes,failures,reallocated_prop,time_compute,time_apply,time_enum,time_search,time_pp
1,0.5209239130434783,3,2,0,0.5,0.009163141250610352,0.34590840339660645,3.075599670410156e-05,3.361701965332031e-05,0.009096384048461914
