num_events,utilization,reallocations,changes,failures,reallocated_prop,time_compute,time_apply,time_enum,time_search,time_pp
1,0.65,63,144,0,0.2985781990521327,0.014797687530517578,0.3277778625488281,0.0005047321319580078,0.004571437835693359,0.009719371795654297
