num_events,utilization,reallocations,changes,failures,reallocated_prop,time_compute,time_apply,time_enum,time_search,time_pp
1,0.30679347826086956,3,2,0,1.0,0.03452444076538086,0.976219654083252,8.559226989746094e-05,0.00010538101196289062,0.0343320369720459
