num_events,utilization,reallocations,changes,failures,reallocated_prop,time_compute,time_apply,time_enum,time_search,time_pp
1,0.08152173913043478,1,0,0,0.0,0.07955479621887207,0.6982386112213135,3.743171691894531e-05,0.0002570152282714844,0.07925772666931152
