num_events,utilization,reallocations,changes,failures,reallocated_prop,time_compute,time_apply
1,0.9059782608695652,27,46,0,0.313953488372093,0.014515161514282227,0.5583250522613525
