num_events,utilization,reallocations,changes,failures,reallocated_prop,time_compute,time_apply,time_enum,time_search,time_pp
1,0.6611413043478261,5,4,0,0.5714285714285714,0.01710963249206543,0.8523063659667969,2.956390380859375e-05,4.00543212890625e-05,0.01703810691833496
