num_events,utilization,reallocations,changes,failures,reallocated_prop,time_compute,time_apply,time_enum,time_search,time_pp
1,1.0,21,48,0,0.19444444444444445,0.058072566986083984,0.5707488059997559,0.01466512680053711,0.033783674240112305,0.009621620178222656
