num_events,utilization,reallocations,changes,failures,reallocated_prop,time_compute,time_apply,time_enum,time_search,time_pp
1,0.65,28,53,0,0.417910447761194,0.011300802230834961,0.30198240280151367,0.0005021095275878906,0.0016651153564453125,0.009131669998168945
