num_events,utilization,reallocations,changes,failures,reallocated_prop,time_compute,time_apply,time_enum,time_search,time_pp
1,0.035326086956521736,1,0,0,0.0,0.07534456253051758,0.5063345432281494,3.647804260253906e-05,0.0001277923583984375,0.07517862319946289
