num_events,utilization,reallocations,changes,failures,reallocated_prop,time_compute,time_apply,time_enum,time_search,time_pp
1,1.0,8,13,0,0.25,0.03660392761230469,0.5733077526092529,0.014700174331665039,0.012637138366699219,0.00926518440246582
