num_events,utilization,reallocations,changes,failures,reallocated_prop,time_compute,time_apply,time_enum,time_search,time_pp
1,1.0,5,7,0,0.45454545454545453,0.06754064559936523,0.5921826362609863,0.018335819244384766,0.04010891914367676,0.00909280776977539
