num_events,utilization,reallocations,changes,failures,reallocated_prop,time_compute,time_apply,time_enum,time_search,time_pp
1,0.65,23,56,0,0.32857142857142857,0.03626275062561035,1.1527352333068848,0.0005037784576416016,0.001543283462524414,0.034214019775390625
