num_events,utilization,reallocations,changes,failures,reallocated_prop,time_compute,time_apply,time_enum,time_search,time_pp
1,1.0,41,105,0,0.23163841807909605,0.10801362991333008,0.6356980800628662,0.013530969619750977,0.08500361442565918,0.00947713851928711
