num_events,utilization,reallocations,changes,failures,reallocated_prop,time_compute,time_apply,time_enum,time_search,time_pp
1,0.7635869565217391,55,95,0,0.49107142857142855,0.013164281845092773,0.489513635635376,0.0004942417144775391,0.0033512115478515625,0.009317159652709961
