num_events,utilization,reallocations,changes,failures,reallocated_prop,time_compute,time_apply,time_enum,time_search,time_pp
1,0.7567934782608695,38,63,0,0.2878787878787879,0.013506650924682617,0.4799659252166748,0.0005104541778564453,0.003589153289794922,0.009405374526977539
