num_events,utilization,reallocations,changes,failures,reallocated_prop,time_compute,time_apply,time_enum,time_search,time_pp
1,1.0,5,6,0,0.2777777777777778,0.032448530197143555,0.5880527496337891,0.014559507369995117,0.00843048095703125,0.00945591926574707
