num_events,utilization,reallocations,changes,failures,reallocated_prop,time_compute,time_apply,time_enum,time_search,time_pp
1,1.0,66,147,0,0.14347826086956522,0.15758061408996582,0.6150829792022705,0.015121698379516602,0.13242149353027344,0.010035037994384766
