num_events,utilization,reallocations,changes,failures,reallocated_prop,time_compute,time_apply,time_enum,time_search,time_pp
1,0.7635869565217391,64,114,0,0.38323353293413176,0.014413833618164062,0.492387056350708,0.0004980564117431641,0.004469156265258789,0.009444952011108398
