num_events,utilization,reallocations,changes,failures,reallocated_prop,time_compute,time_apply,time_enum,time_search,time_pp
1,0.65,35,65,0,0.4268292682926829,0.020698070526123047,0.6067624092102051,0.0005316734313964844,0.0020868778228759766,0.018077611923217773
