num_events,utilization,reallocations,changes,failures,reallocated_prop,time_compute,time_apply,time_enum,time_search,time_pp
1,0.6606997282608695,7,6,0,0.35294117647058826,0.06972289085388184,3.449267864227295,8.249282836914062e-05,0.0003123283386230469,0.06932616233825684
