num_events,utilization,reallocations,changes,failures,reallocated_prop,time_compute,time_apply,time_enum,time_search,time_pp
1,0.6608016304347826,10,9,0,0.375,0.07360148429870605,3.5282840728759766,0.00010013580322265625,0.0003743171691894531,0.07312512397766113
