num_events,utilization,reallocations,changes,failures,reallocated_prop,time_compute,time_apply,time_enum,time_search,time_pp
1,0.2467391304347826,1,0,0,0.0,0.01166844367980957,0.1513662338256836,9.441375732421875e-05,0.0015943050384521484,0.009978294372558594
