num_events,utilization,reallocations,changes,failures,reallocated_prop,time_compute,time_apply,time_enum,time_search,time_pp
1,0.65,105,249,0,0.2229299363057325,0.020522594451904297,0.3488314151763916,0.0005064010620117188,0.009851932525634766,0.010162115097045898
