num_events,utilization,reallocations,changes,failures,reallocated_prop,time_compute,time_apply,time_enum,time_search,time_pp
1,0.07282608695652174,1,0,0,0.0,0.07916927337646484,0.16036677360534668,0.01813483238220215,0.051740407943725586,0.009292364120483398
