num_events,utilization,reallocations,changes,failures,reallocated_prop,time_compute,time_apply,time_enum,time_search,time_pp
1,1.0,15,42,0,0.15625,0.05584073066711426,0.5745372772216797,0.01488947868347168,0.03129100799560547,0.009658575057983398
