num_events,utilization,reallocations,changes,failures,reallocated_prop,time_compute,time_apply,time_enum,time_search,time_pp
1,0.6617527173913044,4,7,0,0.4,0.04151582717895508,1.7870807647705078,0.0005495548248291016,0.0008022785186767578,0.040161848068237305
