num_events,utilization,reallocations,changes,failures,reallocated_prop,time_compute,time_apply,time_enum,time_search,time_pp
1,0.7627717391304348,11,10,0,0.37037037037037035,0.009909868240356445,0.4686429500579834,9.846687316894531e-05,0.00044727325439453125,0.009361982345581055
