num_events,utilization,reallocations,changes,failures,reallocated_prop,time_compute,time_apply,time_enum,time_search,time_pp
1,0.08288043478260869,1,0,0,0.0,0.07134270668029785,0.6025662422180176,3.457069396972656e-05,0.0002562999725341797,0.07104873657226562
