num_events,utilization,reallocations,changes,failures,reallocated_prop,time_compute,time_apply,time_enum,time_search,time_pp
1,0.14130434782608695,1,0,0,0.0,0.03450274467468262,0.17972660064697266,0.012841224670410156,0.012172698974609375,0.00948643684387207
