num_events,utilization,reallocations,changes,failures,reallocated_prop,time_compute,time_apply,time_enum,time_search,time_pp
1,0.5760869565217391,1,0,0,0.0,0.06558513641357422,0.3470320701599121,0.013529062271118164,0.04201865196228027,0.010035037994384766
