num_events,utilization,reallocations,changes,failures,reallocated_prop,time_compute,time_apply,time_enum,time_search,time_pp
1,0.08288043478260869,1,0,0,0.0,0.08652734756469727,0.725628137588501,4.029273986816406e-05,0.00025534629821777344,0.08622956275939941
