num_events,utilization,reallocations,changes,failures,reallocated_prop,time_compute,time_apply,time_enum,time_search,time_pp
1,1.0,1,3,0,0.125,0.02968001365661621,0.5726432800292969,0.014921903610229492,0.0054090023040771484,0.009347915649414062
