num_events,utilization,reallocations,changes,failures,reallocated_prop,time_compute,time_apply,time_enum,time_search,time_pp
1,0.3923913043478261,1,0,0,0.0,0.011624574661254883,0.19202470779418945,8.320808410644531e-05,0.002263307571411133,0.009276390075683594
