num_events,utilization,reallocations,changes,failures,reallocated_prop,time_compute,time_apply,time_enum,time_search,time_pp
1,0.65,63,130,0,0.2032258064516129,0.018585205078125,0.37104272842407227,0.0006830692291259766,0.006448507308959961,0.01145172119140625
