num_events,utilization,reallocations,changes,failures,reallocated_prop,time_compute,time_apply,time_enum,time_search,time_pp
1,0.0020380434782608695,1,0,0,0.0,0.07627081871032715,0.5670182704925537,0.00012183189392089844,0.00019025802612304688,0.07595586776733398
