num_events,utilization,reallocations,changes,failures,reallocated_prop,time_compute,time_apply,time_enum,time_search,time_pp
1,0.002989130434782609,1,0,0,0.0,0.07244682312011719,0.5868256092071533,0.00010132789611816406,0.00020575523376464844,0.07213711738586426
