num_events,utilization,reallocations,changes,failures,reallocated_prop,time_compute,time_apply,time_enum,time_search,time_pp
1,1.0,6,12,0,0.20689655172413793,0.03589749336242676,0.570734977722168,0.014907360076904297,0.011461019515991211,0.009527921676635742
