num_events,utilization,reallocations,changes,failures,reallocated_prop,time_compute,time_apply,time_enum,time_search,time_pp
1,0.15047554347826086,1,0,0,0.0,0.0379641056060791,0.6719815731048584,4.029273986816406e-05,2.1457672119140625e-05,0.037900686264038086
