num_events,utilization,reallocations,changes,failures,reallocated_prop,time_compute,time_apply
1,0.9059782608695652,47,103,0,0.34306569343065696,0.015635251998901367,0.5497028827667236
