num_events,utilization,reallocations,changes,failures,reallocated_prop,time_compute,time_apply,time_enum,time_search,time_pp
1,0.65,16,39,0,0.32,0.03680610656738281,1.1759037971496582,0.0005052089691162109,0.0013158321380615234,0.03498339653015137
