num_events,utilization,reallocations,changes,failures,reallocated_prop,time_compute,time_apply,time_enum,time_search,time_pp
1,0.7635869565217391,35,65,0,0.44871794871794873,0.01246500015258789,0.4744679927825928,0.0004994869232177734,0.002716541290283203,0.009247303009033203
