num_events,utilization,reallocations,changes,failures,reallocated_prop,time_compute,time_apply,time_enum,time_search,time_pp
1,0.043478260869565216,1,0,0,0.0,0.009741067886352539,0.08630990982055664,9.584426879882812e-05,0.00032639503479003906,0.009317636489868164
