num_events,utilization,reallocations,changes,failures,reallocated_prop,time_compute,time_apply,time_enum,time_search,time_pp
1,0.10543478260869565,1,0,0,0.0,0.01065373420715332,0.10946917533874512,9.799003601074219e-05,0.0008122920989990234,0.009742021560668945
