num_events,utilization,reallocations,changes,failures,reallocated_prop,time_compute,time_apply,time_enum,time_search,time_pp
1,0.6540081521739131,4,3,0,0.42857142857142855,0.07437515258789062,3.4710912704467773,9.918212890625e-05,0.0002243518829345703,0.07404947280883789
