num_events,utilization,reallocations,changes,failures,reallocated_prop,time_compute,time_apply,time_enum,time_search,time_pp
1,0.65,56,103,0,0.14035087719298245,0.018221139907836914,0.32526516914367676,0.0005054473876953125,0.008126258850097656,0.009587764739990234
