num_events,utilization,reallocations,changes,failures,reallocated_prop,time_compute,time_apply
1,0.7204483695652174,7,8,0,0.5384615384615384,0.03766465187072754,1.9045395851135254
