num_events,utilization,reallocations,changes,failures,reallocated_prop,time_compute,time_apply,time_enum,time_search,time_pp
1,0.31956521739130433,1,0,0,0.0,0.25339698791503906,0.2629740238189697,0.01837754249572754,0.22536635398864746,0.009651422500610352
