num_events,utilization,reallocations,changes,failures,reallocated_prop,time_compute,time_apply
1,0.8206521739130435,18,20,0,0.7727272727272727,0.010066032409667969,0.5280900001525879
