num_events,utilization,reallocations,changes,failures,reallocated_prop,time_compute,time_apply,time_enum,time_search,time_pp
1,0.0,0,0,0,0.0,0.027996540069580078,0.034030914306640625,0.015233755111694336,0.003053903579711914,0.009706497192382812
