num_events,utilization,reallocations,changes,failures,reallocated_prop,time_compute,time_apply,time_enum,time_search,time_pp
1,1.0,23,24,0,0.46,0.15349364280700684,0.6287298202514648,0.018680572509765625,0.12531208992004395,0.009498119354248047
