num_events,utilization,reallocations,changes,failures,reallocated_prop,time_compute,time_apply
1,0.9019021739130435,37,63,0,0.5211267605633803,0.013621330261230469,0.5576701164245605
