num_events,utilization,reallocations,changes,failures,reallocated_prop,time_compute,time_apply,time_enum
1,0.4673913043478261,1,0,0,0.0,0.07144284248352051,0.31940293312072754,0.018228530883789062
