num_events,utilization,reallocations,changes,failures,reallocated_prop,time_compute,time_apply,time_enum,time_search,time_pp
1,1.0,37,111,0,0.09635416666666667,0.13845539093017578,0.6098742485046387,0.014699220657348633,0.1138918399810791,0.009861946105957031
