num_events,utilization,reallocations,changes,failures,reallocated_prop,time_compute,time_apply,time_enum,time_search,time_pp
1,0.4673913043478261,1,0,0,0.0,0.34230947494506836,0.32994651794433594,0.017681360244750977,0.3150975704193115,0.009528398513793945
