num_events,utilization,reallocations,changes,failures,reallocated_prop,time_compute,time_apply,time_enum,time_search,time_pp
1,1.0,3,6,0,0.1875,0.03214097023010254,0.5794086456298828,0.014899969100952148,0.007817745208740234,0.009421348571777344
