num_events,utilization,reallocations,changes,failures,reallocated_prop,time_compute,time_apply,time_enum,time_search,time_pp
1,0.65,137,321,0,0.27565392354124746,0.02017378807067871,0.34012818336486816,0.0004999637603759766,0.009921789169311523,0.009750604629516602
