num_events,utilization,reallocations,changes,failures,reallocated_prop,time_compute,time_apply,time_enum,time_search,time_pp
1,1.0,13,14,0,0.35135135135135137,0.1030111312866211,0.5895979404449463,0.01778125762939453,0.07639360427856445,0.008834362030029297
