num_events,utilization,reallocations,changes,failures,reallocated_prop,time_compute,time_apply,time_enum,time_search,time_pp
1,0.358695652173913,1,0,0,0.0,0.04854774475097656,0.27103209495544434,0.012944698333740234,0.02580094337463379,0.009799718856811523
