num_events,utilization,reallocations,changes,failures,reallocated_prop,time_compute,time_apply,time_enum,time_search,time_pp
1,1.0,12,27,0,0.02891566265060241,0.15036320686340332,0.588416576385498,0.014838457107543945,0.12526869773864746,0.01025390625
