num_events,utilization,reallocations,changes,failures,reallocated_prop,time_compute,time_apply,time_enum
1,0.17391304347826086,1,0,0,0.0,0.010829925537109375,0.15834856033325195,0.0001475811004638672
