num_events,utilization,reallocations,changes,failures,reallocated_prop,time_compute,time_apply,time_enum,time_search,time_pp
1,0.27717391304347827,1,0,0,0.0,0.01108241081237793,0.15860939025878906,9.5367431640625e-05,0.001804351806640625,0.00918126106262207
