num_events,utilization,reallocations,changes,failures,reallocated_prop,time_compute,time_apply,time_enum,time_search,time_pp
1,0.65,2,5,0,0.2857142857142857,0.010250568389892578,0.297945499420166,0.0005333423614501953,0.0003769397735595703,0.009338855743408203
