num_events,utilization,reallocations,changes,failures,reallocated_prop,time_compute,time_apply,time_enum,time_search,time_pp
1,0.65,23,56,0,0.32857142857142857,0.04023909568786621,1.1607613563537598,0.0004916191101074219,0.0017173290252685547,0.03802824020385742
