num_events,utilization,reallocations,changes,failures,reallocated_prop,time_compute,time_apply,time_enum,time_search,time_pp
1,0.7527173913043478,6,15,0,0.375,0.011009931564331055,0.48529887199401855,0.0005071163177490234,0.0012691020965576172,0.0092315673828125
