num_events,utilization,reallocations,changes,failures,reallocated_prop,time_compute,time_apply,time_enum
1,0.22826086956521738,1,0,0,0.0,0.05095648765563965,0.22517871856689453,0.017962217330932617
