num_events,utilization,reallocations,changes,failures,reallocated_prop,time_compute,time_apply
1,0.8932065217391304,23,45,0,0.2948717948717949,0.014221906661987305,0.5372252464294434
