num_events,utilization,reallocations,changes,failures,reallocated_prop,time_compute,time_apply,time_enum,time_search,time_pp
1,0.65,29,55,0,0.42028985507246375,0.02039623260498047,0.6063933372497559,0.0005354881286621094,0.0017790794372558594,0.018079519271850586
