num_events,utilization,reallocations,changes,failures,reallocated_prop,time_compute,time_apply
1,0.7684782608695652,8,11,0,0.4444444444444444,0.010963678359985352,0.4950742721557617
