num_events,utilization,reallocations,changes,failures,reallocated_prop,time_compute,time_apply,time_enum,time_search,time_pp
1,0.65,23,38,0,0.20353982300884957,0.01287388801574707,0.3140597343444824,0.0004990100860595703,0.0025594234466552734,0.009813308715820312
