num_events,utilization,reallocations,changes,failures,reallocated_prop,time_compute,time_apply,time_enum,time_search,time_pp
1,0.007608695652173913,1,0,0,0.0,0.03661489486694336,0.29184460639953613,0.00010013580322265625,0.0002491474151611328,0.03626394271850586
