num_events,utilization,reallocations,changes,failures,reallocated_prop,time_compute,time_apply,time_enum,time_search,time_pp
1,0.042934782608695654,1,0,0,0.0,0.019207000732421875,0.16892170906066895,8.344650268554688e-05,0.0006127357482910156,0.0185091495513916
