num_events,utilization,reallocations,changes,failures,reallocated_prop,time_compute,time_apply,time_enum,time_search,time_pp
1,0.020380434782608696,1,0,0,0.0,0.07280683517456055,0.4694538116455078,3.3855438232421875e-05,7.152557373046875e-05,0.07269906997680664
