num_events,utilization,reallocations,changes,failures,reallocated_prop,time_compute,time_apply,time_enum,time_search,time_pp
1,1.0,30,65,0,0.20408163265306123,0.06855177879333496,0.5721933841705322,0.014698505401611328,0.04421496391296387,0.009636640548706055
