num_events,utilization,reallocations,changes,failures,reallocated_prop,time_compute,time_apply
1,0.8970108695652174,14,14,0,0.43333333333333335,0.010128021240234375,0.5439817905426025
