num_events,utilization,reallocations,changes,failures,reallocated_prop,time_compute,time_apply,time_enum,time_search,time_pp
1,0.1531929347826087,1,0,0,0.0,0.0352320671081543,0.7251546382904053,0.00043129920959472656,0.00023984909057617188,0.03455853462219238
