num_events,utilization,reallocations,changes,failures,reallocated_prop,time_compute,time_apply
1,0.7644021739130434,9,10,0,0.7272727272727273,0.00959920883178711,0.5097544193267822
