num_events,utilization,reallocations,changes,failures,reallocated_prop,time_compute,time_apply,time_enum,time_search,time_pp
1,1.0,97,174,0,0.23950617283950618,0.1388535499572754,0.5883100032806396,0.014988183975219727,0.1138620376586914,0.009999752044677734
