num_events,utilization,reallocations,changes,failures,reallocated_prop,time_compute,time_apply,time_enum,time_search,time_pp
1,0.17608695652173914,1,0,0,0.0,0.15122580528259277,0.20598602294921875,0.01815652847290039,0.12360167503356934,0.00946497917175293
