num_events,utilization,reallocations,changes,failures,reallocated_prop,time_compute,time_apply,time_enum,time_search,time_pp
1,0.7565217391304347,12,24,0,0.5,0.010720968246459961,0.4626789093017578,0.0005180835723876953,0.0013821125030517578,0.008819341659545898
