num_events,utilization,reallocations,changes,failures,reallocated_prop,time_compute,time_apply,time_enum,time_search,time_pp
1,0.65,14,34,0,0.3333333333333333,0.020155668258666992,0.593618631362915,0.0005252361297607422,0.0012290477752685547,0.01839923858642578
