num_events,utilization,reallocations,changes,failures,reallocated_prop,time_compute,time_apply,time_enum,time_search,time_pp
1,0.65,30,40,0,0.18867924528301888,0.013487815856933594,0.3081321716308594,0.0005040168762207031,0.0034332275390625,0.009549140930175781
