num_events,utilization,reallocations,changes,failures,reallocated_prop,time_compute,time_apply,time_enum,time_search,time_pp
1,0.008152173913043478,1,0,0,0.0,0.0387570858001709,0.2915306091308594,9.822845458984375e-05,0.0002510547637939453,0.0384063720703125
