num_events,utilization,reallocations,changes,failures,reallocated_prop,time_compute,time_apply
1,0.8872282608695652,10,9,0,0.2647058823529412,0.009626150131225586,0.532928466796875
