num_events,utilization,reallocations,changes,failures,reallocated_prop,time_compute,time_apply,time_enum,time_search,time_pp
1,0.6837635869565217,9,8,0,0.25806451612903225,0.03661203384399414,1.800619125366211,9.989738464355469e-05,0.00045800209045410156,0.03605151176452637
