num_events,utilization,reallocations,changes,failures,reallocated_prop,time_compute,time_apply
1,0.6638586956521739,6,6,0,0.8333333333333334,0.03467893600463867,1.842217206954956
