num_events,utilization,reallocations,changes,failures,reallocated_prop,time_compute,time_apply,time_enum,time_search,time_pp
1,0.6598845108695652,5,4,0,0.3333333333333333,0.07250404357910156,3.5309064388275146,0.0001010894775390625,0.0002930164337158203,0.07210803031921387
