num_events,utilization,reallocations,changes,failures,reallocated_prop,time_compute,time_apply,time_enum,time_search,time_pp
1,1.0,36,81,0,0.08275862068965517,0.14327144622802734,0.5944709777832031,0.013152837753295898,0.12070083618164062,0.009415149688720703
