num_events,utilization,reallocations,changes,failures,reallocated_prop,time_compute,time_apply,time_enum,time_search,time_pp
1,0.020380434782608696,1,0,0,0.0,0.03688526153564453,0.30835604667663574,0.00010037422180175781,0.000568389892578125,0.03621482849121094
