num_events,utilization,reallocations,changes,failures,reallocated_prop,time_compute,time_apply,time_enum,time_search,time_pp
1,1.0,46,135,0,0.1513157894736842,0.11390113830566406,0.598670244216919,0.014703750610351562,0.0892183780670166,0.009977102279663086
