num_events,utilization,reallocations,changes,failures,reallocated_prop,time_compute,time_apply,time_enum,time_search,time_pp
1,0.4826086956521739,1,0,0,0.0,0.3431847095489502,0.33602166175842285,0.018281221389770508,0.3144383430480957,0.01046299934387207
