num_events,utilization,reallocations,changes,failures,reallocated_prop,time_compute,time_apply,time_enum,time_search,time_pp
1,0.3782608695652174,1,0,0,0.0,0.012471914291381836,0.1946709156036377,0.00010204315185546875,0.0024051666259765625,0.009962797164916992
