num_events,utilization,reallocations,changes,failures,reallocated_prop,time_compute,time_apply,time_enum,time_search,time_pp
1,0.41304347826086957,1,0,0,0.0,0.05171966552734375,0.28847670555114746,0.012806892395019531,0.028973817825317383,0.00993657112121582
