num_events,utilization,reallocations,changes,failures,reallocated_prop,time_compute,time_apply,time_enum,time_search,time_pp
1,0.65,60,111,0,0.2912621359223301,0.014517784118652344,0.3242671489715576,0.000499725341796875,0.0043926239013671875,0.00962376594543457
