num_events,utilization,reallocations,changes,failures,reallocated_prop,time_compute,time_apply,time_enum,time_search,time_pp
1,0.03641304347826087,1,0,0,0.0,0.021250486373901367,0.1827540397644043,8.749961853027344e-05,0.00045680999755859375,0.020703792572021484
