num_events,utilization,reallocations,changes,failures,reallocated_prop,time_compute,time_apply,time_enum,time_search,time_pp
1,0.0,0,0,0,0.0,0.0182497501373291,0.06267333030700684,0.0004165172576904297,0.00016260147094726562,0.017668485641479492
