num_events,utilization,reallocations,changes,failures,reallocated_prop,time_compute,time_apply,time_enum,time_search,time_pp
1,0.65,68,148,0,0.2677165354330709,0.01569843292236328,0.3308982849121094,0.0005021095275878906,0.0055027008056640625,0.009691715240478516
