num_events,utilization,reallocations,changes,failures,reallocated_prop,time_compute,time_apply,time_enum,time_search,time_pp
1,0.013043478260869565,1,0,0,0.0,0.010678768157958984,0.08472228050231934,0.0001068115234375,0.00013399124145507812,0.010436058044433594
