num_events,utilization,reallocations,changes,failures,reallocated_prop,time_compute,time_apply,time_enum,time_search,time_pp
1,1.0,13,27,0,0.20967741935483872,0.0449070930480957,0.5694506168365479,0.014912843704223633,0.020640850067138672,0.009351730346679688
