num_events,utilization,reallocations,changes,failures,reallocated_prop,time_compute,time_apply,time_enum,time_search,time_pp
1,0.05543478260869565,1,0,0,0.0,0.010282754898071289,0.08825898170471191,0.00017142295837402344,0.0004832744598388672,0.009625911712646484
