num_events,utilization,reallocations,changes,failures,reallocated_prop,time_compute,time_apply,time_enum,time_search,time_pp
1,1.0,52,90,0,0.25365853658536586,0.08762097358703613,0.5794553756713867,0.014833450317382812,0.06306886672973633,0.00971674919128418
