num_events,utilization,reallocations,changes,failures,reallocated_prop,time_compute,time_apply,time_enum,time_search,time_pp
1,0.65,37,70,0,0.4157303370786517,0.03683614730834961,1.1620736122131348,0.0005097389221191406,0.002050161361694336,0.03427410125732422
