num_events,utilization,reallocations,changes,failures,reallocated_prop,time_compute,time_apply,time_enum,time_search,time_pp
1,0.13152173913043477,1,0,0,0.0,0.1173851490020752,0.1802387237548828,0.01750349998474121,0.09091758728027344,0.008962392807006836
