num_events,utilization,reallocations,changes,failures,reallocated_prop,time_compute,time_apply,time_enum,time_search,time_pp
1,1.0,21,45,0,0.20588235294117646,0.05809187889099121,0.5496454238891602,0.015642881393432617,0.032767534255981445,0.00967860221862793
