num_events,utilization,reallocations,changes,failures,reallocated_prop,time_compute,time_apply,time_enum,time_search,time_pp
1,0.391304347826087,1,0,0,0.0,0.3011963367462158,0.30292391777038574,0.021506547927856445,0.2698326110839844,0.009854316711425781
