num_events,utilization,reallocations,changes,failures,reallocated_prop,time_compute,time_apply,time_enum,time_search,time_pp
1,0.65,154,291,0,0.3155737704918033,0.020616531372070312,0.35357046127319336,0.0005002021789550781,0.010214567184448242,0.009899616241455078
