num_events,utilization,reallocations,changes,failures,reallocated_prop,time_compute,time_apply,time_enum,time_search,time_pp
1,0.07608695652173914,1,0,0,0.0,0.010285615921020508,0.08315086364746094,3.62396240234375e-05,4.315376281738281e-05,0.010203838348388672
