num_events,utilization,reallocations,changes,failures,reallocated_prop,time_compute,time_apply,time_enum,time_search,time_pp
1,1.0,81,183,0,0.19852941176470587,0.1429760456085205,0.6063110828399658,0.01463770866394043,0.11835670471191406,0.009979486465454102
