num_events,utilization,reallocations,changes,failures,reallocated_prop,time_compute,time_apply,time_enum,time_search,time_pp
1,0.65,41,65,0,0.211340206185567,0.014338254928588867,0.31771397590637207,0.0005044937133789062,0.0042040348052978516,0.009627819061279297
