num_events,utilization,reallocations,changes,failures,reallocated_prop,time_compute,time_apply,time_enum,time_search,time_pp
1,1.0,36,66,0,0.24161073825503357,0.0696401596069336,0.5821681022644043,0.014844894409179688,0.045217275619506836,0.009576082229614258
