num_events,utilization,reallocations,changes,failures,reallocated_prop,time_compute,time_apply,time_enum,time_search,time_pp
1,1.0,10,27,0,0.15625,0.04558753967285156,0.577899694442749,0.01480865478515625,0.02133941650390625,0.009437799453735352
