num_events,utilization,reallocations,changes,failures,reallocated_prop,time_compute,time_apply,time_enum,time_search,time_pp
1,0.005163043478260869,1,0,0,0.0,0.07401418685913086,0.597771406173706,9.822845458984375e-05,0.00031948089599609375,0.07359433174133301
