num_events,utilization,reallocations,changes,failures,reallocated_prop,time_compute,time_apply,time_enum,time_search,time_pp
1,0.6816576086956522,6,12,0,0.375,0.019057750701904297,0.8675878047943115,0.0005049705505371094,0.0010085105895996094,0.017542123794555664
