num_events,utilization,reallocations,changes,failures,reallocated_prop,time_compute,time_apply,time_enum,time_search,time_pp
1,0.65,81,183,0,0.18080357142857142,0.019833803176879883,0.34023571014404297,0.0005042552947998047,0.009243249893188477,0.010083913803100586
