num_events,utilization,reallocations,changes,failures,reallocated_prop,time_compute,time_apply,time_enum,time_search,time_pp
1,0.08260869565217391,1,0,0,0.0,0.08484458923339844,0.1653881072998047,0.018065452575683594,0.057176828384399414,0.009599685668945312
