num_events,utilization,reallocations,changes,failures,reallocated_prop,time_compute,time_apply,time_enum,time_search,time_pp
1,0.6809782608695653,9,9,0,0.47058823529411764,0.01760244369506836,0.867459774017334,3.0279159545898438e-05,8.320808410644531e-05,0.017486572265625
