num_events,utilization,reallocations,changes,failures,reallocated_prop,time_compute,time_apply
1,0.7671195652173913,11,11,0,0.7692307692307693,0.009502410888671875,0.49512386322021484
