num_events,utilization,reallocations,changes,failures,reallocated_prop,time_compute,time_apply,time_enum,time_search,time_pp
1,0.26521739130434785,1,0,0,0.0,0.20523929595947266,0.24699020385742188,0.017652034759521484,0.1782064437866211,0.009378433227539062
