num_events,utilization,reallocations,changes,failures,reallocated_prop,time_compute,time_apply,time_enum,time_search,time_pp
1,0.4108695652173913,1,0,0,0.0,0.3054776191711426,0.3112761974334717,0.018323659896850586,0.2773263454437256,0.009824991226196289
