num_events,utilization,reallocations,changes,failures,reallocated_prop,time_compute,time_apply,time_enum,time_search,time_pp
1,0.058695652173913045,1,0,0,0.0,0.06984782218933105,0.1555781364440918,0.0183103084564209,0.04219388961791992,0.009341001510620117
