num_events,utilization,reallocations,changes,failures,reallocated_prop,time_compute,time_apply,time_enum,time_search,time_pp
1,0.17608695652173914,1,0,0,0.0,0.14882254600524902,0.20005059242248535,0.01915740966796875,0.1205899715423584,0.00907278060913086
