num_events,utilization,reallocations,changes,failures,reallocated_prop,time_compute,time_apply,time_enum,time_search,time_pp
1,0.010733695652173914,1,0,0,0.0,0.07628011703491211,0.6046569347381592,9.942054748535156e-05,0.0006427764892578125,0.07553505897521973
