num_events,utilization,reallocations,changes,failures,reallocated_prop,time_compute,time_apply,time_enum,time_search,time_pp
1,0.6588315217391304,4,3,0,0.375,0.0359339714050293,1.7756812572479248,0.00010037422180175781,0.0001628398895263672,0.03566884994506836
