num_events,utilization,reallocations,changes,failures,reallocated_prop,time_compute,time_apply,time_enum,time_search,time_pp
1,0.06793478260869565,1,0,0,0.0,0.07142496109008789,0.5584628582000732,2.956390380859375e-05,0.00018358230590820312,0.07120990753173828
