num_events,utilization,reallocations,changes,failures,reallocated_prop,time_compute,time_apply,time_enum,time_search,time_pp
1,0.21304347826086956,1,0,0,0.0,0.1806483268737793,0.2293703556060791,0.01821303367614746,0.15259146690368652,0.009841680526733398
