num_events,utilization,reallocations,changes,failures,reallocated_prop,time_compute,time_apply
1,0.741304347826087,4,5,0,0.4444444444444444,0.011319398880004883,0.5194454193115234
