num_events,utilization,reallocations,changes,failures,reallocated_prop,time_compute,time_apply,time_enum,time_search,time_pp
1,0.2,1,0,0,0.0,0.01103520393371582,0.13790583610534668,0.00010013580322265625,0.0013885498046875,0.009545326232910156
