num_events,utilization,reallocations,changes,failures,reallocated_prop,time_compute,time_apply,time_enum,time_search,time_pp
1,0.65,14,34,0,0.3333333333333333,0.010840654373168945,0.2972981929779053,0.0004968643188476562,0.0011858940124511719,0.009156465530395508
