num_events,utilization,reallocations,changes,failures,reallocated_prop,time_compute,time_apply,time_enum,time_search,time_pp
1,1.0,17,36,0,0.2073170731707317,0.05066490173339844,0.5649943351745605,0.014698505401611328,0.026493072509765625,0.009472131729125977
