num_events,utilization,reallocations,changes,failures,reallocated_prop,time_compute,time_apply
1,0.9051630434782608,30,30,0,0.5918367346938775,0.00988006591796875,0.5904836654663086
