num_events,utilization,reallocations,changes,failures,reallocated_prop,time_compute,time_apply
1,0.7711956521739131,12,13,0,0.7857142857142857,0.010039806365966797,0.5315182209014893
