num_events,utilization,reallocations,changes,failures,reallocated_prop,time_compute,time_apply,time_enum,time_search,time_pp
1,0.65,32,60,0,0.4266666666666667,0.07869839668273926,2.408374071121216,0.0005350112915039062,0.0020265579223632812,0.07613396644592285
