num_events,utilization,reallocations,changes,failures,reallocated_prop,time_compute,time_apply,time_enum,time_search,time_pp
1,1.0,43,61,0,0.30935251798561153,0.06664800643920898,0.581078290939331,0.014551401138305664,0.042366981506347656,0.009728193283081055
