num_events,utilization,reallocations,changes,failures,reallocated_prop,time_compute,time_apply,time_enum,time_search,time_pp
1,0.65,95,181,0,0.2224824355971897,0.0195310115814209,0.33905720710754395,0.0005085468292236328,0.008951902389526367,0.010068655014038086
