num_events,utilization,reallocations,changes,failures,reallocated_prop,time_compute,time_apply,time_enum,time_search,time_pp
1,0.55,2,2,0,0.2,0.010612249374389648,0.27659130096435547,0.000560760498046875,0.00036025047302246094,0.009689807891845703
