num_events,utilization,reallocations,changes,failures,reallocated_prop,time_compute,time_apply,time_enum,time_search,time_pp
1,0.02717391304347826,1,0,0,0.0,0.01861572265625,0.1214897632598877,3.361701965332031e-05,3.314018249511719e-05,0.01854705810546875
