num_events,utilization,reallocations,changes,failures,reallocated_prop,time_compute,time_apply
1,0.7885869565217392,15,17,0,0.7368421052631579,0.009685277938842773,0.5033202171325684
