num_events,utilization,reallocations,changes,failures,reallocated_prop,time_compute,time_apply,time_enum,time_search,time_pp
1,1.0,5,12,0,0.17857142857142858,0.035849571228027344,0.5737597942352295,0.014710664749145508,0.01139378547668457,0.009743213653564453
