num_events,utilization,reallocations,changes,failures,reallocated_prop,time_compute,time_apply
1,0.9059782608695652,28,50,0,0.4745762711864407,0.013733863830566406,0.5566794872283936
