num_events,utilization,reallocations,changes,failures,reallocated_prop,time_compute,time_apply,time_enum,time_search,time_pp
1,1.0,33,59,0,0.21710526315789475,0.06986880302429199,0.5689477920532227,0.014828681945800781,0.045293569564819336,0.009744405746459961
