num_events,utilization,reallocations,changes,failures,reallocated_prop,time_compute,time_apply,time_enum,time_search,time_pp
1,1.0,7,10,0,0.5833333333333334,0.03902769088745117,0.5988235473632812,0.012694358825683594,0.017110347747802734,0.009219884872436523
