num_events,utilization,reallocations,changes,failures,reallocated_prop,time_compute,time_apply,time_enum,time_search,time_pp
1,0.7633152173913044,30,43,0,0.2459016393442623,0.013507366180419922,0.47571754455566406,0.0004994869232177734,0.0036220550537109375,0.009384393692016602
