num_events,utilization,reallocations,changes,failures,reallocated_prop,time_compute,time_apply,time_enum,time_search,time_pp
1,0.7633152173913044,28,59,0,0.4117647058823529,0.011899232864379883,0.4662179946899414,0.0005018711090087891,0.0023648738861083984,0.009030580520629883
