num_events,utilization,reallocations,changes,failures,reallocated_prop,time_compute,time_apply,time_enum,time_search,time_pp
1,0.358695652173913,1,0,0,0.0,0.2738819122314453,0.28826165199279785,0.01828479766845703,0.24573206901550293,0.009861946105957031
