num_events,utilization,reallocations,changes,failures,reallocated_prop,time_compute,time_apply,time_enum,time_search,time_pp
1,0.0008152173913043478,1,0,0,0.0,0.046395063400268555,0.3577456474304199,0.00010895729064941406,6.628036499023438e-05,0.04621767997741699
