num_events,utilization,reallocations,changes,failures,reallocated_prop,time_compute,time_apply,time_enum,time_search,time_pp
1,0.65,139,327,0,0.2785571142284569,0.02106332778930664,0.35691356658935547,0.0004968643188476562,0.010474920272827148,0.010088920593261719
