num_events,utilization,reallocations,changes,failures,reallocated_prop,time_compute,time_apply
1,0.7190557065217391,16,16,0,0.6818181818181818,0.07268047332763672,3.93217396736145
