num_events,utilization,reallocations,changes,failures,reallocated_prop,time_compute,time_apply,time_enum,time_search,time_pp
1,0.21739130434782608,1,0,0,0.0,0.03874063491821289,0.20648598670959473,0.012910842895507812,0.016489028930664062,0.009338140487670898
