num_events,utilization,reallocations,changes,failures,reallocated_prop,time_compute,time_apply,time_enum,time_search,time_pp
1,1.0,22,52,0,0.3728813559322034,0.0909581184387207,0.6413669586181641,0.01433253288269043,0.06724143028259277,0.00938105583190918
