num_events,utilization,reallocations,changes,failures,reallocated_prop,time_compute,time_apply,time_enum,time_search,time_pp
1,0.014945652173913044,1,0,0,0.0,0.03696417808532715,0.3015403747558594,9.679794311523438e-05,0.0004279613494873047,0.036437273025512695
