num_events,utilization,reallocations,changes,failures,reallocated_prop,time_compute,time_apply,time_enum,time_search,time_pp
1,0.6869565217391305,2,5,0,0.2857142857142857,0.010607481002807617,0.47329020500183105,0.0005774497985839844,0.0006005764007568359,0.009427785873413086
