num_events,utilization,reallocations,changes,failures,reallocated_prop,time_compute,time_apply
1,0.9059782608695652,36,81,0,0.41379310344827586,0.01505279541015625,0.5810737609863281
