num_events,utilization,reallocations,changes,failures,reallocated_prop,time_compute,time_apply,time_enum,time_search,time_pp
1,0.45,1,0,0,0.0,0.32818078994750977,0.3352060317993164,0.01702570915222168,0.3008999824523926,0.010253190994262695
