num_events,utilization,reallocations,changes,failures,reallocated_prop,time_compute,time_apply,time_enum,time_search,time_pp
1,0.7247282608695652,5,4,0,0.4444444444444444,0.010469436645507812,0.5145118236541748,3.719329833984375e-05,0.00010418891906738281,0.010326147079467773
