num_events,utilization,reallocations,changes,failures,reallocated_prop,time_compute,time_apply,time_enum,time_search,time_pp
1,1.0,27,65,0,0.32142857142857145,0.09963154792785645,0.6277604103088379,0.0131378173828125,0.07742738723754883,0.009063243865966797
