num_events,utilization,reallocations,changes,failures,reallocated_prop,time_compute,time_apply,time_enum,time_search,time_pp
1,1.0,52,124,0,0.37142857142857144,0.10575222969055176,0.6512389183044434,0.014657020568847656,0.08106160163879395,0.010031461715698242
