num_events,utilization,reallocations,changes,failures,reallocated_prop,time_compute,time_apply,time_enum,time_search,time_pp
1,0.0019021739130434783,1,0,0,0.0,0.07386088371276855,0.5919632911682129,9.822845458984375e-05,0.00014662742614746094,0.07361412048339844
