num_events,utilization,reallocations,changes,failures,reallocated_prop,time_compute,time_apply,time_enum,time_search,time_pp
1,0.2,1,0,0,0.0,0.16901278495788574,0.21856141090393066,0.018489837646484375,0.1409912109375,0.009529590606689453
