num_events,utilization,reallocations,changes,failures,reallocated_prop,time_compute,time_apply,time_enum,time_search,time_pp
1,0.3293478260869565,1,0,0,0.0,0.26782822608947754,0.27614831924438477,0.019560813903808594,0.2384943962097168,0.00977015495300293
