num_events,utilization,reallocations,changes,failures,reallocated_prop,time_compute,time_apply,time_enum,time_search,time_pp
1,0.65,17,41,0,0.3333333333333333,0.011425495147705078,0.3125803470611572,0.0004999637603759766,0.001336812973022461,0.009586811065673828
