num_events,utilization,reallocations,changes,failures,reallocated_prop,time_compute,time_apply
1,0.8372282608695653,14,15,0,0.7647058823529411,0.009653091430664062,0.5121479034423828
