num_events,utilization,reallocations,changes,failures,reallocated_prop,time_compute,time_apply,time_enum,time_search,time_pp
1,0.32608695652173914,1,0,0,0.0,0.046082258224487305,0.2496318817138672,0.012974262237548828,0.023557186126708984,0.009549140930175781
