num_events,utilization,reallocations,changes,failures,reallocated_prop,time_compute,time_apply
1,0.8972826086956521,25,49,0,0.29411764705882354,0.01385807991027832,0.5391483306884766
