num_events,utilization,reallocations,changes,failures,reallocated_prop,time_compute,time_apply,time_enum,time_search,time_pp
1,0.17391304347826086,1,0,0,0.0,0.03752756118774414,0.41638827323913574,3.504753112792969e-05,0.0002677440643310547,0.03722214698791504
