num_events,utilization,reallocations,changes,failures,reallocated_prop,time_compute,time_apply,time_enum,time_search,time_pp
1,0.5141304347826087,1,0,0,0.0,0.3977375030517578,0.35701966285705566,0.018491744995117188,0.3690531253814697,0.01018977165222168
