num_events,utilization,reallocations,changes,failures,reallocated_prop,time_compute,time_apply,time_enum,time_search,time_pp
1,0.06793478260869565,1,0,0,0.0,0.0366971492767334,0.28940510749816895,3.361701965332031e-05,0.00013065338134765625,0.03653097152709961
