num_events,utilization,reallocations,changes,failures,reallocated_prop,time_compute,time_apply
1,0.8065217391304348,4,3,0,0.2727272727272727,0.009715795516967773,0.5294241905212402
