num_events,utilization,reallocations,changes,failures,reallocated_prop,time_compute,time_apply,time_enum,time_search,time_pp
1,1.0,81,139,0,0.2066326530612245,0.13529038429260254,0.5887680053710938,0.014844655990600586,0.11044955253601074,0.009993791580200195
