num_events,utilization,reallocations,changes,failures,reallocated_prop,time_compute,time_apply,time_enum,time_search,time_pp
1,1.0,44,99,0,0.09954751131221719,0.152083158493042,0.5918493270874023,0.014794349670410156,0.12741518020629883,0.009871244430541992
