num_events,utilization,reallocations,changes,failures,reallocated_prop,time_compute,time_apply,time_enum,time_search,time_pp
1,0.24021739130434783,1,0,0,0.0,0.011142492294311523,0.1539783477783203,8.058547973632812e-05,0.0014879703521728516,0.009572505950927734
