num_events,utilization,reallocations,changes,failures,reallocated_prop,time_compute,time_apply,time_enum,time_search,time_pp
1,1.0,53,156,0,0.150997150997151,0.13068628311157227,0.6116113662719727,0.015207290649414062,0.10509729385375977,0.010379791259765625
