num_events,utilization,reallocations,changes,failures,reallocated_prop,time_compute,time_apply,time_enum,time_search,time_pp
1,0.3532608695652174,1,0,0,0.0,0.012273788452148438,0.18714046478271484,0.00010180473327636719,0.002325296401977539,0.009845256805419922
