num_events,utilization,reallocations,changes,failures,reallocated_prop,time_compute,time_apply,time_enum,time_search,time_pp
1,0.691508152173913,15,29,0,0.42857142857142855,0.039093732833862305,1.8352916240692139,0.0005269050598144531,0.0019288063049316406,0.0366363525390625
