num_events,utilization,reallocations,changes,failures,reallocated_prop,time_compute,time_apply,time_enum,time_search,time_pp
1,1.0,31,90,0,0.15196078431372548,0.08580136299133301,0.5759785175323486,0.014756917953491211,0.061490535736083984,0.009552001953125
