num_events,utilization,reallocations,changes,failures,reallocated_prop,time_compute,time_apply,time_enum,time_search,time_pp
1,0.006521739130434782,1,0,0,0.0,0.03672528266906738,0.3480715751647949,0.00010657310485839844,9.202957153320312e-05,0.03652477264404297
