num_events,utilization,reallocations,changes,failures,reallocated_prop,time_compute,time_apply
1,0.8709239130434783,11,18,0,0.5238095238095238,0.012732505798339844,0.5576107501983643
