num_events,utilization,reallocations,changes,failures,reallocated_prop,time_compute,time_apply,time_enum,time_search,time_pp
1,1.0,6,12,0,0.20689655172413793,0.03724789619445801,0.5680789947509766,0.015411853790283203,0.011992216110229492,0.009843111038208008
