num_events,utilization,reallocations,changes,failures,reallocated_prop,time_compute,time_apply,time_enum,time_search,time_pp
1,1.0,26,42,0,0.3880597014925373,0.08838367462158203,0.6007513999938965,0.013215780258178711,0.06618356704711914,0.008982419967651367
