num_events,utilization,reallocations,changes,failures,reallocated_prop,time_compute,time_apply
1,0.7345108695652174,8,8,0,0.7777777777777778,0.008919239044189453,0.46224093437194824
