num_events,utilization,reallocations,changes,failures,reallocated_prop,time_compute,time_apply,time_enum,time_search,time_pp
1,0.02717391304347826,1,0,0,0.0,0.03664803504943848,0.23499608039855957,3.504753112792969e-05,5.602836608886719e-05,0.03655433654785156
