num_events,utilization,reallocations,changes,failures,reallocated_prop,time_compute,time_apply,time_enum,time_search,time_pp
1,0.16304347826086957,1,0,0,0.0,0.0396268367767334,0.2002391815185547,0.014721870422363281,0.014973878860473633,0.009927988052368164
