num_events,utilization,reallocations,changes,failures,reallocated_prop,time_compute,time_apply,time_enum,time_search,time_pp
1,0.25,1,0,0,0.0,0.04154634475708008,0.22156429290771484,0.013121843338012695,0.018992900848388672,0.009429216384887695
