num_events,utilization,reallocations,changes,failures,reallocated_prop,time_compute,time_apply,time_enum,time_search,time_pp
1,1.0,38,70,0,0.1630901287553648,0.09383201599121094,0.5869638919830322,0.014769315719604492,0.06927061080932617,0.009788990020751953
