num_events,utilization,reallocations,changes,failures,reallocated_prop,time_compute,time_apply,time_enum,time_search,time_pp
1,0.65,40,66,0,0.27586206896551724,0.013075113296508789,0.31775355339050293,0.0004990100860595703,0.0031845569610595703,0.009389638900756836
