num_events,utilization,reallocations,changes,failures,reallocated_prop,time_compute,time_apply,time_enum,time_search,time_pp
1,0.65,118,285,0,0.2443064182194617,0.020752429962158203,0.35329580307006836,0.0005009174346923828,0.010134696960449219,0.010114192962646484
