num_events,utilization,reallocations,changes,failures,reallocated_prop,time_compute,time_apply
1,0.8972826086956521,41,69,0,0.3445378151260504,0.015520811080932617,0.5561304092407227
