num_events,utilization,reallocations,changes,failures,reallocated_prop,time_compute,time_apply,time_enum,time_search,time_pp
1,0.09021739130434783,1,0,0,0.0,0.010394811630249023,0.10300517082214355,0.00010395050048828125,0.0006697177886962891,0.009619712829589844
