num_events,utilization,reallocations,changes,failures,reallocated_prop,time_compute,time_apply
1,0.9146739130434782,39,88,0,0.2932330827067669,0.01497793197631836,0.561751127243042
