num_events,utilization,reallocations,changes,failures,reallocated_prop,time_compute,time_apply,time_enum,time_search,time_pp
1,0.32608695652173914,1,0,0,0.0,0.04818367958068848,0.2485055923461914,0.015203475952148438,0.02344036102294922,0.0095367431640625
