num_events,utilization,reallocations,changes,failures,reallocated_prop,time_compute,time_apply,time_enum
1,0.3804347826086957,1,0,0,0.0,0.010384559631347656,0.22934865951538086,0.00013685226440429688
