num_events,utilization,reallocations,changes,failures,reallocated_prop,time_compute,time_apply,time_enum,time_search,time_pp
1,0.2141304347826087,1,0,0,0.0,0.010390996932983398,0.13768219947814941,8.153915405273438e-05,0.0012619495391845703,0.009045600891113281
