num_events,utilization,reallocations,changes,failures,reallocated_prop,time_compute,time_apply,time_enum,time_search,time_pp
1,0.11630434782608695,1,0,0,0.0,0.010203361511230469,0.10893726348876953,9.512901306152344e-05,0.000823974609375,0.009283065795898438
