num_events,utilization,reallocations,changes,failures,reallocated_prop,time_compute,time_apply
1,0.8972826086956521,14,19,0,0.4117647058823529,0.013756513595581055,0.5472278594970703
