num_events,utilization,reallocations,changes,failures,reallocated_prop,time_compute,time_apply
1,0.9016304347826087,35,82,0,0.4268292682926829,0.013985157012939453,0.5505228042602539
