num_events,utilization,reallocations,changes,failures,reallocated_prop,time_compute,time_apply,time_enum,time_search,time_pp
1,0.65,4,7,0,0.4,0.011094808578491211,0.3198106288909912,0.0005652904510498047,0.000492095947265625,0.010035276412963867
