num_events,utilization,reallocations,changes,failures,reallocated_prop,time_compute,time_apply,time_enum,time_search,time_pp
1,0.014130434782608696,1,0,0,0.0,0.010569572448730469,0.08374953269958496,0.00010204315185546875,0.0001399517059326172,0.01032567024230957
