num_events,utilization,reallocations,changes,failures,reallocated_prop,time_compute,time_apply
1,0.9059782608695652,34,58,0,0.2595419847328244,0.016478538513183594,0.5597267150878906
