num_events,utilization,reallocations,changes,failures,reallocated_prop,time_compute,time_apply,time_enum,time_search,time_pp
1,0.40217391304347827,1,0,0,0.0,0.30457067489624023,0.31265854835510254,0.01820659637451172,0.27651214599609375,0.009849309921264648
