num_events,utilization,reallocations,changes,failures,reallocated_prop,time_compute,time_apply,time_enum,time_search,time_pp
1,1.0,37,63,0,0.25517241379310346,0.06837177276611328,0.5806171894073486,0.014754056930541992,0.043976545333862305,0.009638786315917969
