num_events,utilization,reallocations,changes,failures,reallocated_prop,time_compute,time_apply,time_enum,time_search,time_pp
1,1.0,16,48,0,0.06956521739130435,0.09280109405517578,0.5947170257568359,0.014548540115356445,0.06871867179870605,0.009531259536743164
