num_events,utilization,reallocations,changes,failures,reallocated_prop,time_compute,time_apply,time_enum,time_search,time_pp
1,0.04755434782608696,1,0,0,0.0,0.0728294849395752,0.5344333648681641,3.409385681152344e-05,0.00014925003051757812,0.07264423370361328
