num_events,utilization,reallocations,changes,failures,reallocated_prop,time_compute,time_apply,time_enum,time_search,time_pp
1,1.0,23,48,0,0.30666666666666664,0.10184907913208008,0.6209211349487305,0.013082265853881836,0.07853102684020996,0.010233640670776367
