num_events,utilization,reallocations,changes,failures,reallocated_prop,time_compute,time_apply
1,0.7926630434782609,6,10,0,0.35294117647058826,0.012396097183227539,0.5410232543945312
