num_events,utilization,reallocations,changes,failures,reallocated_prop,time_compute,time_apply,time_enum,time_search,time_pp
1,0.7076086956521739,4,7,0,0.3076923076923077,0.011344432830810547,0.47089409828186035,0.0006053447723388672,0.0009558200836181641,0.009781599044799805
