num_events,utilization,reallocations,changes,failures,reallocated_prop,time_compute,time_apply,time_enum,time_search,time_pp
1,0.23369565217391305,1,0,0,0.0,0.19159460067749023,0.23201489448547363,0.018486499786376953,0.16358184814453125,0.009524345397949219
