num_events,utilization,reallocations,changes,failures,reallocated_prop,time_compute,time_apply,time_enum,time_search,time_pp
1,1.0,101,183,0,0.2135306553911205,0.1613631248474121,0.6235580444335938,0.014665365219116211,0.13645148277282715,0.010243415832519531
