num_events,utilization,reallocations,changes,failures,reallocated_prop,time_compute,time_apply,time_enum,time_search,time_pp
1,0.0002717391304347826,1,0,0,0.0,0.07160496711730957,0.5702419281005859,0.00010061264038085938,5.984306335449219e-05,0.0714418888092041
