num_events,utilization,reallocations,changes,failures,reallocated_prop,time_compute,time_apply,time_enum,time_search,time_pp
1,0.65,91,213,0,0.3333333333333333,0.01587653160095215,0.33925867080688477,0.0005078315734863281,0.005697011947631836,0.009669065475463867
