num_events,utilization,reallocations,changes,failures,reallocated_prop,time_compute,time_apply,time_enum,time_search,time_pp
1,0.01847826086956522,1,0,0,0.0,0.009876012802124023,0.07718563079833984,0.000102996826171875,0.00017881393432617188,0.009592771530151367
