num_events,utilization,reallocations,changes,failures,reallocated_prop,time_compute,time_apply
1,0.7353940217391305,10,12,0,0.3103448275862069,0.03766202926635742,2.008620500564575
