num_events,utilization,reallocations,changes,failures,reallocated_prop,time_compute,time_apply
1,0.8972826086956521,67,128,0,0.44966442953020136,0.01589035987854004,0.5454275608062744
