num_events,utilization,reallocations,changes,failures,reallocated_prop,time_compute,time_apply,time_enum,time_search,time_pp
1,0.036684782608695655,1,0,0,0.0,0.0720665454864502,0.5033576488494873,2.9087066650390625e-05,0.0001125335693359375,0.07192325592041016
