num_events,utilization,reallocations,changes,failures,reallocated_prop,time_compute,time_apply,time_enum,time_search,time_pp
1,0.65,8,14,0,0.42105263157894735,0.01903510093688965,0.594139814376831,0.0005278587341308594,0.0006823539733886719,0.017823457717895508
