num_events,utilization,reallocations,changes,failures,reallocated_prop,time_compute,time_apply,time_enum,time_search,time_pp
1,0.010054347826086956,1,0,0,0.0,0.07484650611877441,0.6091005802154541,9.655952453613281e-05,0.0005605220794677734,0.0741875171661377
