num_events,utilization,reallocations,changes,failures,reallocated_prop,time_compute,time_apply,time_enum,time_search,time_pp
1,0.04891304347826087,1,0,0,0.0,0.02149510383605957,0.19118475914001465,8.654594421386719e-05,0.0006394386291503906,0.0207672119140625
