num_events,utilization,reallocations,changes,failures,reallocated_prop,time_compute,time_apply,time_enum,time_search,time_pp
1,0.65,144,273,0,0.2993762993762994,0.02049851417541504,0.35035228729248047,0.0005030632019042969,0.009939193725585938,0.010053873062133789
