num_events,utilization,reallocations,changes,failures,reallocated_prop,time_compute,time_apply
1,0.9057065217391305,25,57,0,0.3968253968253968,0.014105081558227539,0.5849051475524902
