num_events,utilization,reallocations,changes,failures,reallocated_prop,time_compute,time_apply,time_enum,time_search,time_pp
1,0.38804347826086955,1,0,0,0.0,0.29554057121276855,0.2909684181213379,0.018033742904663086,0.26810503005981445,0.009399652481079102
