num_events,utilization,reallocations,changes,failures,reallocated_prop,time_compute,time_apply
1,0.9059782608695652,28,51,0,0.5714285714285714,0.013372182846069336,0.5843307971954346
