num_events,utilization,reallocations,changes,failures,reallocated_prop,time_compute,time_apply,time_enum,time_search,time_pp
1,0.65,87,201,0,0.1912087912087912,0.01996469497680664,0.3462517261505127,0.0005102157592773438,0.009526491165161133,0.00992584228515625
