num_events,utilization,reallocations,changes,failures,reallocated_prop,time_compute,time_apply,time_enum,time_search,time_pp
1,1.0,12,27,0,0.19672131147540983,0.04475545883178711,0.5697667598724365,0.014683723449707031,0.020333051681518555,0.009736299514770508
