num_events,utilization,reallocations,changes,failures,reallocated_prop,time_compute,time_apply,time_enum,time_search,time_pp
1,0.041304347826086954,1,0,0,0.0,0.010441064834594727,0.08851361274719238,0.00011587142944335938,0.0003342628479003906,0.009988546371459961
