num_events,utilization,reallocations,changes,failures,reallocated_prop,time_compute,time_apply,time_enum,time_search,time_pp
1,0.0125,1,0,0,0.0,0.07600045204162598,0.6266374588012695,9.799003601074219e-05,0.0008203983306884766,0.07508063316345215
