num_events,utilization,reallocations,changes,failures,reallocated_prop,time_compute,time_apply,time_enum,time_search,time_pp
1,1.0,25,45,0,0.15822784810126583,0.07111048698425293,0.5698354244232178,0.014718294143676758,0.046746253967285156,0.009643793106079102
