num_events,utilization,reallocations,changes,failures,reallocated_prop,time_compute,time_apply,time_enum,time_search,time_pp
1,0.65,22,41,0,0.4230769230769231,0.07391619682312012,2.3295083045959473,0.0004930496215820312,0.0013709068298339844,0.07205033302307129
