num_events,utilization,reallocations,changes,failures,reallocated_prop,time_compute,time_apply,time_enum,time_search,time_pp
1,0.03260869565217391,1,0,0,0.0,0.010377168655395508,0.06864118576049805,3.647804260253906e-05,2.8371810913085938e-05,0.010309696197509766
