num_events,utilization,reallocations,changes,failures,reallocated_prop,time_compute,time_apply
1,0.7058084239130434,4,5,0,0.4444444444444444,0.07527303695678711,3.8869876861572266
