num_events,utilization,reallocations,changes,failures,reallocated_prop,time_compute,time_apply,time_enum,time_search,time_pp
1,0.06956521739130435,1,0,0,0.0,0.01263284683227539,0.11457538604736328,0.00013017654418945312,0.00048804283142089844,0.012012958526611328
