num_events,utilization,reallocations,changes,failures,reallocated_prop,time_compute,time_apply,time_enum,time_search,time_pp
1,0.10054347826086957,1,0,0,0.0,0.03645515441894531,0.32825803756713867,3.528594970703125e-05,0.00016355514526367188,0.036254167556762695
