num_events,utilization,reallocations,changes,failures,reallocated_prop,time_compute,time_apply,time_enum,time_search,time_pp
1,0.65,37,70,0,0.42528735632183906,0.021974802017211914,0.5982141494750977,0.0005311965942382812,0.002177000045776367,0.01926445960998535
