num_events,utilization,reallocations,changes,failures,reallocated_prop,time_compute,time_apply
1,0.8141304347826087,11,12,0,0.7692307692307693,0.009236574172973633,0.5006453990936279
