num_events,utilization,reallocations,changes,failures,reallocated_prop,time_compute,time_apply,time_enum,time_search,time_pp
1,0.021739130434782608,1,0,0,0.0,0.010506629943847656,0.08146858215332031,0.00011992454528808594,0.00019931793212890625,0.010185480117797852
