num_events,utilization,reallocations,changes,failures,reallocated_prop,time_compute,time_apply
1,0.9059782608695652,52,64,0,0.3466666666666667,0.016140222549438477,0.5491681098937988
