num_events,utilization,reallocations,changes,failures,reallocated_prop,time_compute,time_apply,time_enum,time_search,time_pp
1,0.003940217391304348,1,0,0,0.0,0.07695889472961426,0.6026220321655273,9.894371032714844e-05,0.00024890899658203125,0.07660913467407227
