num_events,utilization,reallocations,changes,failures,reallocated_prop,time_compute,time_apply,time_enum,time_search,time_pp
1,1.0,27,81,0,0.09278350515463918,0.11011075973510742,0.5923941135406494,0.01481175422668457,0.08564162254333496,0.009655237197875977
