num_events,utilization,reallocations,changes,failures,reallocated_prop,time_compute,time_apply,time_enum,time_search,time_pp
1,0.1891304347826087,1,0,0,0.0,0.1661982536315918,0.21168041229248047,0.021693706512451172,0.1347064971923828,0.009795904159545898
