num_events,utilization,reallocations,changes,failures,reallocated_prop,time_compute,time_apply,time_enum,time_search,time_pp
1,0.37282608695652175,1,0,0,0.0,0.012289047241210938,0.1958482265472412,0.00010371208190917969,0.002359628677368164,0.009824037551879883
