num_events,utilization,reallocations,changes,failures,reallocated_prop,time_compute,time_apply
1,0.8141304347826087,7,16,0,0.3333333333333333,0.012052059173583984,0.5111193656921387
