num_events,utilization,reallocations,changes,failures,reallocated_prop,time_compute,time_apply,time_enum,time_search,time_pp
1,0.025,1,0,0,0.0,0.010168313980102539,0.08317089080810547,0.00010514259338378906,0.0002167224884033203,0.009844303131103516
