num_events,utilization,reallocations,changes,failures,reallocated_prop,time_compute,time_apply,time_enum,time_search,time_pp
1,1.0,13,36,0,0.1566265060240964,0.05415749549865723,0.568152666091919,0.015798568725585938,0.02851128578186035,0.00984644889831543
