num_events,utilization,reallocations,changes,failures,reallocated_prop,time_compute,time_apply
1,0.7801630434782608,15,17,0,0.7777777777777778,0.018778324127197266,1.0424177646636963
