num_events,utilization,reallocations,changes,failures,reallocated_prop,time_compute,time_apply,time_enum,time_search,time_pp
1,0.65,11,27,0,0.3142857142857143,0.02020740509033203,0.6007540225982666,0.0005316734313964844,0.0010056495666503906,0.018668174743652344
