num_events,utilization,reallocations,changes,failures,reallocated_prop,time_compute,time_apply,time_enum,time_search,time_pp
1,0.20380434782608695,1,0,0,0.0,0.03721308708190918,0.4402000904083252,3.361701965332031e-05,0.0003371238708496094,0.03684067726135254
