num_events,utilization,reallocations,changes,failures,reallocated_prop,time_compute,time_apply
1,0.6782608695652174,6,6,0,0.8333333333333334,0.008765220642089844,0.4555201530456543
