num_events,utilization,reallocations,changes,failures,reallocated_prop,time_compute,time_apply,time_enum,time_search,time_pp
1,0.65,46,84,0,0.11704834605597965,0.018840551376342773,0.3313870429992676,0.0005083084106445312,0.008169174194335938,0.010160446166992188
