num_events,utilization,reallocations,changes,failures,reallocated_prop,time_compute,time_apply,time_enum,time_search,time_pp
1,0.7202445652173913,14,13,0,0.43333333333333335,0.018558263778686523,0.9487588405609131,9.989738464355469e-05,0.0005400180816650391,0.01791667938232422
