num_events,utilization,reallocations,changes,failures,reallocated_prop,time_compute,time_apply,time_enum,time_search,time_pp
1,0.28695652173913044,1,0,0,0.0,0.010944128036499023,0.15570354461669922,7.987022399902344e-05,0.0016937255859375,0.009169340133666992
