num_events,utilization,reallocations,changes,failures,reallocated_prop,time_compute,time_apply,time_enum,time_search,time_pp
1,0.18478260869565216,1,0,0,0.0,0.03706932067871094,0.41897034645080566,3.361701965332031e-05,0.0002841949462890625,0.036749839782714844
