num_events,utilization,reallocations,changes,failures,reallocated_prop,time_compute,time_apply,time_enum,time_search,time_pp
1,0.23369565217391305,1,0,0,0.0,0.03920173645019531,0.4776449203491211,3.457069396972656e-05,0.00036978721618652344,0.03879499435424805
