num_events,utilization,reallocations,changes,failures,reallocated_prop,time_compute,time_apply,time_enum,time_search,time_pp
1,0.03369565217391304,1,0,0,0.0,0.010001420974731445,0.08206033706665039,9.846687316894531e-05,0.00026106834411621094,0.009640216827392578
