num_events,utilization,reallocations,changes,failures,reallocated_prop,time_compute,time_apply,time_enum,time_search,time_pp
1,1.0,3,6,0,0.17647058823529413,0.0325932502746582,0.5775609016418457,0.014719486236572266,0.008299112319946289,0.009572982788085938
