num_events,utilization,reallocations,changes,failures,reallocated_prop,time_compute,time_apply,time_enum,time_search,time_pp
1,0.5358695652173913,1,0,0,0.0,0.38709044456481934,0.3655228614807129,0.018225669860839844,0.35896992683410645,0.009891510009765625
