num_events,utilization,reallocations,changes,failures,reallocated_prop,time_compute,time_apply,time_enum,time_search,time_pp
1,0.021739130434782608,1,0,0,0.0,0.00999593734741211,0.0809478759765625,0.00011944770812988281,0.00019931793212890625,0.009675025939941406
