num_events,utilization,reallocations,changes,failures,reallocated_prop,time_compute,time_apply,time_enum,time_search,time_pp
1,0.3869565217391304,1,0,0,0.0,0.2986330986022949,0.30190324783325195,0.021536827087402344,0.26711535453796387,0.009978055953979492
