num_events,utilization,reallocations,changes,failures,reallocated_prop,time_compute,time_apply,time_enum,time_search,time_pp
1,0.65,46,84,0,0.116751269035533,0.020916223526000977,0.3718106746673584,0.0006303787231445312,0.007768154144287109,0.01251530647277832
