num_events,utilization,reallocations,changes,failures,reallocated_prop,time_compute,time_apply,time_enum,time_search,time_pp
1,0.65,22,41,0,0.4230769230769231,0.07089853286743164,2.3732833862304688,0.0004980564117431641,0.0012407302856445312,0.06915783882141113
