num_events,utilization,reallocations,changes,failures,reallocated_prop,time_compute,time_apply,time_enum,time_search,time_pp
1,0.06847826086956521,1,0,0,0.0,0.010810613632202148,0.09944868087768555,0.00010919570922851562,0.0005247592926025391,0.010174751281738281
