num_events,utilization,reallocations,changes,failures,reallocated_prop,time_compute,time_apply
1,0.8929347826086956,23,39,0,0.5348837209302325,0.014213323593139648,0.58005690574646
