num_events,utilization,reallocations,changes,failures,reallocated_prop,time_compute,time_apply,time_enum,time_search,time_pp
1,0.0,0,0,0,0.0,0.024638652801513672,0.053186655044555664,0.012729167938232422,0.002809762954711914,0.009097099304199219
