num_events,utilization,reallocations,changes,failures,reallocated_prop,time_compute,time_apply,time_enum,time_search,time_pp
1,1.0,53,156,0,0.15142857142857144,0.1262071132659912,0.593256950378418,0.014767646789550781,0.10141539573669434,0.010021686553955078
