num_events,utilization,reallocations,changes,failures,reallocated_prop,time_compute,time_apply,time_enum,time_search,time_pp
1,1.0,20,33,0,0.2564102564102564,0.04963517189025879,0.5671885013580322,0.014694690704345703,0.025274276733398438,0.009664058685302734
