num_events,utilization,reallocations,changes,failures,reallocated_prop,time_compute,time_apply,time_enum,time_search,time_pp
1,0.65,34,63,0,0.425,0.012268304824829102,0.32979369163513184,0.00042557716369628906,0.0019910335540771484,0.009849786758422852
