num_events,utilization,reallocations,changes,failures,reallocated_prop,time_compute,time_apply,time_enum,time_search,time_pp
1,1.0,10,10,0,0.6666666666666666,0.0518035888671875,0.597104549407959,0.01263284683227539,0.029851436614990234,0.009317159652709961
