num_events,utilization,reallocations,changes,failures,reallocated_prop,time_compute,time_apply,time_enum,time_search,time_pp
1,1.0,46,135,0,0.15181518151815182,0.11373519897460938,0.5823359489440918,0.014696121215820312,0.089019775390625,0.010017156600952148
