num_events,utilization,reallocations,changes,failures,reallocated_prop,time_compute,time_apply,time_enum,time_search,time_pp
1,0.3673913043478261,1,0,0,0.0,0.012029647827148438,0.19018268585205078,9.72747802734375e-05,0.0023148059844970703,0.009615898132324219
