num_events,utilization,reallocations,changes,failures,reallocated_prop,time_compute,time_apply,time_enum,time_search,time_pp
1,0.006114130434782609,1,0,0,0.0,0.07456493377685547,0.6013932228088379,0.00010728836059570312,0.0003955364227294922,0.07406044006347656
