num_events,utilization,reallocations,changes,failures,reallocated_prop,time_compute,time_apply,time_enum,time_search,time_pp
1,0.65,78,153,0,0.1780821917808219,0.019396305084228516,0.33506321907043457,0.0005006790161132812,0.008955717086791992,0.00993800163269043
