num_events,utilization,reallocations,changes,failures,reallocated_prop,time_compute,time_apply,time_enum,time_search,time_pp
1,0.65,8,14,0,0.42105263157894735,0.019280433654785156,0.5944890975952148,0.0005278587341308594,0.0006997585296630859,0.0180509090423584
