num_events,utilization,reallocations,changes,failures,reallocated_prop,time_compute,time_apply,time_enum,time_search,time_pp
1,0.043478260869565216,1,0,0,0.0,0.045374393463134766,0.3224329948425293,4.172325134277344e-05,9.369850158691406e-05,0.04523658752441406
