num_events,utilization,reallocations,changes,failures,reallocated_prop,time_compute,time_apply,time_enum,time_search,time_pp
1,0.0005434782608695652,1,0,0,0.0,0.03934144973754883,0.29733777046203613,0.00010895729064941406,5.7220458984375e-05,0.03917288780212402
