num_events,utilization,reallocations,changes,failures,reallocated_prop,time_compute,time_apply,time_enum,time_search,time_pp
1,0.6851902173913044,6,15,0,0.2727272727272727,0.019015789031982422,0.866363525390625,0.0004355907440185547,0.0010845661163330078,0.01749396324157715
