num_events,utilization,reallocations,changes,failures,reallocated_prop,time_compute,time_apply,time_enum,time_search,time_pp
1,0.08695652173913043,1,0,0,0.0,0.07026171684265137,0.5920054912567139,3.409385681152344e-05,0.0002605915069580078,0.06996560096740723
