num_events,utilization,reallocations,changes,failures,reallocated_prop,time_compute,time_apply,time_enum,time_search,time_pp
1,0.11630434782608695,1,0,0,0.0,0.010261774063110352,0.10929751396179199,9.393692016601562e-05,0.00084686279296875,0.009319543838500977
