num_events,utilization,reallocations,changes,failures,reallocated_prop,time_compute,time_apply,time_enum,time_search,time_pp
1,0.65,134,255,0,0.28270042194092826,0.02039361000061035,0.33331847190856934,0.0005080699920654297,0.009691715240478516,0.010192155838012695
