num_events,utilization,reallocations,changes,failures,reallocated_prop,time_compute,time_apply
1,0.9146739130434782,25,46,0,0.5319148936170213,0.013427495956420898,0.5896024703979492
