num_events,utilization,reallocations,changes,failures,reallocated_prop,time_compute,time_apply,time_enum,time_search,time_pp
1,1.0,2,3,0,0.16666666666666666,0.039259910583496094,0.5796458721160889,0.014815807342529297,0.015313148498535156,0.009129047393798828
