num_events,utilization,reallocations,changes,failures,reallocated_prop,time_compute,time_apply
1,0.7991847826086956,16,15,0,0.4411764705882353,0.019811153411865234,1.0570964813232422
