num_events,utilization,reallocations,changes,failures,reallocated_prop,time_compute,time_apply,time_enum,time_search,time_pp
1,0.02391304347826087,1,0,0,0.0,0.009579181671142578,0.07876205444335938,9.751319885253906e-05,0.0001952648162841797,0.009284734725952148
