num_events,utilization,reallocations,changes,failures,reallocated_prop,time_compute,time_apply,time_enum,time_search,time_pp
1,0.65,68,109,0,0.16831683168316833,0.018934249877929688,0.3278384208679199,0.0005054473876953125,0.008368253707885742,0.010058403015136719
