num_events,utilization,reallocations,changes,failures,reallocated_prop,time_compute,time_apply,time_enum,time_search,time_pp
1,1.0,29,43,0,0.11507936507936507,0.09954023361206055,0.5752549171447754,0.01455378532409668,0.07548379898071289,0.009500741958618164
