num_events,utilization,reallocations,changes,failures,reallocated_prop,time_compute,time_apply,time_enum,time_search,time_pp
1,0.002173913043478261,1,0,0,0.0,0.07118058204650879,0.5709919929504395,9.918212890625e-05,0.00016045570373535156,0.07091784477233887
