num_events,utilization,reallocations,changes,failures,reallocated_prop,time_compute,time_apply,time_enum,time_search,time_pp
1,1.0,6,15,0,0.16666666666666666,0.03810739517211914,0.5710189342498779,0.014721870422363281,0.013833761215209961,0.009549140930175781
