num_events,utilization,reallocations,changes,failures,reallocated_prop,time_compute,time_apply,time_enum,time_search,time_pp
1,0.35434782608695653,1,0,0,0.0,0.26810169219970703,0.2876617908477783,0.017644405364990234,0.2408308982849121,0.009624481201171875
