num_events,utilization,reallocations,changes,failures,reallocated_prop,time_compute,time_apply,time_enum,time_search,time_pp
1,0.65,76,149,0,0.23170731707317074,0.01715540885925293,0.31737375259399414,0.0005085468292236328,0.006757497787475586,0.009887456893920898
