num_events,utilization,reallocations,changes,failures,reallocated_prop,time_compute,time_apply,time_enum,time_search,time_pp
1,1.0,15,45,0,0.03546099290780142,0.1408236026763916,0.5746393203735352,0.013138532638549805,0.11821794509887695,0.009465456008911133
