num_events,utilization,reallocations,changes,failures,reallocated_prop,time_compute,time_apply,time_enum,time_search,time_pp
1,0.13695652173913042,1,0,0,0.0,0.01073002815246582,0.11715292930603027,9.34600830078125e-05,0.0009374618530273438,0.009697198867797852
