num_events,utilization,reallocations,changes,failures,reallocated_prop,time_compute,time_apply,time_enum,time_search,time_pp
1,0.7567934782608695,31,56,0,0.5636363636363636,0.011744022369384766,0.47444891929626465,0.0004944801330566406,0.001996278762817383,0.00925135612487793
