num_events,utilization,reallocations,changes,failures,reallocated_prop,time_compute,time_apply,time_enum,time_search,time_pp
1,1.0,19,21,0,0.5277777777777778,0.09196972846984863,0.580786943435669,0.017863035202026367,0.06522178649902344,0.008882761001586914
