num_events,utilization,reallocations,changes,failures,reallocated_prop,time_compute,time_apply,time_enum,time_search,time_pp
1,1.0,20,34,0,0.38461538461538464,0.08311796188354492,0.6119611263275146,0.01472783088684082,0.058951377868652344,0.009436607360839844
