num_events,utilization,reallocations,changes,failures,reallocated_prop,time_compute,time_apply,time_enum,time_search,time_pp
1,0.65,35,65,0,0.4268292682926829,0.03845548629760742,1.2097978591918945,0.0004894733428955078,0.001957416534423828,0.03600668907165527
