num_events,utilization,reallocations,changes,failures,reallocated_prop,time_compute,time_apply,time_enum,time_search,time_pp
1,1.0,20,28,0,0.40816326530612246,0.07553863525390625,0.5889091491699219,0.013053655624389648,0.05344653129577637,0.009035825729370117
