num_events,utilization,reallocations,changes,failures,reallocated_prop,time_compute,time_apply
1,0.7283967391304348,6,6,0,0.3333333333333333,0.01900959014892578,0.9902594089508057
