num_events,utilization,reallocations,changes,failures,reallocated_prop,time_compute,time_apply,time_enum,time_search,time_pp
1,0.65,28,52,0,0.3684210526315789,0.012080192565917969,0.31310439109802246,0.0005080699920654297,0.0017802715301513672,0.009790182113647461
