num_events,utilization,reallocations,changes,failures,reallocated_prop,time_compute,time_apply
1,0.9059782608695652,90,153,0,0.5389221556886228,0.017233610153198242,0.5677757263183594
