num_events,utilization,reallocations,changes,failures,reallocated_prop,time_compute,time_apply,time_enum,time_search,time_pp
1,0.02010869565217391,1,0,0,0.0,0.018715858459472656,0.15282440185546875,0.00010538101196289062,0.0003108978271484375,0.018297910690307617
