num_events,utilization,reallocations,changes,failures,reallocated_prop,time_compute,time_apply,time_enum,time_search,time_pp
1,0.125,1,0,0,0.0,0.11264657974243164,0.17546796798706055,0.017760515213012695,0.08591294288635254,0.008971452713012695
