num_events,utilization,reallocations,changes,failures,reallocated_prop,time_compute,time_apply,time_enum,time_search,time_pp
1,0.65,31,57,0,0.38271604938271603,0.010878801345825195,0.2930634021759033,0.0004131793975830078,0.0018298625946044922,0.008634567260742188
