num_events,utilization,reallocations,changes,failures,reallocated_prop,time_compute,time_apply,time_enum
1,0.010869565217391304,0,0,0,0.0,0.010699033737182617,0.10804247856140137,0.00014281272888183594
