num_events,utilization,reallocations,changes,failures,reallocated_prop,time_compute,time_apply,time_enum,time_search,time_pp
1,1.0,24,33,0,0.057279236276849645,0.14289164543151855,0.581345796585083,0.014711380004882812,0.1182711124420166,0.00990605354309082
