num_events,utilization,reallocations,changes,failures,reallocated_prop,time_compute,time_apply,time_enum,time_search,time_pp
1,0.65,19,46,0,0.3275862068965517,0.02008366584777832,0.614288330078125,0.0004937648773193359,0.001468658447265625,0.018118619918823242
