num_events,utilization,reallocations,changes,failures,reallocated_prop,time_compute,time_apply,time_enum,time_search,time_pp
1,0.65,19,40,0,0.2714285714285714,0.012294292449951172,0.3133256435394287,0.0004982948303222656,0.0017867088317871094,0.010007619857788086
