num_events,utilization,reallocations,changes,failures,reallocated_prop,time_compute,time_apply,time_enum,time_search,time_pp
1,0.10978260869565218,1,0,0,0.0,0.010624885559082031,0.10481905937194824,9.608268737792969e-05,0.0007925033569335938,0.009734153747558594
