num_events,utilization,reallocations,changes,failures,reallocated_prop,time_compute,time_apply,time_enum,time_search,time_pp
1,0.0,0,0,0,0.0,0.03235888481140137,0.045313358306884766,0.018285512924194336,0.00453495979309082,0.009536266326904297
