num_events,utilization,reallocations,changes,failures,reallocated_prop,time_compute,time_apply,time_enum,time_search,time_pp
1,0.24782608695652175,1,0,0,0.0,0.2039644718170166,0.24111390113830566,0.021602869033813477,0.17299294471740723,0.009366750717163086
