num_events,utilization,reallocations,changes,failures,reallocated_prop,time_compute,time_apply,time_enum,time_search,time_pp
1,0.0,0,0,0,0.0,0.010100364685058594,0.062285661697387695,3.647804260253906e-05,1.7881393432617188e-05,0.010043621063232422
