num_events,utilization,reallocations,changes,failures,reallocated_prop,time_compute,time_apply,time_enum,time_search,time_pp
1,0.011956521739130435,1,0,0,0.0,0.010898351669311523,0.08524894714355469,0.00010538101196289062,0.0001266002655029297,0.010664701461791992
