num_events,utilization,reallocations,changes,failures,reallocated_prop,time_compute,time_apply
1,0.8388586956521739,5,4,0,0.23529411764705882,0.009539127349853516,0.5324423313140869
