num_events,utilization,reallocations,changes,failures,reallocated_prop,time_compute,time_apply
1,0.9059782608695652,49,83,0,0.5157894736842106,0.014331817626953125,0.5468480587005615
