num_events,utilization,reallocations,changes,failures,reallocated_prop,time_compute,time_apply
1,0.9059782608695652,22,37,0,0.3283582089552239,0.013825654983520508,0.5500771999359131
