num_events,utilization,reallocations,changes,failures,reallocated_prop,time_compute,time_apply
1,0.8929347826086956,27,51,0,0.5192307692307693,0.014127254486083984,0.5496466159820557
