num_events,utilization,reallocations,changes,failures,reallocated_prop,time_compute,time_apply,time_enum,time_search,time_pp
1,0.65,107,172,0,0.25235849056603776,0.01910543441772461,0.3368539810180664,0.0005099773406982422,0.00873565673828125,0.009857416152954102
