num_events,utilization,reallocations,changes,failures,reallocated_prop,time_compute,time_apply,time_enum,time_search,time_pp
1,1.0,45,60,0,0.21844660194174756,0.08687019348144531,0.5743803977966309,0.014557600021362305,0.06267118453979492,0.009639263153076172
