num_events,utilization,reallocations,changes,failures,reallocated_prop,time_compute,time_apply,time_enum,time_search,time_pp
1,0.65,21,27,0,0.09417040358744394,0.014441967010498047,0.30335283279418945,0.0005230903625488281,0.004572868347167969,0.009344339370727539
