num_events,utilization,reallocations,changes,failures,reallocated_prop,time_compute,time_apply
1,0.9394021739130435,5,5,0,0.36363636363636365,0.014783620834350586,0.5647614002227783
