num_events,utilization,reallocations,changes,failures,reallocated_prop,time_compute,time_apply,time_enum,time_search,time_pp
1,0.0038043478260869567,1,0,0,0.0,0.03918719291687012,0.30014824867248535,0.00010037422180175781,0.00014734268188476562,0.03893756866455078
