num_events,utilization,reallocations,changes,failures,reallocated_prop,time_compute,time_apply,time_enum,time_search,time_pp
1,0.01141304347826087,1,0,0,0.0,0.036931514739990234,0.29253268241882324,8.273124694824219e-05,0.0003020763397216797,0.036544084548950195
