num_events,utilization,reallocations,changes,failures,reallocated_prop,time_compute,time_apply
1,0.8929347826086956,37,69,0,0.5138888888888888,0.014261722564697266,0.5522174835205078
