num_events,utilization,reallocations,changes,failures,reallocated_prop,time_compute,time_apply,time_enum,time_search,time_pp
1,0.2543478260869565,1,0,0,0.0,0.1995682716369629,0.23158788681030273,0.017524003982543945,0.1727447509765625,0.009297609329223633
