num_events,utilization,reallocations,changes,failures,reallocated_prop,time_compute,time_apply,time_enum,time_search,time_pp
1,1.0,6,18,0,0.012072434607645875,0.17162728309631348,0.5822532176971436,0.015252828598022461,0.14612627029418945,0.010245561599731445
