num_events,utilization,reallocations,changes,failures,reallocated_prop,time_compute,time_apply,time_enum,time_search,time_pp
1,0.013043478260869565,1,0,0,0.0,0.07519793510437012,0.621342658996582,9.632110595703125e-05,0.000789642333984375,0.074310302734375
