num_events,utilization,reallocations,changes,failures,reallocated_prop,time_compute,time_apply,time_enum,time_search,time_pp
1,0.65,40,97,0,0.3305785123966942,0.012896299362182617,0.3207259178161621,0.0005040168762207031,0.002760171890258789,0.009629964828491211
