num_events,utilization,reallocations,changes,failures,reallocated_prop,time_compute,time_apply,time_enum,time_search,time_pp
1,0.65,76,149,0,0.2324159021406728,0.018451213836669922,0.37158918380737305,0.0006244182586669922,0.006414890289306641,0.01141047477722168
