num_events,utilization,reallocations,changes,failures,reallocated_prop,time_compute,time_apply,time_enum,time_search,time_pp
1,0.65,26,48,0,0.41935483870967744,0.011722803115844727,0.3081936836242676,0.0005514621734619141,0.00168609619140625,0.009483575820922852
