num_events,utilization,reallocations,changes,failures,reallocated_prop,time_compute,time_apply,time_enum,time_search,time_pp
1,1.0,23,45,0,0.26744186046511625,0.09409761428833008,0.6309702396392822,0.014855623245239258,0.06958436965942383,0.00965428352355957
