num_events,utilization,reallocations,changes,failures,reallocated_prop,time_compute,time_apply
1,0.9059782608695652,46,87,0,0.5227272727272727,0.014938592910766602,0.5611326694488525
