num_events,utilization,reallocations,changes,failures,reallocated_prop,time_compute,time_apply,time_enum,time_search,time_pp
1,0.34347826086956523,1,0,0,0.0,0.2612571716308594,0.2786288261413574,0.018285274505615234,0.23314499855041504,0.009824037551879883
