num_events,utilization,reallocations,changes,failures,reallocated_prop,time_compute,time_apply,time_enum,time_search,time_pp
1,0.7051630434782609,3,2,0,0.07142857142857142,0.019407987594604492,0.8949944972991943,0.00010156631469726562,0.0005247592926025391,0.018779277801513672
