num_events,utilization,reallocations,changes,failures,reallocated_prop,time_compute,time_apply,time_enum,time_search,time_pp
1,0.65,16,39,0,0.32,0.03798627853393555,1.1820900440216064,0.0004982948303222656,0.0013384819030761719,0.036147117614746094
