num_events,utilization,reallocations,changes,failures,reallocated_prop,time_compute,time_apply,time_enum,time_search,time_pp
1,0.36086956521739133,1,0,0,0.0,0.2728254795074463,0.28858041763305664,0.018389225006103516,0.24454736709594727,0.009886026382446289
