num_events,utilization,reallocations,changes,failures,reallocated_prop,time_compute,time_apply
1,0.766983695652174,18,19,0,0.6923076923076923,0.020911216735839844,0.9696812629699707
