num_events,utilization,reallocations,changes,failures,reallocated_prop,time_compute,time_apply,time_enum,time_search,time_pp
1,0.7248641304347826,11,10,0,0.38461538461538464,0.0186922550201416,0.942331075668335,9.822845458984375e-05,0.0005598068237304688,0.018032312393188477
