num_events,utilization,reallocations,changes,failures,reallocated_prop,time_compute,time_apply,time_enum,time_search,time_pp
1,0.29347826086956524,1,0,0,0.0,0.011737585067749023,0.16736745834350586,0.00011754035949707031,0.0019137859344482422,0.00970458984375
