num_events,utilization,reallocations,changes,failures,reallocated_prop,time_compute,time_apply
1,0.9059782608695652,61,146,0,0.4178082191780822,0.015353679656982422,0.5771875381469727
