num_events,utilization,reallocations,changes,failures,reallocated_prop,time_compute,time_apply,time_enum,time_search,time_pp
1,0.21195652173913043,1,0,0,0.0,0.17980027198791504,0.22325348854064941,0.01831674575805664,0.15185761451721191,0.009623527526855469
