num_events,utilization,reallocations,changes,failures,reallocated_prop,time_compute,time_apply,time_enum,time_search,time_pp
1,0.07282608695652174,1,0,0,0.0,0.010894536972045898,0.10155272483825684,0.00010967254638671875,0.000560760498046875,0.010222434997558594
