num_events,utilization,reallocations,changes,failures,reallocated_prop,time_compute,time_apply,time_enum,time_search,time_pp
1,1.0,36,78,0,0.2057142857142857,0.07804679870605469,0.5739657878875732,0.01477670669555664,0.05367541313171387,0.00959324836730957
