num_events,utilization,reallocations,changes,failures,reallocated_prop,time_compute,time_apply
1,0.7169157608695652,4,3,0,0.3333333333333333,0.03615760803222656,1.9225103855133057
