num_events,utilization,reallocations,changes,failures,reallocated_prop,time_compute,time_apply,time_enum,time_search,time_pp
1,0.36086956521739133,1,0,0,0.0,0.2759697437286377,0.2898063659667969,0.01830458641052246,0.2478482723236084,0.00981450080871582
