num_events,utilization,reallocations,changes,failures,reallocated_prop,time_compute,time_apply
1,0.7152173913043478,4,3,0,0.3333333333333333,0.03606390953063965,1.9185667037963867
