num_events,utilization,reallocations,changes,failures,reallocated_prop,time_compute,time_apply,time_enum,time_search,time_pp
1,0.15295516304347825,1,0,0,0.0,0.07227039337158203,1.332397699356079,3.5762786865234375e-05,2.86102294921875e-05,0.0722043514251709
