num_events,utilization,reallocations,changes,failures,reallocated_prop,time_compute,time_apply
1,0.9635869565217391,7,8,0,0.5833333333333334,0.4608116149902344,0.5705626010894775
