num_events,utilization,reallocations,changes,failures,reallocated_prop,time_compute,time_apply
1,0.7801630434782608,10,9,0,0.34615384615384615,0.019463539123535156,1.0382168292999268
