num_events,utilization,reallocations,changes,failures,reallocated_prop,time_compute,time_apply,time_enum,time_search,time_pp
1,0.7567934782608695,48,79,0,0.41379310344827586,0.013082742691040039,0.4945864677429199,0.0004999637603759766,0.0032835006713867188,0.009297847747802734
