num_events,utilization,reallocations,changes,failures,reallocated_prop,time_compute,time_apply,time_enum,time_search,time_pp
1,1.0,63,189,0,0.1323529411764706,0.15903210639953613,0.5986931324005127,0.014691352844238281,0.1344771385192871,0.009861469268798828
