num_events,utilization,reallocations,changes,failures,reallocated_prop,time_compute,time_apply,time_enum,time_search,time_pp
1,0.008152173913043478,1,0,0,0.0,0.07529425621032715,0.6230573654174805,9.870529174804688e-05,0.000476837158203125,0.07471656799316406
