num_events,utilization,reallocations,changes,failures,reallocated_prop,time_compute,time_apply,time_enum,time_search,time_pp
1,0.48695652173913045,1,0,0,0.0,0.3626973628997803,0.34212398529052734,0.018306970596313477,0.3343973159790039,0.009990692138671875
