num_events,utilization,reallocations,changes,failures,reallocated_prop,time_compute,time_apply
1,0.9019021739130435,32,55,0,0.3047619047619048,0.014719486236572266,0.5577309131622314
