num_events,utilization,reallocations,changes,failures,reallocated_prop,time_compute,time_apply,time_enum,time_search,time_pp
1,0.65,30,54,0,0.33707865168539325,0.011735916137695312,0.30518388748168945,0.0004916191101074219,0.002105712890625,0.009137153625488281
