num_events,utilization,reallocations,changes,failures,reallocated_prop,time_compute,time_apply,time_enum,time_search,time_pp
1,0.65,10,19,0,0.4166666666666667,0.010295391082763672,0.2979090213775635,0.000499725341796875,0.0007719993591308594,0.009021997451782227
