num_events,utilization,reallocations,changes,failures,reallocated_prop,time_compute,time_apply
1,0.7923913043478261,6,6,0,0.2631578947368421,0.009887456893920898,0.5193595886230469
