num_events,utilization,reallocations,changes,failures,reallocated_prop,time_compute,time_apply,time_enum,time_search,time_pp
1,0.65,7,12,0,0.4117647058823529,0.03560948371887207,1.1514639854431152,0.0004982948303222656,0.0006363391876220703,0.03447318077087402
