num_events,utilization,reallocations,changes,failures,reallocated_prop,time_compute,time_apply,time_enum,time_search,time_pp
1,1.0,21,63,0,0.04883720930232558,0.14940929412841797,0.5923175811767578,0.014818906784057617,0.12422800064086914,0.010360240936279297
