num_events,utilization,reallocations,changes,failures,reallocated_prop,time_compute,time_apply
1,0.727445652173913,17,18,0,0.7619047619047619,0.03736281394958496,2.001589775085449
