num_events,utilization,reallocations,changes,failures,reallocated_prop,time_compute,time_apply,time_enum,time_search,time_pp
1,1.0,30,90,0,0.0797872340425532,0.13252711296081543,0.5911405086517334,0.01470494270324707,0.10786890983581543,0.009951353073120117
