num_events,utilization,reallocations,changes,failures,reallocated_prop,time_compute,time_apply,time_enum,time_search,time_pp
1,0.02309782608695652,1,0,0,0.0,0.03771233558654785,0.3130006790161133,9.584426879882812e-05,0.0007123947143554688,0.036902427673339844
