num_events,utilization,reallocations,changes,failures,reallocated_prop,time_compute,time_apply,time_enum,time_search,time_pp
1,0.44782608695652176,1,0,0,0.0,0.3364391326904297,0.3463006019592285,0.018689632415771484,0.30769801139831543,0.010048866271972656
