num_events,utilization,reallocations,changes,failures,reallocated_prop,time_compute,time_apply,time_enum,time_search,time_pp
1,0.65,11,21,0,0.4074074074074074,0.01011967658996582,0.29386377334594727,0.0005011558532714844,0.0008585453033447266,0.008758068084716797
