num_events,utilization,reallocations,changes,failures,reallocated_prop,time_compute,time_apply,time_enum,time_search,time_pp
1,0.7684782608695652,1,0,0,0.0,0.032930850982666016,0.5455300807952881,0.014558553695678711,0.009290933609008789,0.009078502655029297
