num_events,utilization,reallocations,changes,failures,reallocated_prop,time_compute,time_apply,time_enum,time_search,time_pp
1,0.672758152173913,8,14,0,0.42105263157894735,0.037900447845458984,1.796844244003296,0.0005185604095458984,0.0011665821075439453,0.03621315956115723
