num_events,utilization,reallocations,changes,failures,reallocated_prop,time_compute,time_apply
1,0.9059782608695652,43,64,0,0.5657894736842105,0.013590335845947266,0.5446889400482178
