num_events,utilization,reallocations,changes,failures,reallocated_prop,time_compute,time_apply
1,0.7126698369565218,6,6,0,0.38461538461538464,0.06943941116333008,3.7205822467803955
