num_events,utilization,reallocations,changes,failures,reallocated_prop,time_compute,time_apply
1,0.7156929347826086,18,21,0,0.7083333333333334,0.07268524169921875,3.9547464847564697
