num_events,utilization,reallocations,changes,failures,reallocated_prop,time_compute,time_apply,time_enum,time_search,time_pp
1,1.0,13,28,0,0.08176100628930817,0.13640475273132324,0.6573812961578369,0.01550149917602539,0.11113405227661133,0.009766340255737305
