num_events,utilization,reallocations,changes,failures,reallocated_prop,time_compute,time_apply
1,0.7584239130434782,5,4,0,0.36363636363636365,0.009454488754272461,0.4972219467163086
