num_events,utilization,reallocations,changes,failures,reallocated_prop,time_compute,time_apply,time_enum,time_search,time_pp
1,0.6796195652173913,5,9,0,0.38461538461538464,0.019866466522216797,0.8863155841827393,0.0005066394805908203,0.0009725093841552734,0.01838541030883789
