num_events,utilization,reallocations,changes,failures,reallocated_prop,time_compute,time_apply,time_enum,time_search,time_pp
1,0.46195652173913043,1,0,0,0.0,0.34200334548950195,0.3347206115722656,0.021681785583496094,0.3104233741760254,0.00989532470703125
