num_events,utilization,reallocations,changes,failures,reallocated_prop,time_compute,time_apply,time_enum,time_search,time_pp
1,0.41304347826086957,1,0,0,0.0,0.32059693336486816,0.31264638900756836,0.021988630294799805,0.2887914180755615,0.009814739227294922
