num_events,utilization,reallocations,changes,failures,reallocated_prop,time_compute,time_apply,time_enum,time_search,time_pp
1,1.0,20,42,0,0.21052631578947367,0.050785064697265625,0.5504789352416992,0.0134124755859375,0.028333663940429688,0.009036779403686523
