num_events,utilization,reallocations,changes,failures,reallocated_prop,time_compute,time_apply,time_enum,time_search,time_pp
1,0.042391304347826085,1,0,0,0.0,0.018818140029907227,0.1657106876373291,8.416175842285156e-05,0.000530242919921875,0.01820230484008789
