num_events,utilization,reallocations,changes,failures,reallocated_prop,time_compute,time_apply,time_enum,time_search,time_pp
1,0.06630434782608696,1,0,0,0.0,0.010118246078491211,0.09385824203491211,9.72747802734375e-05,0.0004761219024658203,0.009543180465698242
