num_events,utilization,reallocations,changes,failures,reallocated_prop,time_compute,time_apply,time_enum,time_search,time_pp
1,1.0,22,33,0,0.3793103448275862,0.0834348201751709,0.6020135879516602,0.013178348541259766,0.06119561195373535,0.009057998657226562
