num_events,utilization,reallocations,changes,failures,reallocated_prop,time_compute,time_apply,time_enum,time_search,time_pp
1,0.021739130434782608,1,0,0,0.0,0.021675586700439453,0.1233978271484375,3.457069396972656e-05,3.24249267578125e-05,0.0216064453125
