num_events,utilization,reallocations,changes,failures,reallocated_prop,time_compute,time_apply,time_enum,time_search,time_pp
1,0.3652173913043478,1,0,0,0.0,0.2766733169555664,0.28873395919799805,0.018230199813842773,0.24852466583251953,0.009915590286254883
