num_events,utilization,reallocations,changes,failures,reallocated_prop,time_compute,time_apply,time_enum,time_search,time_pp
1,0.035326086956521736,1,0,0,0.0,0.018451929092407227,0.16113638877868652,9.799003601074219e-05,0.0005123615264892578,0.01783895492553711
