num_events,utilization,reallocations,changes,failures,reallocated_prop,time_compute,time_apply,time_enum,time_search,time_pp
1,0.04891304347826087,1,0,0,0.0,0.019594430923461914,0.1798548698425293,9.989738464355469e-05,0.0007617473602294922,0.018730878829956055
