num_events,utilization,reallocations,changes,failures,reallocated_prop,time_compute,time_apply
1,0.9059782608695652,14,21,0,0.358974358974359,0.01305842399597168,0.5560193061828613
