num_events,utilization,reallocations,changes,failures,reallocated_prop,time_compute,time_apply
1,0.6845108695652173,5,5,0,0.6666666666666666,0.29512882232666016,0.5087904930114746
