num_events,utilization,reallocations,changes,failures,reallocated_prop,time_compute,time_apply,time_enum,time_search,time_pp
1,1.0,21,46,0,0.2916666666666667,0.0939021110534668,0.6309719085693359,0.014636754989624023,0.06981301307678223,0.009449481964111328
