num_events,utilization,reallocations,changes,failures,reallocated_prop,time_compute,time_apply,time_enum,time_search,time_pp
1,0.1956521739130435,1,0,0,0.0,0.010752439498901367,0.13821792602539062,7.987022399902344e-05,0.0011980533599853516,0.009472846984863281
