num_events,utilization,reallocations,changes,failures,reallocated_prop,time_compute,time_apply,time_enum,time_search,time_pp
1,0.057608695652173914,1,0,0,0.0,0.01062917709350586,0.09681344032287598,0.00010728836059570312,0.00044798851013183594,0.010072469711303711
