num_events,utilization,reallocations,changes,failures,reallocated_prop,time_compute,time_apply
1,0.8233695652173914,13,14,0,0.5714285714285714,0.009880304336547852,0.5127224922180176
