num_events,utilization,reallocations,changes,failures,reallocated_prop,time_compute,time_apply,time_enum,time_search,time_pp
1,0.65,41,77,0,0.4270833333333333,0.03687310218811035,1.1698431968688965,0.0005095005035400391,0.002131223678588867,0.03423047065734863
