num_events,utilization,reallocations,changes,failures,reallocated_prop,time_compute,time_apply,time_enum,time_search,time_pp
1,0.005978260869565218,1,0,0,0.0,0.018565654754638672,0.14605450630187988,9.679794311523438e-05,0.00012040138244628906,0.018346548080444336
