num_events,utilization,reallocations,changes,failures,reallocated_prop,time_compute,time_apply
1,0.7783967391304348,16,15,0,0.4838709677419355,0.019658327102661133,1.0359411239624023
