num_events,utilization,reallocations,changes,failures,reallocated_prop,time_compute,time_apply,time_enum,time_search,time_pp
1,1.0,33,99,0,0.07432432432432433,0.15101027488708496,0.5792331695556641,0.014768362045288086,0.12636804580688477,0.009871721267700195
