num_events,utilization,reallocations,changes,failures,reallocated_prop,time_compute,time_apply
1,0.746195652173913,6,6,0,0.3333333333333333,0.018436431884765625,0.9560198783874512
