num_events,utilization,reallocations,changes,failures,reallocated_prop,time_compute,time_apply,time_enum,time_search,time_pp
1,0.004347826086956522,1,0,0,0.0,0.03664135932922363,0.2863304615020752,9.846687316894531e-05,0.00015282630920410156,0.03638815879821777
