num_events,utilization,reallocations,changes,failures,reallocated_prop,time_compute,time_apply,time_enum,time_search,time_pp
1,0.65,68,148,0,0.2698412698412698,0.01563858985900879,0.3386673927307129,0.0005047321319580078,0.005374431610107422,0.009757041931152344
