num_events,utilization,reallocations,changes,failures,reallocated_prop,time_compute,time_apply,time_enum,time_search,time_pp
1,0.19021739130434784,1,0,0,0.0,0.01865077018737793,0.21090388298034668,3.4809112548828125e-05,0.00015592575073242188,0.018458127975463867
