num_events,utilization,reallocations,changes,failures,reallocated_prop,time_compute,time_apply
1,0.9019021739130435,46,108,0,0.2804878048780488,0.01611328125,0.5775032043457031
