num_events,utilization,reallocations,changes,failures,reallocated_prop,time_compute,time_apply
1,0.9146739130434782,39,63,0,0.5652173913043478,0.013190507888793945,0.5597646236419678
