num_events,utilization,reallocations,changes,failures,reallocated_prop,time_compute,time_apply,time_enum,time_search,time_pp
1,0.2554347826086957,1,0,0,0.0,0.20590853691101074,0.2414565086364746,0.01815342903137207,0.1780838966369629,0.009668588638305664
