num_events,utilization,reallocations,changes,failures,reallocated_prop,time_compute,time_apply,time_enum,time_search,time_pp
1,0.29891304347826086,1,0,0,0.0,0.011327743530273438,0.1604900360107422,9.34600830078125e-05,0.0018541812896728516,0.009378433227539062
