num_events,utilization,reallocations,changes,failures,reallocated_prop,time_compute,time_apply
1,0.9059782608695652,27,54,0,0.43548387096774194,0.013568639755249023,0.5490481853485107
