num_events,utilization,reallocations,changes,failures,reallocated_prop,time_compute,time_apply,time_enum,time_search,time_pp
1,0.45,2,2,0,0.3333333333333333,0.07288074493408203,1.6555733680725098,0.0005021095275878906,0.0002777576446533203,0.07209897041320801
