num_events,utilization,reallocations,changes,failures,reallocated_prop,time_compute,time_apply,time_enum,time_search,time_pp
1,0.33695652173913043,1,0,0,0.0,0.04640936851501465,0.25344085693359375,0.012860774993896484,0.0240628719329834,0.009483098983764648
