num_events,utilization,reallocations,changes,failures,reallocated_prop,time_compute,time_apply,time_enum,time_search,time_pp
1,0.3061141304347826,1,0,0,0.0,0.06781506538391113,1.9809095859527588,3.4809112548828125e-05,4.100799560546875e-05,0.06773734092712402
