num_events,utilization,reallocations,changes,failures,reallocated_prop,time_compute,time_apply
1,0.7088994565217391,4,6,0,0.36363636363636365,0.07634305953979492,3.897705316543579
