num_events,utilization,reallocations,changes,failures,reallocated_prop,time_compute,time_apply,time_enum,time_search,time_pp
1,0.1,1,0,0,0.0,0.010261058807373047,0.1036520004272461,9.465217590332031e-05,0.0007326602935791016,0.009432554244995117
