num_events,utilization,reallocations,changes,failures,reallocated_prop,time_compute,time_apply,time_enum,time_search,time_pp
1,0.65,30,54,0,0.33707865168539325,0.012343168258666992,0.34666943550109863,0.00042319297790527344,0.0022411346435546875,0.009676694869995117
