num_events,utilization,reallocations,changes,failures,reallocated_prop,time_compute,time_apply,time_enum,time_search,time_pp
1,0.003532608695652174,1,0,0,0.0,0.07259368896484375,0.5679054260253906,0.00010085105895996094,0.00023555755615234375,0.07225513458251953
