num_events,utilization,reallocations,changes,failures,reallocated_prop,time_compute,time_apply,time_enum,time_search,time_pp
1,0.65,75,165,0,0.22727272727272727,0.017148971557617188,0.33246421813964844,0.0004994869232177734,0.006791114807128906,0.009856224060058594
