num_events,utilization,reallocations,changes,failures,reallocated_prop,time_compute,time_apply,time_enum,time_search,time_pp
1,1.0,31,93,0,0.11787072243346007,0.10247468948364258,0.577340841293335,0.014700651168823242,0.07788443565368652,0.0098876953125
