num_events,utilization,reallocations,changes,failures,reallocated_prop,time_compute,time_apply,time_enum,time_search,time_pp
1,0.7565217391304347,10,19,0,0.5555555555555556,0.010885000228881836,0.4663522243499756,0.0004994869232177734,0.0012302398681640625,0.00915384292602539
