num_events,utilization,reallocations,changes,failures,reallocated_prop,time_compute,time_apply,time_enum,time_search,time_pp
1,1.0,12,27,0,0.19672131147540983,0.044567108154296875,0.5745320320129395,0.014784097671508789,0.020287036895751953,0.009493827819824219
