num_events,utilization,reallocations,changes,failures,reallocated_prop,time_compute,time_apply,time_enum,time_search,time_pp
1,0.7554347826086957,10,22,0,0.43478260869565216,0.010775566101074219,0.4685506820678711,0.0005648136138916016,0.0013039112091064453,0.008904457092285156
