num_events,utilization,reallocations,changes,failures,reallocated_prop,time_compute,time_apply,time_enum,time_search,time_pp
1,0.65,69,147,0,0.15862068965517243,0.021398544311523438,0.39330291748046875,0.0006880760192871094,0.008523702621459961,0.012184858322143555
