num_events,utilization,reallocations,changes,failures,reallocated_prop,time_compute,time_apply,time_enum,time_search,time_pp
1,0.04673913043478261,1,0,0,0.0,0.009839057922363281,0.08792614936828613,9.393692016601562e-05,0.0003457069396972656,0.009397745132446289
