num_events,utilization,reallocations,changes,failures,reallocated_prop,time_compute,time_apply
1,0.9019021739130435,17,41,0,0.3953488372093023,0.012846708297729492,0.5455689430236816
