num_events,utilization,reallocations,changes,failures,reallocated_prop,time_compute,time_apply
1,0.7181046195652174,14,13,0,0.5652173913043478,0.08819055557250977,4.665917634963989
