num_events,utilization,reallocations,changes,failures,reallocated_prop,time_compute,time_apply,time_enum,time_search,time_pp
1,1.0,19,41,0,0.05277777777777778,0.12990164756774902,0.5765776634216309,0.014735698699951172,0.10526108741760254,0.0099029541015625
