num_events,utilization,reallocations,changes,failures,reallocated_prop,time_compute,time_apply,time_enum,time_search,time_pp
1,1.0,13,16,0,0.3333333333333333,0.04004859924316406,0.5703754425048828,0.015102624893188477,0.01516103744506836,0.009783267974853516
