num_events,utilization,reallocations,changes,failures,reallocated_prop,time_compute,time_apply,time_enum,time_search,time_pp
1,1.0,14,20,0,0.4375,0.0671396255493164,0.5993978977203369,0.01285552978515625,0.04491543769836426,0.00936579704284668
