num_events,utilization,reallocations,changes,failures,reallocated_prop,time_compute,time_apply,time_enum,time_search,time_pp
1,0.7633152173913044,39,51,0,0.36792452830188677,0.013002395629882812,0.48366618156433105,0.000499725341796875,0.0031311511993408203,0.009369134902954102
