num_events,utilization,reallocations,changes,failures,reallocated_prop,time_compute,time_apply,time_enum,time_search,time_pp
1,0.09565217391304348,1,0,0,0.0,0.010556936264038086,0.10311341285705566,0.00010251998901367188,0.00075531005859375,0.009697437286376953
