num_events,utilization,reallocations,changes,failures,reallocated_prop,time_compute,time_apply,time_enum,time_search,time_pp
1,0.0,0,0,0,0.0,0.012453556060791016,0.04734301567077637,0.00016045570373535156,5.841255187988281e-05,0.012231826782226562
