num_events,utilization,reallocations,changes,failures,reallocated_prop,time_compute,time_apply,time_enum,time_search,time_pp
1,0.12282608695652174,1,0,0,0.0,0.11554789543151855,0.18247437477111816,0.01940464973449707,0.08657050132751465,0.009571075439453125
