num_events,utilization,reallocations,changes,failures,reallocated_prop,time_compute,time_apply,time_enum,time_search,time_pp
1,0.001358695652173913,1,0,0,0.0,0.07181882858276367,0.5734767913818359,8.58306884765625e-05,0.0001010894775390625,0.07162952423095703
