num_events,utilization,reallocations,changes,failures,reallocated_prop,time_compute,time_apply,time_enum,time_search,time_pp
1,0.9,2,2,0,0.16666666666666666,0.029999494552612305,0.565382719039917,0.015017271041870117,0.0051572322845458984,0.009823083877563477
