num_events,utilization,reallocations,changes,failures,reallocated_prop,time_compute,time_apply
1,0.9008152173913043,8,7,0,0.21212121212121213,0.010505437850952148,0.5573861598968506
