num_events,utilization,reallocations,changes,failures,reallocated_prop,time_compute,time_apply,time_enum,time_search,time_pp
1,0.7567934782608695,45,95,0,0.4639175257731959,0.012553930282592773,0.4895167350769043,0.0005002021789550781,0.0028679370880126953,0.009183883666992188
