num_events,utilization,reallocations,changes,failures,reallocated_prop,time_compute,time_apply,time_enum,time_search,time_pp
1,0.04619565217391304,1,0,0,0.0,0.037363290786743164,0.27314162254333496,3.528594970703125e-05,8.320808410644531e-05,0.03724217414855957
