num_events,utilization,reallocations,changes,failures,reallocated_prop,time_compute,time_apply,time_enum,time_search,time_pp
1,1.0,8,11,0,0.3076923076923077,0.03553175926208496,0.5785267353057861,0.015129566192626953,0.010786294937133789,0.009614229202270508
