num_events,utilization,reallocations,changes,failures,reallocated_prop,time_compute,time_apply,time_enum,time_search,time_pp
1,0.10597826086956522,1,0,0,0.0,0.0362398624420166,0.3263874053955078,2.9325485229492188e-05,0.0001437664031982422,0.03606438636779785
