num_events,utilization,reallocations,changes,failures,reallocated_prop,time_compute,time_apply,time_enum,time_search,time_pp
1,0.012228260869565218,1,0,0,0.0,0.07241964340209961,0.45319318771362305,3.314018249511719e-05,4.982948303222656e-05,0.07233500480651855
