num_events,utilization,reallocations,changes,failures,reallocated_prop,time_compute,time_apply,time_enum,time_search,time_pp
1,0.65,56,103,0,0.1396508728179551,0.018851280212402344,0.32945990562438965,0.0005090236663818359,0.00842595100402832,0.009914398193359375
