num_events,utilization,reallocations,changes,failures,reallocated_prop,time_compute,time_apply,time_enum,time_search,time_pp
1,1.0,3,4,0,0.25,0.031210899353027344,0.6053647994995117,0.014864683151245117,0.007095813751220703,0.009248971939086914
