num_events,utilization,reallocations,changes,failures,reallocated_prop,time_compute,time_apply,time_enum,time_search,time_pp
1,0.65,63,130,0,0.20388349514563106,0.01612567901611328,0.3258335590362549,0.0005052089691162109,0.006082773208618164,0.009535551071166992
