num_events,utilization,reallocations,changes,failures,reallocated_prop,time_compute,time_apply,time_enum,time_search,time_pp
1,1.0,17,38,0,0.3541666666666667,0.08894872665405273,0.6267211437225342,0.014580965042114258,0.06482243537902832,0.009542226791381836
