num_events,utilization,reallocations,changes,failures,reallocated_prop,time_compute,time_apply,time_enum,time_search,time_pp
1,0.17065217391304346,1,0,0,0.0,0.010177373886108398,0.12456941604614258,7.963180541992188e-05,0.001018524169921875,0.009078025817871094
