num_events,utilization,reallocations,changes,failures,reallocated_prop,time_compute,time_apply,time_enum,time_search,time_pp
1,0.3065217391304348,1,0,0,0.0,0.010965585708618164,0.1623702049255371,8.153915405273438e-05,0.0017859935760498047,0.009096622467041016
