num_events,utilization,reallocations,changes,failures,reallocated_prop,time_compute,time_apply,time_enum,time_search,time_pp
1,0.65,23,43,0,0.41818181818181815,0.01116943359375,0.29883551597595215,0.0004992485046386719,0.0014123916625976562,0.009256362915039062
