num_events,utilization,reallocations,changes,failures,reallocated_prop,time_compute,time_apply
1,0.7705163043478261,9,8,0,0.47058823529411764,0.0192716121673584,1.0303168296813965
