num_events,utilization,reallocations,changes,failures,reallocated_prop,time_compute,time_apply,time_enum,time_search,time_pp
1,0.65,17,31,0,0.4146341463414634,0.07459735870361328,2.4026644229888916,0.0005214214324951172,0.001150369644165039,0.07292342185974121
