num_events,utilization,reallocations,changes,failures,reallocated_prop,time_compute,time_apply,time_enum,time_search,time_pp
1,0.2728260869565217,1,0,0,0.0,0.011414766311645508,0.16000676155090332,0.00012230873107910156,0.0018210411071777344,0.009469270706176758
