num_events,utilization,reallocations,changes,failures,reallocated_prop,time_compute,time_apply,time_enum,time_search,time_pp
1,1.0,37,81,0,0.185,0.0834050178527832,0.5777673721313477,0.01506948471069336,0.058731794357299805,0.009601593017578125
