num_events,utilization,reallocations,changes,failures,reallocated_prop,time_compute,time_apply,time_enum,time_search,time_pp
1,1.0,46,76,0,0.12365591397849462,0.13214588165283203,0.5775721073150635,0.014847040176391602,0.10744214057922363,0.00985407829284668
