num_events,utilization,reallocations,changes,failures,reallocated_prop,time_compute,time_apply,time_enum,time_search,time_pp
1,0.029347826086956522,1,0,0,0.0,0.010061979293823242,0.08190393447875977,9.584426879882812e-05,0.00022721290588378906,0.009737253189086914
