num_events,utilization,reallocations,changes,failures,reallocated_prop,time_compute,time_apply,time_enum,time_search,time_pp
1,0.65,18,44,0,0.32142857142857145,0.07173514366149902,2.319047212600708,0.0005130767822265625,0.0014278888702392578,0.0697927474975586
