num_events,utilization,reallocations,changes,failures,reallocated_prop,time_compute,time_apply,time_enum,time_search,time_pp
1,0.0641304347826087,1,0,0,0.0,0.07429838180541992,0.15747475624084473,0.01832723617553711,0.046576499938964844,0.009392738342285156
