num_events,utilization,reallocations,changes,failures,reallocated_prop,time_compute,time_apply,time_enum
1,0.2608695652173913,1,0,0,0.0,0.009419918060302734,0.1748495101928711,0.00011229515075683594
