num_events,utilization,reallocations,changes,failures,reallocated_prop,time_compute,time_apply,time_enum,time_search,time_pp
1,0.4358695652173913,1,0,0,0.0,0.332918643951416,0.321990966796875,0.021792173385620117,0.3011760711669922,0.009947538375854492
