num_events,utilization,reallocations,changes,failures,reallocated_prop,time_compute,time_apply,time_enum,time_search,time_pp
1,0.4391304347826087,1,0,0,0.0,0.3237266540527344,0.32123565673828125,0.018214702606201172,0.29573988914489746,0.009769439697265625
