num_events,utilization,reallocations,changes,failures,reallocated_prop,time_compute,time_apply,time_enum,time_search,time_pp
1,0.65,89,173,0,0.26646706586826346,0.01720571517944336,0.3437833786010742,0.0005037784576416016,0.00686192512512207,0.009837865829467773
