num_events,utilization,reallocations,changes,failures,reallocated_prop,time_compute,time_apply,time_enum,time_search,time_pp
1,0.65,107,172,0,0.25176470588235295,0.01906585693359375,0.3383674621582031,0.0005090236663818359,0.008613348007202148,0.009942054748535156
