num_events,utilization,reallocations,changes,failures,reallocated_prop,time_compute,time_apply,time_enum,time_search,time_pp
1,1.0,85,153,0,0.2135678391959799,0.14638614654541016,0.5943162441253662,0.014853239059448242,0.11986112594604492,0.011668920516967773
