num_events,utilization,reallocations,changes,failures,reallocated_prop,time_compute,time_apply,time_enum,time_search,time_pp
1,0.01548913043478261,1,0,0,0.0,0.03676772117614746,0.2996699810028076,9.870529174804688e-05,0.0004451274871826172,0.03622245788574219
