num_events,utilization,reallocations,changes,failures,reallocated_prop,time_compute,time_apply
1,0.9057065217391305,16,36,0,0.42105263157894735,0.013544559478759766,0.5417232513427734
