num_events,utilization,reallocations,changes,failures,reallocated_prop,time_compute,time_apply,time_enum,time_search,time_pp
1,0.17065217391304346,1,0,0,0.0,0.14753007888793945,0.2029726505279541,0.01828789710998535,0.11965084075927734,0.009588956832885742
