num_events,utilization,reallocations,changes,failures,reallocated_prop,time_compute,time_apply,time_enum,time_search,time_pp
1,1.0,15,45,0,0.09615384615384616,0.07504606246948242,0.5743944644927979,0.014712333679199219,0.050457000732421875,0.009874343872070312
