num_events,utilization,reallocations,changes,failures,reallocated_prop,time_compute,time_apply,time_enum,time_search,time_pp
1,0.5760869565217391,1,0,0,0.0,0.06187105178833008,0.3711979389190674,0.013140439987182617,0.03926420211791992,0.00946354866027832
