num_events,utilization,reallocations,changes,failures,reallocated_prop,time_compute,time_apply,time_enum,time_search,time_pp
1,0.65,47,97,0,0.15562913907284767,0.01683330535888672,0.32462501525878906,0.0004971027374267578,0.0063741207122802734,0.009959936141967773
