num_events,utilization,reallocations,changes,failures,reallocated_prop,time_compute,time_apply
1,0.7217391304347827,13,14,0,0.7058823529411765,0.03710651397705078,1.9896042346954346
