num_events,utilization,reallocations,changes,failures,reallocated_prop,time_compute,time_apply,time_enum,time_search,time_pp
1,0.0,0,0,0,0.0,0.03558349609375,0.04315471649169922,0.021517276763916016,0.004761457443237305,0.009302377700805664
