num_events,utilization,reallocations,changes,failures,reallocated_prop,time_compute,time_apply,time_enum,time_search,time_pp
1,0.65,3,7,0,0.3333333333333333,0.07169818878173828,2.2855639457702637,0.0004963874816894531,0.0003845691680908203,0.0708150863647461
