num_events,utilization,reallocations,changes,failures,reallocated_prop,time_compute,time_apply,time_enum,time_search,time_pp
1,1.0,36,59,0,0.2748091603053435,0.10860610008239746,0.6361720561981201,0.014574050903320312,0.08437848091125488,0.009650945663452148
