num_events,utilization,reallocations,changes,failures,reallocated_prop,time_compute,time_apply,time_enum,time_search,time_pp
1,0.09565217391304348,1,0,0,0.0,0.01033639907836914,0.10476088523864746,9.799003601074219e-05,0.0007162094116210938,0.00952005386352539
