num_events,utilization,reallocations,changes,failures,reallocated_prop,time_compute,time_apply,time_enum,time_search,time_pp
1,1.0,27,49,0,0.35526315789473684,0.08971452713012695,0.6333835124969482,0.014799118041992188,0.06526851654052734,0.009644508361816406
