num_events,utilization,reallocations,changes,failures,reallocated_prop,time_compute,time_apply,time_enum,time_search,time_pp
1,0.11956521739130435,1,0,0,0.0,0.07080817222595215,0.6797380447387695,3.4809112548828125e-05,0.0003790855407714844,0.07039093971252441
