num_events,utilization,reallocations,changes,failures,reallocated_prop,time_compute,time_apply,time_enum,time_search,time_pp
1,0.7633152173913044,45,64,0,0.5294117647058824,0.013176441192626953,0.48043251037597656,0.0005409717559814453,0.0029747486114501953,0.009658336639404297
