num_events,utilization,reallocations,changes,failures,reallocated_prop,time_compute,time_apply,time_enum,time_search,time_pp
1,0.65,59,142,0,0.3241758241758242,0.017429828643798828,0.3868529796600342,0.0006852149963378906,0.00408625602722168,0.012655973434448242
