num_events,utilization,reallocations,changes,failures,reallocated_prop,time_compute,time_apply,time_enum,time_search,time_pp
1,1.0,85,153,0,0.2135678391959799,0.1388249397277832,0.5962064266204834,0.014652013778686523,0.11426997184753418,0.009900569915771484
