num_events,utilization,reallocations,changes,failures,reallocated_prop,time_compute,time_apply,time_enum,time_search,time_pp
1,0.65,134,255,0,0.28270042194092826,0.02158355712890625,0.3952977657318115,0.0007007122039794922,0.009468555450439453,0.01141214370727539
