num_events,utilization,reallocations,changes,failures,reallocated_prop,time_compute,time_apply,time_enum,time_search,time_pp
1,0.65,17,41,0,0.3333333333333333,0.019855022430419922,0.6002018451690674,0.0004935264587402344,0.001360177993774414,0.01799941062927246
