num_events,utilization,reallocations,changes,failures,reallocated_prop,time_compute,time_apply,time_enum,time_search,time_pp
1,0.013315217391304347,1,0,0,0.0,0.07478451728820801,0.6193790435791016,9.989738464355469e-05,0.0007815361022949219,0.07390165328979492
