num_events,utilization,reallocations,changes,failures,reallocated_prop,time_compute,time_apply,time_enum,time_search,time_pp
1,0.65,32,57,0,0.32989690721649484,0.02121567726135254,0.6293244361877441,0.0005331039428710938,0.002391338348388672,0.01828932762145996
