num_events,utilization,reallocations,changes,failures,reallocated_prop,time_compute,time_apply,time_enum,time_search,time_pp
1,0.10326086956521739,1,0,0,0.0,0.012349605560302734,0.1279430389404297,0.0001232624053955078,0.0007488727569580078,0.011475801467895508
