num_events,utilization,reallocations,changes,failures,reallocated_prop,time_compute,time_apply,time_enum,time_search,time_pp
1,0.65,31,57,0,0.37349397590361444,0.014614582061767578,0.3723435401916504,0.0006971359252929688,0.002002239227294922,0.011913776397705078
