num_events,utilization,reallocations,changes,failures,reallocated_prop,time_compute,time_apply,time_enum,time_search,time_pp
1,0.7567934782608695,26,51,0,0.45614035087719296,0.012164115905761719,0.48015403747558594,0.0005431175231933594,0.002246856689453125,0.009372472763061523
