num_events,utilization,reallocations,changes,failures,reallocated_prop,time_compute,time_apply,time_enum,time_search,time_pp
1,0.65,11,27,0,0.3142857142857143,0.03725409507751465,1.197627067565918,0.0005080699920654297,0.0009887218475341797,0.03575468063354492
