num_events,utilization,reallocations,changes,failures,reallocated_prop,time_compute,time_apply,time_enum,time_search,time_pp
1,0.23695652173913043,1,0,0,0.0,0.011112213134765625,0.14868688583374023,9.608268737792969e-05,0.0015349388122558594,0.009479761123657227
