num_events,utilization,reallocations,changes,failures,reallocated_prop,time_compute,time_apply,time_enum,time_search,time_pp
1,0.007880434782608695,1,0,0,0.0,0.07701539993286133,0.6039948463439941,0.0001049041748046875,0.0004832744598388672,0.07642483711242676
