num_events,utilization,reallocations,changes,failures,reallocated_prop,time_compute,time_apply,time_enum,time_search,time_pp
1,0.22826086956521738,1,0,0,0.0,0.01116800308227539,0.1458570957183838,9.369850158691406e-05,0.0015857219696044922,0.009486913681030273
