num_events,utilization,reallocations,changes,failures,reallocated_prop,time_compute,time_apply
1,0.7932065217391304,8,14,0,0.42105263157894735,0.01190638542175293,0.5039734840393066
