num_events,utilization,reallocations,changes,failures,reallocated_prop,time_compute,time_apply,time_enum,time_search,time_pp
1,0.22717391304347825,1,0,0,0.0,0.19052839279174805,0.23534941673278809,0.018442869186401367,0.16239237785339355,0.00969076156616211
