num_events,utilization,reallocations,changes,failures,reallocated_prop,time_compute,time_apply,time_enum,time_search,time_pp
1,1.0,5,7,0,0.5,0.0386662483215332,0.5977096557617188,0.012776374816894531,0.016715049743652344,0.009172677993774414
