num_events,utilization,reallocations,changes,failures,reallocated_prop,time_compute,time_apply,time_enum,time_search,time_pp
1,1.0,41,120,0,0.15185185185185185,0.10499000549316406,0.591623067855835,0.014679193496704102,0.08052992820739746,0.009778976440429688
