num_events,utilization,reallocations,changes,failures,reallocated_prop,time_compute,time_apply,time_enum,time_search,time_pp
1,0.21467391304347827,1,0,0,0.0,0.037116050720214844,0.45043373107910156,3.337860107421875e-05,0.0003235340118408203,0.03675723075866699
