num_events,utilization,reallocations,changes,failures,reallocated_prop,time_compute,time_apply
1,0.8614130434782609,17,18,0,0.7619047619047619,0.009374856948852539,0.5233204364776611
