num_events,utilization,reallocations,changes,failures,reallocated_prop,time_compute,time_apply,time_enum,time_search,time_pp
1,0.65,30,54,0,0.3409090909090909,0.012287378311157227,0.3145589828491211,0.0005061626434326172,0.0021004676818847656,0.009677886962890625
