num_events,utilization,reallocations,changes,failures,reallocated_prop,time_compute,time_apply,time_enum,time_search,time_pp
1,0.65,7,17,0,0.30434782608695654,0.036739349365234375,1.2124481201171875,0.0004916191101074219,0.0007600784301757812,0.035486459732055664
