num_events,utilization,reallocations,changes,failures,reallocated_prop,time_compute,time_apply,time_enum,time_search,time_pp
1,1.0,9,27,0,0.025210084033613446,0.12718844413757324,0.5893774032592773,0.014644145965576172,0.10259270668029785,0.009949445724487305
