num_events,utilization,reallocations,changes,failures,reallocated_prop,time_compute,time_apply,time_enum,time_search,time_pp
1,0.65,32,60,0,0.4266666666666667,0.020903348922729492,0.6105608940124512,0.0004904270172119141,0.0019185543060302734,0.01849198341369629
