num_events,utilization,reallocations,changes,failures,reallocated_prop,time_compute,time_apply,time_enum,time_search,time_pp
1,0.65,4,7,0,0.4,0.036984920501708984,1.1954383850097656,0.0005350112915039062,0.0004894733428955078,0.035958290100097656
