num_events,utilization,reallocations,changes,failures,reallocated_prop,time_compute,time_apply,time_enum,time_search,time_pp
1,0.03695652173913044,1,0,0,0.0,0.019162893295288086,0.16689062118530273,9.870529174804688e-05,0.0005562305450439453,0.01850605010986328
