num_events,utilization,reallocations,changes,failures,reallocated_prop,time_compute,time_apply
1,0.8095108695652173,10,11,0,0.8181818181818182,0.009493112564086914,0.5285682678222656
