num_events,utilization,reallocations,changes,failures,reallocated_prop,time_compute,time_apply,time_enum,time_search,time_pp
1,0.016304347826086956,1,0,0,0.0,0.010102272033691406,0.08005189895629883,0.00011205673217773438,0.00015544891357421875,0.009832620620727539
