num_events,utilization,reallocations,changes,failures,reallocated_prop,time_compute,time_apply,time_enum,time_search,time_pp
1,1.0,25,56,0,0.2976190476190476,0.0975348949432373,0.6335122585296631,0.014467716217041016,0.0735938549041748,0.009470701217651367
