num_events,utilization,reallocations,changes,failures,reallocated_prop,time_compute,time_apply,time_enum,time_search,time_pp
1,0.65,8,14,0,0.42105263157894735,0.01854228973388672,0.5845930576324463,0.0004169940948486328,0.0005640983581542969,0.017559528350830078
