num_events,utilization,reallocations,changes,failures,reallocated_prop,time_compute,time_apply,time_enum,time_search,time_pp
1,0.7567934782608695,38,49,0,0.3114754098360656,0.013695001602172852,0.4714365005493164,0.0005428791046142578,0.0034685134887695312,0.009681940078735352
