num_events,utilization,reallocations,changes,failures,reallocated_prop,time_compute,time_apply,time_enum,time_search,time_pp
1,1.0,85,153,0,0.1827956989247312,0.1548779010772705,0.5878691673278809,0.01487421989440918,0.13002490997314453,0.009976625442504883
