num_events,utilization,reallocations,changes,failures,reallocated_prop,time_compute,time_apply,time_enum,time_search,time_pp
1,0.65,32,60,0,0.4266666666666667,0.02167797088623047,0.6107029914855957,0.0004990100860595703,0.0020172595977783203,0.019159317016601562
