num_events,utilization,reallocations,changes,failures,reallocated_prop,time_compute,time_apply,time_enum,time_search,time_pp
1,0.39021739130434785,1,0,0,0.0,0.2954690456390381,0.30228447914123535,0.01819467544555664,0.26741504669189453,0.009856462478637695
