num_events,utilization,reallocations,changes,failures,reallocated_prop,time_compute,time_apply,time_enum,time_search,time_pp
1,1.0,10,27,0,0.15873015873015872,0.045073509216308594,0.5692434310913086,0.014792442321777344,0.020926952362060547,0.00935220718383789
