num_events,utilization,reallocations,changes,failures,reallocated_prop,time_compute,time_apply,time_enum,time_search,time_pp
1,1.0,40,76,0,0.36036036036036034,0.09365224838256836,0.6373240947723389,0.015066862106323242,0.06912636756896973,0.009456157684326172
