num_events,utilization,reallocations,changes,failures,reallocated_prop,time_compute,time_apply,time_enum,time_search,time_pp
1,0.16385869565217392,1,0,0,0.0,0.0295259952545166,0.2647712230682373,0.01390981674194336,0.005517005920410156,0.010096073150634766
