num_events,utilization,reallocations,changes,failures,reallocated_prop,time_compute,time_apply
1,0.8047554347826087,17,17,0,0.47058823529411764,0.019289255142211914,1.0578172206878662
