num_events,utilization,reallocations,changes,failures,reallocated_prop,time_compute,time_apply,time_enum,time_search,time_pp
1,1.0,16,36,0,0.19753086419753085,0.04987621307373047,0.5689737796783447,0.01468348503112793,0.02557516098022461,0.009615421295166016
