num_events,utilization,reallocations,changes,failures,reallocated_prop,time_compute,time_apply,time_enum,time_search,time_pp
1,0.65,23,43,0,0.41818181818181815,0.07409834861755371,2.4083080291748047,0.0005326271057128906,0.0014445781707763672,0.07211780548095703
