num_events,utilization,reallocations,changes,failures,reallocated_prop,time_compute,time_apply,time_enum,time_search,time_pp
1,0.6934103260869565,15,14,0,0.4827586206896552,0.03644871711730957,1.8286006450653076,9.894371032714844e-05,0.0006215572357177734,0.035726308822631836
