num_events,utilization,reallocations,changes,failures,reallocated_prop,time_compute,time_apply,time_enum,time_search,time_pp
1,0.6599184782608696,5,4,0,0.5,0.0355379581451416,1.7943217754364014,9.775161743164062e-05,0.00017333030700683594,0.035265207290649414
