num_events,utilization,reallocations,changes,failures,reallocated_prop,time_compute,time_apply,time_enum,time_search,time_pp
1,0.009782608695652175,1,0,0,0.0,0.036565303802490234,0.29293107986450195,9.870529174804688e-05,0.0002987384796142578,0.03616642951965332
