num_events,utilization,reallocations,changes,failures,reallocated_prop,time_compute,time_apply,time_enum,time_search,time_pp
1,0.3347826086956522,1,0,0,0.0,0.011900186538696289,0.18087530136108398,9.465217590332031e-05,0.0021190643310546875,0.00968480110168457
