num_events,utilization,reallocations,changes,failures,reallocated_prop,time_compute,time_apply,time_enum,time_search,time_pp
1,0.28043478260869564,1,0,0,0.0,0.23140263557434082,0.26117777824401855,0.018293380737304688,0.2030332088470459,0.010074138641357422
