num_events,utilization,reallocations,changes,failures,reallocated_prop,time_compute,time_apply,time_enum,time_search,time_pp
1,0.051086956521739134,1,0,0,0.0,0.009848833084106445,0.08968329429626465,9.489059448242188e-05,0.0003764629364013672,0.009375810623168945
