num_events,utilization,reallocations,changes,failures,reallocated_prop,time_compute,time_apply,time_enum,time_search,time_pp
1,0.028804347826086957,1,0,0,0.0,0.018777847290039062,0.16112709045410156,9.703636169433594e-05,0.0004279613494873047,0.01825118064880371
