num_events,utilization,reallocations,changes,failures,reallocated_prop,time_compute,time_apply
1,0.7668478260869566,6,5,0,0.45454545454545453,0.010367631912231445,0.5241847038269043
