num_events,utilization,reallocations,changes,failures,reallocated_prop,time_compute,time_apply,time_enum,time_search,time_pp
1,0.65,20,38,0,0.4166666666666667,0.03544211387634277,1.1490375995635986,0.0005047321319580078,0.0011105537414550781,0.033824920654296875
