num_events,utilization,reallocations,changes,failures,reallocated_prop,time_compute,time_apply,time_enum,time_search,time_pp
1,0.7633152173913044,18,27,0,0.23076923076923078,0.012269020080566406,0.48200297355651855,0.0004904270172119141,0.002553224563598633,0.009223222732543945
