num_events,utilization,reallocations,changes,failures,reallocated_prop,time_compute,time_apply,time_enum,time_search,time_pp
1,1.0,26,38,0,0.3023255813953488,0.05221366882324219,0.5960783958435059,0.014843463897705078,0.027895212173461914,0.009473562240600586
