num_events,utilization,reallocations,changes,failures,reallocated_prop,time_compute,time_apply,time_enum,time_search,time_pp
1,1.0,23,40,0,0.25,0.054274797439575195,0.5692713260650635,0.014769792556762695,0.02998495101928711,0.009518861770629883
