num_events,utilization,reallocations,changes,failures,reallocated_prop,time_compute,time_apply,time_enum,time_search,time_pp
1,0.1282608695652174,1,0,0,0.0,0.011345863342285156,0.12121152877807617,0.00010156631469726562,0.0009527206420898438,0.010289669036865234
