num_events,utilization,reallocations,changes,failures,reallocated_prop,time_compute,time_apply,time_enum,time_search,time_pp
1,0.6541779891304348,5,4,0,0.4444444444444444,0.07016444206237793,3.3909850120544434,8.535385131835938e-05,0.00021338462829589844,0.06986331939697266
