num_events,utilization,reallocations,changes,failures,reallocated_prop,time_compute,time_apply,time_enum,time_search,time_pp
1,0.65,47,97,0,0.15562913907284767,0.01649928092956543,0.32420849800109863,0.0005147457122802734,0.006256580352783203,0.00972604751586914
