num_events,utilization,reallocations,changes,failures,reallocated_prop,time_compute,time_apply,time_enum,time_search,time_pp
1,1.0,33,57,0,0.3235294117647059,0.09435582160949707,0.6441559791564941,0.014764785766601562,0.06993460655212402,0.009653806686401367
