num_events,utilization,reallocations,changes,failures,reallocated_prop,time_compute,time_apply,time_enum
1,0.05434782608695652,1,0,0,0.0,0.03610730171203613,0.14992403984069824,0.01812291145324707
