num_events,utilization,reallocations,changes,failures,reallocated_prop,time_compute,time_apply,time_enum,time_search,time_pp
1,0.022282608695652174,1,0,0,0.0,0.020848989486694336,0.17466163635253906,8.440017700195312e-05,0.00029206275939941406,0.020470857620239258
