num_events,utilization,reallocations,changes,failures,reallocated_prop,time_compute,time_apply,time_enum,time_search,time_pp
1,0.7144021739130435,8,7,0,0.3684210526315789,0.019118070602416992,0.9346551895141602,9.703636169433594e-05,0.0004477500915527344,0.018571138381958008
