num_events,utilization,reallocations,changes,failures,reallocated_prop,time_compute,time_apply,time_enum,time_search,time_pp
1,0.7567934782608695,25,42,0,0.3787878787878788,0.01210474967956543,0.4625227451324463,0.0005013942718505859,0.0023081302642822266,0.009293079376220703
