num_events,utilization,reallocations,changes,failures,reallocated_prop,time_compute,time_apply
1,0.7403532608695652,18,20,0,0.8095238095238095,0.03853297233581543,2.0193684101104736
