num_events,utilization,reallocations,changes,failures,reallocated_prop,time_compute,time_apply,time_enum,time_search,time_pp
1,0.016304347826086956,1,0,0,0.0,0.010517120361328125,0.08103537559509277,0.00010251998901367188,0.00016951560974121094,0.010226964950561523
