num_events,utilization,reallocations,changes,failures,reallocated_prop,time_compute,time_apply,time_enum,time_search,time_pp
1,0.2619565217391304,1,0,0,0.0,0.011505842208862305,0.1558246612548828,9.34600830078125e-05,0.0016825199127197266,0.009728670120239258
