num_events,utilization,reallocations,changes,failures,reallocated_prop,time_compute,time_apply,time_enum,time_search,time_pp
1,0.011956521739130435,1,0,0,0.0,0.04027748107910156,0.13747215270996094,0.018182754516601562,0.012859821319580078,0.009233236312866211
