num_events,utilization,reallocations,changes,failures,reallocated_prop,time_compute,time_apply
1,0.7567934782608695,4,4,0,0.5714285714285714,0.010670900344848633,0.4799509048461914
