num_events,utilization,reallocations,changes,failures,reallocated_prop,time_compute,time_apply,time_enum,time_search,time_pp
1,0.6629755434782608,2,5,0,0.2857142857142857,0.03871607780456543,1.7916858196258545,0.0005061626434326172,0.0007002353668212891,0.037508249282836914
