num_events,utilization,reallocations,changes,failures,reallocated_prop,time_compute,time_apply,time_enum,time_search,time_pp
1,0.7364130434782609,7,6,0,0.35294117647058826,0.009192466735839844,0.4584536552429199,3.409385681152344e-05,0.00011444091796875,0.00904226303100586
