num_events,utilization,reallocations,changes,failures,reallocated_prop,time_compute,time_apply,time_enum,time_search,time_pp
1,0.65,40,91,0,0.29850746268656714,0.013201475143432617,0.328432559967041,0.0005125999450683594,0.00299072265625,0.009696006774902344
