num_events,utilization,reallocations,changes,failures,reallocated_prop,time_compute,time_apply,time_enum,time_search,time_pp
1,0.7567934782608695,32,62,0,0.5925925925925926,0.012885808944702148,0.482696533203125,0.0005393028259277344,0.0021288394927978516,0.010215520858764648
