num_events,utilization,reallocations,changes,failures,reallocated_prop,time_compute,time_apply,time_enum,time_search,time_pp
1,0.5,1,0,0,0.0,0.05716276168823242,0.31866455078125,0.012973785400390625,0.034543514251708984,0.009642362594604492
