num_events,utilization,reallocations,changes,failures,reallocated_prop,time_compute,time_apply,time_enum,time_search,time_pp
1,1.0,14,17,0,0.358974358974359,0.10311007499694824,0.6036076545715332,0.01851654052734375,0.0752267837524414,0.009364843368530273
