num_events,utilization,reallocations,changes,failures,reallocated_prop,time_compute,time_apply
1,0.7391304347826086,12,11,0,0.5789473684210527,0.038015127182006836,2.0426807403564453
