num_events,utilization,reallocations,changes,failures,reallocated_prop,time_compute,time_apply,time_enum,time_search,time_pp
1,0.65,108,207,0,0.23580786026200873,0.019467592239379883,0.33275294303894043,0.0005061626434326172,0.009275674819946289,0.009683609008789062
