num_events,utilization,reallocations,changes,failures,reallocated_prop,time_compute,time_apply,time_enum,time_search,time_pp
1,1.0,31,43,0,0.31313131313131315,0.055910348892211914,0.5776152610778809,0.01472330093383789,0.031702280044555664,0.009483575820922852
