num_events,utilization,reallocations,changes,failures,reallocated_prop,time_compute,time_apply,time_enum,time_search,time_pp
1,0.11548913043478261,1,0,0,0.0,0.07145071029663086,0.6800374984741211,3.0517578125e-05,0.00030612945556640625,0.07111191749572754
