num_events,utilization,reallocations,changes,failures,reallocated_prop,time_compute,time_apply,time_enum,time_search,time_pp
1,0.007608695652173913,1,0,0,0.0,0.01035618782043457,0.08136987686157227,0.00011420249938964844,9.465217590332031e-05,0.010145902633666992
