num_events,utilization,reallocations,changes,failures,reallocated_prop,time_compute,time_apply,time_enum,time_search,time_pp
1,0.722554347826087,9,9,0,0.4,0.009509086608886719,0.48163390159606934,3.3855438232421875e-05,0.00010251998901367188,0.009370803833007812
