num_events,utilization,reallocations,changes,failures,reallocated_prop,time_compute,time_apply,time_enum,time_search,time_pp
1,0.7567934782608695,39,52,0,0.2532467532467532,0.013941526412963867,0.4832491874694824,0.0004971027374267578,0.0040874481201171875,0.009355545043945312
