num_events,utilization,reallocations,changes,failures,reallocated_prop,time_compute,time_apply
1,0.9057065217391305,39,87,0,0.32231404958677684,0.015633106231689453,0.5868334770202637
