num_events,utilization,reallocations,changes,failures,reallocated_prop,time_compute,time_apply,time_enum,time_search,time_pp
1,0.65,19,36,0,0.40425531914893614,0.010871410369873047,0.29851865768432617,0.000499725341796875,0.0012927055358886719,0.009077072143554688
