num_events,utilization,reallocations,changes,failures,reallocated_prop,time_compute,time_apply,time_enum,time_search,time_pp
1,1.0,49,108,0,0.2024793388429752,0.09626054763793945,0.5929906368255615,0.014698028564453125,0.07182884216308594,0.009731769561767578
