num_events,utilization,reallocations,changes,failures,reallocated_prop,time_compute,time_apply,time_enum,time_search,time_pp
1,0.65,79,153,0,0.30038022813688214,0.015844345092773438,0.3303720951080322,0.0005040168762207031,0.0055310726165771484,0.009807109832763672
