num_events,utilization,reallocations,changes,failures,reallocated_prop,time_compute,time_apply,time_enum,time_search,time_pp
1,0.014673913043478261,1,0,0,0.0,0.020302772521972656,0.17416024208068848,8.416175842285156e-05,0.000202178955078125,0.020014047622680664
