num_events,utilization,reallocations,changes,failures,reallocated_prop,time_compute,time_apply
1,0.9059782608695652,36,67,0,0.2748091603053435,0.015667200088500977,0.5554373264312744
