num_events,utilization,reallocations,changes,failures,reallocated_prop,time_compute,time_apply,time_enum,time_search,time_pp
1,0.002717391304347826,1,0,0,0.0,0.0747065544128418,0.5972590446472168,0.00010824203491210938,0.00018668174743652344,0.07440924644470215
