num_events,utilization,reallocations,changes,failures,reallocated_prop,time_compute,time_apply,time_enum,time_search,time_pp
1,0.7244565217391304,8,7,0,0.4666666666666667,0.00860905647277832,0.4411787986755371,2.9325485229492188e-05,8.416175842285156e-05,0.008493661880493164
