num_events,utilization,reallocations,changes,failures,reallocated_prop,time_compute,time_apply,time_enum,time_search,time_pp
1,0.7633152173913044,28,66,0,0.4745762711864407,0.012019157409667969,0.4862861633300781,0.0005083084106445312,0.0021953582763671875,0.009313344955444336
