num_events,utilization,reallocations,changes,failures,reallocated_prop,time_compute,time_apply,time_enum,time_search,time_pp
1,0.16956521739130434,1,0,0,0.0,0.14256644248962402,0.19710707664489746,0.017487049102783203,0.11581063270568848,0.00926661491394043
