num_events,utilization,reallocations,changes,failures,reallocated_prop,time_compute,time_apply,time_enum,time_search,time_pp
1,0.05326086956521739,1,0,0,0.0,0.01876544952392578,0.17518067359924316,8.344650268554688e-05,0.0006635189056396484,0.018016815185546875
