num_events,utilization,reallocations,changes,failures,reallocated_prop,time_compute,time_apply,time_enum,time_search,time_pp
1,1.0,53,156,0,0.150997150997151,0.1256396770477295,0.6036500930786133,0.014593362808227539,0.1012415885925293,0.00980234146118164
