num_events,utilization,reallocations,changes,failures,reallocated_prop,time_compute,time_apply,time_enum,time_search,time_pp
1,0.55,2,2,0,0.2,0.03738093376159668,1.0502290725708008,0.0004951953887939453,0.0003333091735839844,0.036550045013427734
