num_events,utilization,reallocations,changes,failures,reallocated_prop,time_compute,time_apply,time_enum,time_search,time_pp
1,0.03804347826086957,1,0,0,0.0,0.012300252914428711,0.10374855995178223,0.00013256072998046875,0.0003077983856201172,0.01185750961303711
