num_events,utilization,reallocations,changes,failures,reallocated_prop,time_compute,time_apply,time_enum
1,0.44565217391304346,1,0,0,0.0,0.009961843490600586,0.23552966117858887,0.00011348724365234375
