num_events,utilization,reallocations,changes,failures,reallocated_prop,time_compute,time_apply,time_enum,time_search,time_pp
1,1.0,5,6,0,0.5555555555555556,0.038355112075805664,0.5956497192382812,0.012646198272705078,0.016509294509887695,0.009197473526000977
