num_events,utilization,reallocations,changes,failures,reallocated_prop,time_compute,time_apply
1,0.9146739130434782,22,54,0,0.4074074074074074,0.01276254653930664,0.5595829486846924
