num_events,utilization,reallocations,changes,failures,reallocated_prop,time_compute,time_apply,time_enum,time_search,time_pp
1,1.0,39,54,0,0.24528301886792453,0.072509765625,0.5723931789398193,0.014796733856201172,0.047867536544799805,0.009843111038208008
