num_events,utilization,reallocations,changes,failures,reallocated_prop,time_compute,time_apply
1,0.8972826086956521,24,60,0,0.39344262295081966,0.014025449752807617,0.5596935749053955
