num_events,utilization,reallocations,changes,failures,reallocated_prop,time_compute,time_apply
1,0.9059782608695652,21,51,0,0.4117647058823529,0.013792276382446289,0.5702612400054932
