num_events,utilization,reallocations,changes,failures,reallocated_prop,time_compute,time_apply
1,0.9059782608695652,17,25,0,0.37777777777777777,0.013666868209838867,0.5450146198272705
