num_events,utilization,reallocations,changes,failures,reallocated_prop,time_compute,time_apply,time_enum,time_search,time_pp
1,0.043478260869565216,1,0,0,0.0,0.07149505615234375,0.515629768371582,3.457069396972656e-05,0.00014519691467285156,0.07131242752075195
