num_events,utilization,reallocations,changes,failures,reallocated_prop,time_compute,time_apply,time_enum,time_search,time_pp
1,0.03804347826086957,1,0,0,0.0,0.08501505851745605,0.5984644889831543,4.0531158447265625e-05,0.000125885009765625,0.08484649658203125
