num_events,utilization,reallocations,changes,failures,reallocated_prop,time_compute,time_apply,time_enum,time_search,time_pp
1,0.025271739130434782,1,0,0,0.0,0.037947654724121094,0.319166898727417,9.870529174804688e-05,0.0007534027099609375,0.037093162536621094
