num_events,utilization,reallocations,changes,failures,reallocated_prop,time_compute,time_apply,time_enum,time_search,time_pp
1,0.5380434782608695,1,0,0,0.0,0.3903629779815674,0.3668375015258789,0.01835465431213379,0.36168670654296875,0.010318756103515625
