num_events,utilization,reallocations,changes,failures,reallocated_prop,time_compute,time_apply,time_enum,time_search,time_pp
1,0.04076086956521739,1,0,0,0.0,0.018581628799438477,0.16855621337890625,8.487701416015625e-05,0.0005042552947998047,0.017991304397583008
