num_events,utilization,reallocations,changes,failures,reallocated_prop,time_compute,time_apply
1,0.7379755434782609,8,12,0,0.4444444444444444,0.042496442794799805,2.032151460647583
