num_events,utilization,reallocations,changes,failures,reallocated_prop,time_compute,time_apply,time_enum,time_search,time_pp
1,0.2358695652173913,1,0,0,0.0,0.010472297668457031,0.1392366886138916,8.058547973632812e-05,0.0013687610626220703,0.00902104377746582
