num_events,utilization,reallocations,changes,failures,reallocated_prop,time_compute,time_apply
1,0.8019021739130435,12,12,0,0.6470588235294118,0.009435892105102539,0.500568151473999
