num_events,utilization,reallocations,changes,failures,reallocated_prop,time_compute,time_apply,time_enum,time_search,time_pp
1,1.0,33,99,0,0.0744920993227991,0.14710283279418945,0.5650663375854492,0.013074398040771484,0.12451624870300293,0.009510278701782227
