num_events,utilization,reallocations,changes,failures,reallocated_prop,time_compute,time_apply,time_enum,time_search,time_pp
1,1.0,49,108,0,0.2024793388429752,0.09683990478515625,0.5912811756134033,0.014549732208251953,0.07269811630249023,0.009589910507202148
