num_events,utilization,reallocations,changes,failures,reallocated_prop,time_compute,time_apply,time_enum,time_search,time_pp
1,0.04021739130434782,1,0,0,0.0,0.06491208076477051,0.14947223663330078,0.02267169952392578,0.03256726264953613,0.00967097282409668
