num_events,utilization,reallocations,changes,failures,reallocated_prop,time_compute,time_apply,time_enum,time_search,time_pp
1,1.0,36,79,0,0.1925133689839572,0.0819711685180664,0.5760393142700195,0.014917135238647461,0.057372331619262695,0.009679555892944336
