num_events,utilization,reallocations,changes,failures,reallocated_prop,time_compute,time_apply,time_enum,time_search,time_pp
1,1.0,2,5,0,0.15384615384615385,0.03126645088195801,0.5930845737457275,0.014894247055053711,0.0070035457611083984,0.00936746597290039
