num_events,utilization,reallocations,changes,failures,reallocated_prop,time_compute,time_apply,time_enum,time_search,time_pp
1,1.0,31,75,0,0.22794117647058823,0.12285614013671875,0.6530990600585938,0.014519453048706055,0.09875130653381348,0.009582996368408203
