num_events,utilization,reallocations,changes,failures,reallocated_prop,time_compute,time_apply,time_enum,time_search,time_pp
1,0.5065217391304347,1,0,0,0.0,0.36818599700927734,0.3516535758972168,0.018277645111083984,0.33992671966552734,0.009979009628295898
