num_events,utilization,reallocations,changes,failures,reallocated_prop,time_compute,time_apply,time_enum
1,0.33695652173913043,1,0,0,0.0,0.010653018951416016,0.21665406227111816,0.0001423358917236328
