num_events,utilization,reallocations,changes,failures,reallocated_prop,time_compute,time_apply,time_enum,time_search,time_pp
1,0.65,25,46,0,0.423728813559322,0.011645317077636719,0.31270718574523926,0.0005433559417724609,0.001520395278930664,0.009579658508300781
