num_events,utilization,reallocations,changes,failures,reallocated_prop,time_compute,time_apply,time_enum,time_search,time_pp
1,1.0,4,9,0,0.19047619047619047,0.030759811401367188,0.5477299690246582,0.013277769088745117,0.008644342422485352,0.008836507797241211
