num_events,utilization,reallocations,changes,failures,reallocated_prop,time_compute,time_apply
1,0.7989130434782609,6,9,0,0.42857142857142855,0.011799097061157227,0.5075640678405762
