num_events,utilization,reallocations,changes,failures,reallocated_prop,time_compute,time_apply,time_enum,time_search,time_pp
1,1.0,25,34,0,0.06963788300835655,0.12713170051574707,0.5714809894561768,0.014685392379760742,0.10275721549987793,0.009686946868896484
