num_events,utilization,reallocations,changes,failures,reallocated_prop,time_compute,time_apply,time_enum
1,0.4673913043478261,1,0,0,0.0,0.01031947135925293,0.2587893009185791,0.00013303756713867188
