num_events,utilization,reallocations,changes,failures,reallocated_prop,time_compute,time_apply,time_enum,time_search,time_pp
1,1.0,7,21,0,0.02258064516129032,0.11532282829284668,0.575969934463501,0.014694452285766602,0.09066319465637207,0.009963035583496094
