num_events,utilization,reallocations,changes,failures,reallocated_prop,time_compute,time_apply,time_enum,time_search,time_pp
1,0.42391304347826086,1,0,0,0.0,0.3163602352142334,0.3150606155395508,0.01854991912841797,0.2878735065460205,0.009934425354003906
