num_events,utilization,reallocations,changes,failures,reallocated_prop,time_compute,time_apply
1,0.7206521739130435,4,5,0,0.4444444444444444,0.019391775131225586,0.9382615089416504
