num_events,utilization,reallocations,changes,failures,reallocated_prop,time_compute,time_apply,time_enum,time_search,time_pp
1,0.6959239130434782,3,2,0,0.2,0.009722471237182617,0.4499483108520508,9.679794311523438e-05,0.0001926422119140625,0.009430885314941406
