num_events,utilization,reallocations,changes,failures,reallocated_prop,time_compute,time_apply,time_enum,time_search,time_pp
1,0.058695652173913045,1,0,0,0.0,0.010331392288208008,0.09483861923217773,0.00010633468627929688,0.0004534721374511719,0.009769201278686523
