num_events,utilization,reallocations,changes,failures,reallocated_prop,time_compute,time_apply,time_enum,time_search,time_pp
1,1.0,16,22,0,0.3902439024390244,0.07915711402893066,0.5910778045654297,0.012161493301391602,0.05806159973144531,0.008931636810302734
