num_events,utilization,reallocations,changes,failures,reallocated_prop,time_compute,time_apply,time_enum,time_search,time_pp
1,1.0,6,15,0,0.16666666666666666,0.037735700607299805,0.5673995018005371,0.014810323715209961,0.013588905334472656,0.00933527946472168
