num_events,utilization,reallocations,changes,failures,reallocated_prop,time_compute,time_apply,time_enum,time_search,time_pp
1,0.65,10,19,0,0.38461538461538464,0.01938652992248535,0.5971279144287109,0.0004973411560058594,0.0008370876312255859,0.018050670623779297
