num_events,utilization,reallocations,changes,failures,reallocated_prop,time_compute,time_apply,time_enum,time_search,time_pp
1,0.7633152173913044,33,57,0,0.20625,0.014169454574584961,0.48046088218688965,0.0004980564117431641,0.004274606704711914,0.009395122528076172
