num_events,utilization,reallocations,changes,failures,reallocated_prop,time_compute,time_apply,time_enum,time_search,time_pp
1,1.0,31,69,0,0.08423913043478261,0.13092827796936035,0.5789296627044678,0.0146942138671875,0.1062462329864502,0.009985685348510742
