num_events,utilization,reallocations,changes,failures,reallocated_prop,time_compute,time_apply,time_enum,time_search,time_pp
1,0.002717391304347826,1,0,0,0.0,0.03671073913574219,0.287395715713501,0.00010132789611816406,0.00012183189392089844,0.036485910415649414
