num_events,utilization,reallocations,changes,failures,reallocated_prop,time_compute,time_apply
1,0.8929347826086956,61,149,0,0.40131578947368424,0.016793012619018555,0.5486769676208496
