num_events,utilization,reallocations,changes,failures,reallocated_prop,time_compute,time_apply,time_enum
1,0.08695652173913043,1,0,0,0.0,0.03929328918457031,0.16366910934448242,0.018155574798583984
