num_events,utilization,reallocations,changes,failures,reallocated_prop,time_compute,time_apply,time_enum,time_search,time_pp
1,0.05543478260869565,1,0,0,0.0,0.010463476181030273,0.10383939743041992,9.083747863769531e-05,0.00043272972106933594,0.009938478469848633
