num_events,utilization,reallocations,changes,failures,reallocated_prop,time_compute,time_apply,time_enum,time_search,time_pp
1,0.02608695652173913,1,0,0,0.0,0.037528276443481445,0.31526923179626465,9.655952453613281e-05,0.0007538795471191406,0.03667616844177246
