num_events,utilization,reallocations,changes,failures,reallocated_prop,time_compute,time_apply,time_enum,time_search,time_pp
1,0.39565217391304347,1,0,0,0.0,0.29419898986816406,0.30535173416137695,0.019449710845947266,0.26493167877197266,0.009815454483032227
