num_events,utilization,reallocations,changes,failures,reallocated_prop,time_compute,time_apply
1,0.7176630434782608,5,5,0,0.6666666666666666,0.3239176273345947,0.5231542587280273
