num_events,utilization,reallocations,changes,failures,reallocated_prop,time_compute,time_apply,time_enum,time_search,time_pp
1,0.14673913043478262,1,0,0,0.0,0.039201974868774414,0.3832082748413086,3.695487976074219e-05,0.00025463104248046875,0.038907766342163086
