num_events,utilization,reallocations,changes,failures,reallocated_prop,time_compute,time_apply,time_enum,time_search,time_pp
1,0.65,5,12,0,0.3333333333333333,0.0727381706237793,2.377129316329956,0.0004992485046386719,0.0005657672882080078,0.0716710090637207
