num_events,utilization,reallocations,changes,failures,reallocated_prop,time_compute,time_apply,time_enum,time_search,time_pp
1,0.14565217391304347,1,0,0,0.0,0.13030290603637695,0.19249558448791504,0.01824164390563965,0.10261130332946777,0.009448051452636719
