num_events,utilization,reallocations,changes,failures,reallocated_prop,time_compute,time_apply,time_enum,time_search,time_pp
1,0.65,21,51,0,0.3333333333333333,0.02016305923461914,0.6227080821990967,0.0005333423614501953,0.0015795230865478516,0.01804804801940918
