num_events,utilization,reallocations,changes,failures,reallocated_prop,time_compute,time_apply,time_enum,time_search,time_pp
1,0.004076086956521739,1,0,0,0.0,0.07692885398864746,0.5919585227966309,9.655952453613281e-05,0.0002536773681640625,0.07657694816589355
