num_events,utilization,reallocations,changes,failures,reallocated_prop,time_compute,time_apply,time_enum,time_search,time_pp
1,0.75625,8,7,0,0.23333333333333334,0.009926795959472656,0.4900383949279785,9.918212890625e-05,0.00034499168395996094,0.009480953216552734
