num_events,utilization,reallocations,changes,failures,reallocated_prop,time_compute,time_apply,time_enum,time_search,time_pp
1,0.6677989130434783,13,24,0,0.43333333333333335,0.07482147216796875,3.456697940826416,0.00052642822265625,0.0016791820526123047,0.07261371612548828
