num_events,utilization,reallocations,changes,failures,reallocated_prop,time_compute,time_apply,time_enum,time_search,time_pp
1,1.0,7,12,0,0.25925925925925924,0.04590034484863281,0.5731329917907715,0.014700174331665039,0.021953344345092773,0.009244918823242188
