num_events,utilization,reallocations,changes,failures,reallocated_prop,time_compute,time_apply,time_enum,time_search,time_pp
1,0.65,107,172,0,0.25295508274231676,0.01918339729309082,0.33679866790771484,0.0005056858062744141,0.008821725845336914,0.00985407829284668
