num_events,utilization,reallocations,changes,failures,reallocated_prop,time_compute,time_apply,time_enum,time_search,time_pp
1,1.0,28,48,0,0.22580645161290322,0.10554146766662598,0.6405208110809326,0.014642000198364258,0.08119845390319824,0.009698152542114258
