num_events,utilization,reallocations,changes,failures,reallocated_prop,time_compute,time_apply,time_enum,time_search,time_pp
1,0.65,37,70,0,0.42045454545454547,0.074493408203125,2.494990110397339,0.0005002021789550781,0.0022394657135009766,0.07175064086914062
