num_events,utilization,reallocations,changes,failures,reallocated_prop,time_compute,time_apply,time_enum,time_search,time_pp
1,0.7633152173913044,53,104,0,0.43089430894308944,0.012815475463867188,0.4690401554107666,0.0004944801330566406,0.0032949447631835938,0.009024381637573242
