num_events,utilization,reallocations,changes,failures,reallocated_prop,time_compute,time_apply,time_enum,time_search,time_pp
1,0.65,67,119,0,0.2701612903225806,0.01640772819519043,0.3281548023223877,0.0005512237548828125,0.0055658817291259766,0.01028895378112793
