num_events,utilization,reallocations,changes,failures,reallocated_prop,time_compute,time_apply
1,0.6620244565217391,3,3,0,0.3333333333333333,0.03889799118041992,1.9482245445251465
