num_events,utilization,reallocations,changes,failures,reallocated_prop,time_compute,time_apply
1,0.904891304347826,22,24,0,0.5526315789473685,0.00928950309753418,0.5448391437530518
