num_events,utilization,reallocations,changes,failures,reallocated_prop,time_compute,time_apply,time_enum,time_search,time_pp
1,0.6640285326086957,11,22,0,0.39285714285714285,0.07482433319091797,3.524822235107422,0.0005202293395996094,0.0015141963958740234,0.07278800010681152
