num_events,utilization,reallocations,changes,failures,reallocated_prop,time_compute,time_apply,time_enum,time_search,time_pp
1,0.65,81,183,0,0.30223880597014924,0.01576709747314453,0.3338932991027832,0.0005023479461669922,0.005669832229614258,0.00959324836730957
