num_events,utilization,reallocations,changes,failures,reallocated_prop,time_compute,time_apply,time_enum,time_search,time_pp
1,0.65,23,38,0,0.20353982300884957,0.012713909149169922,0.3128480911254883,0.0005006790161132812,0.002530813217163086,0.009680747985839844
