num_events,utilization,reallocations,changes,failures,reallocated_prop,time_compute,time_apply,time_enum,time_search,time_pp
1,0.65,133,253,0,0.3757062146892655,0.01691126823425293,0.3369262218475342,0.0004227161407470703,0.00706171989440918,0.009423971176147461
