num_events,utilization,reallocations,changes,failures,reallocated_prop,time_compute,time_apply,time_enum,time_search,time_pp
1,0.3804347826086957,1,0,0,0.0,0.04953312873840332,0.2687036991119385,0.013002395629882812,0.02716660499572754,0.009360790252685547
