num_events,utilization,reallocations,changes,failures,reallocated_prop,time_compute,time_apply
1,0.717289402173913,15,16,0,0.7777777777777778,0.07301521301269531,3.9271187782287598
