num_events,utilization,reallocations,changes,failures,reallocated_prop,time_compute,time_apply,time_enum,time_search,time_pp
1,0.7168478260869565,7,15,0,0.3888888888888889,0.011090278625488281,0.4625709056854248,0.0005211830139160156,0.0010814666748046875,0.009485244750976562
