num_events,utilization,reallocations,changes,failures,reallocated_prop,time_compute,time_apply,time_enum,time_search,time_pp
1,1.0,8,10,0,0.47058823529411764,0.057263851165771484,0.5999295711517334,0.018310546875,0.029689311981201172,0.009261369705200195
