num_events,utilization,reallocations,changes,failures,reallocated_prop,time_compute,time_apply,time_enum,time_search,time_pp
1,0.65,21,51,0,0.3333333333333333,0.01162409782409668,0.3142416477203369,0.0005464553833007812,0.0015506744384765625,0.009525060653686523
