num_events,utilization,reallocations,changes,failures,reallocated_prop,time_compute,time_apply,time_enum,time_search,time_pp
1,0.017119565217391303,1,0,0,0.0,0.037120819091796875,0.3075270652770996,0.00010895729064941406,0.0005381107330322266,0.036470890045166016
