num_events,utilization,reallocations,changes,failures,reallocated_prop,time_compute,time_apply,time_enum,time_search,time_pp
1,0.22391304347826088,1,0,0,0.0,0.18537092208862305,0.22882628440856934,0.01821732521057129,0.1575920581817627,0.00955963134765625
