num_events,utilization,reallocations,changes,failures,reallocated_prop,time_compute,time_apply,time_enum,time_search,time_pp
1,0.7557065217391304,10,19,0,0.5555555555555556,0.011185646057128906,0.4813570976257324,0.000514984130859375,0.0012898445129394531,0.009379148483276367
