num_events,utilization,reallocations,changes,failures,reallocated_prop,time_compute,time_apply,time_enum,time_search,time_pp
1,0.65,91,213,0,0.33090909090909093,0.017128467559814453,0.3501710891723633,0.0005905628204345703,0.006117820739746094,0.010417938232421875
