num_events,utilization,reallocations,changes,failures,reallocated_prop,time_compute,time_apply,time_enum,time_search,time_pp
1,0.021467391304347827,1,0,0,0.0,0.03681302070617676,0.30669140815734863,9.775161743164062e-05,0.0006325244903564453,0.03608107566833496
