num_events,utilization,reallocations,changes,failures,reallocated_prop,time_compute,time_apply
1,0.9059782608695652,20,37,0,0.5263157894736842,0.012830018997192383,0.5448222160339355
