num_events,utilization,reallocations,changes,failures,reallocated_prop,time_compute,time_apply,time_enum,time_search,time_pp
1,0.3923913043478261,1,0,0,0.0,0.2884097099304199,0.28895139694213867,0.018852949142456055,0.2603778839111328,0.009176969528198242
