num_events,utilization,reallocations,changes,failures,reallocated_prop,time_compute,time_apply,time_enum,time_search,time_pp
1,0.007608695652173913,1,0,0,0.0,0.07505583763122559,0.5984373092651367,9.918212890625e-05,0.000461578369140625,0.0744931697845459
