num_events,utilization,reallocations,changes,failures,reallocated_prop,time_compute,time_apply,time_enum,time_search,time_pp
1,0.021739130434782608,1,0,0,0.0,0.010126590728759766,0.06550359725952148,3.600120544433594e-05,2.4080276489257812e-05,0.010064363479614258
