num_events,utilization,reallocations,changes,failures,reallocated_prop,time_compute,time_apply,time_enum,time_search,time_pp
1,0.004347826086956522,1,0,0,0.0,0.010288476943969727,0.07901811599731445,0.00011277198791503906,7.462501525878906e-05,0.010099649429321289
