num_events,utilization,reallocations,changes,failures,reallocated_prop,time_compute,time_apply
1,0.7447010869565217,11,10,0,0.5263157894736842,0.01774740219116211,0.9607024192810059
