num_events,utilization,reallocations,changes,failures,reallocated_prop,time_compute,time_apply,time_enum,time_search,time_pp
1,0.6762907608695652,7,12,0,0.4666666666666667,0.03788304328918457,1.8044118881225586,0.0005176067352294922,0.00119781494140625,0.03616595268249512
