num_events,utilization,reallocations,changes,failures,reallocated_prop,time_compute,time_apply,time_enum,time_search,time_pp
1,0.6975543478260869,5,4,0,0.3333333333333333,0.01076197624206543,0.4987170696258545,0.00010585784912109375,0.0002503395080566406,0.010403871536254883
