num_events,utilization,reallocations,changes,failures,reallocated_prop,time_compute,time_apply,time_enum,time_search,time_pp
1,0.65,33,80,0,0.33,0.01234745979309082,0.31627821922302246,0.0004978179931640625,0.0023169517517089844,0.009530782699584961
