num_events,utilization,reallocations,changes,failures,reallocated_prop,time_compute,time_apply,time_enum,time_search,time_pp
1,0.09782608695652174,1,0,0,0.0,0.010543107986450195,0.10572099685668945,9.72747802734375e-05,0.0007193088531494141,0.009725093841552734
