num_events,utilization,reallocations,changes,failures,reallocated_prop,time_compute,time_apply,time_enum,time_search,time_pp
1,0.65,46,109,0,0.26136363636363635,0.013202428817749023,0.30959582328796387,0.0005240440368652344,0.0035848617553710938,0.009092092514038086
