num_events,utilization,reallocations,changes,failures,reallocated_prop,time_compute,time_apply,time_enum,time_search,time_pp
1,0.0016304347826086956,1,0,0,0.0,0.01890087127685547,0.14427399635314941,9.942054748535156e-05,6.270408630371094e-05,0.018736600875854492
