num_events,utilization,reallocations,changes,failures,reallocated_prop,time_compute,time_apply,time_enum,time_search,time_pp
1,1.0,29,66,0,0.19594594594594594,0.06458663940429688,0.5473449230194092,0.012864351272583008,0.0425717830657959,0.009147882461547852
