num_events,utilization,reallocations,changes,failures,reallocated_prop,time_compute,time_apply,time_enum,time_search,time_pp
1,1.0,15,45,0,0.03537735849056604,0.14624738693237305,0.5807409286499023,0.014650821685791016,0.12142324447631836,0.010170698165893555
