num_events,utilization,reallocations,changes,failures,reallocated_prop,time_compute,time_apply,time_enum,time_search,time_pp
1,0.15869565217391304,1,0,0,0.0,0.13869905471801758,0.19829964637756348,0.018235445022583008,0.11111068725585938,0.009350299835205078
