num_events,utilization,reallocations,changes,failures,reallocated_prop,time_compute,time_apply,time_enum,time_search,time_pp
1,0.7633152173913044,38,65,0,0.3064516129032258,0.013896942138671875,0.4812042713165283,0.0004916191101074219,0.003744840621948242,0.0096588134765625
