num_events,utilization,reallocations,changes,failures,reallocated_prop,time_compute,time_apply,time_enum,time_search,time_pp
1,0.7043478260869566,4,3,0,0.42857142857142855,0.009829521179199219,0.45205211639404297,0.00010585784912109375,0.00015616416931152344,0.009565591812133789
