num_events,utilization,reallocations,changes,failures,reallocated_prop,time_compute,time_apply,time_enum,time_search,time_pp
1,0.6629076086956521,4,7,0,0.4,0.019240617752075195,0.8965258598327637,0.0005173683166503906,0.0006549358367919922,0.01806640625
