num_events,utilization,reallocations,changes,failures,reallocated_prop,time_compute,time_apply,time_enum,time_search,time_pp
1,0.7635869565217391,77,138,0,0.47530864197530864,0.014225006103515625,0.49753499031066895,0.0004992485046386719,0.004372596740722656,0.009351015090942383
