num_events,utilization,reallocations,changes,failures,reallocated_prop,time_compute,time_apply,time_enum,time_search,time_pp
1,0.65,111,267,0,0.23270440251572327,0.02079463005065918,0.3485238552093506,0.000507354736328125,0.010008573532104492,0.010276079177856445
