num_events,utilization,reallocations,changes,failures,reallocated_prop,time_compute,time_apply,time_enum,time_search,time_pp
1,0.65,52,126,0,0.3333333333333333,0.013735055923461914,0.32802581787109375,0.0004999637603759766,0.0034227371215820312,0.009810209274291992
