num_events,utilization,reallocations,changes,failures,reallocated_prop,time_compute,time_apply,time_enum,time_search,time_pp
1,0.5543478260869565,1,0,0,0.0,0.06160259246826172,0.3390982151031494,0.012869596481323242,0.038605690002441406,0.010124683380126953
