num_events,utilization,reallocations,changes,failures,reallocated_prop,time_compute,time_apply,time_enum,time_search,time_pp
1,0.6853260869565218,11,12,0,0.45454545454545453,0.019748449325561523,0.9165194034576416,3.790855407714844e-05,0.00010895729064941406,0.019599199295043945
