num_events,utilization,reallocations,changes,failures,reallocated_prop,time_compute,time_apply,time_enum,time_search,time_pp
1,0.65,99,237,0,0.28285714285714286,0.017726898193359375,0.32791805267333984,0.0005102157592773438,0.007353305816650391,0.009861230850219727
