num_events,utilization,reallocations,changes,failures,reallocated_prop,time_compute,time_apply,time_enum
1,0.010869565217391304,0,0,0,0.0,0.010782003402709961,0.10890483856201172,0.00014472007751464844
