num_events,utilization,reallocations,changes,failures,reallocated_prop,time_compute,time_apply,time_enum,time_search,time_pp
1,0.65,31,57,0,0.37349397590361444,0.011933326721191406,0.31490159034729004,0.0005078315734863281,0.0019333362579345703,0.009490489959716797
