num_events,utilization,reallocations,changes,failures,reallocated_prop,time_compute,time_apply,time_enum,time_search,time_pp
1,0.65,31,39,0,0.13839285714285715,0.014876604080200195,0.3231053352355957,0.0005018711090087891,0.00476527214050293,0.009607553482055664
