num_events,utilization,reallocations,changes,failures,reallocated_prop,time_compute,time_apply,time_enum,time_search,time_pp
1,1.0,54,99,0,0.18430034129692832,0.11058759689331055,0.5947024822235107,0.014722585678100586,0.0860443115234375,0.009818792343139648
