num_events,utilization,reallocations,changes,failures,reallocated_prop,time_compute,time_apply,time_enum,time_search,time_pp
1,1.0,17,23,0,0.3541666666666667,0.12087225914001465,0.5892724990844727,0.01750802993774414,0.09439468383789062,0.008967876434326172
