num_events,utilization,reallocations,changes,failures,reallocated_prop,time_compute,time_apply,time_enum,time_search,time_pp
1,0.3,1,0,0,0.0,0.012884855270385742,0.1899421215057373,0.0007114410400390625,0.0002758502960205078,0.011895418167114258
