num_events,utilization,reallocations,changes,failures,reallocated_prop,time_compute,time_apply
1,0.7229619565217391,12,13,0,0.6111111111111112,0.03647947311401367,1.9883060455322266
