num_events,utilization,reallocations,changes,failures,reallocated_prop,time_compute,time_apply,time_enum,time_search,time_pp
1,1.0,58,128,0,0.3558282208588957,0.13100171089172363,0.6480388641357422,0.014618396759033203,0.10683441162109375,0.009546756744384766
