num_events,utilization,reallocations,changes,failures,reallocated_prop,time_compute,time_apply,time_enum,time_search,time_pp
1,1.0,12,21,0,0.038834951456310676,0.11273312568664551,0.57456374168396,0.014741659164428711,0.08821940422058105,0.009768486022949219
