num_events,utilization,reallocations,changes,failures,reallocated_prop,time_compute,time_apply
1,0.8929347826086956,37,50,0,0.3523809523809524,0.015579938888549805,0.5388760566711426
