num_events,utilization,reallocations,changes,failures,reallocated_prop,time_compute,time_apply,time_enum,time_search,time_pp
1,1.0,14,39,0,0.15555555555555556,0.05460047721862793,0.5681643486022949,0.015251636505126953,0.029656171798706055,0.00969076156616211
