num_events,utilization,reallocations,changes,failures,reallocated_prop,time_compute,time_apply
1,0.9059782608695652,24,47,0,0.18604651162790697,0.016305208206176758,0.5679514408111572
