num_events,utilization,reallocations,changes,failures,reallocated_prop,time_compute,time_apply,time_enum,time_search,time_pp
1,0.664945652173913,6,5,0,0.35714285714285715,0.03735184669494629,1.794874668121338,9.846687316894531e-05,0.00024247169494628906,0.037009239196777344
