num_events,utilization,reallocations,changes,failures,reallocated_prop,time_compute,time_apply,time_enum,time_search,time_pp
1,0.65,16,39,0,0.32653061224489793,0.011171102523803711,0.2988884449005127,0.0005202293395996094,0.001356363296508789,0.009292840957641602
