num_events,utilization,reallocations,changes,failures,reallocated_prop,time_compute,time_apply
1,0.9019021739130435,20,32,0,0.3448275862068966,0.014771699905395508,0.5537075996398926
