num_events,utilization,reallocations,changes,failures,reallocated_prop,time_compute,time_apply,time_enum,time_search,time_pp
1,0.65,31,75,0,0.3333333333333333,0.03952503204345703,1.2103190422058105,0.0005047321319580078,0.0022339820861816406,0.03678464889526367
