num_events,utilization,reallocations,changes,failures,reallocated_prop,time_compute,time_apply,time_enum,time_search,time_pp
1,1.0,17,35,0,0.2982456140350877,0.09478998184204102,0.6268644332885742,0.015013694763183594,0.07010984420776367,0.009664058685302734
