num_events,utilization,reallocations,changes,failures,reallocated_prop,time_compute,time_apply,time_enum,time_search,time_pp
1,1.0,3,3,0,0.25,0.04377436637878418,0.5873727798461914,0.014654159545898438,0.019990205764770508,0.00912785530090332
