num_events,utilization,reallocations,changes,failures,reallocated_prop,time_compute,time_apply,time_enum,time_search,time_pp
1,0.721195652173913,7,16,0,0.3684210526315789,0.010916948318481445,0.46321797370910645,0.0005202293395996094,0.001123189926147461,0.009271860122680664
