num_events,utilization,reallocations,changes,failures,reallocated_prop,time_compute,time_apply,time_enum,time_search,time_pp
1,0.025,1,0,0,0.0,0.020354270935058594,0.17407631874084473,9.059906005859375e-05,0.0003306865692138672,0.01993083953857422
