num_events,utilization,reallocations,changes,failures,reallocated_prop,time_compute,time_apply,time_enum,time_search,time_pp
1,0.65,76,149,0,0.23170731707317074,0.017316579818725586,0.33292078971862793,0.0005097389221191406,0.0068624019622802734,0.00994253158569336
