num_events,utilization,reallocations,changes,failures,reallocated_prop,time_compute,time_apply
1,0.9059782608695652,62,130,0,0.49206349206349204,0.01562786102294922,0.5637869834899902
