num_events,utilization,reallocations,changes,failures,reallocated_prop,time_compute,time_apply,time_enum,time_search,time_pp
1,0.7578804347826087,4,3,0,0.10344827586206896,0.009691238403320312,0.4847829341888428,8.344650268554688e-05,0.0003771781921386719,0.009229183197021484
