num_events,utilization,reallocations,changes,failures,reallocated_prop,time_compute,time_apply,time_enum,time_search,time_pp
1,0.01956521739130435,1,0,0,0.0,0.010438680648803711,0.08053231239318848,0.00010752677917480469,0.0001800060272216797,0.010149478912353516
