num_events,utilization,reallocations,changes,failures,reallocated_prop,time_compute,time_apply,time_enum,time_search,time_pp
1,0.02282608695652174,1,0,0,0.0,0.0189208984375,0.1562490463256836,0.0001049041748046875,0.00034737586975097656,0.018466711044311523
