num_events,utilization,reallocations,changes,failures,reallocated_prop,time_compute,time_apply,time_enum,time_search,time_pp
1,0.02717391304347826,1,0,0,0.0,0.018656492233276367,0.15870428085327148,8.225440979003906e-05,0.00034046173095703125,0.018231868743896484
