num_events,utilization,reallocations,changes,failures,reallocated_prop,time_compute,time_apply,time_enum,time_search,time_pp
1,0.65,78,153,0,0.1780821917808219,0.01962423324584961,0.3341796398162842,0.0005004405975341797,0.009163379669189453,0.009958267211914062
