num_events,utilization,reallocations,changes,failures,reallocated_prop,time_compute,time_apply
1,0.6639945652173913,6,6,0,0.8333333333333334,0.018395185470581055,0.9649417400360107
