num_events,utilization,reallocations,changes,failures,reallocated_prop,time_compute,time_apply,time_enum,time_search,time_pp
1,0.0028532608695652174,1,0,0,0.0,0.074798583984375,0.6250088214874268,0.00010204315185546875,0.00019168853759765625,0.07450318336486816
