num_events,utilization,reallocations,changes,failures,reallocated_prop,time_compute,time_apply,time_enum,time_search,time_pp
1,0.4282608695652174,1,0,0,0.0,0.3310513496398926,0.32584500312805176,0.019007444381713867,0.3018624782562256,0.010178565979003906
