num_events,utilization,reallocations,changes,failures,reallocated_prop,time_compute,time_apply,time_enum,time_search,time_pp
1,1.0,45,66,0,0.2710843373493976,0.07377123832702637,0.5751481056213379,0.01479339599609375,0.049245357513427734,0.009730100631713867
