num_events,utilization,reallocations,changes,failures,reallocated_prop,time_compute,time_apply,time_enum,time_search,time_pp
1,1.0,31,69,0,0.1712707182320442,0.07971692085266113,0.5846915245056152,0.015112161636352539,0.05493450164794922,0.009668350219726562
