num_events,utilization,reallocations,changes,failures,reallocated_prop,time_compute,time_apply
1,0.7543478260869565,5,5,0,0.5714285714285714,0.35294437408447266,0.5383012294769287
