num_events,utilization,reallocations,changes,failures,reallocated_prop,time_compute,time_apply,time_enum,time_search,time_pp
1,0.65,22,39,0,0.3188405797101449,0.01180124282836914,0.324373722076416,0.0005042552947998047,0.0016927719116210938,0.009602069854736328
