num_events,utilization,reallocations,changes,failures,reallocated_prop,time_compute,time_apply
1,0.8804347826086957,15,26,0,0.5172413793103449,0.012729883193969727,0.5558340549468994
