num_events,utilization,reallocations,changes,failures,reallocated_prop,time_compute,time_apply,time_enum,time_search,time_pp
1,0.4673913043478261,2,1,0,0.3333333333333333,0.010106563568115234,0.3166019916534424,3.528594970703125e-05,2.6464462280273438e-05,0.010042905807495117
