num_events,utilization,reallocations,changes,failures,reallocated_prop,time_compute,time_apply,time_enum,time_search,time_pp
1,0.021739130434782608,1,0,0,0.0,0.026677608489990234,0.12437057495117188,0.01277470588684082,0.004414796829223633,0.009485721588134766
