num_events,utilization,reallocations,changes,failures,reallocated_prop,time_compute,time_apply
1,0.7633152173913044,8,13,0,0.42105263157894735,0.020574569702148438,0.990074634552002
