num_events,utilization,reallocations,changes,failures,reallocated_prop,time_compute,time_apply,time_enum,time_search,time_pp
1,0.65,26,63,0,0.3333333333333333,0.0364222526550293,1.1595144271850586,0.0004894733428955078,0.0017876625061035156,0.03414344787597656
