num_events,utilization,reallocations,changes,failures,reallocated_prop,time_compute,time_apply,time_enum,time_search,time_pp
1,0.7135869565217391,3,2,0,0.2857142857142857,0.009703874588012695,0.4514956474304199,9.72747802734375e-05,0.00016355514526367188,0.009441137313842773
