num_events,utilization,reallocations,changes,failures,reallocated_prop,time_compute,time_apply,time_enum,time_search,time_pp
1,0.65,41,65,0,0.21354166666666666,0.01434946060180664,0.3206045627593994,0.0005025863647460938,0.004233598709106445,0.009611368179321289
