num_events,utilization,reallocations,changes,failures,reallocated_prop,time_compute,time_apply
1,0.9016304347826087,27,54,0,0.20300751879699247,0.01618480682373047,0.5797107219696045
