num_events,utilization,reallocations,changes,failures,reallocated_prop,time_compute,time_apply,time_enum,time_search,time_pp
1,0.65,7,17,0,0.3181818181818182,0.037016868591308594,1.1945288181304932,0.0004951953887939453,0.0007467269897460938,0.03577280044555664
