num_events,utilization,reallocations,changes,failures,reallocated_prop,time_compute,time_apply,time_enum,time_search,time_pp
1,0.17608695652173914,1,0,0,0.0,0.010515451431274414,0.1288444995880127,9.441375732421875e-05,0.0011572837829589844,0.009262323379516602
