num_events,utilization,reallocations,changes,failures,reallocated_prop,time_compute,time_apply,time_enum,time_search,time_pp
1,0.7567934782608695,22,43,0,0.55,0.011512994766235352,0.48212242126464844,0.0004971027374267578,0.0016813278198242188,0.009332418441772461
