num_events,utilization,reallocations,changes,failures,reallocated_prop,time_compute,time_apply,time_enum,time_search,time_pp
1,0.2391304347826087,1,0,0,0.0,0.009902477264404297,0.12270569801330566,3.62396240234375e-05,0.00010728836059570312,0.009756803512573242
