num_events,utilization,reallocations,changes,failures,reallocated_prop,time_compute,time_apply,time_enum,time_search,time_pp
1,0.0,0,0,0,0.0,0.07176756858825684,0.34310007095336914,8.487701416015625e-05,3.218650817871094e-05,0.07164835929870605
