num_events,utilization,reallocations,changes,failures,reallocated_prop,time_compute,time_apply,time_enum,time_search,time_pp
1,1.0,21,24,0,0.6176470588235294,0.05832386016845703,0.5531625747680664,0.013286828994750977,0.03574967384338379,0.009284496307373047
