num_events,utilization,reallocations,changes,failures,reallocated_prop,time_compute,time_apply,time_enum,time_search,time_pp
1,0.65,8,14,0,0.4444444444444444,0.01936030387878418,0.5993242263793945,0.0005006790161132812,0.0006422996520996094,0.018215656280517578
