num_events,utilization,reallocations,changes,failures,reallocated_prop,time_compute,time_apply
1,0.9059782608695652,29,61,0,0.3118279569892473,0.015241384506225586,0.5859963893890381
