num_events,utilization,reallocations,changes,failures,reallocated_prop,time_compute,time_apply,time_enum,time_search,time_pp
1,1.0,5,7,0,0.38461538461538464,0.06797456741333008,0.6011202335357666,0.018305301666259766,0.040524959564208984,0.009141921997070312
