num_events,utilization,reallocations,changes,failures,reallocated_prop,time_compute,time_apply
1,0.7682065217391304,6,6,0,0.7142857142857143,0.009449243545532227,0.5220818519592285
