num_events,utilization,reallocations,changes,failures,reallocated_prop,time_compute,time_apply,time_enum,time_search,time_pp
1,0.6713654891304348,16,29,0,0.4444444444444444,0.07497477531433105,3.55326509475708,0.0005023479461669922,0.002093791961669922,0.07237648963928223
