num_events,utilization,reallocations,changes,failures,reallocated_prop,time_compute,time_apply,time_enum,time_search,time_pp
1,0.65,103,245,0,0.2934472934472934,0.0180361270904541,0.3431260585784912,0.000499725341796875,0.007241249084472656,0.010292530059814453
