num_events,utilization,reallocations,changes,failures,reallocated_prop,time_compute,time_apply,time_enum,time_search,time_pp
1,1.0,75,135,0,0.16375545851528384,0.15328645706176758,0.5837094783782959,0.01485443115234375,0.12840676307678223,0.010023117065429688
