num_events,utilization,reallocations,changes,failures,reallocated_prop,time_compute,time_apply,time_enum,time_search,time_pp
1,1.0,76,171,0,0.1623931623931624,0.15834832191467285,0.5912699699401855,0.014690876007080078,0.1333940029144287,0.010261058807373047
