num_events,utilization,reallocations,changes,failures,reallocated_prop,time_compute,time_apply,time_enum,time_search,time_pp
1,0.02391304347826087,1,0,0,0.0,0.037032365798950195,0.3116788864135742,9.703636169433594e-05,0.0007047653198242188,0.03622865676879883
