num_events,utilization,reallocations,changes,failures,reallocated_prop,time_compute,time_apply,time_enum,time_search,time_pp
1,1.0,31,69,0,0.09627329192546584,0.12096095085144043,0.5823380947113037,0.0149078369140625,0.09615135192871094,0.00989985466003418
