num_events,utilization,reallocations,changes,failures,reallocated_prop,time_compute,time_apply,time_enum,time_search,time_pp
1,0.1858695652173913,1,0,0,0.0,0.011131763458251953,0.1302354335784912,0.00011229515075683594,0.001271963119506836,0.00974583625793457
