num_events,utilization,reallocations,changes,failures,reallocated_prop,time_compute,time_apply,time_enum,time_search,time_pp
1,1.0,8,14,0,0.23529411764705882,0.03720903396606445,0.5693602561950684,0.014821290969848633,0.012865543365478516,0.009520769119262695
