num_events,utilization,reallocations,changes,failures,reallocated_prop,time_compute,time_apply,time_enum,time_search,time_pp
1,0.5,2,2,0,0.25,0.07187151908874512,1.8551714420318604,0.0004932880401611328,0.0003108978271484375,0.07106494903564453
