num_events,utilization,reallocations,changes,failures,reallocated_prop,time_compute,time_apply,time_enum,time_search,time_pp
1,0.6898097826086956,15,16,0,0.4375,0.03821420669555664,1.8232293128967285,3.4332275390625e-05,0.0002048015594482422,0.03797316551208496
