num_events,utilization,reallocations,changes,failures,reallocated_prop,time_compute,time_apply,time_enum,time_search,time_pp
1,0.4934782608695652,1,0,0,0.0,0.3568692207336426,0.33899521827697754,0.018599510192871094,0.3287382125854492,0.009529352188110352
