num_events,utilization,reallocations,changes,failures,reallocated_prop,time_compute,time_apply,time_enum,time_search,time_pp
1,0.2358695652173913,1,0,0,0.0,0.1971759796142578,0.23495793342590332,0.02186417579650879,0.16580510139465332,0.009504318237304688
