num_events,utilization,reallocations,changes,failures,reallocated_prop,time_compute,time_apply,time_enum,time_search,time_pp
1,0.2418478260869565,1,0,0,0.0,0.03701210021972656,0.4734940528869629,3.528594970703125e-05,0.00036144256591796875,0.03661298751831055
