num_events,utilization,reallocations,changes,failures,reallocated_prop,time_compute,time_apply
1,0.9016304347826087,49,89,0,0.30246913580246915,0.017110109329223633,0.5774908065795898
