num_events,utilization,reallocations,changes,failures,reallocated_prop,time_compute,time_apply
1,0.8932065217391304,24,40,0,0.2608695652173913,0.014572381973266602,0.5406796932220459
