num_events,utilization,reallocations,changes,failures,reallocated_prop,time_compute,time_apply,time_enum,time_search,time_pp
1,1.0,52,93,0,0.19622641509433963,0.10273146629333496,0.57554030418396,0.014653205871582031,0.07844066619873047,0.009635686874389648
