num_events,utilization,reallocations,changes,failures,reallocated_prop,time_compute,time_apply,time_enum,time_search,time_pp
1,0.7519021739130435,17,30,0,0.5666666666666667,0.01124715805053711,0.4664444923400879,0.0004975795745849609,0.001493692398071289,0.009254217147827148
