num_events,utilization,reallocations,changes,failures,reallocated_prop,time_compute,time_apply
1,0.7255434782608695,3,3,0,0.3333333333333333,0.011427879333496094,0.5045895576477051
