num_events,utilization,reallocations,changes,failures,reallocated_prop,time_compute,time_apply
1,0.8480978260869565,8,13,0,0.38095238095238093,0.012373208999633789,0.5381426811218262
