num_events,utilization,reallocations,changes,failures,reallocated_prop,time_compute,time_apply,time_enum,time_search,time_pp
1,0.672758152173913,11,10,0,0.47619047619047616,0.03829622268676758,1.7914221286773682,0.00012922286987304688,0.0003561973571777344,0.03780794143676758
