num_events,utilization,reallocations,changes,failures,reallocated_prop,time_compute,time_apply,time_enum,time_search,time_pp
1,1.0,25,53,0,0.32051282051282054,0.08561587333679199,0.6437609195709229,0.014556169509887695,0.061486005783081055,0.009571075439453125
