num_events,utilization,reallocations,changes,failures,reallocated_prop,time_compute,time_apply,time_enum,time_search,time_pp
1,0.65,22,43,0,0.23655913978494625,0.011268377304077148,0.2919914722442627,0.0004134178161621094,0.0020508766174316406,0.008801937103271484
