num_events,utilization,reallocations,changes,failures,reallocated_prop,time_compute,time_apply,time_enum,time_search,time_pp
1,1.0,16,48,0,0.06956521739130435,0.09160876274108887,0.5948102474212646,0.014935493469238281,0.06702160835266113,0.009649515151977539
