num_events,utilization,reallocations,changes,failures,reallocated_prop,time_compute,time_apply,time_enum,time_search,time_pp
1,0.007880434782608695,1,0,0,0.0,0.07439398765563965,0.6033942699432373,9.632110595703125e-05,0.0004703998565673828,0.07382512092590332
