num_events,utilization,reallocations,changes,failures,reallocated_prop,time_compute,time_apply,time_enum,time_search,time_pp
1,0.14130434782608695,1,0,0,0.0,0.12772011756896973,0.19266486167907715,0.018572330474853516,0.09982037544250488,0.009325504302978516
