num_events,utilization,reallocations,changes,failures,reallocated_prop,time_compute,time_apply,time_enum,time_search,time_pp
1,0.0002717391304347826,0,0,0,0.0,0.036110877990722656,0.28487634658813477,9.703636169433594e-05,4.7206878662109375e-05,0.0359649658203125
