num_events,utilization,reallocations,changes,failures,reallocated_prop,time_compute,time_apply,time_enum,time_search,time_pp
1,0.65,64,113,0,0.20846905537459284,0.016103744506835938,0.3127734661102295,0.0005090236663818359,0.006255388259887695,0.009337663650512695
