num_events,utilization,reallocations,changes,failures,reallocated_prop,time_compute,time_apply,time_enum,time_search,time_pp
1,0.05217391304347826,1,0,0,0.0,0.010646343231201172,0.09411859512329102,0.00010895729064941406,0.00041961669921875,0.010115861892700195
