num_events,utilization,reallocations,changes,failures,reallocated_prop,time_compute,time_apply,time_enum,time_search,time_pp
1,1.0,59,132,0,0.15206185567010308,0.14733457565307617,0.5933632850646973,0.015954256057739258,0.12024354934692383,0.01113438606262207
