num_events,utilization,reallocations,changes,failures,reallocated_prop,time_compute,time_apply
1,0.8970108695652174,44,75,0,0.36363636363636365,0.015974760055541992,0.5533559322357178
