num_events,utilization,reallocations,changes,failures,reallocated_prop,time_compute,time_apply,time_enum,time_search,time_pp
1,0.003260869565217391,1,0,0,0.0,0.034393310546875,0.1307220458984375,0.018290042877197266,0.0069501399993896484,0.009151458740234375
