num_events,utilization,reallocations,changes,failures,reallocated_prop,time_compute,time_apply,time_enum,time_search,time_pp
1,0.589945652173913,3,2,0,0.4,0.010082721710205078,0.3930628299713135,3.62396240234375e-05,4.696846008300781e-05,0.009997367858886719
