num_events,utilization,reallocations,changes,failures,reallocated_prop,time_compute,time_apply,time_enum,time_search,time_pp
1,0.65,41,65,0,0.1056701030927835,0.018220901489257812,0.32297348976135254,0.00051116943359375,0.007970571517944336,0.009737253189086914
