num_events,utilization,reallocations,changes,failures,reallocated_prop,time_compute,time_apply,time_enum,time_search,time_pp
1,1.0,40,73,0,0.23121387283236994,0.07637739181518555,0.5711855888366699,0.014871835708618164,0.051950931549072266,0.009551525115966797
