num_events,utilization,reallocations,changes,failures,reallocated_prop,time_compute,time_apply,time_enum,time_search,time_pp
1,1.0,29,43,0,0.11507936507936507,0.09759902954101562,0.5732898712158203,0.014719247817993164,0.073150634765625,0.009727239608764648
