num_events,utilization,reallocations,changes,failures,reallocated_prop,time_compute,time_apply,time_enum,time_search,time_pp
1,0.65,10,19,0,0.4,0.01956796646118164,0.5938849449157715,0.000499725341796875,0.0008218288421630859,0.018244504928588867
