num_events,utilization,reallocations,changes,failures,reallocated_prop,time_compute,time_apply,time_enum,time_search,time_pp
1,0.17717391304347826,1,0,0,0.0,0.15193390846252441,0.20840024948120117,0.018182992935180664,0.12411737442016602,0.009631633758544922
