num_events,utilization,reallocations,changes,failures,reallocated_prop,time_compute,time_apply
1,0.7817934782608695,5,11,0,0.3333333333333333,0.01208806037902832,0.5327897071838379
