num_events,utilization,reallocations,changes,failures,reallocated_prop,time_compute,time_apply
1,0.6654891304347826,3,2,0,0.3333333333333333,0.04373049736022949,0.4965200424194336
