num_events,utilization,reallocations,changes,failures,reallocated_prop,time_compute,time_apply,time_enum,time_search,time_pp
1,0.7635869565217391,9,17,0,0.07317073170731707,0.013709068298339844,0.4717123508453369,0.0004978179931640625,0.003698110580444336,0.009511232376098633
