num_events,utilization,reallocations,changes,failures,reallocated_prop,time_compute,time_apply,time_enum,time_search,time_pp
1,0.06847826086956521,1,0,0,0.0,0.009878158569335938,0.09445738792419434,0.000102996826171875,0.0004792213439941406,0.009294509887695312
