num_events,utilization,reallocations,changes,failures,reallocated_prop,time_compute,time_apply,time_enum,time_search,time_pp
1,0.043478260869565216,1,0,0,0.0,0.010444402694702148,0.07344174385070801,3.8623809814453125e-05,3.337860107421875e-05,0.010370492935180664
