num_events,utilization,reallocations,changes,failures,reallocated_prop,time_compute,time_apply
1,0.7251358695652174,6,6,0,0.38461538461538464,0.019629716873168945,0.9951603412628174
