num_events,utilization,reallocations,changes,failures,reallocated_prop,time_compute,time_apply,time_enum,time_search,time_pp
1,0.65,7,17,0,0.3333333333333333,0.019493579864501953,0.5911343097686768,0.0005364418029785156,0.0007355213165283203,0.018220186233520508
