num_events,utilization,reallocations,changes,failures,reallocated_prop,time_compute,time_apply,time_enum,time_search,time_pp
1,1.0,40,60,0,0.35398230088495575,0.09209370613098145,0.6419961452484131,0.014449834823608398,0.06814932823181152,0.009492158889770508
