num_events,utilization,reallocations,changes,failures,reallocated_prop,time_compute,time_apply,time_enum,time_search,time_pp
1,1.0,14,29,0,0.208955223880597,0.04639887809753418,0.5668554306030273,0.014653444290161133,0.022210121154785156,0.00953364372253418
