num_events,utilization,reallocations,changes,failures,reallocated_prop,time_compute,time_apply,time_enum,time_search,time_pp
1,0.46195652173913043,1,0,0,0.0,0.34393858909606934,0.3362545967102051,0.018852949142456055,0.31527090072631836,0.00981283187866211
