num_events,utilization,reallocations,changes,failures,reallocated_prop,time_compute,time_apply,time_enum,time_search,time_pp
1,0.7323369565217391,7,14,0,0.4375,0.010797262191772461,0.4770090579986572,0.0005478858947753906,0.0010833740234375,0.00916433334350586
