num_events,utilization,reallocations,changes,failures,reallocated_prop,time_compute,time_apply,time_enum,time_search,time_pp
1,0.65,43,80,0,0.42574257425742573,0.012335062026977539,0.31763124465942383,0.0005083084106445312,0.00228118896484375,0.009543657302856445
