num_events,utilization,reallocations,changes,failures,reallocated_prop,time_compute,time_apply,time_enum,time_search,time_pp
1,0.008967391304347826,1,0,0,0.0,0.07535934448242188,0.6124775409698486,0.00010037422180175781,0.0005257129669189453,0.07473087310791016
