num_events,utilization,reallocations,changes,failures,reallocated_prop,time_compute,time_apply,time_enum,time_search,time_pp
1,0.65,77,155,0,0.24367088607594936,0.018407821655273438,0.380889892578125,0.0006830692291259766,0.006464719772338867,0.011257648468017578
