num_events,utilization,reallocations,changes,failures,reallocated_prop,time_compute,time_apply,time_enum,time_search,time_pp
1,0.65,14,34,0,0.32558139534883723,0.035657405853271484,1.149470567703247,0.0004982948303222656,0.0011599063873291016,0.03399777412414551
