num_events,utilization,reallocations,changes,failures,reallocated_prop,time_compute,time_apply,time_enum,time_search,time_pp
1,0.65,23,40,0,0.060526315789473685,0.018462657928466797,0.3200821876525879,0.0005030632019042969,0.007915735244750977,0.010041952133178711
