num_events,utilization,reallocations,changes,failures,reallocated_prop,time_compute,time_apply,time_enum,time_search,time_pp
1,0.010326086956521738,1,0,0,0.0,0.07495546340942383,0.6209523677825928,9.72747802734375e-05,0.0005745887756347656,0.07428216934204102
