num_events,utilization,reallocations,changes,failures,reallocated_prop,time_compute,time_apply
1,0.8154891304347827,14,14,0,0.6190476190476191,0.009630441665649414,0.5250990390777588
