num_events,utilization,reallocations,changes,failures,reallocated_prop,time_compute,time_apply,time_enum,time_search,time_pp
1,0.1983695652173913,1,0,0,0.0,0.03723311424255371,0.4324686527252197,4.553794860839844e-05,0.0003414154052734375,0.036844491958618164
