num_events,utilization,reallocations,changes,failures,reallocated_prop,time_compute,time_apply,time_enum,time_search,time_pp
1,0.7355978260869566,5,4,0,0.3076923076923077,0.009664297103881836,0.49728870391845703,9.918212890625e-05,0.0003402233123779297,0.009223222732543945
