num_events,utilization,reallocations,changes,failures,reallocated_prop,time_compute,time_apply,time_enum,time_search,time_pp
1,0.65,39,83,0,0.26174496644295303,0.014293670654296875,0.31931495666503906,0.0005581378936767578,0.0033588409423828125,0.010375022888183594
