num_events,utilization,reallocations,changes,failures,reallocated_prop,time_compute,time_apply,time_enum,time_search,time_pp
1,0.65,12,29,0,0.32432432432432434,0.019691944122314453,0.6036837100982666,0.0005321502685546875,0.001035451889038086,0.01812267303466797
