num_events,utilization,reallocations,changes,failures,reallocated_prop,time_compute,time_apply
1,0.9059782608695652,29,44,0,0.19205298013245034,0.01592707633972168,0.5415065288543701
