num_events,utilization,reallocations,changes,failures,reallocated_prop,time_compute,time_apply,time_enum,time_search,time_pp
1,0.65,55,99,0,0.36423841059602646,0.012877941131591797,0.3250765800476074,0.0004982948303222656,0.003172159194946289,0.009205341339111328
