num_events,utilization,reallocations,changes,failures,reallocated_prop,time_compute,time_apply,time_enum,time_search,time_pp
1,0.11304347826086956,1,0,0,0.0,0.010680437088012695,0.10880446434020996,9.34600830078125e-05,0.0008020401000976562,0.009783506393432617
