num_events,utilization,reallocations,changes,failures,reallocated_prop,time_compute,time_apply
1,0.811141304347826,8,7,0,0.4666666666666667,0.009912967681884766,0.5248029232025146
