num_events,utilization,reallocations,changes,failures,reallocated_prop,time_compute,time_apply,time_enum,time_search,time_pp
1,0.675679347826087,14,15,0,0.48148148148148145,0.03759765625,1.7798092365264893,3.4809112548828125e-05,0.0001437664031982422,0.03741645812988281
