num_events,utilization,reallocations,changes,failures,reallocated_prop,time_compute,time_apply,time_enum,time_search,time_pp
1,0.6830163043478261,9,9,0,0.5333333333333333,0.017583370208740234,0.8767919540405273,3.552436828613281e-05,9.679794311523438e-05,0.017449140548706055
