num_events,utilization,reallocations,changes,failures,reallocated_prop,time_compute,time_apply,time_enum,time_search,time_pp
1,0.08967391304347826,1,0,0,0.0,0.07574582099914551,0.6222195625305176,2.86102294921875e-05,0.00023555755615234375,0.07547903060913086
