num_events,utilization,reallocations,changes,failures,reallocated_prop,time_compute,time_apply,time_enum,time_search,time_pp
1,0.6608016304347826,10,17,0,0.43478260869565216,0.07393145561218262,3.520052194595337,0.0005481243133544922,0.0013003349304199219,0.07207965850830078
