num_events,utilization,reallocations,changes,failures,reallocated_prop,time_compute,time_apply,time_enum,time_search,time_pp
1,0.65,69,147,0,0.15825688073394495,0.01990509033203125,0.3274362087249756,0.0005459785461425781,0.00915837287902832,0.010198831558227539
