num_events,utilization,reallocations,changes,failures,reallocated_prop,time_compute,time_apply,time_enum,time_search,time_pp
1,0.6595108695652174,4,3,0,0.5,0.009534358978271484,0.4105799198150635,3.504753112792969e-05,7.2479248046875e-05,0.009424686431884766
