num_events,utilization,reallocations,changes,failures,reallocated_prop,time_compute,time_apply,time_enum,time_search,time_pp
1,0.2391304347826087,1,0,0,0.0,0.01007390022277832,0.12318181991577148,3.743171691894531e-05,0.00010657310485839844,0.009928464889526367
