num_events,utilization,reallocations,changes,failures,reallocated_prop,time_compute,time_apply
1,0.8929347826086956,30,49,0,0.36585365853658536,0.014952421188354492,0.5686070919036865
