num_events,utilization,reallocations,changes,failures,reallocated_prop,time_compute,time_apply,time_enum,time_search,time_pp
1,0.029891304347826088,1,0,0,0.0,0.03519749641418457,0.2366468906402588,3.361701965332031e-05,5.5789947509765625e-05,0.03510642051696777
