num_events,utilization,reallocations,changes,failures,reallocated_prop,time_compute,time_apply,time_enum,time_search,time_pp
1,0.4546875,2,2,0,0.3333333333333333,0.0750734806060791,2.9037892818450928,0.0005190372467041016,0.0004239082336425781,0.0741281509399414
