num_events,utilization,reallocations,changes,failures,reallocated_prop,time_compute,time_apply,time_enum,time_search,time_pp
1,1.0,78,174,0,0.19451371571072318,0.13967084884643555,0.6026890277862549,0.014819860458374023,0.11489725112915039,0.009950637817382812
