num_events,utilization,reallocations,changes,failures,reallocated_prop,time_compute,time_apply,time_enum,time_search,time_pp
1,1.0,24,54,0,0.36363636363636365,0.09185981750488281,0.6314640045166016,0.014641046524047852,0.06775808334350586,0.009458065032958984
