num_events,utilization,reallocations,changes,failures,reallocated_prop,time_compute,time_apply,time_enum,time_search,time_pp
1,0.65,34,44,0,0.1827956989247312,0.014241456985473633,0.31615138053894043,0.0005118846893310547,0.004076242446899414,0.009651899337768555
