num_events,utilization,reallocations,changes,failures,reallocated_prop,time_compute,time_apply,time_enum,time_search,time_pp
1,0.65,14,34,0,0.3333333333333333,0.010770320892333984,0.29802870750427246,0.0004901885986328125,0.0011858940124511719,0.009092330932617188
