num_events,utilization,reallocations,changes,failures,reallocated_prop,time_compute,time_apply,time_enum
1,0.5869565217391305,1,0,0,0.0,0.08260321617126465,0.36516380310058594,0.018607616424560547
