num_events,utilization,reallocations,changes,failures,reallocated_prop,time_compute,time_apply,time_enum,time_search,time_pp
1,0.65,21,51,0,0.3333333333333333,0.011586189270019531,0.3150503635406494,0.0005068778991699219,0.0015513896942138672,0.009526729583740234
