num_events,utilization,reallocations,changes,failures,reallocated_prop,time_compute,time_apply,time_enum,time_search,time_pp
1,0.65,29,47,0,0.17682926829268292,0.013840913772583008,0.3149847984313965,0.0005002021789550781,0.0035979747772216797,0.009739875793457031
