num_events,utilization,reallocations,changes,failures,reallocated_prop,time_compute,time_apply
1,0.9059782608695652,22,45,0,0.41509433962264153,0.014022588729858398,0.5549044609069824
