num_events,utilization,reallocations,changes,failures,reallocated_prop,time_compute,time_apply
1,0.8309782608695652,11,12,0,0.6666666666666666,0.009925365447998047,0.5596532821655273
