num_events,utilization,reallocations,changes,failures,reallocated_prop,time_compute,time_apply,time_enum,time_search,time_pp
1,0.0,0,0,0,0.0,0.013921499252319336,0.059551239013671875,6.580352783203125e-05,2.1219253540039062e-05,0.013831615447998047
