num_events,utilization,reallocations,changes,failures,reallocated_prop,time_compute,time_apply
1,0.8483695652173913,12,13,0,0.7333333333333333,0.009494543075561523,0.5442066192626953
