num_events,utilization,reallocations,changes,failures,reallocated_prop,time_compute,time_apply,time_enum,time_search,time_pp
1,0.12717391304347825,1,0,0,0.0,0.009661674499511719,0.11169099807739258,8.058547973632812e-05,0.0007851123809814453,0.008793830871582031
