num_events,utilization,reallocations,changes,failures,reallocated_prop,time_compute,time_apply,time_enum,time_search,time_pp
1,1.0,32,52,0,0.20915032679738563,0.06843161582946777,0.5630779266357422,0.013453006744384766,0.045540809631347656,0.009435653686523438
