num_events,utilization,reallocations,changes,failures,reallocated_prop,time_compute,time_apply
1,0.7605978260869565,12,12,0,0.7857142857142857,0.009687662124633789,0.5006296634674072
