num_events,utilization,reallocations,changes,failures,reallocated_prop,time_compute,time_apply,time_enum,time_search,time_pp
1,0.7635869565217391,29,42,0,0.23387096774193547,0.013472795486450195,0.46195387840270996,0.0004930496215820312,0.003606081008911133,0.009371280670166016
