num_events,utilization,reallocations,changes,failures,reallocated_prop,time_compute,time_apply
1,0.9059782608695652,39,70,0,0.3391304347826087,0.015196561813354492,0.5519752502441406
