num_events,utilization,reallocations,changes,failures,reallocated_prop,time_compute,time_apply,time_enum,time_search,time_pp
1,0.7519021739130435,7,6,0,0.18181818181818182,0.010209798812866211,0.47200894355773926,0.00010514259338378906,0.0004856586456298828,0.009617328643798828
