num_events,utilization,reallocations,changes,failures,reallocated_prop,time_compute,time_apply
1,0.7158288043478261,9,12,0,0.47368421052631576,0.07827615737915039,3.7847812175750732
