num_events,utilization,reallocations,changes,failures,reallocated_prop,time_compute,time_apply
1,0.7654891304347826,8,11,0,0.4444444444444444,0.011458635330200195,0.5139055252075195
