num_events,utilization,reallocations,changes,failures,reallocated_prop,time_compute,time_apply,time_enum,time_search,time_pp
1,0.006521739130434782,1,0,0,0.0,0.07506155967712402,0.6017289161682129,0.00010085105895996094,0.0003979206085205078,0.07456088066101074
