num_events,utilization,reallocations,changes,failures,reallocated_prop,time_compute,time_apply,time_enum,time_search,time_pp
1,0.6526154891304348,6,5,0,0.5555555555555556,0.07257652282714844,3.520125389099121,3.457069396972656e-05,4.982948303222656e-05,0.07248973846435547
