num_events,utilization,reallocations,changes,failures,reallocated_prop,time_compute,time_apply,time_enum,time_search,time_pp
1,0.65,31,58,0,0.4189189189189189,0.011840105056762695,0.31661558151245117,0.0005517005920410156,0.0017418861389160156,0.009545087814331055
