num_events,utilization,reallocations,changes,failures,reallocated_prop,time_compute,time_apply
1,0.9059782608695652,48,68,0,0.3137254901960784,0.016240358352661133,0.5661873817443848
