num_events,utilization,reallocations,changes,failures,reallocated_prop,time_compute,time_apply,time_enum,time_search,time_pp
1,0.0375,1,0,0,0.0,0.018860340118408203,0.1643662452697754,8.273124694824219e-05,0.00046944618225097656,0.018307209014892578
