num_events,utilization,reallocations,changes,failures,reallocated_prop,time_compute,time_apply,time_enum,time_search,time_pp
1,1.0,11,12,0,0.3142857142857143,0.08545327186584473,0.5419378280639648,0.01830768585205078,0.05836081504821777,0.008782148361206055
