num_events,utilization,reallocations,changes,failures,reallocated_prop,time_compute,time_apply,time_enum,time_search,time_pp
1,1.0,17,23,0,0.03406813627254509,0.16763758659362793,0.5786228179931641,0.014763832092285156,0.14299893379211426,0.009871959686279297
