num_events,utilization,reallocations,changes,failures,reallocated_prop,time_compute,time_apply,time_enum,time_search,time_pp
1,0.10326086956521739,1,0,0,0.0,0.036649227142333984,0.3273129463195801,3.361701965332031e-05,0.00016379356384277344,0.03645038604736328
