num_events,utilization,reallocations,changes,failures,reallocated_prop,time_compute,time_apply,time_enum,time_search,time_pp
1,0.7483695652173913,7,6,0,0.20689655172413793,0.009735345840454102,0.45719361305236816,8.463859558105469e-05,0.0004215240478515625,0.009227275848388672
