num_events,utilization,reallocations,changes,failures,reallocated_prop,time_compute,time_apply,time_enum,time_search,time_pp
1,0.5088315217391305,3,2,0,0.5,0.03615617752075195,1.4660913944244385,3.4809112548828125e-05,4.506111145019531e-05,0.03607439994812012
