num_events,utilization,reallocations,changes,failures,reallocated_prop,time_compute,time_apply
1,0.7692934782608696,5,11,0,0.3333333333333333,0.011476278305053711,0.49844884872436523
