num_events,utilization,reallocations,changes,failures,reallocated_prop,time_compute,time_apply
1,0.7237771739130435,4,4,0,0.5714285714285714,0.01912212371826172,0.9602711200714111
