num_events,utilization,reallocations,changes,failures,reallocated_prop,time_compute,time_apply,time_enum,time_search,time_pp
1,0.65,115,187,0,0.2668213457076566,0.020343780517578125,0.3281252384185791,0.0005905628204345703,0.00948643684387207,0.01026463508605957
