num_events,utilization,reallocations,changes,failures,reallocated_prop,time_compute,time_apply,time_enum,time_search,time_pp
1,0.08152173913043478,1,0,0,0.0,0.06995034217834473,0.5980372428894043,3.337860107421875e-05,0.00025773048400878906,0.0696573257446289
