num_events,utilization,reallocations,changes,failures,reallocated_prop,time_compute,time_apply,time_enum,time_search,time_pp
1,0.65,10,24,0,0.3333333333333333,0.011070728302001953,0.3096325397491455,0.0005085468292236328,0.0009241104125976562,0.009636402130126953
