num_events,utilization,reallocations,changes,failures,reallocated_prop,time_compute,time_apply,time_enum,time_search,time_pp
1,1.0,14,17,0,0.358974358974359,0.08988809585571289,0.5592563152313232,0.017146587371826172,0.06386280059814453,0.008876323699951172
