num_events,utilization,reallocations,changes,failures,reallocated_prop,time_compute,time_apply,time_enum,time_search,time_pp
1,0.12391304347826088,1,0,0,0.0,0.11251330375671387,0.17644906044006348,0.017743349075317383,0.08572793006896973,0.009039640426635742
