num_events,utilization,reallocations,changes,failures,reallocated_prop,time_compute,time_apply,time_enum,time_search,time_pp
1,1.0,27,50,0,0.23893805309734514,0.059694766998291016,0.5735917091369629,0.014869213104248047,0.035382747650146484,0.009441852569580078
