num_events,utilization,reallocations,changes,failures,reallocated_prop,time_compute,time_apply
1,0.7809782608695652,7,6,0,0.35294117647058826,0.009311914443969727,0.4964449405670166
