num_events,utilization,reallocations,changes,failures,reallocated_prop,time_compute,time_apply,time_enum,time_search,time_pp
1,0.07608695652173914,1,0,0,0.0,0.031728267669677734,0.15645241737365723,0.013701677322387695,0.008336782455444336,0.009687185287475586
