num_events,utilization,reallocations,changes,failures,reallocated_prop,time_compute,time_apply,time_enum,time_search,time_pp
1,0.65,2,5,0,0.2857142857142857,0.07075071334838867,2.303696632385254,0.0005028247833251953,0.0003809928894042969,0.06986427307128906
