num_events,utilization,reallocations,changes,failures,reallocated_prop,time_compute,time_apply,time_enum,time_search,time_pp
1,0.1,1,0,0,0.0,0.010315418243408203,0.1058804988861084,9.489059448242188e-05,0.0007445812225341797,0.009474039077758789
