num_events,utilization,reallocations,changes,failures,reallocated_prop,time_compute,time_apply,time_enum,time_search,time_pp
1,0.2391304347826087,1,0,0,0.0,0.00896763801574707,0.11194539070129395,2.9087066650390625e-05,8.416175842285156e-05,0.008852958679199219
