num_events,utilization,reallocations,changes,failures,reallocated_prop,time_compute,time_apply
1,0.9146739130434782,15,36,0,0.4166666666666667,0.01249384880065918,0.5527529716491699
