num_events,utilization,reallocations,changes,failures,reallocated_prop,time_compute,time_apply,time_enum,time_search,time_pp
1,0.004891304347826087,1,0,0,0.0,0.07142782211303711,0.5714099407196045,8.249282836914062e-05,0.0002613067626953125,0.07108116149902344
