num_events,utilization,reallocations,changes,failures,reallocated_prop,time_compute,time_apply,time_enum,time_search,time_pp
1,0.27065217391304347,1,0,0,0.0,0.22316956520080566,0.25301408767700195,0.018138408660888672,0.19498252868652344,0.010046720504760742
