num_events,utilization,reallocations,changes,failures,reallocated_prop,time_compute,time_apply,time_enum,time_search,time_pp
1,1.0,63,141,0,0.18475073313782991,0.12405014038085938,0.5830729007720947,0.015142440795898438,0.09898209571838379,0.009923696517944336
