num_events,utilization,reallocations,changes,failures,reallocated_prop,time_compute,time_apply,time_enum,time_search,time_pp
1,0.45,1,0,0,0.0,0.0281674861907959,0.26229143142700195,0.01472163200378418,0.004074811935424805,0.009369373321533203
