num_events,utilization,reallocations,changes,failures,reallocated_prop,time_compute,time_apply,time_enum,time_search,time_pp
1,0.021739130434782608,1,0,0,0.0,0.03069329261779785,0.12540221214294434,0.016162872314453125,0.004656791687011719,0.009870290756225586
