num_events,utilization,reallocations,changes,failures,reallocated_prop,time_compute,time_apply,time_enum,time_search,time_pp
1,0.65,9,22,0,0.3103448275862069,0.07494902610778809,2.4036946296691895,0.0005161762237548828,0.0009188652038574219,0.07351136207580566
