num_events,utilization,reallocations,changes,failures,reallocated_prop,time_compute,time_apply,time_enum,time_search,time_pp
1,0.65,19,36,0,0.40425531914893614,0.010968446731567383,0.2993624210357666,0.0004911422729492188,0.0012366771697998047,0.009238958358764648
