num_events,utilization,reallocations,changes,failures,reallocated_prop,time_compute,time_apply,time_enum,time_search,time_pp
1,1.0,20,37,0,0.06369426751592357,0.1201481819152832,0.5830135345458984,0.014641761779785156,0.09451460838317871,0.010989904403686523
