num_events,utilization,reallocations,changes,failures,reallocated_prop,time_compute,time_apply,time_enum,time_search,time_pp
1,0.5533967391304347,4,3,0,0.6,0.07249331474304199,3.1389825344085693,9.822845458984375e-05,0.00017833709716796875,0.07221436500549316
