num_events,utilization,reallocations,changes,failures,reallocated_prop,time_compute,time_apply,time_enum,time_search,time_pp
1,0.01956521739130435,1,0,0,0.0,0.009131431579589844,0.07499289512634277,8.416175842285156e-05,0.00014448165893554688,0.008901119232177734
