num_events,utilization,reallocations,changes,failures,reallocated_prop,time_compute,time_apply,time_enum,time_search,time_pp
1,0.7146739130434783,3,2,0,0.058823529411764705,0.01862931251525879,0.9245519638061523,9.846687316894531e-05,0.0005540847778320312,0.0179746150970459
