num_events,utilization,reallocations,changes,failures,reallocated_prop,time_compute,time_apply,time_enum,time_search,time_pp
1,0.12907608695652173,1,0,0,0.0,0.07118892669677734,0.708251953125,3.504753112792969e-05,0.00040411949157714844,0.07074689865112305
