num_events,utilization,reallocations,changes,failures,reallocated_prop,time_compute,time_apply,time_enum,time_search,time_pp
1,0.65,5,12,0,0.3125,0.010232686996459961,0.296572208404541,0.0005011558532714844,0.0005860328674316406,0.009143590927124023
