num_events,utilization,reallocations,changes,failures,reallocated_prop,time_compute,time_apply
1,0.7802989130434783,12,12,0,0.6111111111111112,0.02042245864868164,1.0412054061889648
