num_events,utilization,reallocations,changes,failures,reallocated_prop,time_compute,time_apply
1,0.9059782608695652,61,146,0,0.41496598639455784,0.015434980392456055,0.559046745300293
