num_events,utilization,reallocations,changes,failures,reallocated_prop,time_compute,time_apply
1,0.7153192934782608,11,16,0,0.4583333333333333,0.0721888542175293,3.7726125717163086
