num_events,utilization,reallocations,changes,failures,reallocated_prop,time_compute,time_apply,time_enum,time_search,time_pp
1,1.0,39,117,0,0.11572700296735905,0.13900971412658691,0.5974431037902832,0.015929698944091797,0.11200070381164551,0.011077165603637695
