num_events,utilization,reallocations,changes,failures,reallocated_prop,time_compute,time_apply
1,0.9016304347826087,26,44,0,0.5531914893617021,0.013760089874267578,0.5724453926086426
