num_events,utilization,reallocations,changes,failures,reallocated_prop,time_compute,time_apply
1,0.9059782608695652,47,103,0,0.34057971014492755,0.01601386070251465,0.5579674243927002
