num_events,utilization,reallocations,changes,failures,reallocated_prop,time_compute,time_apply,time_enum,time_search,time_pp
1,0.014130434782608696,1,0,0,0.0,0.018734455108642578,0.15662693977355957,8.416175842285156e-05,0.00018668174743652344,0.01846146583557129
