num_events,utilization,reallocations,changes,failures,reallocated_prop,time_compute,time_apply,time_enum,time_search,time_pp
1,0.6603940217391304,6,5,0,0.5,0.03526043891906738,1.7089297771453857,2.9087066650390625e-05,5.91278076171875e-05,0.035169363021850586
