num_events,utilization,reallocations,changes,failures,reallocated_prop,time_compute,time_apply,time_enum,time_search,time_pp
1,1.0,35,63,0,0.13565891472868216,0.10017704963684082,0.5833187103271484,0.01457977294921875,0.07581162452697754,0.009783506393432617
