num_events,utilization,reallocations,changes,failures,reallocated_prop,time_compute,time_apply,time_enum,time_search,time_pp
1,0.65,168,315,0,0.3393939393939394,0.020572423934936523,0.35619020462036133,0.0005047321319580078,0.010117292404174805,0.009947776794433594
