num_events,utilization,reallocations,changes,failures,reallocated_prop,time_compute,time_apply,time_enum,time_search,time_pp
1,0.7635869565217391,64,120,0,0.5565217391304348,0.013191938400268555,0.4911789894104004,0.0004956722259521484,0.0033795833587646484,0.009315252304077148
