num_events,utilization,reallocations,changes,failures,reallocated_prop,time_compute,time_apply,time_enum,time_search,time_pp
1,0.23369565217391305,1,0,0,0.0,0.03698921203613281,0.4747757911682129,3.552436828613281e-05,0.0003535747528076172,0.03659868240356445
