num_events,utilization,reallocations,changes,failures,reallocated_prop,time_compute,time_apply,time_enum,time_search,time_pp
1,0.37717391304347825,1,0,0,0.0,0.012127399444580078,0.19521355628967285,9.417533874511719e-05,0.0023360252380371094,0.009695768356323242
