num_events,utilization,reallocations,changes,failures,reallocated_prop,time_compute,time_apply,time_enum,time_search,time_pp
1,0.22826086956521738,1,0,0,0.0,0.042105674743652344,0.5265707969665527,4.0531158447265625e-05,0.0003418922424316406,0.041721343994140625
