num_events,utilization,reallocations,changes,failures,reallocated_prop,time_compute,time_apply,time_enum,time_search,time_pp
1,0.375,1,0,0,0.0,0.2735939025878906,0.29012537002563477,0.017243385314941406,0.24694514274597168,0.00940394401550293
