num_events,utilization,reallocations,changes,failures,reallocated_prop,time_compute,time_apply,time_enum,time_search,time_pp
1,1.0,42,93,0,0.16091954022988506,0.10103225708007812,0.5787010192871094,0.014716625213623047,0.07668519020080566,0.009627342224121094
