num_events,utilization,reallocations,changes,failures,reallocated_prop,time_compute,time_apply,time_enum,time_search,time_pp
1,0.1358695652173913,1,0,0,0.0,0.03639531135559082,0.36240053176879883,3.4809112548828125e-05,0.00022029876708984375,0.03613853454589844
