num_events,utilization,reallocations,changes,failures,reallocated_prop,time_compute,time_apply,time_enum,time_search,time_pp
1,0.65,84,163,0,0.3169811320754717,0.016226768493652344,0.3373680114746094,0.0005464553833007812,0.005779743194580078,0.009898900985717773
