num_events,utilization,reallocations,changes,failures,reallocated_prop,time_compute,time_apply,time_enum,time_search,time_pp
1,0.009782608695652175,1,0,0,0.0,0.07486867904663086,0.6120474338531494,0.00010561943054199219,0.0005943775177001953,0.07416605949401855
