num_events,utilization,reallocations,changes,failures,reallocated_prop,time_compute,time_apply,time_enum,time_search,time_pp
1,0.19130434782608696,1,0,0,0.0,0.011399507522583008,0.14601588249206543,9.465217590332031e-05,0.0012874603271484375,0.010015726089477539
