num_events,utilization,reallocations,changes,failures,reallocated_prop,time_compute,time_apply,time_enum,time_search,time_pp
1,0.7285326086956522,7,6,0,0.4,0.009737730026245117,0.4351928234100342,9.655952453613281e-05,0.0002865791320800781,0.009351968765258789
