num_events,utilization,reallocations,changes,failures,reallocated_prop,time_compute,time_apply,time_enum,time_search,time_pp
1,1.0,27,49,0,0.27,0.10603165626525879,0.6480274200439453,0.014528274536132812,0.08211541175842285,0.00938558578491211
