num_events,utilization,reallocations,changes,failures,reallocated_prop,time_compute,time_apply,time_enum,time_search,time_pp
1,0.65,19,40,0,0.2714285714285714,0.011439800262451172,0.29682469367980957,0.0004930496215820312,0.0016951560974121094,0.00924992561340332
