num_events,utilization,reallocations,changes,failures,reallocated_prop,time_compute,time_apply,time_enum,time_search,time_pp
1,1.0,28,62,0,0.07629427792915532,0.13092446327209473,0.5947387218475342,0.014855146408081055,0.10615205764770508,0.009914875030517578
