num_events,utilization,reallocations,changes,failures,reallocated_prop,time_compute,time_apply,time_enum,time_search,time_pp
1,1.0,20,42,0,0.17857142857142858,0.11172223091125488,0.6632139682769775,0.014575481414794922,0.08768796920776367,0.009456872940063477
