num_events,utilization,reallocations,changes,failures,reallocated_prop,time_compute,time_apply,time_enum,time_search,time_pp
1,0.3869565217391304,1,0,0,0.0,0.2888610363006592,0.2958824634552002,0.018395423889160156,0.26106810569763184,0.009395837783813477
