num_events,utilization,reallocations,changes,failures,reallocated_prop,time_compute,time_apply,time_enum,time_search,time_pp
1,0.65,93,168,0,0.36046511627906974,0.01787281036376953,0.3424677848815918,0.0005428791046142578,0.006464958190917969,0.010863065719604492
