num_events,utilization,reallocations,changes,failures,reallocated_prop,time_compute,time_apply,time_enum,time_search,time_pp
1,0.02826086956521739,1,0,0,0.0,0.01981520652770996,0.1629030704498291,8.511543273925781e-05,0.0003571510314941406,0.01937103271484375
