num_events,utilization,reallocations,changes,failures,reallocated_prop,time_compute,time_apply,time_enum,time_search,time_pp
1,0.21739130434782608,1,0,0,0.0,0.18092060089111328,0.225693941116333,0.018476247787475586,0.15297865867614746,0.009463787078857422
