num_events,utilization,reallocations,changes,failures,reallocated_prop,time_compute,time_apply,time_enum,time_search,time_pp
1,1.0,8,10,0,0.5333333333333333,0.05114412307739258,0.6050775051116943,0.012700796127319336,0.029330730438232422,0.009109973907470703
