num_events,utilization,reallocations,changes,failures,reallocated_prop,time_compute,time_apply,time_enum,time_search,time_pp
1,0.65,37,67,0,0.38144329896907214,0.011538028717041016,0.2997562885284424,0.00041747093200683594,0.002279043197631836,0.008839607238769531
