num_events,utilization,reallocations,changes,failures,reallocated_prop,time_compute,time_apply,time_enum,time_search,time_pp
1,0.009782608695652175,1,0,0,0.0,0.07476282119750977,0.6133992671966553,0.00010561943054199219,0.0006275177001953125,0.07402729988098145
