num_events,utilization,reallocations,changes,failures,reallocated_prop,time_compute,time_apply,time_enum,time_search,time_pp
1,0.65,15,21,0,0.040106951871657755,0.018259048461914062,0.3159360885620117,0.0004963874816894531,0.007875680923461914,0.009885311126708984
