num_events,utilization,reallocations,changes,failures,reallocated_prop,time_compute,time_apply,time_enum,time_search,time_pp
1,0.6,3,4,0,0.3333333333333333,0.019032955169677734,0.6060333251953125,0.00054168701171875,0.0003516674041748047,0.018137454986572266
