num_events,utilization,reallocations,changes,failures,reallocated_prop,time_compute,time_apply,time_enum,time_search,time_pp
1,1.0,10,27,0,0.15625,0.04554390907287598,0.5803036689758301,0.014731884002685547,0.02136516571044922,0.009445428848266602
