num_events,utilization,reallocations,changes,failures,reallocated_prop,time_compute,time_apply
1,0.7205163043478261,4,3,0,0.42857142857142855,0.01830267906188965,0.9446766376495361
