num_events,utilization,reallocations,changes,failures,reallocated_prop,time_compute,time_apply,time_enum,time_search,time_pp
1,0.21739130434782608,1,0,0,0.0,0.018907546997070312,0.2313096523284912,3.3855438232421875e-05,0.00017642974853515625,0.018695354461669922
