num_events,utilization,reallocations,changes,failures,reallocated_prop,time_compute,time_apply,time_enum,time_search,time_pp
1,1.0,13,22,0,0.25,0.039574623107910156,0.5585699081420898,0.013237237930297852,0.01730036735534668,0.009035587310791016
