num_events,utilization,reallocations,changes,failures,reallocated_prop,time_compute,time_apply,time_enum,time_search,time_pp
1,0.3978260869565217,1,0,0,0.0,0.3041551113128662,0.3135871887207031,0.021636486053466797,0.272749662399292,0.009766578674316406
