num_events,utilization,reallocations,changes,failures,reallocated_prop,time_compute,time_apply,time_enum,time_search,time_pp
1,0.006521739130434782,1,0,0,0.0,0.07472467422485352,0.6113803386688232,0.00010085105895996094,0.0003960132598876953,0.07422494888305664
