num_events,utilization,reallocations,changes,failures,reallocated_prop,time_compute,time_apply
1,0.8345108695652174,12,12,0,0.4583333333333333,0.009692907333374023,0.5459804534912109
