num_events,utilization,reallocations,changes,failures,reallocated_prop,time_compute,time_apply,time_enum,time_search,time_pp
1,0.03152173913043478,1,0,0,0.0,0.010464191436767578,0.08640122413635254,0.0001087188720703125,0.0002624988555908203,0.010091304779052734
