num_events,utilization,reallocations,changes,failures,reallocated_prop,time_compute,time_apply,time_enum,time_search,time_pp
1,0.5045855978260869,2,2,0,0.25,0.07424259185791016,3.115978240966797,0.0005621910095214844,0.0005328655242919922,0.07314515113830566
