num_events,utilization,reallocations,changes,failures,reallocated_prop,time_compute,time_apply,time_enum,time_search,time_pp
1,0.7567934782608695,23,48,0,0.45098039215686275,0.011907339096069336,0.47016334533691406,0.0005183219909667969,0.0018947124481201172,0.009492874145507812
