num_events,utilization,reallocations,changes,failures,reallocated_prop,time_compute,time_apply,time_enum,time_search,time_pp
1,0.029347826086956522,1,0,0,0.0,0.010248661041259766,0.08711838722229004,9.059906005859375e-05,0.00019598007202148438,0.009960174560546875
