num_events,utilization,reallocations,changes,failures,reallocated_prop,time_compute,time_apply,time_enum,time_search,time_pp
1,0.008695652173913044,1,0,0,0.0,0.041736602783203125,0.13379335403442383,0.021767139434814453,0.010732412338256836,0.009234428405761719
