num_events,utilization,reallocations,changes,failures,reallocated_prop,time_compute,time_apply,time_enum,time_search,time_pp
1,0.65,29,55,0,0.09897610921501707,0.01648402214050293,0.3254120349884033,0.0005092620849609375,0.0061795711517333984,0.009793758392333984
