num_events,utilization,reallocations,changes,failures,reallocated_prop,time_compute,time_apply,time_enum,time_search,time_pp
1,1.0,21,22,0,0.5675675675675675,0.07184457778930664,0.6321728229522705,0.012831926345825195,0.04959297180175781,0.009416580200195312
