num_events,utilization,reallocations,changes,failures,reallocated_prop,time_compute,time_apply
1,0.8972826086956521,35,52,0,0.26515151515151514,0.015895366668701172,0.5417098999023438
