num_events,utilization,reallocations,changes,failures,reallocated_prop,time_compute,time_apply,time_enum,time_search,time_pp
1,0.7214673913043478,9,19,0,0.4090909090909091,0.02088618278503418,0.9474751949310303,0.0005586147308349609,0.0016596317291259766,0.01866626739501953
