num_events,utilization,reallocations,changes,failures,reallocated_prop,time_compute,time_apply,time_enum,time_search,time_pp
1,0.15,0,0,0,0.0,0.010685443878173828,0.08931279182434082,0.0005550384521484375,0.0002357959747314453,0.009892940521240234
