num_events,utilization,reallocations,changes,failures,reallocated_prop,time_compute,time_apply
1,0.8546195652173914,14,14,0,0.48148148148148145,0.009577512741088867,0.5269119739532471
