num_events,utilization,reallocations,changes,failures,reallocated_prop,time_compute,time_apply,time_enum,time_search,time_pp
1,0.65,40,66,0,0.27586206896551724,0.013379335403442383,0.31914687156677246,0.0005002021789550781,0.0032148361206054688,0.009662628173828125
