num_events,utilization,reallocations,changes,failures,reallocated_prop,time_compute,time_apply,time_enum,time_search,time_pp
1,0.028532608695652172,1,0,0,0.0,0.07232999801635742,0.4904162883758545,3.62396240234375e-05,0.00010466575622558594,0.07218694686889648
