num_events,utilization,reallocations,changes,failures,reallocated_prop,time_compute,time_apply
1,0.9059782608695652,19,29,0,0.3584905660377358,0.01355743408203125,0.5709667205810547
