num_events,utilization,reallocations,changes,failures,reallocated_prop,time_compute,time_apply,time_enum,time_search,time_pp
1,1.0,26,54,0,0.3333333333333333,0.08125734329223633,0.632929801940918,0.014648199081420898,0.05719304084777832,0.009414196014404297
