num_events,utilization,reallocations,changes,failures,reallocated_prop,time_compute,time_apply
1,0.9059782608695652,42,76,0,0.25766871165644173,0.016709566116333008,0.5706260204315186
