num_events,utilization,reallocations,changes,failures,reallocated_prop,time_compute,time_apply,time_enum,time_search,time_pp
1,0.6580842391304348,10,10,0,0.47368421052631576,0.0695183277130127,3.4856951236724854,2.9802322387695312e-05,9.965896606445312e-05,0.06938552856445312
