num_events,utilization,reallocations,changes,failures,reallocated_prop,time_compute,time_apply
1,0.8972826086956521,30,53,0,0.2564102564102564,0.014854907989501953,0.5509960651397705
