num_events,utilization,reallocations,changes,failures,reallocated_prop,time_compute,time_apply,time_enum,time_search,time_pp
1,0.11956521739130435,1,0,0,0.0,0.0718238353729248,0.6932787895202637,3.4809112548828125e-05,0.00036025047302246094,0.0714256763458252
