num_events,utilization,reallocations,changes,failures,reallocated_prop,time_compute,time_apply
1,0.7229959239130435,8,9,0,0.3181818181818182,0.07559323310852051,3.9973535537719727
