num_events,utilization,reallocations,changes,failures,reallocated_prop,time_compute,time_apply
1,0.8929347826086956,25,43,0,0.5319148936170213,0.014098167419433594,0.5498788356781006
