num_events,utilization,reallocations,changes,failures,reallocated_prop,time_compute,time_apply,time_enum,time_search,time_pp
1,0.04456521739130435,1,0,0,0.0,0.009735107421875,0.08602333068847656,9.655952453613281e-05,0.00033354759216308594,0.00930333137512207
