num_events,utilization,reallocations,changes,failures,reallocated_prop,time_compute,time_apply,time_enum,time_search,time_pp
1,0.65,56,103,0,0.1396508728179551,0.018970966339111328,0.3272213935852051,0.0005104541778564453,0.00841379165649414,0.010045051574707031
