num_events,utilization,reallocations,changes,failures,reallocated_prop,time_compute,time_apply,time_enum,time_search,time_pp
1,0.5583559782608696,3,2,0,0.4,0.03667140007019043,1.5039498805999756,3.552436828613281e-05,4.2438507080078125e-05,0.036591529846191406
