num_events,utilization,reallocations,changes,failures,reallocated_prop,time_compute,time_apply,time_enum,time_search,time_pp
1,0.65,58,109,0,0.4233576642335766,0.013059616088867188,0.3353424072265625,0.0005102157592773438,0.003019094467163086,0.009528398513793945
