num_events,utilization,reallocations,changes,failures,reallocated_prop,time_compute,time_apply,time_enum,time_search,time_pp
1,0.011820652173913043,1,0,0,0.0,0.07568597793579102,0.6197075843811035,0.0001068115234375,0.0007140636444091797,0.07485198974609375
