num_events,utilization,reallocations,changes,failures,reallocated_prop,time_compute,time_apply,time_enum,time_search,time_pp
1,1.0,27,81,0,0.06192660550458716,0.14685773849487305,0.578582763671875,0.014867782592773438,0.12186145782470703,0.010126590728759766
