num_events,utilization,reallocations,changes,failures,reallocated_prop,time_compute,time_apply,time_enum,time_search,time_pp
1,0.33152173913043476,1,0,0,0.0,0.011311531066894531,0.17179226875305176,9.560585021972656e-05,0.0019228458404541016,0.009291648864746094
