num_events,utilization,reallocations,changes,failures,reallocated_prop,time_compute,time_apply,time_enum
1,0.33695652173913043,1,0,0,0.0,0.06001543998718262,0.2609717845916748,0.018190622329711914
