num_events,utilization,reallocations,changes,failures,reallocated_prop,time_compute,time_apply,time_enum,time_search,time_pp
1,0.7141304347826087,6,5,0,0.2631578947368421,0.019383907318115234,0.9375722408294678,0.00010037422180175781,0.0004737377166748047,0.01880788803100586
