num_events,utilization,reallocations,changes,failures,reallocated_prop,time_compute,time_apply,time_enum,time_search,time_pp
1,0.003125,1,0,0,0.0,0.07261252403259277,0.5845053195953369,8.392333984375e-05,0.00017976760864257812,0.07234668731689453
