num_events,utilization,reallocations,changes,failures,reallocated_prop,time_compute,time_apply,time_enum,time_search,time_pp
1,0.7415760869565218,8,8,0,0.3333333333333333,0.009472846984863281,0.47066712379455566,3.457069396972656e-05,0.00011658668518066406,0.009320497512817383
