num_events,utilization,reallocations,changes,failures,reallocated_prop,time_compute,time_apply
1,0.7597826086956522,8,7,0,0.5384615384615384,0.01799774169921875,0.9734542369842529
