num_events,utilization,reallocations,changes,failures,reallocated_prop,time_compute,time_apply,time_enum,time_search,time_pp
1,0.19592391304347825,1,0,0,0.0,0.018709421157836914,0.3675816059112549,3.719329833984375e-05,5.7220458984375e-05,0.01861286163330078
