num_events,utilization,reallocations,changes,failures,reallocated_prop,time_compute,time_apply,time_enum,time_search,time_pp
1,0.9157608695652174,2,2,0,0.16666666666666666,0.034562110900878906,0.583773136138916,0.014459848403930664,0.010929584503173828,0.009170293807983398
