num_events,utilization,reallocations,changes,failures,reallocated_prop,time_compute,time_apply,time_enum,time_search,time_pp
1,0.65,32,60,0,0.42105263157894735,0.02094268798828125,0.6060352325439453,0.0005278587341308594,0.001837015151977539,0.01857590675354004
