num_events,utilization,reallocations,changes,failures,reallocated_prop,time_compute,time_apply,time_enum,time_search,time_pp
1,0.7635869565217391,17,40,0,0.425,0.011546134948730469,0.48665499687194824,0.0005042552947998047,0.001787424087524414,0.00925302505493164
