num_events,utilization,reallocations,changes,failures,reallocated_prop,time_compute,time_apply
1,0.7804347826086957,3,6,0,0.3333333333333333,0.011454582214355469,0.5180764198303223
