num_events,utilization,reallocations,changes,failures,reallocated_prop,time_compute,time_apply,time_enum,time_search,time_pp
1,0.7269021739130435,5,4,0,0.23529411764705882,0.009899377822875977,0.46947789192199707,0.00010418891906738281,0.00035190582275390625,0.009441137313842773
