num_events,utilization,reallocations,changes,failures,reallocated_prop,time_compute,time_apply,time_enum,time_search,time_pp
1,0.65,68,109,0,0.16831683168316833,0.017663002014160156,0.3158583641052246,0.0005109310150146484,0.007897138595581055,0.009252548217773438
