num_events,utilization,reallocations,changes,failures,reallocated_prop,time_compute,time_apply
1,0.904891304347826,15,36,0,0.38461538461538464,0.013436317443847656,0.5547783374786377
