num_events,utilization,reallocations,changes,failures,reallocated_prop,time_compute,time_apply,time_enum,time_search,time_pp
1,0.3641304347826087,1,0,0,0.0,0.27753591537475586,0.279343843460083,0.018286943435668945,0.2494657039642334,0.009780406951904297
