num_events,utilization,reallocations,changes,failures,reallocated_prop,time_compute,time_apply,time_enum,time_search,time_pp
1,0.07173913043478261,1,0,0,0.0,0.08197140693664551,0.15987896919250488,0.021611452102661133,0.05105710029602051,0.00930023193359375
