num_events,utilization,reallocations,changes,failures,reallocated_prop,time_compute,time_apply
1,0.8358695652173913,22,25,0,0.6774193548387096,0.009840965270996094,0.5327239036560059
