num_events,utilization,reallocations,changes,failures,reallocated_prop,time_compute,time_apply
1,0.7081521739130435,9,9,0,0.7272727272727273,0.07020449638366699,3.8395304679870605
