num_events,utilization,reallocations,changes,failures,reallocated_prop,time_compute,time_apply
1,0.483695652173913,2,1,0,0.3333333333333333,0.00970005989074707,0.42241501808166504
