num_events,utilization,reallocations,changes,failures,reallocated_prop,time_compute,time_apply,time_enum,time_search,time_pp
1,0.17391304347826086,1,0,0,0.0,0.043868303298950195,0.4799370765686035,4.1484832763671875e-05,0.00026297569274902344,0.04356217384338379
