num_events,utilization,reallocations,changes,failures,reallocated_prop,time_compute,time_apply,time_enum,time_search,time_pp
1,0.6296195652173913,3,4,0,0.3333333333333333,0.00963139533996582,0.4215569496154785,0.0004372596740722656,0.0004334449768066406,0.008759021759033203
