num_events,utilization,reallocations,changes,failures,reallocated_prop,time_compute,time_apply,time_enum,time_search,time_pp
1,0.09456521739130434,1,0,0,0.0,0.012950420379638672,0.1258997917175293,0.0001342296600341797,0.0007538795471191406,0.012060403823852539
