num_events,utilization,reallocations,changes,failures,reallocated_prop,time_compute,time_apply,time_enum,time_search,time_pp
1,0.5543478260869565,1,0,0,0.0,0.061263084411621094,0.33730196952819824,0.012862682342529297,0.038802146911621094,0.009595155715942383
