num_events,utilization,reallocations,changes,failures,reallocated_prop,time_compute,time_apply,time_enum,time_search,time_pp
1,0.65,24,58,0,0.3333333333333333,0.07402777671813965,2.401094675064087,0.0004975795745849609,0.001739501953125,0.07178711891174316
