num_events,utilization,reallocations,changes,failures,reallocated_prop,time_compute,time_apply,time_enum,time_search,time_pp
1,0.1967391304347826,1,0,0,0.0,0.010432004928588867,0.12958788871765137,7.939338684082031e-05,0.00131988525390625,0.009031057357788086
