num_events,utilization,reallocations,changes,failures,reallocated_prop,time_compute,time_apply
1,0.7782608695652173,6,6,0,0.7142857142857143,0.009506702423095703,0.5302507877349854
