num_events,utilization,reallocations,changes,failures,reallocated_prop,time_compute,time_apply,time_enum
1,0.42391304347826086,1,0,0,0.0,0.010636329650878906,0.24422001838684082,0.00013184547424316406
