num_events,utilization,reallocations,changes,failures,reallocated_prop,time_compute,time_apply
1,0.8888586956521739,14,34,0,0.3783783783783784,0.012664318084716797,0.5421285629272461
