num_events,utilization,reallocations,changes,failures,reallocated_prop,time_compute,time_apply,time_enum,time_search,time_pp
1,1.0,24,39,0,0.375,0.08713388442993164,0.5941076278686523,0.012944698333740234,0.06500840187072754,0.009178638458251953
