num_events,utilization,reallocations,changes,failures,reallocated_prop,time_compute,time_apply,time_enum,time_search,time_pp
1,0.65,25,35,0,0.20161290322580644,0.012759923934936523,0.313157320022583,0.0005118846893310547,0.0027358531951904297,0.009510040283203125
