num_events,utilization,reallocations,changes,failures,reallocated_prop,time_compute,time_apply,time_enum,time_search,time_pp
1,0.29239130434782606,1,0,0,0.0,0.23638129234313965,0.2591438293457031,0.018254518508911133,0.20812535285949707,0.009998559951782227
