num_events,utilization,reallocations,changes,failures,reallocated_prop,time_compute,time_apply,time_enum,time_search,time_pp
1,0.03940217391304348,1,0,0,0.0,0.07045221328735352,0.5169677734375,3.528594970703125e-05,0.00013899803161621094,0.07027578353881836
