num_events,utilization,reallocations,changes,failures,reallocated_prop,time_compute,time_apply
1,0.7527173913043478,7,6,0,0.5454545454545454,0.01018214225769043,0.5073881149291992
