num_events,utilization,reallocations,changes,failures,reallocated_prop,time_compute,time_apply
1,0.8611413043478261,12,13,0,0.5238095238095238,0.010057687759399414,0.5278661251068115
