num_events,utilization,reallocations,changes,failures,reallocated_prop,time_compute,time_apply,time_enum,time_search,time_pp
1,0.65,22,39,0,0.3188405797101449,0.011673688888549805,0.320737361907959,0.0005133152008056641,0.0016849040985107422,0.009474039077758789
