num_events,utilization,reallocations,changes,failures,reallocated_prop,time_compute,time_apply,time_enum,time_search,time_pp
1,0.09891304347826087,1,0,0,0.0,0.09760022163391113,0.17075538635253906,0.017707109451293945,0.0706331729888916,0.009258508682250977
