num_events,utilization,reallocations,changes,failures,reallocated_prop,time_compute,time_apply,time_enum,time_search,time_pp
1,1.0,16,17,0,0.34782608695652173,0.14438986778259277,0.6220474243164062,0.018422365188598633,0.1166069507598877,0.009357690811157227
