num_events,utilization,reallocations,changes,failures,reallocated_prop,time_compute,time_apply,time_enum,time_search,time_pp
1,0.65,5,12,0,0.3125,0.010511636734008789,0.3089780807495117,0.000507354736328125,0.0005991458892822266,0.009403705596923828
