num_events,utilization,reallocations,changes,failures,reallocated_prop,time_compute,time_apply,time_enum,time_search,time_pp
1,1.0,31,43,0,0.31313131313131315,0.05661821365356445,0.5722434520721436,0.014922857284545898,0.032198190689086914,0.009495735168457031
