num_events,utilization,reallocations,changes,failures,reallocated_prop,time_compute,time_apply,time_enum,time_search,time_pp
1,1.0,39,117,0,0.11607142857142858,0.12268447875976562,0.5845098495483398,0.014666318893432617,0.09811878204345703,0.009896993637084961
