num_events,utilization,reallocations,changes,failures,reallocated_prop,time_compute,time_apply
1,0.6910326086956522,6,6,0,0.8333333333333334,0.010823965072631836,0.5083751678466797
