num_events,utilization,reallocations,changes,failures,reallocated_prop,time_compute,time_apply
1,0.9059782608695652,33,49,0,0.4342105263157895,0.01373600959777832,0.546872615814209
