num_events,utilization,reallocations,changes,failures,reallocated_prop,time_compute,time_apply
1,0.8826086956521739,18,20,0,0.6296296296296297,0.009899377822875977,0.5540060997009277
