num_events,utilization,reallocations,changes,failures,reallocated_prop,time_compute,time_apply,time_enum,time_search,time_pp
1,0.04782608695652174,1,0,0,0.0,0.01043558120727539,0.09126830101013184,0.00011110305786132812,0.0003833770751953125,0.009939432144165039
