num_events,utilization,reallocations,changes,failures,reallocated_prop,time_compute,time_apply,time_enum,time_search,time_pp
1,0.1736413043478261,1,0,0,0.0,0.01420736312866211,0.2367863655090332,4.887580871582031e-05,4.172325134277344e-05,0.014114618301391602
