num_events,utilization,reallocations,changes,failures,reallocated_prop,time_compute,time_apply
1,0.8817934782608695,18,36,0,0.46153846153846156,0.013763189315795898,0.5734307765960693
