num_events,utilization,reallocations,changes,failures,reallocated_prop,time_compute,time_apply,time_enum,time_search,time_pp
1,0.65,31,57,0,0.38271604938271603,0.011978626251220703,0.3254048824310303,0.0004968643188476562,0.0019249916076660156,0.009555578231811523
