num_events,utilization,reallocations,changes,failures,reallocated_prop,time_compute,time_apply,time_enum,time_search,time_pp
1,0.07391304347826087,1,0,0,0.0,0.01000213623046875,0.09910082817077637,9.5367431640625e-05,0.0005223751068115234,0.00938272476196289
