num_events,utilization,reallocations,changes,failures,reallocated_prop,time_compute,time_apply,time_enum,time_search,time_pp
1,1.0,53,120,0,0.19776119402985073,0.10354042053222656,0.5967085361480713,0.014708757400512695,0.07899832725524902,0.009830951690673828
