num_events,utilization,reallocations,changes,failures,reallocated_prop,time_compute,time_apply,time_enum,time_search,time_pp
1,0.6841032608695652,14,24,0,0.4827586206896552,0.039639949798583984,1.8335034847259521,0.0005164146423339844,0.0016932487487792969,0.03742837905883789
