num_events,utilization,reallocations,changes,failures,reallocated_prop,time_compute,time_apply,time_enum,time_search,time_pp
1,0.10434782608695652,1,0,0,0.0,0.10209488868713379,0.17338228225708008,0.018022537231445312,0.0746760368347168,0.009393930435180664
