num_events,utilization,reallocations,changes,failures,reallocated_prop,time_compute,time_apply,time_enum,time_search,time_pp
1,1.0,67,79,0,0.162227602905569,0.1468360424041748,0.5832729339599609,0.014736413955688477,0.12219738960266113,0.009900093078613281
