num_events,utilization,reallocations,changes,failures,reallocated_prop,time_compute,time_apply,time_enum
1,0.021739130434782608,1,0,0,0.0,0.033617496490478516,0.12276434898376465,0.01834726333618164
