num_events,utilization,reallocations,changes,failures,reallocated_prop,time_compute,time_apply,time_enum,time_search,time_pp
1,0.33695652173913043,1,0,0,0.0,0.24559736251831055,0.2637934684753418,0.017554283142089844,0.21866464614868164,0.009376049041748047
