num_events,utilization,reallocations,changes,failures,reallocated_prop,time_compute,time_apply,time_enum,time_search,time_pp
1,0.65,43,78,0,0.36752136752136755,0.012698650360107422,0.32538747787475586,0.0005099773406982422,0.0026178359985351562,0.009568929672241211
