num_events,utilization,reallocations,changes,failures,reallocated_prop,time_compute,time_apply,time_enum,time_search,time_pp
1,1.0,65,117,0,0.1447661469933185,0.15336203575134277,0.585317850112915,0.014816999435424805,0.12833786010742188,0.010204553604125977
