num_events,utilization,reallocations,changes,failures,reallocated_prop,time_compute,time_apply,time_enum,time_search,time_pp
1,0.746195652173913,11,10,0,0.3448275862068966,0.009489297866821289,0.47324538230895996,8.249282836914062e-05,0.0003952980041503906,0.009010076522827148
