num_events,utilization,reallocations,changes,failures,reallocated_prop,time_compute,time_apply,time_enum,time_search,time_pp
1,0.65,16,29,0,0.42105263157894735,0.036489009857177734,1.1589488983154297,0.0004899501800537109,0.0009808540344238281,0.035016536712646484
