num_events,utilization,reallocations,changes,failures,reallocated_prop,time_compute,time_apply,time_enum,time_search,time_pp
1,0.65,66,122,0,0.1625615763546798,0.01924872398376465,0.327526330947876,0.0005116462707519531,0.00847482681274414,0.010259866714477539
