num_events,utilization,reallocations,changes,failures,reallocated_prop,time_compute,time_apply,time_enum,time_search,time_pp
1,1.0,50,90,0,0.13227513227513227,0.13365912437438965,0.5787110328674316,0.015128374099731445,0.10859918594360352,0.009929656982421875
