num_events,utilization,reallocations,changes,failures,reallocated_prop,time_compute,time_apply,time_enum,time_search,time_pp
1,1.0,37,111,0,0.09660574412532637,0.1361539363861084,0.5824480056762695,0.014614343643188477,0.11157631874084473,0.009960651397705078
