num_events,utilization,reallocations,changes,failures,reallocated_prop,time_compute,time_apply,time_enum,time_search,time_pp
1,0.65,63,130,0,0.2032258064516129,0.01686716079711914,0.327589750289917,0.0005083084106445312,0.006537437438964844,0.009819507598876953
