num_events,utilization,reallocations,changes,failures,reallocated_prop,time_compute,time_apply,time_enum,time_search,time_pp
1,0.6722826086956522,4,3,0,0.3333333333333333,0.019886016845703125,0.9132473468780518,9.799003601074219e-05,0.00018978118896484375,0.019596576690673828
