num_events,utilization,reallocations,changes,failures,reallocated_prop,time_compute,time_apply,time_enum,time_search,time_pp
1,1.0,20,42,0,0.21052631578947367,0.05002999305725098,0.5589308738708496,0.012515068054199219,0.02835559844970703,0.009157419204711914
