num_events,utilization,reallocations,changes,failures,reallocated_prop,time_compute,time_apply
1,0.9057065217391305,29,65,0,0.4142857142857143,0.013372421264648438,0.5760793685913086
