num_events,utilization,reallocations,changes,failures,reallocated_prop,time_compute,time_apply,time_enum,time_search,time_pp
1,0.2184782608695652,1,0,0,0.0,0.011016845703125,0.14237213134765625,9.34600830078125e-05,0.0014328956604003906,0.009488105773925781
