num_events,utilization,reallocations,changes,failures,reallocated_prop,time_compute,time_apply,time_enum,time_search,time_pp
1,1.0,21,48,0,0.09210526315789473,0.09391236305236816,0.5768022537231445,0.01463627815246582,0.06940197944641113,0.009871721267700195
