num_events,utilization,reallocations,changes,failures,reallocated_prop,time_compute,time_apply,time_enum
1,0.34782608695652173,1,0,0,0.0,0.010717391967773438,0.21856236457824707,0.00014400482177734375
