num_events,utilization,reallocations,changes,failures,reallocated_prop,time_compute,time_apply,time_enum,time_search,time_pp
1,0.65,144,273,0,0.2987551867219917,0.019509077072143555,0.33207249641418457,0.0005197525024414062,0.00936269760131836,0.009624958038330078
