num_events,utilization,reallocations,changes,failures,reallocated_prop,time_compute,time_apply,time_enum,time_search,time_pp
1,0.09239130434782608,1,0,0,0.0,0.09580302238464355,0.17512226104736328,0.018404006958007812,0.06782412528991699,0.009572029113769531
