num_events,utilization,reallocations,changes,failures,reallocated_prop,time_compute,time_apply,time_enum,time_search,time_pp
1,0.65,13,21,0,0.03485254691689008,0.01809978485107422,0.3213467597961426,0.0005006790161132812,0.007851123809814453,0.00974583625793457
