num_events,utilization,reallocations,changes,failures,reallocated_prop,time_compute,time_apply,time_enum,time_search,time_pp
1,0.08152173913043478,1,0,0,0.0,0.017583847045898438,0.1458110809326172,2.86102294921875e-05,6.246566772460938e-05,0.017490863800048828
