num_events,utilization,reallocations,changes,failures,reallocated_prop,time_compute,time_apply,time_enum,time_search,time_pp
1,1.0,16,19,0,0.5,0.06787323951721191,0.6117620468139648,0.012701749801635742,0.04568219184875488,0.009487152099609375
