num_events,utilization,reallocations,changes,failures,reallocated_prop,time_compute,time_apply,time_enum,time_search,time_pp
1,0.1956521739130435,1,0,0,0.0,0.010659933090209961,0.1201181411743164,3.647804260253906e-05,8.869171142578125e-05,0.010532855987548828
