num_events,utilization,reallocations,changes,failures,reallocated_prop,time_compute,time_apply,time_enum,time_search,time_pp
1,0.65,14,26,0,0.4117647058823529,0.036307573318481445,1.1442978382110596,0.0004954338073730469,0.0008606910705566406,0.03495001792907715
