num_events,utilization,reallocations,changes,failures,reallocated_prop,time_compute,time_apply
1,0.8777173913043478,15,33,0,0.39473684210526316,0.013687610626220703,0.543445348739624
