num_events,utilization,reallocations,changes,failures,reallocated_prop,time_compute,time_apply,time_enum,time_search,time_pp
1,0.6759510869565217,5,4,0,0.2222222222222222,0.036646366119384766,1.7218711376190186,9.775161743164062e-05,0.0003781318664550781,0.036168575286865234
