num_events,utilization,reallocations,changes,failures,reallocated_prop,time_compute,time_apply,time_enum,time_search,time_pp
1,0.3630434782608696,1,0,0,0.0,0.012268543243408203,0.19693589210510254,9.751319885253906e-05,0.0022611618041992188,0.009908199310302734
