num_events,utilization,reallocations,changes,failures,reallocated_prop,time_compute,time_apply,time_enum,time_search,time_pp
1,0.65,19,46,0,0.3275862068965517,0.07007622718811035,2.3040997982025146,0.0004982948303222656,0.0014009475708007812,0.06817507743835449
