num_events,utilization,reallocations,changes,failures,reallocated_prop,time_compute,time_apply,time_enum,time_search,time_pp
1,0.65,22,41,0,0.41509433962264153,0.0364842414855957,1.1628844738006592,0.0004932880401611328,0.0014007091522216797,0.03458833694458008
