num_events,utilization,reallocations,changes,failures,reallocated_prop,time_compute,time_apply,time_enum,time_search,time_pp
1,0.6956521739130435,15,15,0,0.4827586206896552,0.017801523208618164,0.8914544582366943,3.0517578125e-05,0.00011467933654785156,0.0176544189453125
