num_events,utilization,reallocations,changes,failures,reallocated_prop,time_compute,time_apply,time_enum
1,0.043478260869565216,1,0,0,0.0,0.03619241714477539,0.14686894416809082,0.018671274185180664
