num_events,utilization,reallocations,changes,failures,reallocated_prop,time_compute,time_apply,time_enum,time_search,time_pp
1,1.0,31,90,0,0.15196078431372548,0.08664703369140625,0.5811002254486084,0.01480555534362793,0.06197762489318848,0.009861230850219727
