num_events,utilization,reallocations,changes,failures,reallocated_prop,time_compute,time_apply,time_enum,time_search,time_pp
1,0.16195652173913044,1,0,0,0.0,0.1412065029144287,0.20016193389892578,0.01824784278869629,0.11358213424682617,0.009374856948852539
