num_events,utilization,reallocations,changes,failures,reallocated_prop,time_compute,time_apply,time_enum,time_search,time_pp
1,0.4369565217391304,1,0,0,0.0,0.32449936866760254,0.3243899345397949,0.018055200576782227,0.2966616153717041,0.009780645370483398
