num_events,utilization,reallocations,changes,failures,reallocated_prop,time_compute,time_apply,time_enum,time_search,time_pp
1,0.45,1,0,0,0.0,0.03073430061340332,0.29376912117004395,0.016048669815063477,0.004141092300415039,0.010543346405029297
