num_events,utilization,reallocations,changes,failures,reallocated_prop,time_compute,time_apply,time_enum,time_search,time_pp
1,0.09782608695652174,1,0,0,0.0,0.010586023330688477,0.10631179809570312,9.775161743164062e-05,0.0007059574127197266,0.009781360626220703
