num_events,utilization,reallocations,changes,failures,reallocated_prop,time_compute,time_apply,time_enum,time_search,time_pp
1,0.7592391304347826,7,6,0,0.3157894736842105,0.009726524353027344,0.4757111072540283,9.465217590332031e-05,0.0004315376281738281,0.009198188781738281
