num_events,utilization,reallocations,changes,failures,reallocated_prop,time_compute,time_apply,time_enum,time_search,time_pp
1,0.0008152173913043478,1,0,0,0.0,0.03933835029602051,0.2978541851043701,0.00011849403381347656,7.486343383789062e-05,0.039142608642578125
