num_events,utilization,reallocations,changes,failures,reallocated_prop,time_compute,time_apply,time_enum,time_search,time_pp
1,1.0,12,14,0,0.21818181818181817,0.12466239929199219,0.6215476989746094,0.01839303970336914,0.09699392318725586,0.009272098541259766
