num_events,utilization,reallocations,changes,failures,reallocated_prop,time_compute,time_apply,time_enum,time_search,time_pp
1,0.16847826086956522,1,0,0,0.0,0.14643502235412598,0.20487737655639648,0.018422603607177734,0.11850571632385254,0.009505033493041992
