num_events,utilization,reallocations,changes,failures,reallocated_prop,time_compute,time_apply,time_enum,time_search,time_pp
1,1.0,31,79,0,0.31958762886597936,0.10674333572387695,0.6499879360198975,0.014905452728271484,0.08223152160644531,0.009602546691894531
