num_events,utilization,reallocations,changes,failures,reallocated_prop,time_compute,time_apply,time_enum,time_search,time_pp
1,0.07608695652173914,1,0,0,0.0,0.010272502899169922,0.08252596855163574,3.6716461181640625e-05,4.506111145019531e-05,0.010189056396484375
