num_events,utilization,reallocations,changes,failures,reallocated_prop,time_compute,time_apply,time_enum,time_search,time_pp
1,1.0,18,38,0,0.20689655172413793,0.05169367790222168,0.5727863311767578,0.01481175422668457,0.027332782745361328,0.009546756744384766
