num_events,utilization,reallocations,changes,failures,reallocated_prop,time_compute,time_apply,time_enum,time_search,time_pp
1,0.6,3,4,0,0.3333333333333333,0.019751310348510742,0.5853524208068848,0.000492095947265625,0.00034928321838378906,0.018907546997070312
