num_events,utilization,reallocations,changes,failures,reallocated_prop,time_compute,time_apply,time_enum,time_search,time_pp
1,0.4673913043478261,1,0,0,0.0,0.35219788551330566,0.33402132987976074,0.02164435386657715,0.3205099105834961,0.010040998458862305
