num_events,utilization,reallocations,changes,failures,reallocated_prop,time_compute,time_apply,time_enum,time_search,time_pp
1,0.003532608695652174,1,0,0,0.0,0.07407498359680176,0.5937356948852539,0.00010013580322265625,0.00022912025451660156,0.07374382019042969
