num_events,utilization,reallocations,changes,failures,reallocated_prop,time_compute,time_apply,time_enum,time_search,time_pp
1,0.011005434782608696,1,0,0,0.0,0.07507157325744629,0.6171207427978516,9.822845458984375e-05,0.0006322860717773438,0.07433891296386719
