num_events,utilization,reallocations,changes,failures,reallocated_prop,time_compute,time_apply,time_enum,time_search,time_pp
1,0.007065217391304348,1,0,0,0.0,0.0748748779296875,0.6089389324188232,9.870529174804688e-05,0.0004189014434814453,0.0743556022644043
