num_events,utilization,reallocations,changes,failures,reallocated_prop,time_compute,time_apply
1,0.9059782608695652,33,57,0,0.532258064516129,0.013756752014160156,0.5601012706756592
