num_events,utilization,reallocations,changes,failures,reallocated_prop,time_compute,time_apply,time_enum,time_search,time_pp
1,0.022282608695652174,1,0,0,0.0,0.03648543357849121,0.30854296684265137,0.00011086463928222656,0.0006239414215087891,0.035748958587646484
