num_events,utilization,reallocations,changes,failures,reallocated_prop,time_compute,time_apply,time_enum,time_search,time_pp
1,0.65,37,49,0,0.16299559471365638,0.015032529830932617,0.32434773445129395,0.0005638599395751953,0.004909038543701172,0.009557962417602539
