num_events,utilization,reallocations,changes,failures,reallocated_prop,time_compute,time_apply,time_enum,time_search,time_pp
1,0.65,23,56,0,0.32857142857142857,0.020349502563476562,0.602428674697876,0.0004990100860595703,0.0017287731170654297,0.018120288848876953
