num_events,utilization,reallocations,changes,failures,reallocated_prop,time_compute,time_apply,time_enum,time_search,time_pp
1,1.0,29,62,0,0.20714285714285716,0.06734824180603027,0.5699541568756104,0.014927148818969727,0.04278111457824707,0.009637832641601562
