num_events,utilization,reallocations,changes,failures,reallocated_prop,time_compute,time_apply,time_enum,time_search,time_pp
1,0.02282608695652174,1,0,0,0.0,0.03742527961730957,0.3139829635620117,9.846687316894531e-05,0.0006597042083740234,0.03666520118713379
