num_events,utilization,reallocations,changes,failures,reallocated_prop,time_compute,time_apply,time_enum,time_search,time_pp
1,0.1782608695652174,1,0,0,0.0,0.01075291633605957,0.14601731300354004,7.987022399902344e-05,0.0011134147644042969,0.009557962417602539
