num_events,utilization,reallocations,changes,failures,reallocated_prop,time_compute,time_apply,time_enum,time_search,time_pp
1,1.0,38,70,0,0.1623931623931624,0.09444642066955566,0.5789027214050293,0.014928102493286133,0.06978559494018555,0.009731292724609375
