num_events,utilization,reallocations,changes,failures,reallocated_prop,time_compute,time_apply,time_enum,time_search,time_pp
1,1.0,15,19,0,0.2777777777777778,0.11496615409851074,0.6117095947265625,0.01764845848083496,0.0883328914642334,0.008982658386230469
