num_events,utilization,reallocations,changes,failures,reallocated_prop,time_compute,time_apply,time_enum,time_search,time_pp
1,1.0,57,99,0,0.25333333333333335,0.09063863754272461,0.5829968452453613,0.014677286148071289,0.06640195846557617,0.009557485580444336
