num_events,utilization,reallocations,changes,failures,reallocated_prop,time_compute,time_apply,time_enum,time_search,time_pp
1,0.6675951086956522,11,19,0,0.4583333333333333,0.03733658790588379,1.7404227256774902,0.0005106925964355469,0.0012595653533935547,0.035564422607421875
