num_events,utilization,reallocations,changes,failures,reallocated_prop,time_compute,time_apply,time_enum,time_search,time_pp
1,0.65,103,245,0,0.29261363636363635,0.01755356788635254,0.32773756980895996,0.0004248619079589844,0.007326364517211914,0.00980067253112793
