num_events,utilization,reallocations,changes,failures,reallocated_prop,time_compute,time_apply,time_enum,time_search,time_pp
1,0.002173913043478261,1,0,0,0.0,0.011040210723876953,0.08224081993103027,0.000133514404296875,6.29425048828125e-05,0.010842084884643555
