num_events,utilization,reallocations,changes,failures,reallocated_prop,time_compute,time_apply,time_enum,time_search,time_pp
1,0.02391304347826087,1,0,0,0.0,0.01074528694152832,0.0837106704711914,0.00012159347534179688,0.0002079010009765625,0.010413885116577148
