num_events,utilization,reallocations,changes,failures,reallocated_prop,time_compute,time_apply,time_enum,time_search,time_pp
1,0.6565557065217391,5,4,0,0.5,0.07406306266784668,3.5413403511047363,3.4332275390625e-05,7.700920104980469e-05,0.07394909858703613
