num_events,utilization,reallocations,changes,failures,reallocated_prop,time_compute,time_apply,time_enum,time_search,time_pp
1,0.6876358695652174,10,22,0,0.37037037037037035,0.019185781478881836,0.8954055309295654,0.0005295276641845703,0.0013096332550048828,0.01734471321105957
