num_events,utilization,reallocations,changes,failures,reallocated_prop,time_compute,time_apply,time_enum,time_search,time_pp
1,0.6686820652173913,6,5,0,0.5555555555555556,0.035895586013793945,1.7900278568267822,3.457069396972656e-05,9.965896606445312e-05,0.03575921058654785
