num_events,utilization,reallocations,changes,failures,reallocated_prop,time_compute,time_apply,time_enum,time_search,time_pp
1,1.0,9,10,0,0.25,0.09879565238952637,0.5970778465270996,0.018433570861816406,0.07110452651977539,0.00925445556640625
