num_events,utilization,reallocations,changes,failures,reallocated_prop,time_compute,time_apply,time_enum,time_search,time_pp
1,0.10869565217391304,1,0,0,0.0,0.10497856140136719,0.17567873001098633,0.01812005043029785,0.07752180099487305,0.009333372116088867
