num_events,utilization,reallocations,changes,failures,reallocated_prop,time_compute,time_apply,time_enum,time_search,time_pp
1,0.6670176630434783,11,22,0,0.39285714285714285,0.0735940933227539,3.48248291015625,0.0005316734313964844,0.0015404224395751953,0.07152032852172852
