num_events,utilization,reallocations,changes,failures,reallocated_prop,time_compute,time_apply,time_enum,time_search,time_pp
1,0.5369565217391304,1,0,0,0.0,0.391329288482666,0.35793232917785645,0.01763153076171875,0.3636205196380615,0.01007533073425293
