num_events,utilization,reallocations,changes,failures,reallocated_prop,time_compute,time_apply
1,0.4633152173913043,2,1,0,0.3333333333333333,0.012445926666259766,0.4529595375061035
