num_events,utilization,reallocations,changes,failures,reallocated_prop,time_compute,time_apply,time_enum,time_search,time_pp
1,1.0,6,18,0,0.012072434607645875,0.17440485954284668,0.5743741989135742,0.015494823455810547,0.14888572692871094,0.01002192497253418
