num_events,utilization,reallocations,changes,failures,reallocated_prop,time_compute,time_apply,time_enum,time_search,time_pp
1,0.002717391304347826,1,0,0,0.0,0.0721883773803711,0.42610907554626465,3.743171691894531e-05,2.6464462280273438e-05,0.07212162017822266
