num_events,utilization,reallocations,changes,failures,reallocated_prop,time_compute,time_apply,time_enum
1,0.30434782608695654,1,0,0,0.0,0.009839296340942383,0.1931459903717041,0.00014495849609375
