num_events,utilization,reallocations,changes,failures,reallocated_prop,time_compute,time_apply,time_enum,time_search,time_pp
1,0.45,2,2,0,0.3333333333333333,0.0697622299194336,1.6571228504180908,0.0004951953887939453,0.00023889541625976562,0.06902647018432617
