num_events,utilization,reallocations,changes,failures,reallocated_prop,time_compute,time_apply,time_enum,time_search,time_pp
1,0.029891304347826088,1,0,0,0.0,0.01851940155029297,0.1594851016998291,8.20159912109375e-05,0.0003724098205566406,0.018063068389892578
