num_events,utilization,reallocations,changes,failures,reallocated_prop,time_compute,time_apply,time_enum,time_search,time_pp
1,0.006385869565217392,1,0,0,0.0,0.0774078369140625,0.6168265342712402,9.894371032714844e-05,0.00038552284240722656,0.07692122459411621
