num_events,utilization,reallocations,changes,failures,reallocated_prop,time_compute,time_apply,time_enum,time_search,time_pp
1,0.65,16,39,0,0.32653061224489793,0.011091470718383789,0.29854917526245117,0.0004978179931640625,0.001373291015625,0.009218931198120117
