num_events,utilization,reallocations,changes,failures,reallocated_prop,time_compute,time_apply
1,0.9059782608695652,52,69,0,0.5306122448979592,0.014779090881347656,0.5618331432342529
