num_events,utilization,reallocations,changes,failures,reallocated_prop,time_compute,time_apply,time_enum,time_search,time_pp
1,0.65,98,189,0,0.2168141592920354,0.018985271453857422,0.32163476943969727,0.0005180835723876953,0.009010076522827148,0.009454965591430664
