num_events,utilization,reallocations,changes,failures,reallocated_prop,time_compute,time_apply,time_enum,time_search,time_pp
1,0.07717391304347826,1,0,0,0.0,0.08261609077453613,0.16881513595581055,0.01827383041381836,0.05498147010803223,0.009359121322631836
