num_events,utilization,reallocations,changes,failures,reallocated_prop,time_compute,time_apply,time_enum,time_search,time_pp
1,0.03315217391304348,1,0,0,0.0,0.019047260284423828,0.16191959381103516,9.775161743164062e-05,0.0004734992980957031,0.018474102020263672
