num_events,utilization,reallocations,changes,failures,reallocated_prop,time_compute,time_apply,time_enum,time_search,time_pp
1,0.6673913043478261,8,14,0,0.4,0.03641223907470703,1.7216408252716064,0.0004336833953857422,0.0010154247283935547,0.03496146202087402
