num_events,utilization,reallocations,changes,failures,reallocated_prop,time_compute,time_apply
1,0.8184782608695652,4,3,0,0.3333333333333333,0.05246448516845703,0.538184404373169
