num_events,utilization,reallocations,changes,failures,reallocated_prop,time_compute,time_apply,time_enum,time_search,time_pp
1,0.65,7,17,0,0.3333333333333333,0.01026463508605957,0.294022798538208,0.0004909038543701172,0.0007085800170898438,0.009063720703125
