num_events,utilization,reallocations,changes,failures,reallocated_prop,time_compute,time_apply,time_enum,time_search,time_pp
1,0.65,16,29,0,0.42105263157894735,0.03849172592163086,1.1445574760437012,0.0005548000335693359,0.001138925552368164,0.036795854568481445
