num_events,utilization,reallocations,changes,failures,reallocated_prop,time_compute,time_apply
1,0.8040760869565218,4,4,0,0.42857142857142855,0.013906717300415039,0.5418612957000732
