num_events,utilization,reallocations,changes,failures,reallocated_prop,time_compute,time_apply,time_enum,time_search,time_pp
1,0.65,30,54,0,0.3409090909090909,0.012571334838867188,0.30799317359924316,0.0005412101745605469,0.0022416114807128906,0.00978541374206543
