num_events,utilization,reallocations,changes,failures,reallocated_prop,time_compute,time_apply,time_enum,time_search,time_pp
1,0.008016304347826088,1,0,0,0.0,0.07717013359069824,0.6064913272857666,0.00010085105895996094,0.0004839897155761719,0.0765833854675293
