num_events,utilization,reallocations,changes,failures,reallocated_prop,time_compute,time_apply,time_enum,time_search,time_pp
1,0.08695652173913043,1,0,0,0.0,0.0709228515625,0.5929868221282959,3.361701965332031e-05,0.0002663135528564453,0.07062101364135742
