num_events,utilization,reallocations,changes,failures,reallocated_prop,time_compute,time_apply,time_enum,time_search,time_pp
1,0.2619565217391304,1,0,0,0.0,0.011303901672363281,0.15819096565246582,9.417533874511719e-05,0.0016727447509765625,0.009535074234008789
