num_events,utilization,reallocations,changes,failures,reallocated_prop,time_compute,time_apply,time_enum,time_search,time_pp
1,1.0,11,21,0,0.22448979591836735,0.04266214370727539,0.5587286949157715,0.01565241813659668,0.01757049560546875,0.00943756103515625
