num_events,utilization,reallocations,changes,failures,reallocated_prop,time_compute,time_apply,time_enum,time_search,time_pp
1,0.65,42,84,0,0.24705882352941178,0.013906717300415039,0.3227720260620117,0.0005021095275878906,0.003737211227416992,0.009665489196777344
