num_events,utilization,reallocations,changes,failures,reallocated_prop,time_compute,time_apply,time_enum,time_search,time_pp
1,1.0,96,215,0,0.1971252566735113,0.16965007781982422,0.6003670692443848,0.015359640121459961,0.14438986778259277,0.009897947311401367
