num_events,utilization,reallocations,changes,failures,reallocated_prop,time_compute,time_apply
1,0.8339673913043478,8,14,0,0.4444444444444444,0.011762380599975586,0.5335826873779297
