num_events,utilization,reallocations,changes,failures,reallocated_prop,time_compute,time_apply,time_enum,time_search,time_pp
1,0.6184782608695653,4,3,0,0.5,0.009609460830688477,0.4292788505554199,3.7670135498046875e-05,3.814697265625e-05,0.009531259536743164
