num_events,utilization,reallocations,changes,failures,reallocated_prop,time_compute,time_apply
1,0.7991847826086956,12,26,0,0.36363636363636365,0.023377418518066406,1.0564525127410889
