num_events,utilization,reallocations,changes,failures,reallocated_prop,time_compute,time_apply
1,0.8676630434782608,11,10,0,0.2857142857142857,0.012274980545043945,0.6639056205749512
