num_events,utilization,reallocations,changes,failures,reallocated_prop,time_compute,time_apply
1,0.9334239130434783,5,5,0,0.36363636363636365,0.07014203071594238,0.5839598178863525
