num_events,utilization,reallocations,changes,failures,reallocated_prop,time_compute,time_apply
1,0.9059782608695652,30,52,0,0.32967032967032966,0.013817071914672852,0.5328781604766846
