num_events,utilization,reallocations,changes,failures,reallocated_prop,time_compute,time_apply
1,0.9059782608695652,37,72,0,0.2781954887218045,0.015320301055908203,0.5726339817047119
