num_events,utilization,reallocations,changes,failures,reallocated_prop,time_compute,time_apply,time_enum,time_search,time_pp
1,0.49130434782608695,1,0,0,0.0,0.35805201530456543,0.3448779582977295,0.018284082412719727,0.3298201560974121,0.009944438934326172
