num_events,utilization,reallocations,changes,failures,reallocated_prop,time_compute,time_apply,time_enum,time_search,time_pp
1,1.0,12,18,0,0.26666666666666666,0.04026460647583008,0.5915822982788086,0.014811277389526367,0.015981674194335938,0.009470462799072266
