num_events,utilization,reallocations,changes,failures,reallocated_prop,time_compute,time_apply,time_enum,time_search,time_pp
1,0.65,20,38,0,0.4166666666666667,0.019881725311279297,0.5968112945556641,0.0004992485046386719,0.00125885009765625,0.018122196197509766
