num_events,utilization,reallocations,changes,failures,reallocated_prop,time_compute,time_apply,time_enum,time_search,time_pp
1,0.3978260869565217,1,0,0,0.0,0.01236581802368164,0.20105695724487305,0.00010228157043457031,0.0024771690368652344,0.009784460067749023
