num_events,utilization,reallocations,changes,failures,reallocated_prop,time_compute,time_apply,time_enum,time_search,time_pp
1,0.65,68,148,0,0.2698412698412698,0.015473365783691406,0.32994747161865234,0.0005071163177490234,0.005352973937988281,0.009611129760742188
