num_events,utilization,reallocations,changes,failures,reallocated_prop,time_compute,time_apply,time_enum,time_search,time_pp
1,0.65,61,122,0,0.19805194805194806,0.01686382293701172,0.32712578773498535,0.0005066394805908203,0.006398916244506836,0.009956121444702148
