num_events,utilization,reallocations,changes,failures,reallocated_prop,time_compute,time_apply,time_enum,time_search,time_pp
1,0.65,4,7,0,0.4,0.019478797912597656,0.6083087921142578,0.0005350112915039062,0.000476837158203125,0.018465042114257812
