num_events,utilization,reallocations,changes,failures,reallocated_prop,time_compute,time_apply
1,0.7255434782608695,27,30,0,0.8387096774193549,0.07067537307739258,3.907252550125122
