num_events,utilization,reallocations,changes,failures,reallocated_prop,time_compute,time_apply,time_enum,time_search,time_pp
1,0.0,0,0,0,0.0,0.022008895874023438,0.12919044494628906,3.528594970703125e-05,1.1205673217773438e-05,0.021960973739624023
