num_events,utilization,reallocations,changes,failures,reallocated_prop,time_compute,time_apply,time_enum,time_search,time_pp
1,0.532608695652174,1,0,0,0.0,0.06027507781982422,0.33579301834106445,0.012920141220092773,0.03768301010131836,0.009669303894042969
