num_events,utilization,reallocations,changes,failures,reallocated_prop,time_compute,time_apply,time_enum
1,0.16304347826086957,1,0,0,0.0,0.046010494232177734,0.18839287757873535,0.018146514892578125
