num_events,utilization,reallocations,changes,failures,reallocated_prop,time_compute,time_apply,time_enum,time_search,time_pp
1,0.6751358695652174,4,3,0,0.3,0.019579410552978516,0.9093708992004395,0.00011658668518066406,0.00024271011352539062,0.019217967987060547
