num_events,utilization,reallocations,changes,failures,reallocated_prop,time_compute,time_apply,time_enum,time_search,time_pp
1,0.0019021739130434783,1,0,0,0.0,0.03992462158203125,0.30138349533081055,0.00010752677917480469,9.918212890625e-05,0.03971552848815918
