num_events,utilization,reallocations,changes,failures,reallocated_prop,time_compute,time_apply,time_enum,time_search,time_pp
1,0.6747282608695652,15,17,0,0.4827586206896552,0.03590226173400879,1.770946741104126,3.4809112548828125e-05,0.00014400482177734375,0.0357213020324707
