num_events,utilization,reallocations,changes,failures,reallocated_prop,time_compute,time_apply,time_enum,time_search,time_pp
1,0.5304347826086957,1,0,0,0.0,0.3987741470336914,0.3702535629272461,0.021535634994506836,0.3670308589935303,0.010204792022705078
