num_events,utilization,reallocations,changes,failures,reallocated_prop,time_compute,time_apply,time_enum,time_search,time_pp
1,0.07934782608695652,1,0,0,0.0,0.010923624038696289,0.10361003875732422,0.00010657310485839844,0.0006113052368164062,0.010204076766967773
