num_events,utilization,reallocations,changes,failures,reallocated_prop,time_compute,time_apply,time_enum,time_search,time_pp
1,0.65,34,63,0,0.425,0.011473417282104492,0.30194544792175293,0.0004913806915283203,0.0018820762634277344,0.009098052978515625
