num_events,utilization,reallocations,changes,failures,reallocated_prop,time_compute,time_apply
1,0.8929347826086956,41,74,0,0.5061728395061729,0.014801979064941406,0.5708885192871094
