num_events,utilization,reallocations,changes,failures,reallocated_prop,time_compute,time_apply,time_enum,time_search,time_pp
1,0.009375,1,0,0,0.0,0.07544088363647461,0.6205062866210938,9.894371032714844e-05,0.0005507469177246094,0.07478833198547363
