num_events,utilization,reallocations,changes,failures,reallocated_prop,time_compute,time_apply
1,0.7690217391304348,5,4,0,0.3076923076923077,0.009868383407592773,0.5085644721984863
