num_events,utilization,reallocations,changes,failures,reallocated_prop,time_compute,time_apply,time_enum,time_search,time_pp
1,0.65,7,17,0,0.3333333333333333,0.018929719924926758,0.5939743518829346,0.0004684925079345703,0.0007162094116210938,0.01774287223815918
