num_events,utilization,reallocations,changes,failures,reallocated_prop,time_compute,time_apply,time_enum,time_search,time_pp
1,0.31956521739130433,1,0,0,0.0,0.01154327392578125,0.17467212677001953,9.369850158691406e-05,0.001988649368286133,0.009459257125854492
