num_events,utilization,reallocations,changes,failures,reallocated_prop,time_compute,time_apply,time_enum,time_search,time_pp
1,0.65,26,48,0,0.43333333333333335,0.07396912574768066,2.4249892234802246,0.0004897117614746094,0.0015370845794677734,0.07193994522094727
