num_events,utilization,reallocations,changes,failures,reallocated_prop,time_compute,time_apply,time_enum,time_search,time_pp
1,0.7567934782608695,48,59,0,0.3018867924528302,0.014107227325439453,0.47835421562194824,0.00049591064453125,0.004268169403076172,0.009340524673461914
