num_events,utilization,reallocations,changes,failures,reallocated_prop,time_compute,time_apply,time_enum,time_search,time_pp
1,0.7297554347826087,14,32,0,0.4117647058823529,0.019785642623901367,0.9026668071746826,0.0004355907440185547,0.0017948150634765625,0.017553329467773438
