num_events,utilization,reallocations,changes,failures,reallocated_prop,time_compute,time_apply,time_enum,time_search,time_pp
1,0.6673913043478261,8,14,0,0.42105263157894735,0.03643369674682617,1.7135746479034424,0.0004642009735107422,0.0009984970092773438,0.03496956825256348
