num_events,utilization,reallocations,changes,failures,reallocated_prop,time_compute,time_apply
1,0.7739130434782608,11,12,0,0.7692307692307693,0.009504079818725586,0.5122020244598389
