num_events,utilization,reallocations,changes,failures,reallocated_prop,time_compute,time_apply,time_enum,time_search,time_pp
1,0.09891304347826087,1,0,0,0.0,0.10067200660705566,0.17241597175598145,0.01903676986694336,0.07221245765686035,0.009420156478881836
