num_events,utilization,reallocations,changes,failures,reallocated_prop,time_compute,time_apply,time_enum,time_search,time_pp
1,0.2576086956521739,1,0,0,0.0,0.21369266510009766,0.23524069786071777,0.018431901931762695,0.18530559539794922,0.009953498840332031
