num_events,utilization,reallocations,changes,failures,reallocated_prop,time_compute,time_apply
1,0.8706521739130435,19,20,0,0.782608695652174,0.009791374206542969,0.5341181755065918
