num_events,utilization,reallocations,changes,failures,reallocated_prop,time_compute,time_apply,time_enum,time_search,time_pp
1,0.65,2,5,0,0.2857142857142857,0.010278701782226562,0.29707789421081543,0.0005290508270263672,0.0003802776336669922,0.009367942810058594
