num_events,utilization,reallocations,changes,failures,reallocated_prop,time_compute,time_apply,time_enum,time_search,time_pp
1,0.46304347826086956,1,0,0,0.0,0.3481869697570801,0.3271970748901367,0.01830267906188965,0.32000207901000977,0.009879827499389648
