num_events,utilization,reallocations,changes,failures,reallocated_prop,time_compute,time_apply
1,0.9059782608695652,41,52,0,0.45555555555555555,0.014430761337280273,0.5754752159118652
