num_events,utilization,reallocations,changes,failures,reallocated_prop,time_compute,time_apply,time_enum,time_search,time_pp
1,0.15217391304347827,1,0,0,0.0,0.038780927658081055,0.1900498867034912,0.014088869094848633,0.014124631881713867,0.010564565658569336
