num_events,utilization,reallocations,changes,failures,reallocated_prop,time_compute,time_apply,time_enum,time_search,time_pp
1,0.11277173913043478,1,0,0,0.0,0.07129311561584473,0.6758887767791748,2.956390380859375e-05,0.00029540061950683594,0.07096600532531738
