num_events,utilization,reallocations,changes,failures,reallocated_prop,time_compute,time_apply,time_enum,time_search,time_pp
1,1.0,18,33,0,0.375,0.07472896575927734,0.5967442989349365,0.01327204704284668,0.052477121353149414,0.008977890014648438
