num_events,utilization,reallocations,changes,failures,reallocated_prop,time_compute,time_apply,time_enum,time_search,time_pp
1,0.65,28,52,0,0.3684210526315789,0.012089252471923828,0.3144195079803467,0.0004985332489013672,0.0018181800842285156,0.009770631790161133
