num_events,utilization,reallocations,changes,failures,reallocated_prop,time_compute,time_apply
1,0.8021739130434783,12,12,0,0.4074074074074074,0.010077238082885742,0.5184285640716553
