num_events,utilization,reallocations,changes,failures,reallocated_prop,time_compute,time_apply,time_enum,time_search,time_pp
1,1.0,37,57,0,0.17452830188679244,0.08784317970275879,0.5825400352478027,0.014832258224487305,0.06340837478637695,0.009600639343261719
