num_events,utilization,reallocations,changes,failures,reallocated_prop,time_compute,time_apply,time_enum,time_search,time_pp
1,0.12364130434782608,1,0,0,0.0,0.08179783821105957,0.7651846408843994,3.337860107421875e-05,0.0003218650817871094,0.08144021034240723
