num_events,utilization,reallocations,changes,failures,reallocated_prop,time_compute,time_apply,time_enum,time_search,time_pp
1,1.0,20,20,0,0.38461538461538464,0.14280080795288086,0.6259844303131104,0.018248319625854492,0.11506366729736328,0.00948643684387207
