num_events,utilization,reallocations,changes,failures,reallocated_prop,time_compute,time_apply,time_enum,time_search,time_pp
1,0.65,30,54,0,0.3409090909090909,0.011918306350708008,0.2999417781829834,0.0005106925964355469,0.0020666122436523438,0.009338617324829102
