num_events,utilization,reallocations,changes,failures,reallocated_prop,time_compute,time_apply,time_enum,time_search,time_pp
1,1.0,33,70,0,0.4024390243902439,0.10132384300231934,0.6103808879852295,0.012858152389526367,0.07855796813964844,0.009905815124511719
