num_events,utilization,reallocations,changes,failures,reallocated_prop,time_compute,time_apply,time_enum,time_search,time_pp
1,1.0,48,103,0,0.2981366459627329,0.1256885528564453,0.622434139251709,0.01506495475769043,0.1016240119934082,0.008996963500976562
