num_events,utilization,reallocations,changes,failures,reallocated_prop,time_compute,time_apply,time_enum,time_search,time_pp
1,0.65,28,53,0,0.417910447761194,0.03801131248474121,1.2351930141448975,0.000499725341796875,0.0016472339630126953,0.035861968994140625
