num_events,utilization,reallocations,changes,failures,reallocated_prop,time_compute,time_apply,time_enum,time_search,time_pp
1,0.65,7,12,0,0.4117647058823529,0.010308980941772461,0.2962658405303955,0.0005042552947998047,0.0006177425384521484,0.009184598922729492
