num_events,utilization,reallocations,changes,failures,reallocated_prop,time_compute,time_apply,time_enum,time_search,time_pp
1,0.9,2,2,0,0.16666666666666666,0.028956174850463867,0.5592637062072754,0.014780998229980469,0.004812717437744141,0.00936126708984375
