num_events,utilization,reallocations,changes,failures,reallocated_prop,time_compute,time_apply
1,0.7989130434782609,8,7,0,0.4666666666666667,0.011310338973999023,0.5439329147338867
