num_events,utilization,reallocations,changes,failures,reallocated_prop,time_compute,time_apply,time_enum,time_search,time_pp
1,0.6388586956521739,4,3,0,0.5,0.008788585662841797,0.405689001083374,3.528594970703125e-05,4.792213439941406e-05,0.008702754974365234
