num_events,utilization,reallocations,changes,failures,reallocated_prop,time_compute,time_apply,time_enum,time_search,time_pp
1,0.05434782608695652,1,0,0,0.0,0.07115626335144043,0.15472102165222168,0.02164745330810547,0.04031491279602051,0.009191513061523438
