num_events,utilization,reallocations,changes,failures,reallocated_prop,time_compute,time_apply,time_enum,time_search,time_pp
1,0.04565217391304348,1,0,0,0.0,0.06567072868347168,0.1507551670074463,0.01988387107849121,0.03622603416442871,0.009559154510498047
