num_events,utilization,reallocations,changes,failures,reallocated_prop,time_compute,time_apply,time_enum,time_search,time_pp
1,0.1358695652173913,1,0,0,0.0,0.018989086151123047,0.1940014362335205,3.743171691894531e-05,0.00010037422180175781,0.018848657608032227
