num_events,utilization,reallocations,changes,failures,reallocated_prop,time_compute,time_apply
1,0.9622282608695653,7,9,0,0.5833333333333334,0.3955800533294678,0.5475800037384033
