num_events,utilization,reallocations,changes,failures,reallocated_prop,time_compute,time_apply,time_enum,time_search,time_pp
1,0.04891304347826087,1,0,0,0.0,0.06380581855773926,0.15426397323608398,0.01824665069580078,0.03627967834472656,0.009277582168579102
