num_events,utilization,reallocations,changes,failures,reallocated_prop,time_compute,time_apply,time_enum,time_search,time_pp
1,0.65,8,14,0,0.4444444444444444,0.010721206665039062,0.3097691535949707,0.0004999637603759766,0.0006403923034667969,0.009578943252563477
