num_events,utilization,reallocations,changes,failures,reallocated_prop,time_compute,time_apply,time_enum,time_search,time_pp
1,0.7565217391304347,11,26,0,0.4230769230769231,0.01119375228881836,0.4678030014038086,0.0004968643188476562,0.0014951229095458984,0.009199142456054688
