num_events,utilization,reallocations,changes,failures,reallocated_prop,time_compute,time_apply
1,0.9059782608695652,50,79,0,0.373134328358209,0.015274524688720703,0.5520820617675781
