num_events,utilization,reallocations,changes,failures,reallocated_prop,time_compute,time_apply,time_enum,time_search,time_pp
1,0.65,29,54,0,0.2283464566929134,0.012920379638671875,0.31449079513549805,0.0005216598510742188,0.002835988998413086,0.009560823440551758
