num_events,utilization,reallocations,changes,failures,reallocated_prop,time_compute,time_apply,time_enum,time_search,time_pp
1,0.65,8,14,0,0.4,0.07329511642456055,2.3858368396759033,0.0004987716674804688,0.0006940364837646484,0.07209968566894531
