num_events,utilization,reallocations,changes,failures,reallocated_prop,time_compute,time_apply,time_enum,time_search,time_pp
1,0.65,56,85,0,0.23829787234042554,0.018760204315185547,0.3924870491027832,0.0007636547088623047,0.005423545837402344,0.012571096420288086
