num_events,utilization,reallocations,changes,failures,reallocated_prop,time_compute,time_apply,time_enum,time_search,time_pp
1,0.16195652173913044,1,0,0,0.0,0.14383530616760254,0.20050263404846191,0.02044224739074707,0.1139669418334961,0.00942373275756836
