num_events,utilization,reallocations,changes,failures,reallocated_prop,time_compute,time_apply,time_enum,time_search,time_pp
1,1.0,31,93,0,0.11787072243346007,0.10352277755737305,0.597883939743042,0.014836788177490234,0.0788416862487793,0.009842634201049805
