num_events,utilization,reallocations,changes,failures,reallocated_prop,time_compute,time_apply,time_enum,time_search,time_pp
1,0.65,28,46,0,0.2692307692307692,0.012481212615966797,0.31604886054992676,0.0005009174346923828,0.002366304397583008,0.009611368179321289
