num_events,utilization,reallocations,changes,failures,reallocated_prop,time_compute,time_apply,time_enum,time_search,time_pp
1,0.65,35,65,0,0.43209876543209874,0.019669294357299805,0.6213548183441162,0.0004177093505859375,0.0017910003662109375,0.017458677291870117
