num_events,utilization,reallocations,changes,failures,reallocated_prop,time_compute,time_apply
1,0.8630434782608696,29,31,0,0.6829268292682927,0.010298967361450195,0.5397672653198242
