num_events,utilization,reallocations,changes,failures,reallocated_prop,time_compute,time_apply,time_enum,time_search,time_pp
1,0.06739130434782609,1,0,0,0.0,0.010559320449829102,0.09957456588745117,0.0001068115234375,0.0005161762237548828,0.00993490219116211
