num_events,utilization,reallocations,changes,failures,reallocated_prop,time_compute,time_apply,time_enum
1,0.03260869565217391,1,0,0,0.0,0.010799646377563477,0.11710023880004883,0.00014901161193847656
