num_events,utilization,reallocations,changes,failures,reallocated_prop,time_compute,time_apply,time_enum,time_search,time_pp
1,0.7633152173913044,38,67,0,0.35185185185185186,0.012587785720825195,0.4678823947906494,0.0005016326904296875,0.0031371116638183594,0.008947372436523438
