num_events,utilization,reallocations,changes,failures,reallocated_prop,time_compute,time_apply,time_enum,time_search,time_pp
1,1.0,10,15,0,0.2631578947368421,0.03842329978942871,0.5700922012329102,0.014804601669311523,0.014178037643432617,0.009438753128051758
