num_events,utilization,reallocations,changes,failures,reallocated_prop,time_compute,time_apply,time_enum,time_search,time_pp
1,1.0,8,18,0,0.1951219512195122,0.03896832466125488,0.5700054168701172,0.014740705490112305,0.014788627624511719,0.00943756103515625
