num_events,utilization,reallocations,changes,failures,reallocated_prop,time_compute,time_apply,time_enum,time_search,time_pp
1,0.009782608695652175,1,0,0,0.0,0.03891873359680176,0.1326444149017334,0.018442630767822266,0.01123499870300293,0.009238481521606445
