num_events,utilization,reallocations,changes,failures,reallocated_prop,time_compute,time_apply,time_enum,time_search,time_pp
1,1.0,44,67,0,0.4583333333333333,0.10744929313659668,0.6270060539245605,0.015202760696411133,0.0826563835144043,0.009587764739990234
