num_events,utilization,reallocations,changes,failures,reallocated_prop,time_compute,time_apply,time_enum,time_search,time_pp
1,1.0,12,13,0,0.2857142857142857,0.11950373649597168,0.623039722442627,0.01854109764099121,0.09157443046569824,0.009384870529174805
