num_events,utilization,reallocations,changes,failures,reallocated_prop,time_compute,time_apply
1,0.9059782608695652,34,81,0,0.2857142857142857,0.01614975929260254,0.5582895278930664
