num_events,utilization,reallocations,changes,failures,reallocated_prop,time_compute,time_apply
1,0.7404891304347826,6,6,0,0.8333333333333334,0.4070250988006592,0.5353965759277344
