num_events,utilization,reallocations,changes,failures,reallocated_prop,time_compute,time_apply,time_enum,time_search,time_pp
1,0.65,100,193,0,0.36900369003690037,0.016091346740722656,0.3435070514678955,0.0005023479461669922,0.0057599544525146484,0.009827136993408203
