num_events,utilization,reallocations,changes,failures,reallocated_prop,time_compute,time_apply,time_enum,time_search,time_pp
1,0.06929347826086957,1,0,0,0.0,0.08806133270263672,0.7084290981292725,3.933906555175781e-05,0.0002486705780029297,0.08777141571044922
