num_events,utilization,reallocations,changes,failures,reallocated_prop,time_compute,time_apply,time_enum,time_search,time_pp
1,0.02608695652173913,1,0,0,0.0,0.010108709335327148,0.0806417465209961,0.00011467933654785156,0.00020766258239746094,0.009784936904907227
