num_events,utilization,reallocations,changes,failures,reallocated_prop,time_compute,time_apply
1,0.483695652173913,2,1,0,0.3333333333333333,0.010673284530639648,0.4125709533691406
