num_events,utilization,reallocations,changes,failures,reallocated_prop,time_compute,time_apply,time_enum,time_search,time_pp
1,0.29782608695652174,1,0,0,0.0,0.246124267578125,0.25971293449401855,0.01902461051940918,0.2175462245941162,0.009551048278808594
