num_events,utilization,reallocations,changes,failures,reallocated_prop,time_compute,time_apply,time_enum,time_search,time_pp
1,0.65,61,105,0,0.20065789473684212,0.01663827896118164,0.32642602920532227,0.0005080699920654297,0.006403923034667969,0.009724140167236328
