num_events,utilization,reallocations,changes,failures,reallocated_prop,time_compute,time_apply,time_enum,time_search,time_pp
1,0.7076086956521739,11,10,0,0.4166666666666667,0.020006179809570312,0.9275922775268555,9.870529174804688e-05,0.00043272972106933594,0.019472837448120117
