num_events,utilization,reallocations,changes,failures,reallocated_prop,time_compute,time_apply,time_enum,time_search,time_pp
1,0.65,31,58,0,0.4246575342465753,0.020618200302124023,0.6105155944824219,0.0004982948303222656,0.0017688274383544922,0.01834869384765625
