num_events,utilization,reallocations,changes,failures,reallocated_prop,time_compute,time_apply,time_enum,time_search,time_pp
1,0.0391304347826087,1,0,0,0.0,0.020136117935180664,0.18058443069458008,0.00011777877807617188,0.0005719661712646484,0.019443273544311523
