num_events,utilization,reallocations,changes,failures,reallocated_prop,time_compute,time_apply,time_enum,time_search,time_pp
1,0.25,1,0,0,0.0,0.20315313339233398,0.2417147159576416,0.018563270568847656,0.17491817474365234,0.009670257568359375
