num_events,utilization,reallocations,changes,failures,reallocated_prop,time_compute,time_apply,time_enum,time_search,time_pp
1,0.0,0,0,0,0.0,0.0689554214477539,0.26003074645996094,0.0004470348358154297,0.00019311904907226562,0.0683135986328125
