num_events,utilization,reallocations,changes,failures,reallocated_prop,time_compute,time_apply,time_enum,time_search,time_pp
1,0.3652173913043478,1,0,0,0.0,0.012630224227905273,0.194566011428833,9.417533874511719e-05,0.0025064945220947266,0.010027647018432617
