num_events,utilization,reallocations,changes,failures,reallocated_prop,time_compute,time_apply,time_enum,time_search,time_pp
1,1.0,21,44,0,0.328125,0.08396625518798828,0.6140115261077881,0.013001680374145508,0.061968088150024414,0.008994340896606445
