num_events,utilization,reallocations,changes,failures,reallocated_prop,time_compute,time_apply
1,0.7649456521739131,9,9,0,0.7272727272727273,0.009027242660522461,0.4810342788696289
