num_events,utilization,reallocations,changes,failures,reallocated_prop,time_compute,time_apply,time_enum,time_search,time_pp
1,0.7633152173913044,31,62,0,0.5636363636363636,0.011852502822875977,0.47543978691101074,0.0004956722259521484,0.0021181106567382812,0.009237527847290039
