num_events,utilization,reallocations,changes,failures,reallocated_prop,time_compute,time_apply,time_enum,time_search,time_pp
1,0.5206521739130435,1,0,0,0.0,0.3897230625152588,0.35942578315734863,0.021752119064331055,0.3579902648925781,0.009978294372558594
