num_events,utilization,reallocations,changes,failures,reallocated_prop,time_compute,time_apply,time_enum,time_search,time_pp
1,0.020652173913043477,1,0,0,0.0,0.018739938735961914,0.15253782272338867,8.368492126464844e-05,0.0002655982971191406,0.018388986587524414
