num_events,utilization,reallocations,changes,failures,reallocated_prop,time_compute,time_apply,time_enum,time_search,time_pp
1,0.36630434782608695,1,0,0,0.0,0.012185335159301758,0.19139432907104492,9.512901306152344e-05,0.0022902488708496094,0.009798288345336914
