num_events,utilization,reallocations,changes,failures,reallocated_prop,time_compute,time_apply
1,0.9035326086956522,15,16,0,0.5833333333333334,0.009691953659057617,0.5628318786621094
