num_events,utilization,reallocations,changes,failures,reallocated_prop,time_compute,time_apply,time_enum,time_search,time_pp
1,0.11195652173913044,1,0,0,0.0,0.010597467422485352,0.10946869850158691,0.00010204315185546875,0.0008778572082519531,0.009615898132324219
