num_events,utilization,reallocations,changes,failures,reallocated_prop,time_compute,time_apply,time_enum,time_search,time_pp
1,0.13043478260869565,1,0,0,0.0,0.07574319839477539,0.7140786647796631,5.173683166503906e-05,0.0004107952117919922,0.07527875900268555
