num_events,utilization,reallocations,changes,failures,reallocated_prop,time_compute,time_apply
1,0.8377717391304348,7,7,0,0.2608695652173913,0.00980830192565918,0.5107002258300781
