num_events,utilization,reallocations,changes,failures,reallocated_prop,time_compute,time_apply,time_enum,time_search,time_pp
1,0.5,1,0,0,0.0,0.37319183349609375,0.3499610424041748,0.018643617630004883,0.3443167209625244,0.010228633880615234
