num_events,utilization,reallocations,changes,failures,reallocated_prop,time_compute,time_apply,time_enum,time_search,time_pp
1,0.65,19,46,0,0.3275862068965517,0.07578539848327637,2.4107460975646973,0.0004923343658447266,0.0016179084777832031,0.07367277145385742
