num_events,utilization,reallocations,changes,failures,reallocated_prop,time_compute,time_apply,time_enum,time_search,time_pp
1,1.0,12,14,0,0.4,0.08980774879455566,0.5711925029754639,0.017243385314941406,0.06368398666381836,0.008878469467163086
