num_events,utilization,reallocations,changes,failures,reallocated_prop,time_compute,time_apply,time_enum,time_search,time_pp
1,0.7633152173913044,21,35,0,0.2727272727272727,0.012506484985351562,0.4661531448364258,0.0005030632019042969,0.002567768096923828,0.009433984756469727
