num_events,utilization,reallocations,changes,failures,reallocated_prop,time_compute,time_apply,time_enum,time_search,time_pp
1,0.6710258152173914,5,4,0,0.13333333333333333,0.07390379905700684,3.453119993209839,9.870529174804688e-05,0.0006546974182128906,0.07314777374267578
