num_events,utilization,reallocations,changes,failures,reallocated_prop,time_compute,time_apply
1,0.9146739130434782,32,48,0,0.29906542056074764,0.014412403106689453,0.5654246807098389
