num_events,utilization,reallocations,changes,failures,reallocated_prop,time_compute,time_apply,time_enum,time_search,time_pp
1,0.1923913043478261,1,0,0,0.0,0.1692960262298584,0.22269487380981445,0.021706104278564453,0.13779997825622559,0.009787559509277344
