num_events,utilization,reallocations,changes,failures,reallocated_prop,time_compute,time_apply,time_enum,time_search,time_pp
1,0.03804347826086957,1,0,0,0.0,0.054932355880737305,0.1467607021331787,0.01824188232421875,0.027570486068725586,0.009118080139160156
