num_events,utilization,reallocations,changes,failures,reallocated_prop,time_compute,time_apply,time_enum,time_search,time_pp
1,0.14673913043478262,1,0,0,0.0,0.12944245338439941,0.190352201461792,0.019700050354003906,0.1007082462310791,0.009032487869262695
