num_events,utilization,reallocations,changes,failures,reallocated_prop,time_compute,time_apply,time_enum,time_search,time_pp
1,0.65,26,63,0,0.3333333333333333,0.038364410400390625,1.1973419189453125,0.0005018711090087891,0.0019423961639404297,0.03591799736022949
