num_events,utilization,reallocations,changes,failures,reallocated_prop,time_compute,time_apply,time_enum,time_search,time_pp
1,1.0,21,63,0,0.08203125,0.09953904151916504,0.5752627849578857,0.014619827270507812,0.07521462440490723,0.009702682495117188
