num_events,utilization,reallocations,changes,failures,reallocated_prop,time_compute,time_apply,time_enum,time_search,time_pp
1,0.021739130434782608,1,0,0,0.0,0.010293245315551758,0.06590151786804199,3.647804260253906e-05,2.3365020751953125e-05,0.010231733322143555
