num_events,utilization,reallocations,changes,failures,reallocated_prop,time_compute,time_apply,time_enum,time_search,time_pp
1,1.0,31,90,0,0.15270935960591134,0.08474302291870117,0.5829241275787354,0.014640569686889648,0.06055402755737305,0.009546279907226562
