num_events,utilization,reallocations,changes,failures,reallocated_prop,time_compute,time_apply
1,0.9016304347826087,35,70,0,0.29914529914529914,0.015725135803222656,0.5727663040161133
