num_events,utilization,reallocations,changes,failures,reallocated_prop,time_compute,time_apply,time_enum,time_search,time_pp
1,0.00625,1,0,0,0.0,0.07281851768493652,0.5877931118011475,9.870529174804688e-05,0.0003819465637207031,0.07233500480651855
