num_events,utilization,reallocations,changes,failures,reallocated_prop,time_compute,time_apply,time_enum,time_search,time_pp
1,0.38804347826086955,1,0,0,0.0,0.012280702590942383,0.19699645042419434,9.679794311523438e-05,0.0024068355560302734,0.009775876998901367
