num_events,utilization,reallocations,changes,failures,reallocated_prop,time_compute,time_apply,time_enum,time_search,time_pp
1,0.3739130434782609,1,0,0,0.0,0.2829160690307617,0.28877687454223633,0.018457651138305664,0.2552328109741211,0.009223699569702148
