num_events,utilization,reallocations,changes,failures,reallocated_prop,time_compute,time_apply,time_enum,time_search,time_pp
1,0.7567934782608695,24,32,0,0.25263157894736843,0.012414216995239258,0.46066784858703613,0.0004987716674804688,0.0028095245361328125,0.009103775024414062
