num_events,utilization,reallocations,changes,failures,reallocated_prop,time_compute,time_apply,time_enum,time_search,time_pp
1,0.7288043478260869,5,4,0,0.4444444444444444,0.00964212417602539,0.46212339401245117,3.2901763916015625e-05,9.1552734375e-05,0.009516000747680664
