num_events,utilization,reallocations,changes,failures,reallocated_prop,time_compute,time_apply
1,0.7584239130434782,8,9,0,0.7777777777777778,0.009721994400024414,0.5084102153778076
