num_events,utilization,reallocations,changes,failures,reallocated_prop,time_compute,time_apply,time_enum,time_search,time_pp
1,1.0,60,85,0,0.18404907975460122,0.11961102485656738,0.5819799900054932,0.014626026153564453,0.09527301788330078,0.009709596633911133
