num_events,utilization,reallocations,changes,failures,reallocated_prop,time_compute,time_apply,time_enum,time_search,time_pp
1,0.01983695652173913,1,0,0,0.0,0.037183284759521484,0.3109102249145508,0.00010395050048828125,0.0004928112030029297,0.03658461570739746
