num_events,utilization,reallocations,changes,failures,reallocated_prop,time_compute,time_apply,time_enum,time_search,time_pp
1,0.34782608695652173,1,0,0,0.0,0.2728097438812256,0.28675174713134766,0.021535634994506836,0.24139046669006348,0.009880781173706055
