num_events,utilization,reallocations,changes,failures,reallocated_prop,time_compute,time_apply,time_enum,time_search,time_pp
1,1.0,51,115,0,0.30538922155688625,0.1154778003692627,0.6488592624664307,0.014742136001586914,0.09110021591186523,0.00963282585144043
