num_events,utilization,reallocations,changes,failures,reallocated_prop,time_compute,time_apply,time_enum,time_search,time_pp
1,1.0,37,52,0,0.31092436974789917,0.06262016296386719,0.571779727935791,0.015341043472290039,0.03766512870788574,0.009611845016479492
