num_events,utilization,reallocations,changes,failures,reallocated_prop,time_compute,time_apply,time_enum,time_search,time_pp
1,0.47608695652173916,2,2,0,0.3333333333333333,0.010991334915161133,0.31978535652160645,0.0005781650543212891,0.0003726482391357422,0.01003885269165039
