num_events,utilization,reallocations,changes,failures,reallocated_prop,time_compute,time_apply,time_enum,time_search,time_pp
1,0.7241847826086957,4,3,0,0.42857142857142855,0.009462356567382812,0.43111753463745117,0.00010037422180175781,0.00025153160095214844,0.00910806655883789
