num_events,utilization,reallocations,changes,failures,reallocated_prop,time_compute,time_apply
1,0.8024456521739131,6,6,0,0.7142857142857143,0.009630918502807617,0.526076078414917
