num_events,utilization,reallocations,changes,failures,reallocated_prop,time_compute,time_apply
1,0.9010869565217391,32,35,0,0.7209302325581395,0.009926795959472656,0.5808956623077393
