num_events,utilization,reallocations,changes,failures,reallocated_prop,time_compute,time_apply,time_enum,time_search,time_pp
1,1.0,4,6,0,0.26666666666666666,0.028208017349243164,0.5446271896362305,0.012471437454223633,0.006933689117431641,0.008802175521850586
