num_events,utilization,reallocations,changes,failures,reallocated_prop,time_compute,time_apply,time_enum,time_search,time_pp
1,1.0,58,174,0,0.14356435643564355,0.14070773124694824,0.5993287563323975,0.014653444290161133,0.11617898941040039,0.00987386703491211
