num_events,utilization,reallocations,changes,failures,reallocated_prop,time_compute,time_apply
1,0.9057065217391305,40,52,0,0.34782608695652173,0.015046834945678711,0.5787520408630371
