num_events,utilization,reallocations,changes,failures,reallocated_prop,time_compute,time_apply
1,0.9146739130434782,21,35,0,0.5833333333333334,0.01210784912109375,0.5500388145446777
