num_events,utilization,reallocations,changes,failures,reallocated_prop,time_compute,time_apply,time_enum,time_search,time_pp
1,0.65,25,47,0,0.15337423312883436,0.013209342956542969,0.31658935546875,0.0005218982696533203,0.0034492015838623047,0.009236574172973633
