num_events,utilization,reallocations,changes,failures,reallocated_prop,time_compute,time_apply
1,0.8932065217391304,36,65,0,0.3956043956043956,0.014490604400634766,0.5316767692565918
