num_events,utilization,reallocations,changes,failures,reallocated_prop,time_compute,time_apply,time_enum,time_search,time_pp
1,0.04021739130434782,1,0,0,0.0,0.010012626647949219,0.08457207679748535,9.703636169433594e-05,0.0003008842468261719,0.009613275527954102
