num_events,utilization,reallocations,changes,failures,reallocated_prop,time_compute,time_apply,time_enum,time_search,time_pp
1,0.023641304347826086,1,0,0,0.0,0.036861419677734375,0.3111996650695801,9.894371032714844e-05,0.0007283687591552734,0.036032676696777344
