num_events,utilization,reallocations,changes,failures,reallocated_prop,time_compute,time_apply,time_enum,time_search,time_pp
1,1.0,46,76,0,0.12365591397849462,0.13042211532592773,0.5839149951934814,0.014714479446411133,0.10599374771118164,0.009711742401123047
