num_events,utilization,reallocations,changes,failures,reallocated_prop,time_compute,time_apply,time_enum,time_search,time_pp
1,0.2673913043478261,1,0,0,0.0,0.011631965637207031,0.1697068214416504,8.058547973632812e-05,0.001622915267944336,0.009926557540893555
