num_events,utilization,reallocations,changes,failures,reallocated_prop,time_compute,time_apply
1,0.8358695652173913,13,21,0,0.3611111111111111,0.01268625259399414,0.5406146049499512
