num_events,utilization,reallocations,changes,failures,reallocated_prop,time_compute,time_apply,time_enum,time_search,time_pp
1,0.3076086956521739,1,0,0,0.0,0.011724710464477539,0.17263531684875488,9.441375732421875e-05,0.0019352436065673828,0.009693384170532227
