num_events,utilization,reallocations,changes,failures,reallocated_prop,time_compute,time_apply,time_enum
1,0.5760869565217391,1,0,0,0.0,0.08092689514160156,0.35848116874694824,0.018242359161376953
