num_events,utilization,reallocations,changes,failures,reallocated_prop,time_compute,time_apply
1,0.7398097826086957,11,12,0,0.7692307692307693,0.01864790916442871,0.9980669021606445
