num_events,utilization,reallocations,changes,failures,reallocated_prop,time_compute,time_apply,time_enum,time_search,time_pp
1,0.65,85,165,0,0.2560240963855422,0.017577409744262695,0.33399176597595215,0.0005035400390625,0.0071756839752197266,0.009895801544189453
