num_events,utilization,reallocations,changes,failures,reallocated_prop,time_compute,time_apply,time_enum,time_search,time_pp
1,0.5380434782608695,1,0,0,0.0,0.38178229331970215,0.36029982566833496,0.017647981643676758,0.3538784980773926,0.010253190994262695
