num_events,utilization,reallocations,changes,failures,reallocated_prop,time_compute,time_apply,time_enum,time_search,time_pp
1,1.0,25,28,0,0.4716981132075472,0.05260610580444336,0.6314029693603516,0.012663841247558594,0.030517578125,0.009421110153198242
