num_events,utilization,reallocations,changes,failures,reallocated_prop,time_compute,time_apply,time_enum,time_search,time_pp
1,0.059782608695652176,1,0,0,0.0,0.010016202926635742,0.09096288681030273,9.5367431640625e-05,0.0004298686981201172,0.009488821029663086
