num_events,utilization,reallocations,changes,failures,reallocated_prop,time_compute,time_apply,time_enum,time_search,time_pp
1,1.0,5,6,0,0.5,0.047345638275146484,0.580491304397583,0.018690109252929688,0.019501686096191406,0.009151458740234375
