num_events,utilization,reallocations,changes,failures,reallocated_prop,time_compute,time_apply,time_enum,time_search,time_pp
1,0.7105978260869565,7,6,0,0.42857142857142855,0.01011514663696289,0.48592495918273926,0.00010633468627929688,0.0002739429473876953,0.009733200073242188
