num_events,utilization,reallocations,changes,failures,reallocated_prop,time_compute,time_apply,time_enum,time_search,time_pp
1,1.0,11,30,0,0.15492957746478872,0.04738783836364746,0.5668942928314209,0.014707803726196289,0.02326369285583496,0.009415149688720703
