num_events,utilization,reallocations,changes,failures,reallocated_prop,time_compute,time_apply
1,0.9059782608695652,38,88,0,0.2389937106918239,0.016783952713012695,0.5665972232818604
