num_events,utilization,reallocations,changes,failures,reallocated_prop,time_compute,time_apply
1,0.8385869565217391,16,19,0,0.5357142857142857,0.009706735610961914,0.5390024185180664
