num_events,utilization,reallocations,changes,failures,reallocated_prop,time_compute,time_apply,time_enum,time_search,time_pp
1,0.3706521739130435,1,0,0,0.0,0.2821362018585205,0.2934427261352539,0.021691322326660156,0.25069093704223633,0.009750843048095703
