num_events,utilization,reallocations,changes,failures,reallocated_prop,time_compute,time_apply,time_enum,time_search,time_pp
1,0.65,66,143,0,0.2548262548262548,0.01573944091796875,0.3285398483276367,0.0005054473876953125,0.005446672439575195,0.00978541374206543
