num_events,utilization,reallocations,changes,failures,reallocated_prop,time_compute,time_apply,time_enum,time_search,time_pp
1,1.0,54,79,0,0.2903225806451613,0.08102631568908691,0.5920228958129883,0.014772653579711914,0.05656743049621582,0.009684324264526367
