num_events,utilization,reallocations,changes,failures,reallocated_prop,time_compute,time_apply,time_enum,time_search,time_pp
1,0.65,28,53,0,0.4117647058823529,0.03719282150268555,1.1665122509002686,0.0005028247833251953,0.0016198158264160156,0.035068511962890625
