num_events,utilization,reallocations,changes,failures,reallocated_prop,time_compute,time_apply,time_enum,time_search,time_pp
1,0.65,95,221,0,0.2753623188405797,0.019114971160888672,0.3880186080932617,0.0006275177001953125,0.006684303283691406,0.01180124282836914
