num_events,utilization,reallocations,changes,failures,reallocated_prop,time_compute,time_apply,time_enum,time_search,time_pp
1,0.09782608695652174,1,0,0,0.0,0.03667473793029785,0.3220975399017334,3.314018249511719e-05,0.000156402587890625,0.036483049392700195
