num_events,utilization,reallocations,changes,failures,reallocated_prop,time_compute,time_apply,time_enum,time_search,time_pp
1,0.11956521739130435,1,0,0,0.0,0.07573556900024414,0.6669197082519531,3.4332275390625e-05,0.0003705024719238281,0.07532715797424316
