num_events,utilization,reallocations,changes,failures,reallocated_prop,time_compute,time_apply,time_enum,time_search,time_pp
1,0.08695652173913043,1,0,0,0.0,0.04009413719177246,0.3669407367706299,2.9802322387695312e-05,0.00012564659118652344,0.03993630409240723
