num_events,utilization,reallocations,changes,failures,reallocated_prop,time_compute,time_apply,time_enum,time_search,time_pp
1,1.0,17,36,0,0.3090909090909091,0.08989095687866211,0.6331973075866699,0.014546871185302734,0.06585693359375,0.009483814239501953
