num_events,utilization,reallocations,changes,failures,reallocated_prop,time_compute,time_apply,time_enum,time_search,time_pp
1,0.5,2,2,0,0.25,0.010550737380981445,0.2424461841583252,0.0005645751953125,0.0003330707550048828,0.009651422500610352
