num_events,utilization,reallocations,changes,failures,reallocated_prop,time_compute,time_apply,time_enum,time_search,time_pp
1,0.65,24,58,0,0.3333333333333333,0.07468605041503906,2.4301888942718506,0.0004937648773193359,0.00179290771484375,0.07239627838134766
