num_events,utilization,reallocations,changes,failures,reallocated_prop,time_compute,time_apply,time_enum,time_search,time_pp
1,1.0,10,18,0,0.020080321285140562,0.16798019409179688,0.5984244346618652,0.015168428421020508,0.14250493049621582,0.010303735733032227
