num_events,utilization,reallocations,changes,failures,reallocated_prop,time_compute,time_apply
1,0.7657608695652174,12,13,0,0.7333333333333333,0.017423391342163086,0.9792881011962891
