num_events,utilization,reallocations,changes,failures,reallocated_prop,time_compute,time_apply,time_enum,time_search,time_pp
1,0.10326086956521739,1,0,0,0.0,0.07327795028686523,0.6608009338378906,3.361701965332031e-05,0.0003154277801513672,0.07292723655700684
