num_events,utilization,reallocations,changes,failures,reallocated_prop,time_compute,time_apply,time_enum,time_search,time_pp
1,0.7633152173913044,34,76,0,0.4146341463414634,0.012385368347167969,0.48507046699523926,0.0004918575286865234,0.0026597976684570312,0.009231805801391602
