num_events,utilization,reallocations,changes,failures,reallocated_prop,time_compute,time_apply,time_enum,time_search,time_pp
1,0.3673913043478261,1,0,0,0.0,0.27327895164489746,0.2828400135040283,0.01936030387878418,0.24455809593200684,0.009359121322631836
