num_events,utilization,reallocations,changes,failures,reallocated_prop,time_compute,time_apply,time_enum,time_search,time_pp
1,0.65,98,189,0,0.2168141592920354,0.01904129981994629,0.328188419342041,0.0005171298980712891,0.008992671966552734,0.009529590606689453
