num_events,utilization,reallocations,changes,failures,reallocated_prop,time_compute,time_apply
1,0.7194633152173913,15,16,0,0.4827586206896552,0.0733642578125,3.9749536514282227
