num_events,utilization,reallocations,changes,failures,reallocated_prop,time_compute,time_apply,time_enum,time_search,time_pp
1,0.005978260869565218,1,0,0,0.0,0.037575721740722656,0.30260324478149414,0.00010156631469726562,0.00020170211791992188,0.03727006912231445
