num_events,utilization,reallocations,changes,failures,reallocated_prop,time_compute,time_apply,time_enum,time_search,time_pp
1,0.7633152173913044,26,51,0,0.5306122448979592,0.011686325073242188,0.47237467765808105,0.0005028247833251953,0.001982450485229492,0.009199380874633789
