num_events,utilization,reallocations,changes,failures,reallocated_prop,time_compute,time_apply,time_enum,time_search,time_pp
1,0.65,28,53,0,0.4117647058823529,0.020462751388549805,0.6138310432434082,0.0005304813385009766,0.0017042160034179688,0.018225431442260742
