num_events,utilization,reallocations,changes,failures,reallocated_prop,time_compute,time_apply,time_enum,time_search,time_pp
1,0.7633152173913044,24,42,0,0.36923076923076925,0.012046575546264648,0.46165895462036133,0.0005047321319580078,0.002313375473022461,0.009226799011230469
