num_events,utilization,reallocations,changes,failures,reallocated_prop,time_compute,time_apply,time_enum,time_search,time_pp
1,0.6842391304347826,9,9,0,0.5333333333333333,0.018903732299804688,0.9060592651367188,5.221366882324219e-05,0.000102996826171875,0.018746614456176758
