num_events,utilization,reallocations,changes,failures,reallocated_prop,time_compute,time_apply,time_enum,time_search,time_pp
1,0.65,58,109,0,0.4264705882352941,0.013103961944580078,0.3222198486328125,0.0005044937133789062,0.0030553340911865234,0.009542226791381836
