num_events,utilization,reallocations,changes,failures,reallocated_prop,time_compute,time_apply,time_enum,time_search,time_pp
1,1.0,41,120,0,0.15129151291512916,0.10400223731994629,0.5950596332550049,0.014712810516357422,0.07957696914672852,0.009710073471069336
