num_events,utilization,reallocations,changes,failures,reallocated_prop,time_compute,time_apply,time_enum,time_search,time_pp
1,0.65,44,71,0,0.11253196930946291,0.01843094825744629,0.31182074546813965,0.0006003379821777344,0.008259773254394531,0.009568929672241211
