num_events,utilization,reallocations,changes,failures,reallocated_prop,time_compute,time_apply,time_enum
1,0.45652173913043476,1,0,0,0.0,0.010622739791870117,0.25336575508117676,0.000133514404296875
