num_events,utilization,reallocations,changes,failures,reallocated_prop,time_compute,time_apply,time_enum,time_search,time_pp
1,1.0,13,23,0,0.24074074074074073,0.04627227783203125,0.5750072002410889,0.015402078628540039,0.020435810089111328,0.010432004928588867
