num_events,utilization,reallocations,changes,failures,reallocated_prop,time_compute,time_apply,time_enum,time_search,time_pp
1,0.65,19,36,0,0.4222222222222222,0.010707378387451172,0.29770445823669434,0.0004258155822753906,0.001102447509765625,0.009177446365356445
