num_events,utilization,reallocations,changes,failures,reallocated_prop,time_compute,time_apply,time_enum,time_search,time_pp
1,1.0,81,146,0,0.20610687022900764,0.13763976097106934,0.5853898525238037,0.014860153198242188,0.11277556419372559,0.010001897811889648
