num_events,utilization,reallocations,changes,failures,reallocated_prop,time_compute,time_apply,time_enum,time_search,time_pp
1,0.7605978260869565,5,4,0,0.16666666666666666,0.009327888488769531,0.4486265182495117,8.320808410644531e-05,0.0003979206085205078,0.008845090866088867
