num_events,utilization,reallocations,changes,failures,reallocated_prop,time_compute,time_apply,time_enum,time_search,time_pp
1,0.011820652173913043,1,0,0,0.0,0.07512545585632324,0.6250202655792236,0.00010132789611816406,0.0007147789001464844,0.07430720329284668
