num_events,utilization,reallocations,changes,failures,reallocated_prop,time_compute,time_apply,time_enum,time_search,time_pp
1,1.0,18,23,0,0.35294117647058826,0.05006980895996094,0.6065077781677246,0.013080358505249023,0.027597904205322266,0.009388446807861328
