num_events,utilization,reallocations,changes,failures,reallocated_prop,time_compute,time_apply,time_enum,time_search,time_pp
1,1.0,28,49,0,0.25,0.060356855392456055,0.569129467010498,0.014815568923950195,0.03587961196899414,0.009659528732299805
