num_events,utilization,reallocations,changes,failures,reallocated_prop,time_compute,time_apply,time_enum,time_search,time_pp
1,0.42391304347826086,1,0,0,0.0,0.05211901664733887,0.2853243350982666,0.013048410415649414,0.02959585189819336,0.00947260856628418
