num_events,utilization,reallocations,changes,failures,reallocated_prop,time_compute,time_apply,time_enum,time_search,time_pp
1,1.0,60,109,0,0.18018018018018017,0.12549781799316406,0.5894613265991211,0.014900445938110352,0.1002342700958252,0.010360956192016602
