num_events,utilization,reallocations,changes,failures,reallocated_prop,time_compute,time_apply,time_enum,time_search,time_pp
1,0.6663043478260869,4,3,0,0.3333333333333333,0.017820119857788086,0.8803248405456543,8.463859558105469e-05,0.0001952648162841797,0.01753854751586914
