num_events,utilization,reallocations,changes,failures,reallocated_prop,time_compute,time_apply,time_enum,time_search,time_pp
1,0.005434782608695652,1,0,0,0.0,0.018109560012817383,0.14284253120422363,9.846687316894531e-05,0.00011181831359863281,0.017897605895996094
