num_events,utilization,reallocations,changes,failures,reallocated_prop,time_compute,time_apply,time_enum,time_search,time_pp
1,0.65,7,17,0,0.3333333333333333,0.020121335983276367,0.576200008392334,0.0005362033843994141,0.0007572174072265625,0.018825531005859375
