num_events,utilization,reallocations,changes,failures,reallocated_prop,time_compute,time_apply,time_enum,time_search,time_pp
1,0.22826086956521738,1,0,0,0.0,0.01128077507019043,0.1470644474029541,0.00010156631469726562,0.0016298294067382812,0.009547948837280273
