num_events,utilization,reallocations,changes,failures,reallocated_prop,time_compute,time_apply,time_enum,time_search,time_pp
1,0.2,1,0,0,0.0,0.17101550102233887,0.22089004516601562,0.018323659896850586,0.1431417465209961,0.009548187255859375
