num_events,utilization,reallocations,changes,failures,reallocated_prop,time_compute,time_apply,time_enum,time_search,time_pp
1,0.001358695652173913,1,0,0,0.0,0.07400989532470703,0.5914955139160156,9.870529174804688e-05,0.00010895729064941406,0.07380104064941406
