num_events,utilization,reallocations,changes,failures,reallocated_prop,time_compute,time_apply,time_enum,time_search,time_pp
1,1.0,10,27,0,0.15625,0.04554176330566406,0.5751149654388428,0.014808893203735352,0.021286725997924805,0.00944375991821289
