num_events,utilization,reallocations,changes,failures,reallocated_prop,time_compute,time_apply,time_enum,time_search,time_pp
1,0.06739130434782609,1,0,0,0.0,0.0761556625366211,0.15703296661376953,0.018198728561401367,0.04871511459350586,0.00923919677734375
