num_events,utilization,reallocations,changes,failures,reallocated_prop,time_compute,time_apply
1,0.7153192934782608,11,10,0,0.5882352941176471,0.07372593879699707,3.9146347045898438
