num_events,utilization,reallocations,changes,failures,reallocated_prop,time_compute,time_apply,time_enum,time_search,time_pp
1,0.2684782608695652,1,0,0,0.0,0.010802030563354492,0.1498563289642334,8.058547973632812e-05,0.0015723705291748047,0.009147882461547852
