num_events,utilization,reallocations,changes,failures,reallocated_prop,time_compute,time_apply,time_enum,time_search,time_pp
1,0.65,108,261,0,0.226890756302521,0.0201261043548584,0.34876441955566406,0.0005068778991699219,0.009693622589111328,0.009923696517944336
