num_events,utilization,reallocations,changes,failures,reallocated_prop,time_compute,time_apply,time_enum,time_search,time_pp
1,0.65,26,48,0,0.41935483870967744,0.011150836944580078,0.305591344833374,0.0004973411560058594,0.0015020370483398438,0.009149789810180664
