num_events,utilization,reallocations,changes,failures,reallocated_prop,time_compute,time_apply,time_enum,time_search,time_pp
1,0.3576086956521739,1,0,0,0.0,0.2705535888671875,0.28783178329467773,0.018283367156982422,0.2426164150238037,0.009651422500610352
