num_events,utilization,reallocations,changes,failures,reallocated_prop,time_compute,time_apply,time_enum,time_search,time_pp
1,0.05434782608695652,1,0,0,0.0,0.01897597312927246,0.1410989761352539,3.600120544433594e-05,5.698204040527344e-05,0.01888108253479004
