num_events,utilization,reallocations,changes,failures,reallocated_prop,time_compute,time_apply
1,0.8970108695652174,53,106,0,0.3212121212121212,0.017993450164794922,0.5637729167938232
