num_events,utilization,reallocations,changes,failures,reallocated_prop,time_compute,time_apply,time_enum,time_search,time_pp
1,1.0,23,69,0,0.125,0.08118224143981934,0.5784120559692383,0.01458287239074707,0.05700802803039551,0.009588956832885742
