num_events,utilization,reallocations,changes,failures,reallocated_prop,time_compute,time_apply,time_enum,time_search,time_pp
1,0.65,98,189,0,0.21729490022172948,0.01975727081298828,0.3452324867248535,0.0005042552947998047,0.009314537048339844,0.009936332702636719
