num_events,utilization,reallocations,changes,failures,reallocated_prop,time_compute,time_apply,time_enum,time_search,time_pp
1,0.7633152173913044,39,51,0,0.36792452830188677,0.012878656387329102,0.4611208438873291,0.0004992485046386719,0.003175497055053711,0.00920248031616211
