num_events,utilization,reallocations,changes,failures,reallocated_prop,time_compute,time_apply
1,0.9016304347826087,20,43,0,0.43478260869565216,0.014034509658813477,0.5842335224151611
