num_events,utilization,reallocations,changes,failures,reallocated_prop,time_compute,time_apply,time_enum,time_search,time_pp
1,0.7633152173913044,17,22,0,0.25757575757575757,0.011363029479980469,0.4574151039123535,0.00042700767517089844,0.0021581649780273438,0.008776426315307617
