num_events,utilization,reallocations,changes,failures,reallocated_prop,time_compute,time_apply,time_enum,time_search,time_pp
1,0.017391304347826087,1,0,0,0.0,0.010246515274047852,0.07833433151245117,0.0001087188720703125,0.0001652240753173828,0.009969949722290039
