num_events,utilization,reallocations,changes,failures,reallocated_prop,time_compute,time_apply,time_enum,time_search,time_pp
1,0.020652173913043477,1,0,0,0.0,0.04630231857299805,0.14255261421203613,0.018609046936035156,0.018415451049804688,0.009276151657104492
