num_events,utilization,reallocations,changes,failures,reallocated_prop,time_compute,time_apply,time_enum,time_search,time_pp
1,1.0,22,22,0,0.3384615384615385,0.1337873935699463,0.6134300231933594,0.017736434936523438,0.1069180965423584,0.009129047393798828
