num_events,utilization,reallocations,changes,failures,reallocated_prop,time_compute,time_apply
1,0.8225543478260869,14,15,0,0.5416666666666666,0.009299755096435547,0.5071852207183838
