num_events,utilization,reallocations,changes,failures,reallocated_prop,time_compute,time_apply,time_enum,time_search,time_pp
1,1.0,29,84,0,0.1518324607329843,0.09057950973510742,0.587352991104126,0.016518354415893555,0.06366229057312012,0.01039576530456543
