num_events,utilization,reallocations,changes,failures,reallocated_prop,time_compute,time_apply,time_enum,time_search,time_pp
1,0.65,19,36,0,0.41304347826086957,0.07443642616271973,2.4114387035369873,0.0005085468292236328,0.001237630844116211,0.07268714904785156
