num_events,utilization,reallocations,changes,failures,reallocated_prop,time_compute,time_apply,time_enum,time_search,time_pp
1,0.7567934782608695,21,36,0,0.2727272727272727,0.012324094772338867,0.47193264961242676,0.0005009174346923828,0.002450227737426758,0.009371519088745117
