num_events,utilization,reallocations,changes,failures,reallocated_prop,time_compute,time_apply,time_enum,time_search,time_pp
1,0.021739130434782608,1,0,0,0.0,0.020078182220458984,0.15701699256896973,9.870529174804688e-05,0.0003314018249511719,0.01964569091796875
