num_events,utilization,reallocations,changes,failures,reallocated_prop,time_compute,time_apply,time_enum,time_search,time_pp
1,0.65,91,213,0,0.33211678832116787,0.01595449447631836,0.33616185188293457,0.0005078315734863281,0.005695819854736328,0.009749412536621094
