num_events,utilization,reallocations,changes,failures,reallocated_prop,time_compute,time_apply,time_enum,time_search,time_pp
1,0.3,1,0,0,0.0,0.011493682861328125,0.17745280265808105,0.0006358623504638672,0.0002682209014892578,0.010587692260742188
