num_events,utilization,reallocations,changes,failures,reallocated_prop,time_compute,time_apply,time_enum,time_search,time_pp
1,0.65,26,48,0,0.4262295081967213,0.020153045654296875,0.6060478687286377,0.0004913806915283203,0.0015137195587158203,0.018146276473999023
