num_events,utilization,reallocations,changes,failures,reallocated_prop,time_compute,time_apply,time_enum,time_search,time_pp
1,1.0,6,10,0,0.42857142857142855,0.03668379783630371,0.5700154304504395,0.012622594833374023,0.014955520629882812,0.009103059768676758
