num_events,utilization,reallocations,changes,failures,reallocated_prop,time_compute,time_apply,time_enum,time_search,time_pp
1,0.7633152173913044,47,82,0,0.4051724137931034,0.013343572616577148,0.48142242431640625,0.0004985332489013672,0.0034394264221191406,0.009402990341186523
