num_events,utilization,reallocations,changes,failures,reallocated_prop,time_compute,time_apply,time_enum,time_search,time_pp
1,0.26413043478260867,1,0,0,0.0,0.01145482063293457,0.15940332412719727,9.560585021972656e-05,0.0017330646514892578,0.009624481201171875
