num_events,utilization,reallocations,changes,failures,reallocated_prop,time_compute,time_apply,time_enum,time_search,time_pp
1,0.5108695652173914,1,0,0,0.0,0.058829307556152344,0.318988561630249,0.012970685958862305,0.03613710403442383,0.009718179702758789
