num_events,utilization,reallocations,changes,failures,reallocated_prop,time_compute,time_apply,time_enum,time_search,time_pp
1,0.08478260869565217,1,0,0,0.0,0.010246992111206055,0.10088729858398438,9.441375732421875e-05,0.0006265640258789062,0.009524345397949219
