num_events,utilization,reallocations,changes,failures,reallocated_prop,time_compute,time_apply,time_enum,time_search,time_pp
1,0.375,1,0,0,0.0,0.2815704345703125,0.2931957244873047,0.018202543258666992,0.25357627868652344,0.009789466857910156
