num_events,utilization,reallocations,changes,failures,reallocated_prop,time_compute,time_apply,time_enum,time_search,time_pp
1,0.4902173913043478,1,0,0,0.0,0.3572506904602051,0.3332383632659912,0.018068790435791016,0.3292355537414551,0.00994420051574707
