num_events,utilization,reallocations,changes,failures,reallocated_prop,time_compute,time_apply,time_enum,time_search,time_pp
1,0.65,71,129,0,0.285140562248996,0.015370368957519531,0.32749438285827637,0.0005047321319580078,0.005286455154418945,0.009577274322509766
