num_events,utilization,reallocations,changes,failures,reallocated_prop,time_compute,time_apply,time_enum,time_search,time_pp
1,0.012092391304347826,1,0,0,0.0,0.07504868507385254,0.6159803867340088,9.703636169433594e-05,0.0007216930389404297,0.07422828674316406
