num_events,utilization,reallocations,changes,failures,reallocated_prop,time_compute,time_apply,time_enum,time_search,time_pp
1,1.0,36,108,0,0.12162162162162163,0.11131024360656738,0.5821025371551514,0.014755725860595703,0.08675646781921387,0.009795188903808594
