num_events,utilization,reallocations,changes,failures,reallocated_prop,time_compute,time_apply,time_enum,time_search,time_pp
1,1.0,19,40,0,0.36538461538461536,0.07972145080566406,0.6175553798675537,0.014599084854125977,0.0558474063873291,0.009272336959838867
