num_events,utilization,reallocations,changes,failures,reallocated_prop,time_compute,time_apply,time_enum,time_search,time_pp
1,0.65,5,12,0,0.3125,0.010079622268676758,0.28825831413269043,0.0004265308380126953,0.0004999637603759766,0.009150505065917969
