num_events,utilization,reallocations,changes,failures,reallocated_prop,time_compute,time_apply,time_enum,time_search,time_pp
1,1.0,33,72,0,0.11498257839721254,0.10875082015991211,0.5764670372009277,0.014647483825683594,0.084136962890625,0.009964704513549805
