num_events,utilization,reallocations,changes,failures,reallocated_prop,time_compute,time_apply,time_enum,time_search,time_pp
1,0.65,95,153,0,0.22727272727272727,0.018973588943481445,0.3346867561340332,0.0005021095275878906,0.008529901504516602,0.009939432144165039
