num_events,utilization,reallocations,changes,failures,reallocated_prop,time_compute,time_apply,time_enum,time_search,time_pp
1,0.65,7,17,0,0.30434782608695654,0.01064920425415039,0.3090951442718506,0.0005025863647460938,0.0007555484771728516,0.009389638900756836
