num_events,utilization,reallocations,changes,failures,reallocated_prop,time_compute,time_apply,time_enum,time_search,time_pp
1,0.4043478260869565,1,0,0,0.0,0.30451178550720215,0.31434011459350586,0.018351316452026367,0.2764706611633301,0.00968790054321289
