num_events,utilization,reallocations,changes,failures,reallocated_prop,time_compute,time_apply,time_enum,time_search,time_pp
1,0.65,45,80,0,0.1505016722408027,0.016665220260620117,0.3163337707519531,0.0005557537078857422,0.0062563419342041016,0.009851455688476562
