num_events,utilization,reallocations,changes,failures,reallocated_prop,time_compute,time_apply,time_enum,time_search,time_pp
1,0.65,47,111,0,0.23039215686274508,0.014917612075805664,0.33197689056396484,0.0005042552947998047,0.0044438838958740234,0.009967565536499023
