num_events,utilization,reallocations,changes,failures,reallocated_prop,time_compute,time_apply
1,0.8929347826086956,82,152,0,0.5394736842105263,0.017369985580444336,0.5922963619232178
