num_events,utilization,reallocations,changes,failures,reallocated_prop,time_compute,time_apply,time_enum,time_search,time_pp
1,0.04021739130434782,1,0,0,0.0,0.010810375213623047,0.0880279541015625,0.00010752677917480469,0.0003345012664794922,0.010366678237915039
