num_events,utilization,reallocations,changes,failures,reallocated_prop,time_compute,time_apply,time_enum,time_search,time_pp
1,0.65,47,94,0,0.23737373737373738,0.017295122146606445,0.38038063049316406,0.0006856918334960938,0.004275083541870117,0.012332677841186523
