num_events,utilization,reallocations,changes,failures,reallocated_prop,time_compute,time_apply,time_enum,time_search,time_pp
1,0.65,34,58,0,0.2956521739130435,0.012768983840942383,0.31703877449035645,0.0005052089691162109,0.0025453567504882812,0.00971674919128418
