num_events,utilization,reallocations,changes,failures,reallocated_prop,time_compute,time_apply,time_enum,time_search,time_pp
1,0.01684782608695652,1,0,0,0.0,0.03732728958129883,0.30339789390563965,9.751319885253906e-05,0.0005040168762207031,0.03672385215759277
