num_events,utilization,reallocations,changes,failures,reallocated_prop,time_compute,time_apply,time_enum,time_search,time_pp
1,1.0,19,22,0,0.5135135135135135,0.06931400299072266,0.5979743003845215,0.012221574783325195,0.048369646072387695,0.008719921112060547
