num_events,utilization,reallocations,changes,failures,reallocated_prop,time_compute,time_apply,time_enum,time_search,time_pp
1,1.0,35,63,0,0.08158508158508158,0.1464853286743164,0.5927937030792236,0.014771699905395508,0.12177133560180664,0.00993967056274414
