num_events,utilization,reallocations,changes,failures,reallocated_prop,time_compute,time_apply,time_enum,time_search,time_pp
1,0.65,63,130,0,0.2032258064516129,0.016947269439697266,0.330197811126709,0.0005023479461669922,0.006604909896850586,0.009838104248046875
