num_events,utilization,reallocations,changes,failures,reallocated_prop,time_compute,time_apply,time_enum
1,0.18478260869565216,1,0,0,0.0,0.04813265800476074,0.19457697868347168,0.018312692642211914
