num_events,utilization,reallocations,changes,failures,reallocated_prop,time_compute,time_apply,time_enum,time_search,time_pp
1,1.0,21,45,0,0.20588235294117646,0.051424264907836914,0.5555593967437744,0.012482881546020508,0.030011653900146484,0.008927583694458008
