num_events,utilization,reallocations,changes,failures,reallocated_prop,time_compute,time_apply,time_enum,time_search,time_pp
1,0.7627717391304348,15,14,0,0.4117647058823529,0.010692596435546875,0.4941442012786865,0.00011563301086425781,0.0006303787231445312,0.009943962097167969
