num_events,utilization,reallocations,changes,failures,reallocated_prop,time_compute,time_apply,time_enum,time_search,time_pp
1,0.008967391304347826,1,0,0,0.0,0.036057472229003906,0.30750036239624023,8.463859558105469e-05,0.00023651123046875,0.03573465347290039
