num_events,utilization,reallocations,changes,failures,reallocated_prop,time_compute,time_apply,time_enum,time_search,time_pp
1,0.9135869565217392,4,5,0,0.6666666666666666,0.03278684616088867,0.5885367393493652,0.012636661529541016,0.010964155197143555,0.009183168411254883
