num_events,utilization,reallocations,changes,failures,reallocated_prop,time_compute,time_apply,time_enum,time_search,time_pp
1,0.1793478260869565,1,0,0,0.0,0.010007381439208984,0.12263298034667969,8.0108642578125e-05,0.0010700225830078125,0.008855581283569336
