num_events,utilization,reallocations,changes,failures,reallocated_prop,time_compute,time_apply,time_enum,time_search,time_pp
1,0.33804347826086956,1,0,0,0.0,0.012094736099243164,0.1831810474395752,9.632110595703125e-05,0.0022225379943847656,0.009774446487426758
