num_events,utilization,reallocations,changes,failures,reallocated_prop,time_compute,time_apply,time_enum,time_search,time_pp
1,0.15,0,0,0,0.0,0.029892683029174805,0.09855103492736816,0.016009092330932617,0.0034394264221191406,0.010442733764648438
