num_events,utilization,reallocations,changes,failures,reallocated_prop,time_compute,time_apply,time_enum,time_search,time_pp
1,0.65,63,130,0,0.20388349514563106,0.016826391220092773,0.3314554691314697,0.000507354736328125,0.0063860416412353516,0.009929895401000977
