num_events,utilization,reallocations,changes,failures,reallocated_prop,time_compute,time_apply
1,0.9059782608695652,79,157,0,0.4514285714285714,0.0171053409576416,0.5784533023834229
