num_events,utilization,reallocations,changes,failures,reallocated_prop,time_compute,time_apply,time_enum,time_search,time_pp
1,0.65,128,303,0,0.2606924643584521,0.022990703582763672,0.4056394100189209,0.0006864070892333984,0.009948492050170898,0.012353658676147461
