num_events,utilization,reallocations,changes,failures,reallocated_prop,time_compute,time_apply,time_enum,time_search,time_pp
1,0.03804347826086957,1,0,0,0.0,0.04421043395996094,0.3047912120819092,4.100799560546875e-05,6.842613220214844e-05,0.04409933090209961
