num_events,utilization,reallocations,changes,failures,reallocated_prop,time_compute,time_apply,time_enum
1,0.05434782608695652,1,0,0,0.0,0.036208391189575195,0.14922785758972168,0.018229007720947266
