num_events,utilization,reallocations,changes,failures,reallocated_prop,time_compute,time_apply,time_enum,time_search,time_pp
1,0.7567934782608695,26,52,0,0.5777777777777777,0.012215375900268555,0.48579978942871094,0.0005006790161132812,0.0020437240600585938,0.00966954231262207
