num_events,utilization,reallocations,changes,failures,reallocated_prop,time_compute,time_apply,time_enum,time_search,time_pp
1,0.011005434782608696,1,0,0,0.0,0.07526755332946777,0.6218776702880859,0.0001068115234375,0.0006496906280517578,0.0745084285736084
