num_events,utilization,reallocations,changes,failures,reallocated_prop,time_compute,time_apply,time_enum,time_search,time_pp
1,0.7565217391304347,7,17,0,0.4117647058823529,0.010978221893310547,0.4727499485015869,0.0004992485046386719,0.0012204647064208984,0.009256124496459961
