num_events,utilization,reallocations,changes,failures,reallocated_prop,time_compute,time_apply,time_enum,time_search,time_pp
1,1.0,25,45,0,0.29411764705882354,0.09224224090576172,0.6376330852508545,0.014795780181884766,0.06785225868225098,0.009592056274414062
