num_events,utilization,reallocations,changes,failures,reallocated_prop,time_compute,time_apply
1,0.7695652173913043,12,13,0,0.7857142857142857,0.010070562362670898,0.5347030162811279
