num_events,utilization,reallocations,changes,failures,reallocated_prop,time_compute,time_apply,time_enum,time_search,time_pp
1,0.0891304347826087,1,0,0,0.0,0.08632040023803711,0.15985655784606934,0.017578125,0.05993008613586426,0.00881052017211914
