num_events,utilization,reallocations,changes,failures,reallocated_prop,time_compute,time_apply,time_enum,time_search,time_pp
1,0.17282608695652174,1,0,0,0.0,0.010490179061889648,0.13078808784484863,8.106231689453125e-05,0.0011744499206542969,0.009232282638549805
