num_events,utilization,reallocations,changes,failures,reallocated_prop,time_compute,time_apply
1,0.8646739130434783,9,8,0,0.3333333333333333,0.010316133499145508,0.5462255477905273
