num_events,utilization,reallocations,changes,failures,reallocated_prop,time_compute,time_apply,time_enum,time_search,time_pp
1,0.65,32,57,0,0.32989690721649484,0.02094411849975586,0.6044337749481201,0.0004887580871582031,0.0023190975189208984,0.018133878707885742
