num_events,utilization,reallocations,changes,failures,reallocated_prop,time_compute,time_apply,time_enum,time_search,time_pp
1,1.0,13,36,0,0.1566265060240964,0.055742502212524414,0.5659968852996826,0.015880107879638672,0.029446840286254883,0.010413885116577148
