num_events,utilization,reallocations,changes,failures,reallocated_prop,time_compute,time_apply,time_enum,time_search,time_pp
1,0.7633152173913044,17,39,0,0.4358974358974359,0.012117862701416016,0.474926233291626,0.0005385875701904297,0.0018510818481445312,0.00972604751586914
