num_events,utilization,reallocations,changes,failures,reallocated_prop,time_compute,time_apply,time_enum,time_search,time_pp
1,0.7567934782608695,58,114,0,0.5523809523809524,0.012920141220092773,0.4790036678314209,0.0004963874816894531,0.003058195114135742,0.009363889694213867
