num_events,utilization,reallocations,changes,failures,reallocated_prop,time_compute,time_apply,time_enum,time_search,time_pp
1,0.7635869565217391,54,98,0,0.5934065934065934,0.013969182968139648,0.4968719482421875,0.0005352497100830078,0.0031502246856689453,0.010281562805175781
