num_events,utilization,reallocations,changes,failures,reallocated_prop,time_compute,time_apply,time_enum,time_search,time_pp
1,0.011005434782608696,1,0,0,0.0,0.0773000717163086,0.6138932704925537,0.0001068115234375,0.0007011890411376953,0.07649064064025879
