num_events,utilization,reallocations,changes,failures,reallocated_prop,time_compute,time_apply,time_enum,time_search,time_pp
1,1.0,35,74,0,0.30434782608695654,0.10924029350280762,0.6428160667419434,0.014745950698852539,0.08491373062133789,0.009577751159667969
