num_events,utilization,reallocations,changes,failures,reallocated_prop,time_compute,time_apply,time_enum,time_search,time_pp
1,0.7114130434782608,7,6,0,0.35294117647058826,0.009557008743286133,0.4509618282318115,0.00010275840759277344,0.00022149085998535156,0.009230852127075195
