num_events,utilization,reallocations,changes,failures,reallocated_prop,time_compute,time_apply,time_enum
1,0.41304347826086957,1,0,0,0.0,0.0686800479888916,0.29028940200805664,0.019144296646118164
