num_events,utilization,reallocations,changes,failures,reallocated_prop,time_compute,time_apply,time_enum,time_search,time_pp
1,0.016304347826086956,1,0,0,0.0,0.04647016525268555,0.13685846328735352,0.021728038787841797,0.015633344650268555,0.00910639762878418
