num_events,utilization,reallocations,changes,failures,reallocated_prop,time_compute,time_apply,time_enum,time_search,time_pp
1,0.002173913043478261,1,0,0,0.0,0.03636622428894043,0.28371477127075195,9.965896606445312e-05,9.846687316894531e-05,0.03616595268249512
