num_events,utilization,reallocations,changes,failures,reallocated_prop,time_compute,time_apply,time_enum,time_search,time_pp
1,0.06956521739130435,1,0,0,0.0,0.01033782958984375,0.09682917594909668,9.942054748535156e-05,0.0005109310150146484,0.009725809097290039
