num_events,utilization,reallocations,changes,failures,reallocated_prop,time_compute,time_apply,time_enum,time_search,time_pp
1,1.0,11,11,0,0.5238095238095238,0.07491612434387207,0.598031759262085,0.018086910247802734,0.04745173454284668,0.009374618530273438
