num_events,utilization,reallocations,changes,failures,reallocated_prop,time_compute,time_apply,time_enum,time_search,time_pp
1,0.024456521739130436,1,0,0,0.0,0.03717374801635742,0.31624722480773926,0.00010633468627929688,0.0007357597351074219,0.036330461502075195
