num_events,utilization,reallocations,changes,failures,reallocated_prop,time_compute,time_apply,time_enum,time_search,time_pp
1,0.3847826086956522,1,0,0,0.0,0.2876286506652832,0.2990891933441162,0.018239498138427734,0.25962042808532715,0.009764671325683594
