num_events,utilization,reallocations,changes,failures,reallocated_prop,time_compute,time_apply,time_enum,time_search,time_pp
1,0.65,71,153,0,0.2720306513409962,0.01582646369934082,0.34459733963012695,0.0005030632019042969,0.005560636520385742,0.00976109504699707
