num_events,utilization,reallocations,changes,failures,reallocated_prop,time_compute,time_apply,time_enum,time_search,time_pp
1,0.10543478260869565,1,0,0,0.0,0.010756969451904297,0.10863924026489258,9.679794311523438e-05,0.0008156299591064453,0.009842634201049805
