num_events,utilization,reallocations,changes,failures,reallocated_prop,time_compute,time_apply,time_enum,time_search,time_pp
1,0.65,31,58,0,0.4189189189189189,0.038298845291137695,1.2026646137237549,0.0004992485046386719,0.0018000602722167969,0.03599739074707031
