num_events,utilization,reallocations,changes,failures,reallocated_prop,time_compute,time_apply,time_enum,time_search,time_pp
1,0.125,1,0,0,0.0,0.07301807403564453,0.7043800354003906,3.2901763916015625e-05,0.0003898143768310547,0.07259368896484375
