num_events,utilization,reallocations,changes,failures,reallocated_prop,time_compute,time_apply
1,0.8970108695652174,42,71,0,0.42857142857142855,0.015358448028564453,0.5601880550384521
