num_events,utilization,reallocations,changes,failures,reallocated_prop,time_compute,time_apply,time_enum,time_search,time_pp
1,1.0,24,51,0,0.20869565217391303,0.05968117713928223,0.5726323127746582,0.014724493026733398,0.03561830520629883,0.009336233139038086
