num_events,utilization,reallocations,changes,failures,reallocated_prop,time_compute,time_apply,time_enum,time_search,time_pp
1,1.0,56,125,0,0.14470284237726097,0.13965535163879395,0.5817081928253174,0.015049934387207031,0.11485004425048828,0.009752988815307617
