num_events,utilization,reallocations,changes,failures,reallocated_prop,time_compute,time_apply,time_enum,time_search,time_pp
1,0.27065217391304347,1,0,0,0.0,0.21903181076049805,0.2570466995239258,0.01825881004333496,0.19071507453918457,0.010054349899291992
