num_events,utilization,reallocations,changes,failures,reallocated_prop,time_compute,time_apply,time_enum,time_search,time_pp
1,0.11956521739130435,1,0,0,0.0,0.03326082229614258,0.16951370239257812,0.013052225112915039,0.010694026947021484,0.009512662887573242
