num_events,utilization,reallocations,changes,failures,reallocated_prop,time_compute,time_apply
1,0.7929347826086957,12,13,0,0.7857142857142857,0.009590864181518555,0.5201666355133057
