num_events,utilization,reallocations,changes,failures,reallocated_prop,time_compute,time_apply,time_enum,time_search,time_pp
1,0.7570652173913044,7,6,0,0.3157894736842105,0.010205268859863281,0.49362969398498535,0.00010204315185546875,0.00041604042053222656,0.009685277938842773
