num_events,utilization,reallocations,changes,failures,reallocated_prop,time_compute,time_apply,time_enum,time_search,time_pp
1,0.5065896739130434,2,2,0,0.25,0.03692150115966797,1.5441622734069824,0.0005195140838623047,0.0004951953887939453,0.0359039306640625
