num_events,utilization,reallocations,changes,failures,reallocated_prop,time_compute,time_apply
1,0.8929347826086956,33,65,0,0.38823529411764707,0.014846324920654297,0.5526740550994873
