num_events,utilization,reallocations,changes,failures,reallocated_prop,time_compute,time_apply,time_enum,time_search,time_pp
1,0.65,19,36,0,0.4222222222222222,0.01094198226928711,0.2998521327972412,0.0005025863647460938,0.001211404800415039,0.009226799011230469
