num_events,utilization,reallocations,changes,failures,reallocated_prop,time_compute,time_apply
1,0.9057065217391305,38,60,0,0.4418604651162791,0.014104843139648438,0.5572793483734131
