num_events,utilization,reallocations,changes,failures,reallocated_prop,time_compute,time_apply,time_enum,time_search,time_pp
1,0.6923913043478261,6,5,0,0.25,0.009603500366210938,0.44731640815734863,0.00010132789611816406,0.00023555755615234375,0.009264230728149414
