num_events,utilization,reallocations,changes,failures,reallocated_prop,time_compute,time_apply,time_enum,time_search,time_pp
1,0.010869565217391304,1,0,0,0.0,0.01101231575012207,0.15038204193115234,0.00010466575622558594,0.00011849403381347656,0.010787248611450195
