num_events,utilization,reallocations,changes,failures,reallocated_prop,time_compute,time_apply,time_enum,time_search,time_pp
1,0.24456521739130435,1,0,0,0.0,0.019598722457885742,0.2384049892425537,5.602836608886719e-05,0.0002238750457763672,0.019317150115966797
