num_events,utilization,reallocations,changes,failures,reallocated_prop,time_compute,time_apply,time_enum,time_search,time_pp
1,0.7301630434782609,11,10,0,0.5,0.009629249572753906,0.44808220863342285,8.416175842285156e-05,0.00038909912109375,0.009154081344604492
