num_events,utilization,reallocations,changes,failures,reallocated_prop,time_compute,time_apply,time_enum,time_search,time_pp
1,0.009375,1,0,0,0.0,0.07674789428710938,0.6126735210418701,0.00010347366333007812,0.0005898475646972656,0.07605242729187012
