num_events,utilization,reallocations,changes,failures,reallocated_prop,time_compute,time_apply,time_enum,time_search,time_pp
1,0.3532608695652174,1,0,0,0.0,0.2719888687133789,0.28496479988098145,0.02169966697692871,0.24047112464904785,0.009815454483032227
