num_events,utilization,reallocations,changes,failures,reallocated_prop,time_compute,time_apply,time_enum,time_search,time_pp
1,0.14673913043478262,1,0,0,0.0,0.009691238403320312,0.11150002479553223,7.987022399902344e-05,0.0008900165557861328,0.008719444274902344
