num_events,utilization,reallocations,changes,failures,reallocated_prop,time_compute,time_apply,time_enum,time_search,time_pp
1,0.0008152173913043478,1,0,0,0.0,0.03688216209411621,0.29808831214904785,9.894371032714844e-05,6.151199340820312e-05,0.03672027587890625
