num_events,utilization,reallocations,changes,failures,reallocated_prop,time_compute,time_apply,time_enum,time_search,time_pp
1,0.4076086956521739,1,0,0,0.0,0.3027365207672119,0.3048591613769531,0.018266677856445312,0.2746744155883789,0.00979304313659668
