num_events,utilization,reallocations,changes,failures,reallocated_prop,time_compute,time_apply
1,0.6619565217391304,6,6,0,0.8333333333333334,0.03639411926269531,1.9525721073150635
