num_events,utilization,reallocations,changes,failures,reallocated_prop,time_compute,time_apply,time_enum,time_search,time_pp
1,0.65,139,327,0,0.2791164658634538,0.020311832427978516,0.3414599895477295,0.0005059242248535156,0.009958744049072266,0.009845495223999023
