num_events,utilization,reallocations,changes,failures,reallocated_prop,time_compute,time_apply,time_enum,time_search,time_pp
1,0.7633152173913044,15,29,0,0.5357142857142857,0.01189112663269043,0.49054718017578125,0.0005171298980712891,0.0018188953399658203,0.009553670883178711
