num_events,utilization,reallocations,changes,failures,reallocated_prop,time_compute,time_apply
1,0.7739130434782608,16,18,0,0.7142857142857143,0.017660856246948242,0.9738113880157471
