num_events,utilization,reallocations,changes,failures,reallocated_prop,time_compute,time_apply
1,0.8929347826086956,37,87,0,0.2605633802816901,0.016512632369995117,0.5892937183380127
