num_events,utilization,reallocations,changes,failures,reallocated_prop,time_compute,time_apply,time_enum,time_search,time_pp
1,0.01684782608695652,1,0,0,0.0,0.03601884841918945,0.29796314239501953,8.416175842285156e-05,0.0004229545593261719,0.035509586334228516
