num_events,utilization,reallocations,changes,failures,reallocated_prop,time_compute,time_apply
1,0.7258152173913044,9,12,0,0.47368421052631576,0.039396047592163086,1.9919910430908203
