num_events,utilization,reallocations,changes,failures,reallocated_prop,time_compute,time_apply
1,0.9097826086956522,10,9,0,0.23076923076923078,0.010798215866088867,0.5789639949798584
