num_events,utilization,reallocations,changes,failures,reallocated_prop,time_compute,time_apply
1,0.9059782608695652,51,112,0,0.3591549295774648,0.016409635543823242,0.592585563659668
