num_events,utilization,reallocations,changes,failures,reallocated_prop,time_compute,time_apply,time_enum,time_search,time_pp
1,0.7633152173913044,14,32,0,0.42424242424242425,0.011394023895263672,0.47057199478149414,0.0005016326904296875,0.0016210079193115234,0.009269475936889648
