num_events,utilization,reallocations,changes,failures,reallocated_prop,time_compute,time_apply,time_enum,time_search,time_pp
1,0.725,7,6,0,0.35294117647058826,0.009565353393554688,0.4487490653991699,8.273124694824219e-05,0.0003464221954345703,0.009134769439697266
