num_events,utilization,reallocations,changes,failures,reallocated_prop,time_compute,time_apply,time_enum,time_search,time_pp
1,0.15108695652173912,1,0,0,0.0,0.010661840438842773,0.12227582931518555,0.00010228157043457031,0.00102996826171875,0.009527921676635742
