num_events,utilization,reallocations,changes,failures,reallocated_prop,time_compute,time_apply
1,0.9146739130434782,34,59,0,0.25757575757575757,0.015463113784790039,0.5807070732116699
