num_events,utilization,reallocations,changes,failures,reallocated_prop,time_compute,time_apply,time_enum,time_search,time_pp
1,0.65,69,153,0,0.3165137614678899,0.014865398406982422,0.3362593650817871,0.0005028247833251953,0.004698753356933594,0.009662389755249023
