num_events,utilization,reallocations,changes,failures,reallocated_prop,time_compute,time_apply
1,0.9016304347826087,51,117,0,0.3617021276595745,0.016297340393066406,0.5836656093597412
