num_events,utilization,reallocations,changes,failures,reallocated_prop,time_compute,time_apply,time_enum,time_search,time_pp
1,0.4260869565217391,1,0,0,0.0,0.3288290500640869,0.31697535514831543,0.018592119216918945,0.30045151710510254,0.009783267974853516
