num_events,utilization,reallocations,changes,failures,reallocated_prop,time_compute,time_apply,time_enum,time_search,time_pp
1,0.6870244565217392,14,15,0,0.43333333333333335,0.03672361373901367,1.8200948238372803,3.4332275390625e-05,0.00019168853759765625,0.03649568557739258
