num_events,utilization,reallocations,changes,failures,reallocated_prop,time_compute,time_apply,time_enum,time_search,time_pp
1,0.08152173913043478,1,0,0,0.0,0.036806344985961914,0.3024024963378906,3.266334533691406e-05,0.00013136863708496094,0.03664064407348633
