num_events,utilization,reallocations,changes,failures,reallocated_prop,time_compute,time_apply,time_enum,time_search,time_pp
1,0.65,40,66,0,0.27586206896551724,0.013358354568481445,0.31119632720947266,0.0005042552947998047,0.0032138824462890625,0.009638547897338867
