num_events,utilization,reallocations,changes,failures,reallocated_prop,time_compute,time_apply,time_enum,time_search,time_pp
1,0.0641304347826087,1,0,0,0.0,0.07133054733276367,0.15793848037719727,0.01813220977783203,0.04377913475036621,0.00941777229309082
