num_events,utilization,reallocations,changes,failures,reallocated_prop,time_compute,time_apply,time_enum,time_search,time_pp
1,0.65,25,37,0,0.22522522522522523,0.012132644653320312,0.3082876205444336,0.0005156993865966797,0.0023527145385742188,0.009262323379516602
