num_events,utilization,reallocations,changes,failures,reallocated_prop,time_compute,time_apply
1,0.8671195652173913,11,10,0,0.29411764705882354,0.00967097282409668,0.5206751823425293
