num_events,utilization,reallocations,changes,failures,reallocated_prop,time_compute,time_apply,time_enum,time_search,time_pp
1,0.1673913043478261,1,0,0,0.0,0.1452169418334961,0.20265579223632812,0.018218994140625,0.1175692081451416,0.009425878524780273
