num_events,utilization,reallocations,changes,failures,reallocated_prop,time_compute,time_apply,time_enum,time_search,time_pp
1,1.0,13,15,0,0.3939393939393939,0.06498432159423828,0.6028873920440674,0.01452016830444336,0.04112648963928223,0.009335756301879883
