num_events,utilization,reallocations,changes,failures,reallocated_prop,time_compute,time_apply,time_enum,time_search,time_pp
1,0.3029211956521739,1,0,0,0.0,0.0734872817993164,2.247286558151245,0.0005216598510742188,0.00032973289489746094,0.07263422012329102
