num_events,utilization,reallocations,changes,failures,reallocated_prop,time_compute,time_apply,time_enum,time_search,time_pp
1,0.1358695652173913,1,0,0,0.0,0.03753781318664551,0.3632988929748535,3.62396240234375e-05,0.0002224445343017578,0.0372774600982666
