num_events,utilization,reallocations,changes,failures,reallocated_prop,time_compute,time_apply,time_enum,time_search,time_pp
1,0.009510869565217392,1,0,0,0.0,0.07594871520996094,0.6228127479553223,9.918212890625e-05,0.0005543231964111328,0.07529282569885254
