num_events,utilization,reallocations,changes,failures,reallocated_prop,time_compute,time_apply,time_enum,time_search,time_pp
1,0.13478260869565217,1,0,0,0.0,0.010471343994140625,0.11661982536315918,9.608268737792969e-05,0.0009760856628417969,0.009397745132446289
