num_events,utilization,reallocations,changes,failures,reallocated_prop,time_compute,time_apply,time_enum,time_search,time_pp
1,1.0,109,160,0,0.2731829573934837,0.14048051834106445,0.6024816036224365,0.014755964279174805,0.11567258834838867,0.010049581527709961
