num_events,utilization,reallocations,changes,failures,reallocated_prop,time_compute,time_apply,time_enum,time_search,time_pp
1,0.65,26,63,0,0.3291139240506329,0.03818488121032715,1.1987285614013672,0.0004901885986328125,0.0018930435180664062,0.035799264907836914
