num_events,utilization,reallocations,changes,failures,reallocated_prop,time_compute,time_apply,time_enum,time_search,time_pp
1,0.65,28,53,0,0.4117647058823529,0.011500835418701172,0.3125786781311035,0.0004992485046386719,0.001678466796875,0.009321451187133789
