num_events,utilization,reallocations,changes,failures,reallocated_prop,time_compute,time_apply,time_enum,time_search,time_pp
1,0.65,55,99,0,0.3618421052631579,0.015509366989135742,0.3772611618041992,0.0006930828094482422,0.0034356117248535156,0.01137852668762207
