num_events,utilization,reallocations,changes,failures,reallocated_prop,time_compute,time_apply,time_enum,time_search,time_pp
1,0.125,1,0,0,0.0,0.0444638729095459,0.4209878444671631,4.410743713378906e-05,0.00021123886108398438,0.04420638084411621
