num_events,utilization,reallocations,changes,failures,reallocated_prop,time_compute,time_apply,time_enum,time_search,time_pp
1,0.32717391304347826,1,0,0,0.0,0.011859893798828125,0.17934203147888184,0.00011873245239257812,0.002089977264404297,0.00964975357055664
