num_events,utilization,reallocations,changes,failures,reallocated_prop,time_compute,time_apply,time_enum,time_search,time_pp
1,0.6195652173913043,1,0,0,0.0,0.027760744094848633,0.49736785888671875,0.013306140899658203,0.005639553070068359,0.008813142776489258
