num_events,utilization,reallocations,changes,failures,reallocated_prop,time_compute,time_apply,time_enum,time_search,time_pp
1,0.65,84,156,0,0.3925233644859813,0.014585494995117188,0.3310370445251465,0.0005033016204833984,0.004564046859741211,0.009516239166259766
