num_events,utilization,reallocations,changes,failures,reallocated_prop,time_compute,time_apply
1,0.7118885869565217,4,4,0,0.5714285714285714,0.038892269134521484,1.8847384452819824
