num_events,utilization,reallocations,changes,failures,reallocated_prop,time_compute,time_apply,time_enum,time_search,time_pp
1,1.0,25,27,0,0.38461538461538464,0.15636777877807617,0.6294496059417725,0.01850414276123047,0.12851238250732422,0.009348869323730469
