num_events,utilization,reallocations,changes,failures,reallocated_prop,time_compute,time_apply,time_enum,time_search,time_pp
1,1.0,46,83,0,0.12299465240641712,0.13303518295288086,0.5913395881652832,0.014766454696655273,0.10833930969238281,0.009927511215209961
