num_events,utilization,reallocations,changes,failures,reallocated_prop,time_compute,time_apply,time_enum,time_search,time_pp
1,1.0,6,6,0,0.5454545454545454,0.05401492118835449,0.5827100276947021,0.018538236618041992,0.026308536529541016,0.009166479110717773
