num_events,utilization,reallocations,changes,failures,reallocated_prop,time_compute,time_apply,time_enum,time_search,time_pp
1,0.65,110,178,0,0.25821596244131456,0.0223538875579834,0.39304566383361816,0.0006856918334960938,0.009202003479003906,0.012464284896850586
