num_events,utilization,reallocations,changes,failures,reallocated_prop,time_compute,time_apply,time_enum,time_search,time_pp
1,0.65,21,51,0,0.328125,0.019551753997802734,0.5900301933288574,0.0004963874816894531,0.0015869140625,0.01746654510498047
