num_events,utilization,reallocations,changes,failures,reallocated_prop,time_compute,time_apply,time_enum,time_search,time_pp
1,0.05298913043478261,1,0,0,0.0,0.07231402397155762,0.5423498153686523,3.361701965332031e-05,0.0001647472381591797,0.0721139907836914
