num_events,utilization,reallocations,changes,failures,reallocated_prop,time_compute,time_apply,time_enum,time_search,time_pp
1,1.0,8,14,0,0.23529411764705882,0.03737354278564453,0.570183277130127,0.014707565307617188,0.013108253479003906,0.009556770324707031
