num_events,utilization,reallocations,changes,failures,reallocated_prop,time_compute,time_apply
1,0.7111413043478261,16,17,0,0.7894736842105263,0.07407021522521973,3.7843410968780518
