num_events,utilization,reallocations,changes,failures,reallocated_prop,time_compute,time_apply,time_enum,time_search,time_pp
1,0.65,14,26,0,0.4117647058823529,0.03720903396606445,1.1940124034881592,0.0005021095275878906,0.0009746551513671875,0.03573036193847656
