num_events,utilization,reallocations,changes,failures,reallocated_prop,time_compute,time_apply,time_enum,time_search,time_pp
1,0.7633152173913044,30,43,0,0.2459016393442623,0.013354301452636719,0.47394442558288574,0.0004975795745849609,0.003519773483276367,0.00933527946472168
