num_events,utilization,reallocations,changes,failures,reallocated_prop,time_compute,time_apply
1,0.7644021739130434,6,10,0,0.35294117647058826,0.011269092559814453,0.5042831897735596
