num_events,utilization,reallocations,changes,failures,reallocated_prop,time_compute,time_apply,time_enum,time_search,time_pp
1,0.65,103,245,0,0.29261363636363635,0.01798701286315918,0.34471940994262695,0.0005090236663818359,0.0073397159576416016,0.010135889053344727
