num_events,utilization,reallocations,changes,failures,reallocated_prop,time_compute,time_apply,time_enum,time_search,time_pp
1,0.65,19,46,0,0.3333333333333333,0.02014636993408203,0.604813814163208,0.0004942417144775391,0.0014672279357910156,0.018182992935180664
