num_events,utilization,reallocations,changes,failures,reallocated_prop,time_compute,time_apply,time_enum,time_search,time_pp
1,0.65,118,193,0,0.27251732101616627,0.019351720809936523,0.3395085334777832,0.0005011558532714844,0.0089874267578125,0.009860754013061523
