num_events,utilization,reallocations,changes,failures,reallocated_prop,time_compute,time_apply
1,0.7163383152173913,12,12,0,0.7333333333333333,0.07335162162780762,3.779057741165161
