num_events,utilization,reallocations,changes,failures,reallocated_prop,time_compute,time_apply,time_enum,time_search,time_pp
1,0.7214673913043478,9,9,0,0.34782608695652173,0.018736600875854492,0.9399228096008301,3.409385681152344e-05,0.00017976760864257812,0.018520832061767578
