num_events,utilization,reallocations,changes,failures,reallocated_prop,time_compute,time_apply,time_enum,time_search,time_pp
1,0.29347826086956524,1,0,0,0.0,0.010736227035522461,0.15659260749816895,8.20159912109375e-05,0.001699209213256836,0.008953332901000977
