num_events,utilization,reallocations,changes,failures,reallocated_prop,time_compute,time_apply,time_enum,time_search,time_pp
1,1.0,11,30,0,0.15492957746478872,0.050405025482177734,0.5814118385314941,0.015625,0.024671316146850586,0.010106801986694336
