num_events,utilization,reallocations,changes,failures,reallocated_prop,time_compute,time_apply,time_enum,time_search,time_pp
1,0.025,1,0,0,0.0,0.037053823471069336,0.3138427734375,0.00010657310485839844,0.0007517337799072266,0.03619384765625
