num_events,utilization,reallocations,changes,failures,reallocated_prop,time_compute,time_apply,time_enum,time_search,time_pp
1,0.65,30,73,0,0.32967032967032966,0.07276225090026855,2.3526084423065186,0.0005013942718505859,0.0020995140075683594,0.0701596736907959
