num_events,utilization,reallocations,changes,failures,reallocated_prop,time_compute,time_apply
1,0.7190896739130435,9,15,0,0.4090909090909091,0.07648205757141113,3.949535369873047
