num_events,utilization,reallocations,changes,failures,reallocated_prop,time_compute,time_apply,time_enum,time_search,time_pp
1,1.0,77,135,0,0.25245901639344265,0.11572051048278809,0.5914185047149658,0.014888286590576172,0.0911104679107666,0.0097198486328125
