num_events,utilization,reallocations,changes,failures,reallocated_prop,time_compute,time_apply,time_enum,time_search,time_pp
1,0.7633152173913044,22,43,0,0.5641025641025641,0.011479616165161133,0.4723029136657715,0.0004966259002685547,0.0017695426940917969,0.009211063385009766
