num_events,utilization,reallocations,changes,failures,reallocated_prop,time_compute,time_apply,time_enum,time_search,time_pp
1,0.004347826086956522,1,0,0,0.0,0.03636908531188965,0.2959752082824707,8.487701416015625e-05,0.00013494491577148438,0.0361478328704834
