num_events,utilization,reallocations,changes,failures,reallocated_prop,time_compute,time_apply,time_enum,time_search,time_pp
1,0.6545176630434782,8,7,0,0.4666666666666667,0.07280230522155762,3.5109102725982666,9.918212890625e-05,0.00019431114196777344,0.07250666618347168
