num_events,utilization,reallocations,changes,failures,reallocated_prop,time_compute,time_apply
1,0.8785326086956522,14,13,0,0.30952380952380953,0.01035761833190918,0.5671131610870361
