num_events,utilization,reallocations,changes,failures,reallocated_prop,time_compute,time_apply
1,0.9046195652173913,12,12,0,0.22916666666666666,0.009798526763916016,0.5825533866882324
