num_events,utilization,reallocations,changes,failures,reallocated_prop,time_compute,time_apply
1,0.8652173913043478,6,15,0,0.3157894736842105,0.012173891067504883,0.536468505859375
