num_events,utilization,reallocations,changes,failures,reallocated_prop,time_compute,time_apply,time_enum,time_search,time_pp
1,0.65,30,40,0,0.18867924528301888,0.013757467269897461,0.3144381046295166,0.0005016326904296875,0.0036368370056152344,0.009617328643798828
