num_events,utilization,reallocations,changes,failures,reallocated_prop,time_compute,time_apply
1,0.7896739130434782,11,10,0,0.45454545454545453,0.02060532569885254,1.052567481994629
