num_events,utilization,reallocations,changes,failures,reallocated_prop,time_compute,time_apply,time_enum,time_search,time_pp
1,0.027717391304347826,1,0,0,0.0,0.018838167190551758,0.15995407104492188,9.846687316894531e-05,0.00041985511779785156,0.01831841468811035
