num_events,utilization,reallocations,changes,failures,reallocated_prop,time_compute,time_apply,time_enum,time_search,time_pp
1,1.0,45,60,0,0.21844660194174756,0.0857398509979248,0.5883862972259521,0.014679670333862305,0.061553239822387695,0.009505033493041992
