num_events,utilization,reallocations,changes,failures,reallocated_prop,time_compute,time_apply,time_enum,time_search,time_pp
1,0.22282608695652173,1,0,0,0.0,0.027910947799682617,0.2258906364440918,7.295608520507812e-05,0.0003943443298339844,0.027439594268798828
