num_events,utilization,reallocations,changes,failures,reallocated_prop,time_compute,time_apply
1,0.9059782608695652,33,66,0,0.4024390243902439,0.01422572135925293,0.536820650100708
