num_events,utilization,reallocations,changes,failures,reallocated_prop,time_compute,time_apply,time_enum,time_search,time_pp
1,0.65,91,177,0,0.203579418344519,0.019186019897460938,0.33171606063842773,0.000499725341796875,0.009076833724975586,0.009607076644897461
