num_events,utilization,reallocations,changes,failures,reallocated_prop,time_compute,time_apply,time_enum,time_search,time_pp
1,1.0,59,113,0,0.16761363636363635,0.12720012664794922,0.5881266593933105,0.014841318130493164,0.10254645347595215,0.009810447692871094
