num_events,utilization,reallocations,changes,failures,reallocated_prop,time_compute,time_apply
1,0.7066915760869565,11,12,0,0.7692307692307693,0.07065153121948242,3.7847354412078857
