num_events,utilization,reallocations,changes,failures,reallocated_prop,time_compute,time_apply,time_enum,time_search,time_pp
1,0.65,38,72,0,0.4222222222222222,0.011871814727783203,0.3063011169433594,0.0004971027374267578,0.002119779586791992,0.009252548217773438
