num_events,utilization,reallocations,changes,failures,reallocated_prop,time_compute,time_apply
1,0.810054347826087,12,12,0,0.6470588235294118,0.009654521942138672,0.5348873138427734
