num_events,utilization,reallocations,changes,failures,reallocated_prop,time_compute,time_apply,time_enum,time_search,time_pp
1,0.33043478260869563,1,0,0,0.0,0.2618887424468994,0.27611279487609863,0.021831989288330078,0.23031878471374512,0.009736061096191406
