num_events,utilization,reallocations,changes,failures,reallocated_prop,time_compute,time_apply
1,0.7258831521739131,14,15,0,0.5652173913043478,0.0377197265625,1.997436761856079
