num_events,utilization,reallocations,changes,failures,reallocated_prop,time_compute,time_apply,time_enum,time_search,time_pp
1,0.0019021739130434783,1,0,0,0.0,0.04405355453491211,0.31868815422058105,0.00011777877807617188,0.0001163482666015625,0.04381680488586426
