num_events,utilization,reallocations,changes,failures,reallocated_prop,time_compute,time_apply,time_enum,time_search,time_pp
1,0.6575747282608696,8,7,0,0.5,0.07300209999084473,3.545498847961426,9.918212890625e-05,0.0002529621124267578,0.0726475715637207
