num_events,utilization,reallocations,changes,failures,reallocated_prop,time_compute,time_apply,time_enum,time_search,time_pp
1,0.6534646739130435,5,4,0,0.5714285714285714,0.07158732414245605,3.4845383167266846,3.457069396972656e-05,6.222724914550781e-05,0.07148861885070801
