num_events,utilization,reallocations,changes,failures,reallocated_prop,time_compute,time_apply,time_enum,time_search,time_pp
1,1.0,16,23,0,0.48484848484848486,0.050823211669921875,0.549760103225708,0.012145042419433594,0.029768705368041992,0.008907794952392578
