num_events,utilization,reallocations,changes,failures,reallocated_prop,time_compute,time_apply,time_enum,time_search,time_pp
1,1.0,68,153,0,0.1475054229934924,0.15865325927734375,0.6140041351318359,0.014873981475830078,0.13370561599731445,0.010071039199829102
