num_events,utilization,reallocations,changes,failures,reallocated_prop,time_compute,time_apply,time_enum,time_search,time_pp
1,0.65,5,9,0,0.4166666666666667,0.01073908805847168,0.31292271614074707,0.0005633831024169922,0.0005650520324707031,0.009608745574951172
