num_events,utilization,reallocations,changes,failures,reallocated_prop,time_compute,time_apply,time_enum,time_search,time_pp
1,0.65,14,34,0,0.32558139534883723,0.07664608955383301,2.4221301078796387,0.0004987716674804688,0.0011546611785888672,0.07499003410339355
