num_events,utilization,reallocations,changes,failures,reallocated_prop,time_compute,time_apply,time_enum,time_search,time_pp
1,0.65,90,207,0,0.19693654266958424,0.020012855529785156,0.340853214263916,0.0005071163177490234,0.009325027465820312,0.010177850723266602
