num_events,utilization,reallocations,changes,failures,reallocated_prop,time_compute,time_apply,time_enum,time_search,time_pp
1,1.0,9,10,0,0.6,0.054419755935668945,0.5965964794158936,0.018595218658447266,0.026497364044189453,0.00932455062866211
