num_events,utilization,reallocations,changes,failures,reallocated_prop,time_compute,time_apply,time_enum,time_search,time_pp
1,0.65,23,43,0,0.41818181818181815,0.01990365982055664,0.6010196208953857,0.0004990100860595703,0.0013842582702636719,0.018018484115600586
