num_events,utilization,reallocations,changes,failures,reallocated_prop,time_compute,time_apply,time_enum,time_search,time_pp
1,0.6700747282608696,7,6,0,0.24,0.07228803634643555,3.5441832542419434,0.00010085105895996094,0.0005428791046142578,0.07164168357849121
