num_events,utilization,reallocations,changes,failures,reallocated_prop,time_compute,time_apply,time_enum,time_search,time_pp
1,0.65,103,197,0,0.3020527859237537,0.017673015594482422,0.33626484870910645,0.0005044937133789062,0.007255077362060547,0.009910345077514648
