num_events,utilization,reallocations,changes,failures,reallocated_prop,time_compute,time_apply,time_enum,time_search,time_pp
1,0.010869565217391304,1,0,0,0.0,0.03979992866516113,0.13952350616455078,0.018300294876098633,0.012137413024902344,0.00935983657836914
