num_events,utilization,reallocations,changes,failures,reallocated_prop,time_compute,time_apply,time_enum,time_search,time_pp
1,0.030434782608695653,1,0,0,0.0,0.020240306854248047,0.1703951358795166,9.775161743164062e-05,0.0005104541778564453,0.01963043212890625
