num_events,utilization,reallocations,changes,failures,reallocated_prop,time_compute,time_apply,time_enum,time_search,time_pp
1,0.65,29,54,0,0.2283464566929134,0.015958547592163086,0.37264156341552734,0.0007066726684570312,0.002869129180908203,0.01238107681274414
