num_events,utilization,reallocations,changes,failures,reallocated_prop,time_compute,time_apply,time_enum,time_search,time_pp
1,0.65,25,33,0,0.17985611510791366,0.01306009292602539,0.3121671676635742,0.0005035400390625,0.0030689239501953125,0.009485244750976562
