num_events,utilization,reallocations,changes,failures,reallocated_prop,time_compute,time_apply
1,0.8929347826086956,34,82,0,0.40476190476190477,0.01540374755859375,0.5679869651794434
