num_events,utilization,reallocations,changes,failures,reallocated_prop,time_compute,time_apply
1,0.8195652173913044,8,14,0,0.4444444444444444,0.01100015640258789,0.5369846820831299
