num_events,utilization,reallocations,changes,failures,reallocated_prop,time_compute,time_apply
1,0.7724184782608695,14,13,0,0.4642857142857143,0.019480466842651367,1.0347063541412354
