num_events,utilization,reallocations,changes,failures,reallocated_prop,time_compute,time_apply,time_enum,time_search,time_pp
1,0.3923913043478261,1,0,0,0.0,0.29718565940856934,0.30415892601013184,0.018097639083862305,0.26929593086242676,0.009789466857910156
