num_events,utilization,reallocations,changes,failures,reallocated_prop,time_compute,time_apply,time_enum,time_search,time_pp
1,1.0,9,12,0,0.3333333333333333,0.05003690719604492,0.560715913772583,0.012322425842285156,0.02895665168762207,0.008755207061767578
