num_events,utilization,reallocations,changes,failures,reallocated_prop,time_compute,time_apply,time_enum
1,0.40217391304347827,1,0,0,0.0,0.010177850723266602,0.2234053611755371,0.00011491775512695312
