num_events,utilization,reallocations,changes,failures,reallocated_prop,time_compute,time_apply
1,0.747554347826087,7,7,0,0.3333333333333333,0.009287595748901367,0.48413586616516113
