num_events,utilization,reallocations,changes,failures,reallocated_prop,time_compute,time_apply,time_enum,time_search,time_pp
1,0.04456521739130435,1,0,0,0.0,0.06215524673461914,0.15578365325927734,0.018335342407226562,0.03427290916442871,0.00954437255859375
