num_events,utilization,reallocations,changes,failures,reallocated_prop,time_compute,time_apply,time_enum,time_search,time_pp
1,0.7171195652173913,14,26,0,0.4827586206896552,0.011856317520141602,0.45645928382873535,0.0005409717559814453,0.0013575553894042969,0.009956121444702148
