num_events,utilization,reallocations,changes,failures,reallocated_prop,time_compute,time_apply
1,0.8929347826086956,36,64,0,0.2589928057553957,0.016531705856323242,0.5362112522125244
