num_events,utilization,reallocations,changes,failures,reallocated_prop,time_compute,time_apply,time_enum,time_search,time_pp
1,0.24891304347826088,1,0,0,0.0,0.01116323471069336,0.1518106460571289,9.34600830078125e-05,0.0016319751739501953,0.009435892105102539
