num_events,utilization,reallocations,changes,failures,reallocated_prop,time_compute,time_apply,time_enum,time_search,time_pp
1,1.0,34,59,0,0.2138364779874214,0.11315488815307617,0.6449706554412842,0.014869451522827148,0.08846545219421387,0.009817123413085938
