num_events,utilization,reallocations,changes,failures,reallocated_prop,time_compute,time_apply,time_enum,time_search,time_pp
1,0.10054347826086957,1,0,0,0.0,0.03672456741333008,0.3233296871185303,3.337860107421875e-05,0.00015664100646972656,0.03653264045715332
