num_events,utilization,reallocations,changes,failures,reallocated_prop,time_compute,time_apply,time_enum,time_search,time_pp
1,0.65,115,187,0,0.2668213457076566,0.019465208053588867,0.3396167755126953,0.0005021095275878906,0.008932828903198242,0.01002812385559082
