num_events,utilization,reallocations,changes,failures,reallocated_prop,time_compute,time_apply,time_enum,time_search,time_pp
1,0.6675951086956522,5,4,0,0.16,0.035593509674072266,1.7175745964050293,9.822845458984375e-05,0.00035262107849121094,0.035140275955200195
