num_events,utilization,reallocations,changes,failures,reallocated_prop,time_compute,time_apply,time_enum,time_search,time_pp
1,0.65,20,38,0,0.4166666666666667,0.011384010314941406,0.31449174880981445,0.0004978179931640625,0.0013244152069091797,0.009560108184814453
