num_events,utilization,reallocations,changes,failures,reallocated_prop,time_compute,time_apply,time_enum,time_search,time_pp
1,0.65,133,253,0,0.37464788732394366,0.017171144485473633,0.3455047607421875,0.0005066394805908203,0.007264137268066406,0.009398221969604492
