num_events,utilization,reallocations,changes,failures,reallocated_prop,time_compute,time_apply,time_enum,time_search,time_pp
1,0.65,157,297,0,0.3210633946830266,0.020661354064941406,0.35422229766845703,0.0005016326904296875,0.010297775268554688,0.009859561920166016
