num_events,utilization,reallocations,changes,failures,reallocated_prop,time_compute,time_apply,time_enum,time_search,time_pp
1,0.65,23,43,0,0.41818181818181815,0.03855133056640625,1.2110180854797363,0.0005013942718505859,0.0014045238494873047,0.036643028259277344
