num_events,utilization,reallocations,changes,failures,reallocated_prop,time_compute,time_apply,time_enum,time_search,time_pp
1,0.7027173913043478,4,9,0,0.3333333333333333,0.011893272399902344,0.47408032417297363,0.0005502700805664062,0.001028299331665039,0.010313272476196289
