num_events,utilization,reallocations,changes,failures,reallocated_prop,time_compute,time_apply
1,0.7989130434782609,11,10,0,0.47619047619047616,0.010161638259887695,0.5079858303070068
