num_events,utilization,reallocations,changes,failures,reallocated_prop,time_compute,time_apply,time_enum,time_search,time_pp
1,0.65,35,61,0,0.21212121212121213,0.013747692108154297,0.3166337013244629,0.0005059242248535156,0.003632783889770508,0.009607315063476562
