num_events,utilization,reallocations,changes,failures,reallocated_prop,time_compute,time_apply,time_enum,time_search,time_pp
1,0.020652173913043477,1,0,0,0.0,0.00952601432800293,0.08013176918029785,9.083747863769531e-05,0.000148773193359375,0.009284496307373047
