num_events,utilization,reallocations,changes,failures,reallocated_prop,time_compute,time_apply,time_enum,time_search,time_pp
1,0.13478260869565217,1,0,0,0.0,0.009679317474365234,0.10748124122619629,8.20159912109375e-05,0.0008153915405273438,0.008780479431152344
