num_events,utilization,reallocations,changes,failures,reallocated_prop,time_compute,time_apply,time_enum,time_search,time_pp
1,0.6739130434782609,7,6,0,0.20689655172413793,0.03710293769836426,1.7751340866088867,9.822845458984375e-05,0.00043582916259765625,0.03656625747680664
