num_events,utilization,reallocations,changes,failures,reallocated_prop,time_compute,time_apply,time_enum,time_search,time_pp
1,1.0,32,72,0,0.19875776397515527,0.0722188949584961,0.5753490924835205,0.014748811721801758,0.047881364822387695,0.009586334228515625
