num_events,utilization,reallocations,changes,failures,reallocated_prop,time_compute,time_apply,time_enum,time_search,time_pp
1,1.0,45,81,0,0.10273972602739725,0.14506864547729492,0.5876915454864502,0.01246953010559082,0.12263202667236328,0.009964942932128906
