num_events,utilization,reallocations,changes,failures,reallocated_prop,time_compute,time_apply,time_enum,time_search,time_pp
1,0.3706521739130435,1,0,0,0.0,0.012072086334228516,0.1935594081878662,9.72747802734375e-05,0.002360105514526367,0.009612798690795898
