num_events,utilization,reallocations,changes,failures,reallocated_prop,time_compute,time_apply
1,0.7921195652173914,6,10,0,0.35294117647058826,0.011706113815307617,0.5042562484741211
