num_events,utilization,reallocations,changes,failures,reallocated_prop,time_compute,time_apply,time_enum,time_search,time_pp
1,0.22282608695652173,1,0,0,0.0,0.03739476203918457,0.4575374126434326,3.504753112792969e-05,0.000339508056640625,0.0370173454284668
