num_events,utilization,reallocations,changes,failures,reallocated_prop,time_compute,time_apply,time_enum,time_search,time_pp
1,0.7635869565217391,27,46,0,0.5,0.012029409408569336,0.4728264808654785,0.0005278587341308594,0.0022385120391845703,0.009260416030883789
