num_events,utilization,reallocations,changes,failures,reallocated_prop,time_compute,time_apply,time_enum,time_search,time_pp
1,0.6875,10,9,0,0.36,0.036724090576171875,1.7923429012298584,0.0001010894775390625,0.0004875659942626953,0.0361328125
