num_events,utilization,reallocations,changes,failures,reallocated_prop,time_compute,time_apply,time_enum,time_search,time_pp
1,0.21956521739130436,1,0,0,0.0,0.18177008628845215,0.22734618186950684,0.01819133758544922,0.15413999557495117,0.009436845779418945
