num_events,utilization,reallocations,changes,failures,reallocated_prop,time_compute,time_apply,time_enum,time_search,time_pp
1,0.10869565217391304,1,0,0,0.0,0.10589885711669922,0.1754927635192871,0.018256664276123047,0.07826900482177734,0.009370565414428711
