num_events,utilization,reallocations,changes,failures,reallocated_prop,time_compute,time_apply,time_enum,time_search,time_pp
1,0.05326086956521739,1,0,0,0.0,0.0650644302368164,0.15238738059997559,0.01824188232421875,0.03750014305114746,0.009320735931396484
