num_events,utilization,reallocations,changes,failures,reallocated_prop,time_compute,time_apply,time_enum,time_search,time_pp
1,0.12364130434782608,1,0,0,0.0,0.0716714859008789,0.6985392570495605,2.9087066650390625e-05,0.0003154277801513672,0.07132434844970703
