num_events,utilization,reallocations,changes,failures,reallocated_prop,time_compute,time_apply,time_enum,time_search,time_pp
1,0.658797554347826,11,19,0,0.4583333333333333,0.07582521438598633,3.528313159942627,0.0005171298980712891,0.00127410888671875,0.07403182983398438
