num_events,utilization,reallocations,changes,failures,reallocated_prop,time_compute,time_apply,time_enum,time_search,time_pp
1,1.0,84,189,0,0.17684210526315788,0.16532349586486816,0.597297191619873,0.015482425689697266,0.13968324661254883,0.01015472412109375
