num_events,utilization,reallocations,changes,failures,reallocated_prop,time_compute,time_apply,time_enum,time_search,time_pp
1,0.65,18,44,0,0.32142857142857145,0.038023948669433594,1.2129077911376953,0.0004956722259521484,0.0015110969543457031,0.03601479530334473
