num_events,utilization,reallocations,changes,failures,reallocated_prop,time_compute,time_apply,time_enum,time_search,time_pp
1,1.0,11,23,0,0.28205128205128205,0.07944560050964355,0.6253795623779297,0.014814138412475586,0.055054426193237305,0.009574174880981445
