num_events,utilization,reallocations,changes,failures,reallocated_prop,time_compute,time_apply,time_enum,time_search,time_pp
1,0.3119565217391304,1,0,0,0.0,0.24957752227783203,0.26764750480651855,0.021488428115844727,0.2183842658996582,0.009702682495117188
