num_events,utilization,reallocations,changes,failures,reallocated_prop,time_compute,time_apply,time_enum,time_search,time_pp
1,0.0016304347826086956,1,0,0,0.0,0.01874566078186035,0.1415846347808838,8.296966552734375e-05,5.14984130859375e-05,0.01860976219177246
