num_events,utilization,reallocations,changes,failures,reallocated_prop,time_compute,time_apply,time_enum,time_search,time_pp
1,0.275,1,0,0,0.0,0.01103067398071289,0.1572730541229248,0.000102996826171875,0.001743316650390625,0.009182453155517578
