num_events,utilization,reallocations,changes,failures,reallocated_prop,time_compute,time_apply,time_enum,time_search,time_pp
1,0.46875,2,2,0,0.3333333333333333,0.018970966339111328,0.7363615036010742,0.0005104541778564453,0.00042438507080078125,0.01803445816040039
