num_events,utilization,reallocations,changes,failures,reallocated_prop,time_compute,time_apply,time_enum,time_search,time_pp
1,0.14130434782608695,1,0,0,0.0,0.043859004974365234,0.43876028060913086,3.981590270996094e-05,0.00021958351135253906,0.04359793663024902
