num_events,utilization,reallocations,changes,failures,reallocated_prop,time_compute,time_apply,time_enum,time_search,time_pp
1,0.007201086956521739,1,0,0,0.0,0.0751495361328125,0.6042134761810303,9.822845458984375e-05,0.00042510032653808594,0.07462453842163086
