num_events,utilization,reallocations,changes,failures,reallocated_prop,time_compute,time_apply,time_enum,time_search,time_pp
1,1.0,28,62,0,0.07629427792915532,0.12958455085754395,0.5779073238372803,0.014602899551391602,0.10513162612915039,0.009847640991210938
