num_events,utilization,reallocations,changes,failures,reallocated_prop,time_compute,time_apply,time_enum,time_search,time_pp
1,0.65,22,41,0,0.41509433962264153,0.03825664520263672,1.21036958694458,0.0004930496215820312,0.0013670921325683594,0.03639411926269531
