num_events,utilization,reallocations,changes,failures,reallocated_prop,time_compute,time_apply,time_enum,time_search,time_pp
1,0.6665760869565217,9,9,0,0.47058823529411764,0.03490924835205078,1.7323799133300781,3.504753112792969e-05,0.00010085105895996094,0.03477120399475098
