num_events,utilization,reallocations,changes,failures,reallocated_prop,time_compute,time_apply,time_enum,time_search,time_pp
1,0.2141304347826087,1,0,0,0.0,0.18424510955810547,0.22973060607910156,0.02179098129272461,0.15268516540527344,0.009766340255737305
