num_events,utilization,reallocations,changes,failures,reallocated_prop,time_compute,time_apply
1,0.8008152173913043,9,16,0,0.391304347826087,0.022247791290283203,1.0578465461730957
