num_events,utilization,reallocations,changes,failures,reallocated_prop,time_compute,time_apply,time_enum,time_search,time_pp
1,0.0,0,0,0,0.0,0.03601551055908203,0.2102513313293457,3.266334533691406e-05,1.1920928955078125e-05,0.03596901893615723
