num_events,utilization,reallocations,changes,failures,reallocated_prop,time_compute,time_apply
1,0.7809782608695652,8,16,0,0.38095238095238093,0.021872758865356445,1.0418152809143066
