num_events,utilization,reallocations,changes,failures,reallocated_prop,time_compute,time_apply,time_enum,time_search,time_pp
1,0.024456521739130436,1,0,0,0.0,0.07268977165222168,0.48117661476135254,3.600120544433594e-05,8.869171142578125e-05,0.07256269454956055
