num_events,utilization,reallocations,changes,failures,reallocated_prop,time_compute,time_apply,time_enum,time_search,time_pp
1,0.6574048913043479,5,9,0,0.38461538461538464,0.06990385055541992,3.496600389480591,0.0005042552947998047,0.0008931159973144531,0.06850457191467285
