num_events,utilization,reallocations,changes,failures,reallocated_prop,time_compute,time_apply
1,0.9059782608695652,30,70,0,0.38461538461538464,0.014572620391845703,0.5566632747650146
