num_events,utilization,reallocations,changes,failures,reallocated_prop,time_compute,time_apply
1,0.7717391304347826,6,6,0,0.3333333333333333,0.010219573974609375,0.48233461380004883
