num_events,utilization,reallocations,changes,failures,reallocated_prop,time_compute,time_apply,time_enum,time_search,time_pp
1,1.0,22,36,0,0.25882352941176473,0.05333566665649414,0.5705552101135254,0.015619039535522461,0.02823615074157715,0.009477615356445312
