num_events,utilization,reallocations,changes,failures,reallocated_prop,time_compute,time_apply
1,0.9059782608695652,35,62,0,0.30434782608695654,0.015408992767333984,0.5757780075073242
