num_events,utilization,reallocations,changes,failures,reallocated_prop,time_compute,time_apply,time_enum,time_search,time_pp
1,0.1923913043478261,1,0,0,0.0,0.010669708251953125,0.13456058502197266,9.489059448242188e-05,0.0012693405151367188,0.009303808212280273
