num_events,utilization,reallocations,changes,failures,reallocated_prop,time_compute,time_apply,time_enum,time_search,time_pp
1,0.9152173913043479,4,5,0,0.6666666666666666,0.036148786544799805,0.5856285095214844,0.012914657592773438,0.013824462890625,0.009406089782714844
