num_events,utilization,reallocations,changes,failures,reallocated_prop,time_compute,time_apply,time_enum,time_search,time_pp
1,1.0,21,63,0,0.04883720930232558,0.14541196823120117,0.5585610866546631,0.013943195343017578,0.12194466590881348,0.009522199630737305
