num_events,utilization,reallocations,changes,failures,reallocated_prop,time_compute,time_apply,time_enum,time_search,time_pp
1,0.7570652173913044,3,2,0,0.10526315789473684,0.009782791137695312,0.47066378593444824,9.942054748535156e-05,0.0004048347473144531,0.009276628494262695
