num_events,utilization,reallocations,changes,failures,reallocated_prop,time_compute,time_apply,time_enum,time_search,time_pp
1,0.15217391304347827,1,0,0,0.0,0.009923219680786133,0.10353541374206543,3.5762786865234375e-05,7.2479248046875e-05,0.009813308715820312
