num_events,utilization,reallocations,changes,failures,reallocated_prop,time_compute,time_apply
1,0.8290760869565217,16,16,0,0.45454545454545453,0.009850502014160156,0.5187983512878418
