num_events,utilization,reallocations,changes,failures,reallocated_prop,time_compute,time_apply
1,0.7195991847826086,19,18,0,0.5806451612903226,0.07534074783325195,3.9724135398864746
