num_events,utilization,reallocations,changes,failures,reallocated_prop,time_compute,time_apply,time_enum,time_search,time_pp
1,0.22826086956521738,1,0,0,0.0,0.19203639030456543,0.22957062721252441,0.02169013023376465,0.16077423095703125,0.009569168090820312
