num_events,utilization,reallocations,changes,failures,reallocated_prop,time_compute,time_apply,time_enum,time_search,time_pp
1,0.006521739130434782,1,0,0,0.0,0.03712010383605957,0.13686156272888184,0.018344640731811523,0.009243011474609375,0.009530067443847656
