num_events,utilization,reallocations,changes,failures,reallocated_prop,time_compute,time_apply,time_enum,time_search,time_pp
1,0.65,37,67,0,0.3854166666666667,0.012382268905639648,0.3167405128479004,0.0005009174346923828,0.002185821533203125,0.009693145751953125
