num_events,utilization,reallocations,changes,failures,reallocated_prop,time_compute,time_apply,time_enum,time_search,time_pp
1,1.0,15,16,0,0.5,0.10205817222595215,0.6059060096740723,0.018781661987304688,0.07394981384277344,0.009323596954345703
