num_events,utilization,reallocations,changes,failures,reallocated_prop,time_compute,time_apply,time_enum,time_search,time_pp
1,0.65,84,163,0,0.3181818181818182,0.01730656623840332,0.38532090187072754,0.0006234645843505859,0.0051686763763427734,0.01151275634765625
