num_events,utilization,reallocations,changes,failures,reallocated_prop,time_compute,time_apply,time_enum,time_search,time_pp
1,0.47608695652173916,1,0,0,0.0,0.34703564643859863,0.32823657989501953,0.01778125762939453,0.31937670707702637,0.009876012802124023
