num_events,utilization,reallocations,changes,failures,reallocated_prop,time_compute,time_apply,time_enum,time_search,time_pp
1,0.02717391304347826,1,0,0,0.0,0.010317802429199219,0.0843353271484375,0.00011563301086425781,0.000232696533203125,0.009967803955078125
