num_events,utilization,reallocations,changes,failures,reallocated_prop,time_compute,time_apply
1,0.7854619565217391,9,20,0,0.34615384615384615,0.02097773551940918,1.0134837627410889
