num_events,utilization,reallocations,changes,failures,reallocated_prop,time_compute,time_apply
1,0.7106317934782609,7,6,0,0.5454545454545454,0.07431936264038086,3.9303104877471924
