num_events,utilization,reallocations,changes,failures,reallocated_prop,time_compute,time_apply,time_enum,time_search,time_pp
1,0.22826086956521738,1,0,0,0.0,0.01104593276977539,0.14841103553771973,8.0108642578125e-05,0.0014090538024902344,0.009554624557495117
