num_events,utilization,reallocations,changes,failures,reallocated_prop,time_compute,time_apply,time_enum,time_search,time_pp
1,0.003260869565217391,1,0,0,0.0,0.011099815368652344,0.09092044830322266,0.0005869865417480469,0.00024819374084472656,0.010262489318847656
