num_events,utilization,reallocations,changes,failures,reallocated_prop,time_compute,time_apply,time_enum,time_search,time_pp
1,0.00842391304347826,1,0,0,0.0,0.07720589637756348,0.6129350662231445,9.703636169433594e-05,0.00047898292541503906,0.07662820816040039
