num_events,utilization,reallocations,changes,failures,reallocated_prop,time_compute,time_apply
1,0.8807065217391304,9,8,0,0.23529411764705882,0.009773492813110352,0.5464828014373779
