num_events,utilization,reallocations,changes,failures,reallocated_prop,time_compute,time_apply,time_enum,time_search,time_pp
1,0.65,14,26,0,0.42424242424242425,0.0754098892211914,2.4002127647399902,0.0005278587341308594,0.0009675025939941406,0.07391142845153809
