num_events,utilization,reallocations,changes,failures,reallocated_prop,time_compute,time_apply
1,0.772554347826087,9,8,0,0.4444444444444444,0.019244909286499023,1.0360112190246582
