num_events,utilization,reallocations,changes,failures,reallocated_prop,time_compute,time_apply,time_enum,time_search,time_pp
1,0.029347826086956522,1,0,0,0.0,0.010089397430419922,0.08609843254089355,0.00010704994201660156,0.0002467632293701172,0.009733915328979492
