num_events,utilization,reallocations,changes,failures,reallocated_prop,time_compute,time_apply,time_enum,time_search,time_pp
1,0.25,1,0,0,0.0,0.011218070983886719,0.1522066593170166,9.369850158691406e-05,0.001650094985961914,0.009472370147705078
