num_events,utilization,reallocations,changes,failures,reallocated_prop,time_compute,time_apply
1,0.9682065217391305,5,5,0,0.4166666666666667,0.07465815544128418,0.588747501373291
