num_events,utilization,reallocations,changes,failures,reallocated_prop,time_compute,time_apply
1,0.9016304347826087,41,51,0,0.3178294573643411,0.01599431037902832,0.578190803527832
