num_events,utilization,reallocations,changes,failures,reallocated_prop,time_compute,time_apply,time_enum,time_search,time_pp
1,1.0,10,12,0,0.38461538461538464,0.05530261993408203,0.5968203544616699,0.014547109603881836,0.03151249885559082,0.009240150451660156
