num_events,utilization,reallocations,changes,failures,reallocated_prop,time_compute,time_apply,time_enum,time_search,time_pp
1,0.0004076086956521739,1,0,0,0.0,0.07263517379760742,0.5725643634796143,0.00010561943054199219,6.508827209472656e-05,0.07246232032775879
