num_events,utilization,reallocations,changes,failures,reallocated_prop,time_compute,time_apply
1,0.9059782608695652,52,125,0,0.41935483870967744,0.016292572021484375,0.5699467658996582
