num_events,utilization,reallocations,changes,failures,reallocated_prop,time_compute,time_apply,time_enum,time_search,time_pp
1,0.65,96,181,0,0.22429906542056074,0.01837921142578125,0.33329105377197266,0.0005099773406982422,0.00831151008605957,0.009556055068969727
