num_events,utilization,reallocations,changes,failures,reallocated_prop,time_compute,time_apply,time_enum,time_search,time_pp
1,0.13043478260869565,1,0,0,0.0,0.12010478973388672,0.17996573448181152,0.01819467544555664,0.09256219863891602,0.00934600830078125
