num_events,utilization,reallocations,changes,failures,reallocated_prop,time_compute,time_apply,time_enum,time_search,time_pp
1,0.002173913043478261,1,0,0,0.0,0.07388782501220703,0.5826663970947266,9.894371032714844e-05,0.00016236305236816406,0.0736241340637207
