num_events,utilization,reallocations,changes,failures,reallocated_prop,time_compute,time_apply
1,0.7092730978260869,11,11,0,0.7692307692307693,0.0733942985534668,3.9211912155151367
