num_events,utilization,reallocations,changes,failures,reallocated_prop,time_compute,time_apply,time_enum,time_search,time_pp
1,1.0,21,44,0,0.21,0.052254438400268555,0.5540218353271484,0.01301264762878418,0.030127286911010742,0.009112834930419922
