num_events,utilization,reallocations,changes,failures,reallocated_prop,time_compute,time_apply,time_enum,time_search,time_pp
1,1.0,13,30,0,0.19117647058823528,0.05330371856689453,0.6818976402282715,0.015061378479003906,0.026946306228637695,0.01129460334777832
