num_events,utilization,reallocations,changes,failures,reallocated_prop,time_compute,time_apply,time_enum,time_search,time_pp
1,0.14673913043478262,1,0,0,0.0,0.0387578010559082,0.37962841987609863,3.4809112548828125e-05,0.00023221969604492188,0.03848862648010254
