num_events,utilization,reallocations,changes,failures,reallocated_prop,time_compute,time_apply,time_enum,time_search,time_pp
1,0.002717391304347826,1,0,0,0.0,0.07549023628234863,0.4271664619445801,3.647804260253906e-05,2.7894973754882812e-05,0.0754232406616211
