num_events,utilization,reallocations,changes,failures,reallocated_prop,time_compute,time_apply,time_enum,time_search,time_pp
1,0.6953804347826087,6,5,0,0.5,0.009547233581542969,0.49652957916259766,3.457069396972656e-05,6.985664367675781e-05,0.00944066047668457
