num_events,utilization,reallocations,changes,failures,reallocated_prop,time_compute,time_apply,time_enum,time_search,time_pp
1,0.034239130434782605,1,0,0,0.0,0.01882028579711914,0.161973237991333,9.989738464355469e-05,0.0004870891571044922,0.01823139190673828
