num_events,utilization,reallocations,changes,failures,reallocated_prop,time_compute,time_apply,time_enum,time_search,time_pp
1,0.058695652173913045,1,0,0,0.0,0.009722709655761719,0.09132885932922363,8.20159912109375e-05,0.0003788471221923828,0.009260416030883789
