num_events,utilization,reallocations,changes,failures,reallocated_prop,time_compute,time_apply,time_enum,time_search,time_pp
1,1.0,14,39,0,0.15384615384615385,0.055121421813964844,0.5882327556610107,0.014837980270385742,0.029886722564697266,0.010395050048828125
