num_events,utilization,reallocations,changes,failures,reallocated_prop,time_compute,time_apply,time_enum,time_search,time_pp
1,0.002173913043478261,1,0,0,0.0,0.019400358200073242,0.14102935791015625,9.703636169433594e-05,6.818771362304688e-05,0.01923370361328125
