num_events,utilization,reallocations,changes,failures,reallocated_prop,time_compute,time_apply
1,0.7714673913043478,13,14,0,0.7058823529411765,0.01776289939880371,1.0093965530395508
