num_events,utilization,reallocations,changes,failures,reallocated_prop,time_compute,time_apply
1,0.47744565217391305,3,3,0,0.6666666666666666,0.2563931941986084,0.47677111625671387
