num_events,utilization,reallocations,changes,failures,reallocated_prop,time_compute,time_apply,time_enum,time_search,time_pp
1,1.0,25,72,0,0.1524390243902439,0.07307124137878418,0.5579378604888916,0.014885902404785156,0.04897642135620117,0.009207010269165039
