num_events,utilization,reallocations,changes,failures,reallocated_prop,time_compute,time_apply,time_enum,time_search,time_pp
1,1.0,28,63,0,0.10980392156862745,0.10403013229370117,0.5741219520568848,0.015400171279907227,0.07890105247497559,0.009726762771606445
