num_events,utilization,reallocations,changes,failures,reallocated_prop,time_compute,time_apply,time_enum,time_search,time_pp
1,1.0,28,62,0,0.07629427792915532,0.12978053092956543,0.5900347232818604,0.014719486236572266,0.10519552230834961,0.009862661361694336
