num_events,utilization,reallocations,changes,failures,reallocated_prop,time_compute,time_apply,time_enum,time_search,time_pp
1,0.65,34,49,0,0.1504424778761062,0.014663219451904297,0.3057396411895752,0.0005004405975341797,0.004675626754760742,0.009485006332397461
