num_events,utilization,reallocations,changes,failures,reallocated_prop,time_compute,time_apply,time_enum,time_search,time_pp
1,1.0,17,35,0,0.2125,0.04964017868041992,0.5654251575469971,0.014729976654052734,0.025561809539794922,0.009346485137939453
