num_events,utilization,reallocations,changes,failures,reallocated_prop,time_compute,time_apply,time_enum,time_search,time_pp
1,1.0,4,6,0,0.2857142857142857,0.04590892791748047,0.597785234451294,0.014594554901123047,0.02226734161376953,0.009044885635375977
