num_events,utilization,reallocations,changes,failures,reallocated_prop,time_compute,time_apply
1,0.7592391304347826,4,6,0,0.36363636363636365,0.011372804641723633,0.5121688842773438
