num_events,utilization,reallocations,changes,failures,reallocated_prop,time_compute,time_apply
1,0.7350543478260869,12,13,0,0.7857142857142857,0.017558574676513672,0.9367938041687012
