num_events,utilization,reallocations,changes,failures,reallocated_prop,time_compute,time_apply,time_enum,time_search,time_pp
1,0.07173913043478261,1,0,0,0.0,0.07483696937561035,0.15724945068359375,0.017965316772460938,0.04764866828918457,0.009221076965332031
