num_events,utilization,reallocations,changes,failures,reallocated_prop,time_compute,time_apply
1,0.871195652173913,17,17,0,0.4444444444444444,0.009717226028442383,0.5373342037200928
