num_events,utilization,reallocations,changes,failures,reallocated_prop,time_compute,time_apply,time_enum,time_search,time_pp
1,0.005434782608695652,1,0,0,0.0,0.03550314903259277,0.1298236846923828,0.01813340187072754,0.00829935073852539,0.009068727493286133
