num_events,utilization,reallocations,changes,failures,reallocated_prop,time_compute,time_apply
1,0.8480978260869565,6,7,0,0.5555555555555556,0.41493654251098633,0.5560569763183594
