num_events,utilization,reallocations,changes,failures,reallocated_prop,time_compute,time_apply,time_enum,time_search,time_pp
1,0.02282608695652174,1,0,0,0.0,0.009644031524658203,0.07920265197753906,9.34600830078125e-05,0.0001704692840576172,0.00937795639038086
