num_events,utilization,reallocations,changes,failures,reallocated_prop,time_compute,time_apply,time_enum,time_search,time_pp
1,1.0,21,46,0,0.3684210526315789,0.08341121673583984,0.625903844833374,0.014635801315307617,0.05927324295043945,0.009498119354248047
