num_events,utilization,reallocations,changes,failures,reallocated_prop,time_compute,time_apply,time_enum,time_search,time_pp
1,1.0,12,33,0,0.15789473684210525,0.04945254325866699,0.5670623779296875,0.014781951904296875,0.025127172470092773,0.009541988372802734
