num_events,utilization,reallocations,changes,failures,reallocated_prop,time_compute,time_apply,time_enum
1,0.20652173913043478,1,0,0,0.0,0.049544572830200195,0.2103738784790039,0.018312454223632812
