num_events,utilization,reallocations,changes,failures,reallocated_prop,time_compute,time_apply,time_enum,time_search,time_pp
1,1.0,14,29,0,0.208955223880597,0.04633688926696777,0.5681591033935547,0.014811992645263672,0.022200584411621094,0.009322404861450195
