num_events,utilization,reallocations,changes,failures,reallocated_prop,time_compute,time_apply
1,0.835054347826087,12,17,0,0.4444444444444444,0.011960983276367188,0.5292999744415283
