num_events,utilization,reallocations,changes,failures,reallocated_prop,time_compute,time_apply,time_enum,time_search,time_pp
1,0.65,83,134,0,0.20194647201946472,0.018865346908569336,0.3308897018432617,0.0005040168762207031,0.0084228515625,0.009936094284057617
