num_events,utilization,reallocations,changes,failures,reallocated_prop,time_compute,time_apply,time_enum,time_search,time_pp
1,0.7375,17,16,0,0.41025641025641024,0.018627166748046875,0.9477205276489258,9.989738464355469e-05,0.0005497932434082031,0.017975807189941406
