num_events,utilization,reallocations,changes,failures,reallocated_prop,time_compute,time_apply,time_enum,time_search,time_pp
1,0.3347826086956522,1,0,0,0.0,0.011298179626464844,0.17327165603637695,9.775161743164062e-05,0.001940011978149414,0.009258508682250977
