num_events,utilization,reallocations,changes,failures,reallocated_prop,time_compute,time_apply,time_enum,time_search,time_pp
1,0.6057404891304348,4,3,0,0.5,0.0784006118774414,3.490043878555298,4.124641418457031e-05,8.392333984375e-05,0.07827281951904297
