num_events,utilization,reallocations,changes,failures,reallocated_prop,time_compute,time_apply,time_enum,time_search,time_pp
1,0.03369565217391304,1,0,0,0.0,0.05409097671508789,0.14288592338562012,0.01838231086730957,0.026558637619018555,0.009148120880126953
