num_events,utilization,reallocations,changes,failures,reallocated_prop,time_compute,time_apply
1,0.8929347826086956,25,56,0,0.33783783783783783,0.014055252075195312,0.5737383365631104
