num_events,utilization,reallocations,changes,failures,reallocated_prop,time_compute,time_apply,time_enum,time_search,time_pp
1,1.0,28,67,0,0.23931623931623933,0.10711026191711426,0.6354269981384277,0.014534473419189453,0.08296012878417969,0.009613037109375
