num_events,utilization,reallocations,changes,failures,reallocated_prop,time_compute,time_apply,time_enum,time_search,time_pp
1,0.2826086956521739,1,0,0,0.0,0.011391401290893555,0.1640949249267578,9.202957153320312e-05,0.0018241405487060547,0.009474039077758789
