num_events,utilization,reallocations,changes,failures,reallocated_prop,time_compute,time_apply,time_enum,time_search,time_pp
1,0.10217391304347827,1,0,0,0.0,0.10102200508117676,0.1753828525543213,0.018291711807250977,0.07323551177978516,0.009492635726928711
