num_events,utilization,reallocations,changes,failures,reallocated_prop,time_compute,time_apply,time_enum,time_search,time_pp
1,1.0,2,3,0,0.18181818181818182,0.03225374221801758,0.593951940536499,0.015494346618652344,0.006956338882446289,0.00980067253112793
