num_events,utilization,reallocations,changes,failures,reallocated_prop,time_compute,time_apply,time_enum,time_search,time_pp
1,0.42282608695652174,1,0,0,0.0,0.3171854019165039,0.3171563148498535,0.018178224563598633,0.28905415534973145,0.009950876235961914
