num_events,utilization,reallocations,changes,failures,reallocated_prop,time_compute,time_apply,time_enum,time_search,time_pp
1,0.4217391304347826,1,0,0,0.0,0.3225531578063965,0.319594144821167,0.021645545959472656,0.2904856204986572,0.01042032241821289
