num_events,utilization,reallocations,changes,failures,reallocated_prop,time_compute,time_apply,time_enum,time_search,time_pp
1,1.0,11,12,0,0.6875,0.038825273513793945,0.5866184234619141,0.012642621994018555,0.01685953140258789,0.009320259094238281
