num_events,utilization,reallocations,changes,failures,reallocated_prop,time_compute,time_apply,time_enum,time_search,time_pp
1,0.65,59,142,0,0.3241758241758242,0.014187335968017578,0.3169994354248047,0.0005109310150146484,0.003995418548583984,0.009679317474365234
