num_events,utilization,reallocations,changes,failures,reallocated_prop,time_compute,time_apply
1,0.9059782608695652,80,149,0,0.54421768707483,0.016150951385498047,0.5559711456298828
