num_events,utilization,reallocations,changes,failures,reallocated_prop,time_compute,time_apply
1,0.8967391304347826,26,27,0,0.45454545454545453,0.009192943572998047,0.5317649841308594
