num_events,utilization,reallocations,changes,failures,reallocated_prop,time_compute,time_apply,time_enum,time_search,time_pp
1,0.65,29,50,0,0.20422535211267606,0.013182878494262695,0.31382012367248535,0.0004994869232177734,0.003205537796020508,0.009476184844970703
