num_events,utilization,reallocations,changes,failures,reallocated_prop,time_compute,time_apply,time_enum,time_search,time_pp
1,1.0,6,6,0,0.6666666666666666,0.05859017372131348,0.590557336807251,0.01836395263671875,0.031026601791381836,0.00919651985168457
