num_events,utilization,reallocations,changes,failures,reallocated_prop,time_compute,time_apply
1,0.9016304347826087,43,53,0,0.4215686274509804,0.015357255935668945,0.5601022243499756
