num_events,utilization,reallocations,changes,failures,reallocated_prop,time_compute,time_apply,time_enum,time_search,time_pp
1,0.23097826086956522,1,0,0,0.0,0.009974002838134766,0.21034502983093262,3.600120544433594e-05,5.173683166503906e-05,0.00988459587097168
