num_events,utilization,reallocations,changes,failures,reallocated_prop,time_compute,time_apply,time_enum,time_search,time_pp
1,1.0,30,51,0,0.2542372881355932,0.06044459342956543,0.579587459564209,0.014694690704345703,0.036292314529418945,0.009455204010009766
