num_events,utilization,reallocations,changes,failures,reallocated_prop,time_compute,time_apply
1,0.8144021739130435,5,4,0,0.3076923076923077,0.009431600570678711,0.5047109127044678
