num_events,utilization,reallocations,changes,failures,reallocated_prop,time_compute,time_apply,time_enum,time_search,time_pp
1,0.30434782608695654,1,0,0,0.0,0.011789321899414062,0.17189264297485352,0.00011992454528808594,0.00203704833984375,0.009630441665649414
