num_events,utilization,reallocations,changes,failures,reallocated_prop,time_compute,time_apply,time_enum,time_search,time_pp
1,0.1923913043478261,1,0,0,0.0,0.16484975814819336,0.2151660919189453,0.01831841468811035,0.13694500923156738,0.00958395004272461
