num_events,utilization,reallocations,changes,failures,reallocated_prop,time_compute,time_apply,time_enum,time_search,time_pp
1,1.0,10,15,0,0.2631578947368421,0.03827500343322754,0.5765550136566162,0.014867067337036133,0.013996601104736328,0.009409904479980469
