num_events,utilization,reallocations,changes,failures,reallocated_prop,time_compute,time_apply,time_enum,time_search,time_pp
1,0.7633152173913044,37,73,0,0.2483221476510067,0.014074087142944336,0.48108386993408203,0.0005087852478027344,0.004195451736450195,0.009367942810058594
