num_events,utilization,reallocations,changes,failures,reallocated_prop,time_compute,time_apply,time_enum,time_search,time_pp
1,0.7195652173913043,5,4,0,0.18181818181818182,0.009179115295410156,0.44469141960144043,8.320808410644531e-05,0.00029659271240234375,0.008797645568847656
