num_events,utilization,reallocations,changes,failures,reallocated_prop,time_compute,time_apply,time_enum,time_search,time_pp
1,0.34456521739130436,1,0,0,0.0,0.012003183364868164,0.18514800071716309,9.393692016601562e-05,0.0022089481353759766,0.009698629379272461
