num_events,utilization,reallocations,changes,failures,reallocated_prop,time_compute,time_apply
1,0.7504076086956522,9,16,0,0.391304347826087,0.04094505310058594,2.016134262084961
