num_events,utilization,reallocations,changes,failures,reallocated_prop,time_compute,time_apply,time_enum,time_search,time_pp
1,1.0,11,21,0,0.39285714285714285,0.06069302558898926,0.5904724597930908,0.012705087661743164,0.03874325752258301,0.009241580963134766
