num_events,utilization,reallocations,changes,failures,reallocated_prop,time_compute,time_apply,time_enum,time_search,time_pp
1,1.0,68,153,0,0.1471861471861472,0.1556239128112793,0.5901610851287842,0.014666318893432617,0.13078641891479492,0.010168075561523438
