num_events,utilization,reallocations,changes,failures,reallocated_prop,time_compute,time_apply,time_enum,time_search,time_pp
1,0.65,75,165,0,0.17006802721088435,0.019580364227294922,0.3431363105773926,0.0005042552947998047,0.009036540985107422,0.01003718376159668
