num_events,utilization,reallocations,changes,failures,reallocated_prop,time_compute,time_apply,time_enum,time_search,time_pp
1,0.01141304347826087,1,0,0,0.0,0.019568443298339844,0.1493520736694336,0.00010085105895996094,0.0001900196075439453,0.019275188446044922
