num_events,utilization,reallocations,changes,failures,reallocated_prop,time_compute,time_apply,time_enum,time_search,time_pp
1,1.0,31,70,0,0.2672413793103448,0.10174036026000977,0.6420214176177979,0.014615774154663086,0.07756304740905762,0.009559154510498047
