num_events,utilization,reallocations,changes,failures,reallocated_prop,time_compute,time_apply,time_enum,time_search,time_pp
1,0.47282608695652173,1,0,0,0.0,0.3376030921936035,0.3255746364593506,0.017736196517944336,0.31026649475097656,0.009598731994628906
