num_events,utilization,reallocations,changes,failures,reallocated_prop,time_compute,time_apply,time_enum,time_search,time_pp
1,0.11956521739130435,1,0,0,0.0,0.037278175354003906,0.3612186908721924,3.457069396972656e-05,0.00019049644470214844,0.03705143928527832
