num_events,utilization,reallocations,changes,failures,reallocated_prop,time_compute,time_apply,time_enum,time_search,time_pp
1,0.65,40,75,0,0.42105263157894735,0.07506704330444336,2.3991668224334717,0.0004961490631103516,0.002266407012939453,0.07230234146118164
