num_events,utilization,reallocations,changes,failures,reallocated_prop,time_compute,time_apply,time_enum,time_search,time_pp
1,0.09239130434782608,1,0,0,0.0,0.017650365829467773,0.15096187591552734,3.4809112548828125e-05,8.273124694824219e-05,0.017531156539916992
