num_events,utilization,reallocations,changes,failures,reallocated_prop,time_compute,time_apply,time_enum,time_search,time_pp
1,0.2608695652173913,1,0,0,0.0,0.011392354965209961,0.15570950508117676,9.5367431640625e-05,0.0018048286437988281,0.009490251541137695
