num_events,utilization,reallocations,changes,failures,reallocated_prop,time_compute,time_apply,time_enum,time_search,time_pp
1,0.020652173913043477,1,0,0,0.0,0.0182645320892334,0.15161609649658203,9.703636169433594e-05,0.0003116130828857422,0.01785445213317871
