num_events,utilization,reallocations,changes,failures,reallocated_prop,time_compute,time_apply,time_enum,time_search,time_pp
1,0.65,26,63,0,0.3333333333333333,0.07298946380615234,2.340989828109741,0.0004932880401611328,0.0018832683563232422,0.07061076164245605
