num_events,utilization,reallocations,changes,failures,reallocated_prop,time_compute,time_apply,time_enum,time_search,time_pp
1,0.14130434782608695,1,0,0,0.0,0.010392427444458008,0.11739921569824219,9.441375732421875e-05,0.0009884834289550781,0.009308099746704102
