num_events,utilization,reallocations,changes,failures,reallocated_prop,time_compute,time_apply,time_enum,time_search,time_pp
1,0.2576086956521739,1,0,0,0.0,0.011360883712768555,0.15480995178222656,9.417533874511719e-05,0.0018088817596435547,0.009456157684326172
