num_events,utilization,reallocations,changes,failures,reallocated_prop,time_compute,time_apply,time_enum,time_search,time_pp
1,0.4880434782608696,1,0,0,0.0,0.36283421516418457,0.34554433822631836,0.021677017211914062,0.3311347961425781,0.010019779205322266
