num_events,utilization,reallocations,changes,failures,reallocated_prop,time_compute,time_apply
1,0.8203804347826087,13,13,0,0.5714285714285714,0.009409666061401367,0.5077247619628906
