num_events,utilization,reallocations,changes,failures,reallocated_prop,time_compute,time_apply,time_enum,time_search,time_pp
1,0.65,44,71,0,0.11282051282051282,0.01849961280822754,0.31891822814941406,0.000499725341796875,0.008136272430419922,0.00986170768737793
