num_events,utilization,reallocations,changes,failures,reallocated_prop,time_compute,time_apply,time_enum,time_search,time_pp
1,0.012635869565217391,1,0,0,0.0,0.07493233680725098,0.615201473236084,9.846687316894531e-05,0.0007634162902832031,0.07406902313232422
