num_events,utilization,reallocations,changes,failures,reallocated_prop,time_compute,time_apply,time_enum,time_search,time_pp
1,1.0,18,22,0,0.42857142857142855,0.08715677261352539,0.6262848377227783,0.012646913528442383,0.0652163028717041,0.009290695190429688
