num_events,utilization,reallocations,changes,failures,reallocated_prop,time_compute,time_apply,time_enum,time_search,time_pp
1,1.0,8,13,0,0.25,0.03839898109436035,0.5753238201141357,0.015418529510498047,0.013188362121582031,0.009790658950805664
