num_events,utilization,reallocations,changes,failures,reallocated_prop,time_compute,time_apply,time_enum,time_search,time_pp
1,0.15,0,0,0,0.0,0.01449441909790039,0.11570119857788086,0.0007810592651367188,0.0002696514129638672,0.013441324234008789
