num_events,utilization,reallocations,changes,failures,reallocated_prop,time_compute,time_apply,time_enum,time_search,time_pp
1,0.0005434782608695652,1,0,0,0.0,0.03779149055480957,0.29485630989074707,9.989738464355469e-05,5.4836273193359375e-05,0.03763437271118164
