num_events,utilization,reallocations,changes,failures,reallocated_prop,time_compute,time_apply,time_enum,time_search,time_pp
1,0.7633152173913044,24,56,0,0.42105263157894735,0.011562585830688477,0.45574045181274414,0.0004992485046386719,0.0020902156829833984,0.008971214294433594
