num_events,utilization,reallocations,changes,failures,reallocated_prop,time_compute,time_apply,time_enum,time_search,time_pp
1,0.7633152173913044,15,35,0,0.4411764705882353,0.011436700820922852,0.4824564456939697,0.0005376338958740234,0.001638174057006836,0.00925898551940918
