num_events,utilization,reallocations,changes,failures,reallocated_prop,time_compute,time_apply,time_enum,time_search,time_pp
1,0.65,46,84,0,0.11704834605597965,0.01762557029724121,0.31772899627685547,0.0005080699920654297,0.007678031921386719,0.009437799453735352
