num_events,utilization,reallocations,changes,failures,reallocated_prop,time_compute,time_apply,time_enum,time_search,time_pp
1,1.0,45,60,0,0.21844660194174756,0.09033060073852539,0.5710525512695312,0.01555943489074707,0.06474590301513672,0.010022640228271484
