num_events,utilization,reallocations,changes,failures,reallocated_prop,time_compute,time_apply,time_enum,time_search,time_pp
1,0.016304347826086956,1,0,0,0.0,0.018689393997192383,0.15140080451965332,9.942054748535156e-05,0.0002567768096923828,0.018331289291381836
