num_events,utilization,reallocations,changes,failures,reallocated_prop,time_compute,time_apply,time_enum,time_search,time_pp
1,0.65,37,88,0,0.15416666666666667,0.018464088439941406,0.3891265392303467,0.0006818771362304688,0.005276203155517578,0.012504100799560547
