num_events,utilization,reallocations,changes,failures,reallocated_prop,time_compute,time_apply,time_enum,time_search,time_pp
1,0.29782608695652174,1,0,0,0.0,0.23036694526672363,0.24703073501586914,0.01914358139038086,0.20192217826843262,0.009299278259277344
