num_events,utilization,reallocations,changes,failures,reallocated_prop,time_compute,time_apply
1,0.9059782608695652,42,69,0,0.358974358974359,0.01630878448486328,0.562929630279541
