num_events,utilization,reallocations,changes,failures,reallocated_prop,time_compute,time_apply,time_enum,time_search,time_pp
1,0.7633152173913044,15,35,0,0.46875,0.011227130889892578,0.47283387184143066,0.0004925727844238281,0.0016067028045654297,0.009126424789428711
