num_events,utilization,reallocations,changes,failures,reallocated_prop,time_compute,time_apply,time_enum,time_search,time_pp
1,1.0,37,69,0,0.17289719626168223,0.08843493461608887,0.5772287845611572,0.01482391357421875,0.06390237808227539,0.009706497192382812
