num_events,utilization,reallocations,changes,failures,reallocated_prop,time_compute,time_apply,time_enum,time_search,time_pp
1,1.0,42,93,0,0.16091954022988506,0.10122108459472656,0.581071138381958,0.014716386795043945,0.07683610916137695,0.00966644287109375
