num_events,utilization,reallocations,changes,failures,reallocated_prop,time_compute,time_apply,time_enum,time_search,time_pp
1,0.022282608695652174,1,0,0,0.0,0.036718130111694336,0.3218543529510498,0.00010371208190917969,0.0006487369537353516,0.03596353530883789
