num_events,utilization,reallocations,changes,failures,reallocated_prop,time_compute,time_apply,time_enum,time_search,time_pp
1,0.7266304347826087,9,9,0,0.36363636363636365,0.009381532669067383,0.46082186698913574,3.62396240234375e-05,0.00010466575622558594,0.009238481521606445
