num_events,utilization,reallocations,changes,failures,reallocated_prop,time_compute,time_apply,time_enum,time_search,time_pp
1,1.0,23,40,0,0.25,0.05388045310974121,0.5816705226898193,0.014763593673706055,0.02962803840637207,0.00948786735534668
