num_events,utilization,reallocations,changes,failures,reallocated_prop,time_compute,time_apply,time_enum,time_search,time_pp
1,0.13804347826086957,1,0,0,0.0,0.010532617568969727,0.11666512489318848,9.441375732421875e-05,0.0009343624114990234,0.009502172470092773
