num_events,utilization,reallocations,changes,failures,reallocated_prop,time_compute,time_apply,time_enum,time_search,time_pp
1,1.0,31,60,0,0.22627737226277372,0.12325239181518555,0.6473097801208496,0.014582633972167969,0.09913468360900879,0.009532928466796875
