num_events,utilization,reallocations,changes,failures,reallocated_prop,time_compute,time_apply,time_enum,time_search,time_pp
1,0.0375,1,0,0,0.0,0.019072294235229492,0.16548657417297363,9.72747802734375e-05,0.0005674362182617188,0.018405675888061523
