num_events,utilization,reallocations,changes,failures,reallocated_prop,time_compute,time_apply,time_enum,time_search,time_pp
1,1.0,71,129,0,0.15638766519823788,0.15356922149658203,0.6029694080352783,0.014873504638671875,0.1287076473236084,0.009985923767089844
