num_events,utilization,reallocations,changes,failures,reallocated_prop,time_compute,time_apply,time_enum,time_search,time_pp
1,1.0,20,46,0,0.3076923076923077,0.09166955947875977,0.6351900100708008,0.014543771743774414,0.06765508651733398,0.009467601776123047
