num_events,utilization,reallocations,changes,failures,reallocated_prop,time_compute,time_apply,time_enum,time_search,time_pp
1,0.015217391304347827,1,0,0,0.0,0.03658485412597656,0.2997257709503174,9.846687316894531e-05,0.0004372596740722656,0.03604722023010254
