num_events,utilization,reallocations,changes,failures,reallocated_prop,time_compute,time_apply,time_enum,time_search,time_pp
1,0.65,13,24,0,0.40625,0.03750729560852051,1.2103261947631836,0.0005354881286621094,0.0010001659393310547,0.03596925735473633
