num_events,utilization,reallocations,changes,failures,reallocated_prop,time_compute,time_apply
1,0.9059782608695652,23,39,0,0.26744186046511625,0.014055490493774414,0.5485255718231201
