num_events,utilization,reallocations,changes,failures,reallocated_prop,time_compute,time_apply,time_enum,time_search,time_pp
1,0.32608695652173914,1,0,0,0.0,0.011029720306396484,0.17580389976501465,8.20159912109375e-05,0.0018744468688964844,0.009071588516235352
