num_events,utilization,reallocations,changes,failures,reallocated_prop,time_compute,time_apply,time_enum,time_search,time_pp
1,0.7633152173913044,37,73,0,0.5285714285714286,0.011797904968261719,0.4705832004547119,0.0004968643188476562,0.002364635467529297,0.008934974670410156
