num_events,utilization,reallocations,changes,failures,reallocated_prop,time_compute,time_apply
1,0.735258152173913,14,15,0,0.4482758620689655,0.037282466888427734,2.0013983249664307
