num_events,utilization,reallocations,changes,failures,reallocated_prop,time_compute,time_apply,time_enum,time_search,time_pp
1,0.65,14,34,0,0.3333333333333333,0.019902467727661133,0.6045174598693848,0.0004973411560058594,0.0011372566223144531,0.018265724182128906
