num_events,utilization,reallocations,changes,failures,reallocated_prop,time_compute,time_apply,time_enum,time_search,time_pp
1,1.0,17,32,0,0.2328767123287671,0.04506278038024902,0.5512256622314453,0.013190507888793945,0.022809505462646484,0.009060144424438477
