num_events,utilization,reallocations,changes,failures,reallocated_prop,time_compute,time_apply,time_enum,time_search,time_pp
1,0.65,13,24,0,0.40625,0.010861635208129883,0.31081628799438477,0.0005023479461669922,0.0009369850158691406,0.00942087173461914
