num_events,utilization,reallocations,changes,failures,reallocated_prop,time_compute,time_apply,time_enum,time_search,time_pp
1,0.6029551630434783,4,3,0,0.5,0.07455945014953613,3.4160821437835693,3.528594970703125e-05,4.38690185546875e-05,0.0744779109954834
