num_events,utilization,reallocations,changes,failures,reallocated_prop,time_compute,time_apply
1,0.7258152173913044,9,15,0,0.4090909090909091,0.04016828536987305,2.023639678955078
