num_events,utilization,reallocations,changes,failures,reallocated_prop,time_compute,time_apply,time_enum,time_search,time_pp
1,0.1423913043478261,1,0,0,0.0,0.00992131233215332,0.11120223999023438,7.987022399902344e-05,0.0009026527404785156,0.008937358856201172
