num_events,utilization,reallocations,changes,failures,reallocated_prop,time_compute,time_apply,time_enum,time_search,time_pp
1,0.2467391304347826,1,0,0,0.0,0.010579347610473633,0.1434919834136963,8.058547973632812e-05,0.0014958381652832031,0.009000778198242188
