num_events,utilization,reallocations,changes,failures,reallocated_prop,time_compute,time_apply,time_enum,time_search,time_pp
1,0.7073369565217391,6,5,0,0.5555555555555556,0.009125947952270508,0.4339122772216797,3.552436828613281e-05,8.177757263183594e-05,0.009006738662719727
