num_events,utilization,reallocations,changes,failures,reallocated_prop,time_compute,time_apply,time_enum,time_search,time_pp
1,1.0,17,48,0,0.15454545454545454,0.055898427963256836,0.5668725967407227,0.01302480697631836,0.03358578681945801,0.009285926818847656
