num_events,utilization,reallocations,changes,failures,reallocated_prop,time_compute,time_apply,time_enum,time_search,time_pp
1,1.0,101,183,0,0.2469437652811736,0.14124274253845215,0.6091253757476807,0.014767646789550781,0.1163930892944336,0.01007986068725586
