num_events,utilization,reallocations,changes,failures,reallocated_prop,time_compute,time_apply,time_enum,time_search,time_pp
1,0.6432065217391304,3,4,0,0.3333333333333333,0.011741876602172852,0.45273685455322266,0.0005888938903808594,0.0005996227264404297,0.01055145263671875
