num_events,utilization,reallocations,changes,failures,reallocated_prop,time_compute,time_apply,time_enum,time_search,time_pp
1,0.025,1,0,0,0.0,0.010260820388793945,0.08318257331848145,0.00010561943054199219,0.00021886825561523438,0.009934425354003906
