num_events,utilization,reallocations,changes,failures,reallocated_prop,time_compute,time_apply
1,0.8807065217391304,18,18,0,0.5666666666666667,0.009397029876708984,0.5455245971679688
