num_events,utilization,reallocations,changes,failures,reallocated_prop,time_compute,time_apply,time_enum,time_search,time_pp
1,1.0,5,9,0,0.22727272727272727,0.03379964828491211,0.5793986320495605,0.014552831649780273,0.009849786758422852,0.009395599365234375
