num_events,utilization,reallocations,changes,failures,reallocated_prop,time_compute,time_apply,time_enum
1,0.15217391304347827,1,0,0,0.0,0.01055002212524414,0.15082859992980957,0.00014734268188476562
