num_events,utilization,reallocations,changes,failures,reallocated_prop,time_compute,time_apply,time_enum,time_search,time_pp
1,0.7472826086956522,4,3,0,0.25,0.010288715362548828,0.48949527740478516,0.00011849403381347656,0.0003457069396972656,0.009822845458984375
