num_events,utilization,reallocations,changes,failures,reallocated_prop,time_compute,time_apply,time_enum,time_search,time_pp
1,0.65,7,17,0,0.30434782608695654,0.07416343688964844,2.396437883377075,0.0005009174346923828,0.0007727146148681641,0.07288813591003418
