num_events,utilization,reallocations,changes,failures,reallocated_prop,time_compute,time_apply,time_enum,time_search,time_pp
1,0.65,65,123,0,0.3651685393258427,0.014285802841186523,0.3228762149810791,0.0004994869232177734,0.003816843032836914,0.009968042373657227
