num_events,utilization,reallocations,changes,failures,reallocated_prop,time_compute,time_apply,time_enum,time_search,time_pp
1,0.15543478260869564,1,0,0,0.0,0.010689020156860352,0.12317585945129395,9.465217590332031e-05,0.0010876655578613281,0.009505033493041992
