num_events,utilization,reallocations,changes,failures,reallocated_prop,time_compute,time_apply,time_enum,time_search,time_pp
1,0.003532608695652174,1,0,0,0.0,0.037384748458862305,0.29897475242614746,9.942054748535156e-05,0.0001385211944580078,0.03714466094970703
