num_events,utilization,reallocations,changes,failures,reallocated_prop,time_compute,time_apply,time_enum,time_search,time_pp
1,0.7633152173913044,24,41,0,0.3037974683544304,0.012510538101196289,0.46413278579711914,0.0005030632019042969,0.0027053356170654297,0.009299755096435547
