num_events,utilization,reallocations,changes,failures,reallocated_prop,time_compute,time_apply,time_enum,time_search,time_pp
1,0.36195652173913045,1,0,0,0.0,0.2704308032989502,0.28861355781555176,0.01805710792541504,0.24294519424438477,0.009426593780517578
