num_events,utilization,reallocations,changes,failures,reallocated_prop,time_compute,time_apply,time_enum,time_search,time_pp
1,0.7633152173913044,29,39,0,0.2636363636363636,0.013164997100830078,0.46239328384399414,0.0004928112030029297,0.0033104419708251953,0.009359598159790039
