num_events,utilization,reallocations,changes,failures,reallocated_prop,time_compute,time_apply,time_enum,time_search,time_pp
1,0.45652173913043476,1,0,0,0.0,0.05530095100402832,0.2990405559539795,0.01308751106262207,0.03252863883972168,0.009681224822998047
