num_events,utilization,reallocations,changes,failures,reallocated_prop,time_compute,time_apply,time_enum,time_search,time_pp
1,1.0,24,46,0,0.14285714285714285,0.14202141761779785,0.6359338760375977,0.015633106231689453,0.11634373664855957,0.010041952133178711
