num_events,utilization,reallocations,changes,failures,reallocated_prop,time_compute,time_apply,time_enum,time_search,time_pp
1,0.15,0,0,0,0.0,0.07236933708190918,0.6977982521057129,0.0004990100860595703,0.00022411346435546875,0.07164382934570312
