num_events,utilization,reallocations,changes,failures,reallocated_prop,time_compute,time_apply,time_enum,time_search,time_pp
1,0.6622961956521739,3,2,0,0.09090909090909091,0.06797146797180176,3.408228874206543,9.822845458984375e-05,0.0004088878631591797,0.06746220588684082
