num_events,utilization,reallocations,changes,failures,reallocated_prop,time_compute,time_apply,time_enum,time_search,time_pp
1,0.03695652173913044,1,0,0,0.0,0.05979776382446289,0.14383792877197266,0.021839618682861328,0.028791427612304688,0.009164810180664062
