num_events,utilization,reallocations,changes,failures,reallocated_prop,time_compute,time_apply,time_enum,time_search,time_pp
1,0.5293478260869565,1,0,0,0.0,0.39983296394348145,0.3708152770996094,0.02169966697692871,0.36782050132751465,0.010310173034667969
