num_events,utilization,reallocations,changes,failures,reallocated_prop,time_compute,time_apply,time_enum,time_search,time_pp
1,0.6684103260869565,10,19,0,0.37037037037037035,0.07248091697692871,3.4671261310577393,0.0005633831024169922,0.0017766952514648438,0.07013916969299316
