num_events,utilization,reallocations,changes,failures,reallocated_prop,time_compute,time_apply,time_enum,time_search,time_pp
1,0.004347826086956522,1,0,0,0.0,0.03533816337585449,0.1319279670715332,0.01831674575805664,0.007645845413208008,0.009373664855957031
