num_events,utilization,reallocations,changes,failures,reallocated_prop,time_compute,time_apply,time_enum,time_search,time_pp
1,0.5,2,2,0,0.25,0.013043403625488281,0.3122248649597168,0.0008783340454101562,0.0003695487976074219,0.011792898178100586
