num_events,utilization,reallocations,changes,failures,reallocated_prop,time_compute,time_apply,time_enum,time_search,time_pp
1,1.0,90,201,0,0.1875,0.16707420349121094,0.6016201972961426,0.014891624450683594,0.14157629013061523,0.010604143142700195
