num_events,utilization,reallocations,changes,failures,reallocated_prop,time_compute,time_apply
1,0.8225543478260869,12,18,0,0.5217391304347826,0.011482477188110352,0.5079755783081055
