num_events,utilization,reallocations,changes,failures,reallocated_prop,time_compute,time_apply,time_enum,time_search,time_pp
1,0.6841032608695652,5,4,0,0.13333333333333333,0.03641939163208008,1.8062782287597656,9.918212890625e-05,0.0004088878631591797,0.03590965270996094
