num_events,utilization,reallocations,changes,failures,reallocated_prop,time_compute,time_apply,time_enum,time_search,time_pp
1,0.4902173913043478,1,0,0,0.0,0.3651621341705322,0.3492391109466553,0.018094778060913086,0.3368983268737793,0.01016688346862793
