num_events,utilization,reallocations,changes,failures,reallocated_prop,time_compute,time_apply,time_enum,time_search,time_pp
1,0.65,11,21,0,0.4074074074074074,0.019171476364135742,0.5922565460205078,0.0004978179931640625,0.0008261203765869141,0.017845630645751953
