num_events,utilization,reallocations,changes,failures,reallocated_prop,time_compute,time_apply,time_enum,time_search,time_pp
1,0.15,0,0,0,0.0,0.027895689010620117,0.08951044082641602,0.014813661575317383,0.0036296844482421875,0.009450674057006836
