num_events,utilization,reallocations,changes,failures,reallocated_prop,time_compute,time_apply,time_enum,time_search,time_pp
1,1.0,45,81,0,0.18907563025210083,0.1003580093383789,0.5772583484649658,0.015489578247070312,0.07462954521179199,0.010236263275146484
