num_events,utilization,reallocations,changes,failures,reallocated_prop,time_compute,time_apply,time_enum,time_search,time_pp
1,0.10597826086956522,1,0,0,0.0,0.07313656806945801,0.6847207546234131,3.337860107421875e-05,0.0003292560577392578,0.07277250289916992
