num_events,utilization,reallocations,changes,failures,reallocated_prop,time_compute,time_apply,time_enum,time_search,time_pp
1,1.0,27,48,0,0.07397260273972603,0.12924599647521973,0.5742812156677246,0.014600038528442383,0.10492491722106934,0.009718894958496094
