num_events,utilization,reallocations,changes,failures,reallocated_prop,time_compute,time_apply,time_enum,time_search,time_pp
1,0.08152173913043478,1,0,0,0.0,0.010971784591674805,0.10437703132629395,0.00010800361633300781,0.0006151199340820312,0.010246753692626953
