num_events,utilization,reallocations,changes,failures,reallocated_prop,time_compute,time_apply
1,0.8127717391304348,19,19,0,0.6428571428571429,0.009639978408813477,0.5342285633087158
