num_events,utilization,reallocations,changes,failures,reallocated_prop,time_compute,time_apply
1,0.9146739130434782,40,79,0,0.3448275862068966,0.014075279235839844,0.5568428039550781
