num_events,utilization,reallocations,changes,failures,reallocated_prop,time_compute,time_apply,time_enum,time_search,time_pp
1,0.65,12,29,0,0.32432432432432434,0.01947021484375,0.6049783229827881,0.0004909038543701172,0.0010411739349365234,0.017935991287231445
