num_events,utilization,reallocations,changes,failures,reallocated_prop,time_compute,time_apply,time_enum,time_search,time_pp
1,0.7567934782608695,40,89,0,0.45977011494252873,0.013022661209106445,0.48238039016723633,0.0005316734313964844,0.002813100814819336,0.009675741195678711
