num_events,utilization,reallocations,changes,failures,reallocated_prop,time_compute,time_apply,time_enum,time_search,time_pp
1,0.03804347826086957,1,0,0,0.0,0.05739235877990723,0.15278267860412598,0.018229007720947266,0.02961421012878418,0.009546518325805664
