num_events,utilization,reallocations,changes,failures,reallocated_prop,time_compute,time_apply,time_enum,time_search,time_pp
1,0.035326086956521736,1,0,0,0.0,0.07188868522644043,0.5025529861450195,3.4809112548828125e-05,0.00012421607971191406,0.07172703742980957
