num_events,utilization,reallocations,changes,failures,reallocated_prop,time_compute,time_apply,time_enum,time_search,time_pp
1,1.0,21,63,0,0.08203125,0.09981536865234375,0.578998327255249,0.01468038558959961,0.07541608810424805,0.00971674919128418
