num_events,utilization,reallocations,changes,failures,reallocated_prop,time_compute,time_apply,time_enum,time_search,time_pp
1,0.5076086956521739,1,0,0,0.0,0.3698873519897461,0.3542654514312744,0.018157958984375,0.3413267135620117,0.01040029525756836
