num_events,utilization,reallocations,changes,failures,reallocated_prop,time_compute,time_apply,time_enum,time_search,time_pp
1,1.0,52,117,0,0.11607142857142858,0.14656853675842285,0.593421220779419,0.01337742805480957,0.1236574649810791,0.009531497955322266
