num_events,utilization,reallocations,changes,failures,reallocated_prop,time_compute,time_apply
1,0.7179347826086957,9,12,0,0.47368421052631576,0.07151508331298828,3.7765636444091797
