num_events,utilization,reallocations,changes,failures,reallocated_prop,time_compute,time_apply,time_enum
1,0.16304347826086957,1,0,0,0.0,0.010354280471801758,0.15568256378173828,0.00014638900756835938
