num_events,utilization,reallocations,changes,failures,reallocated_prop,time_compute,time_apply,time_enum,time_search,time_pp
1,0.005434782608695652,1,0,0,0.0,0.03582882881164551,0.12964630126953125,0.018286705017089844,0.008394241333007812,0.00914621353149414
