num_events,utilization,reallocations,changes,failures,reallocated_prop,time_compute,time_apply,time_enum,time_search,time_pp
1,1.0,35,84,0,0.3763440860215054,0.09541058540344238,0.6509029865264893,0.01468205451965332,0.07111978530883789,0.009605884552001953
