num_events,utilization,reallocations,changes,failures,reallocated_prop,time_compute,time_apply,time_enum,time_search,time_pp
1,0.3130434782608696,1,0,0,0.0,0.011709213256835938,0.17275428771972656,9.298324584960938e-05,0.0019919872283935547,0.009622573852539062
