num_events,utilization,reallocations,changes,failures,reallocated_prop,time_compute,time_apply,time_enum,time_search,time_pp
1,0.04891304347826087,1,0,0,0.0,0.03668045997619629,0.26848936080932617,3.2901763916015625e-05,8.320808410644531e-05,0.036562204360961914
