num_events,utilization,reallocations,changes,failures,reallocated_prop,time_compute,time_apply,time_enum,time_search,time_pp
1,0.0967391304347826,1,0,0,0.0,0.010390281677246094,0.10485506057739258,9.870529174804688e-05,0.0007240772247314453,0.009565591812133789
