num_events,utilization,reallocations,changes,failures,reallocated_prop,time_compute,time_apply
1,0.8622282608695652,8,7,0,0.30434782608695654,0.010336160659790039,0.5443594455718994
