num_events,utilization,reallocations,changes,failures,reallocated_prop,time_compute,time_apply,time_enum,time_search,time_pp
1,0.7633152173913044,27,59,0,0.39705882352941174,0.011575698852539062,0.4578425884246826,0.00041961669921875,0.002230405807495117,0.008923768997192383
