num_events,utilization,reallocations,changes,failures,reallocated_prop,time_compute,time_apply,time_enum,time_search,time_pp
1,0.65,20,38,0,0.4166666666666667,0.01078176498413086,0.29601478576660156,0.00043010711669921875,0.0012860298156738281,0.009063959121704102
