num_events,utilization,reallocations,changes,failures,reallocated_prop,time_compute,time_apply,time_enum,time_search,time_pp
1,0.20652173913043478,1,0,0,0.0,0.010406255722045898,0.12089109420776367,3.6716461181640625e-05,9.560585021972656e-05,0.010272502899169922
