num_events,utilization,reallocations,changes,failures,reallocated_prop,time_compute,time_apply
1,0.8635869565217391,16,19,0,0.4411764705882353,0.010393381118774414,0.568972110748291
