num_events,utilization,reallocations,changes,failures,reallocated_prop,time_compute,time_apply,time_enum,time_search,time_pp
1,0.1875,1,0,0,0.0,0.03735184669494629,0.42017221450805664,3.62396240234375e-05,0.0003020763397216797,0.03701186180114746
