num_events,utilization,reallocations,changes,failures,reallocated_prop,time_compute,time_apply,time_enum,time_search,time_pp
1,1.0,21,25,0,0.4772727272727273,0.08327460289001465,0.616642951965332,0.01521754264831543,0.05858635902404785,0.009467124938964844
