num_events,utilization,reallocations,changes,failures,reallocated_prop,time_compute,time_apply
1,0.7199048913043479,9,12,0,0.47368421052631576,0.039383888244628906,1.9842464923858643
