num_events,utilization,reallocations,changes,failures,reallocated_prop,time_compute,time_apply
1,0.9059782608695652,40,62,0,0.2631578947368421,0.016367435455322266,0.548365592956543
