num_events,utilization,reallocations,changes,failures,reallocated_prop,time_compute,time_apply,time_enum,time_search,time_pp
1,0.6537703804347826,3,2,0,0.2857142857142857,0.07298064231872559,3.4958767890930176,0.00010156631469726562,0.000148773193359375,0.07272863388061523
