num_events,utilization,reallocations,changes,failures,reallocated_prop,time_compute,time_apply,time_enum,time_search,time_pp
1,0.65,26,43,0,0.2736842105263158,0.012331962585449219,0.315643310546875,0.0005021095275878906,0.0022039413452148438,0.009624242782592773
