num_events,utilization,reallocations,changes,failures,reallocated_prop,time_compute,time_apply,time_enum,time_search,time_pp
1,1.0,9,13,0,0.36,0.05441427230834961,0.5829644203186035,0.014770984649658203,0.030414819717407227,0.009225845336914062
