num_events,utilization,reallocations,changes,failures,reallocated_prop,time_compute,time_apply
1,0.8114130434782608,8,14,0,0.4444444444444444,0.011964082717895508,0.5291597843170166
