num_events,utilization,reallocations,changes,failures,reallocated_prop,time_compute,time_apply,time_enum,time_search,time_pp
1,0.3402173913043478,1,0,0,0.0,0.011278152465820312,0.1711878776550293,9.5367431640625e-05,0.0020074844360351562,0.009173154830932617
