num_events,utilization,reallocations,changes,failures,reallocated_prop,time_compute,time_apply,time_enum,time_search,time_pp
1,0.04782608695652174,1,0,0,0.0,0.013488292694091797,0.11345076560974121,0.00013709068298339844,0.00037741661071777344,0.012971639633178711
