num_events,utilization,reallocations,changes,failures,reallocated_prop,time_compute,time_apply,time_enum,time_search,time_pp
1,0.12228260869565218,1,0,0,0.0,0.04437446594238281,0.4142587184906006,4.076957702636719e-05,0.0001900196075439453,0.04414200782775879
