num_events,utilization,reallocations,changes,failures,reallocated_prop,time_compute,time_apply,time_enum,time_search,time_pp
1,0.09782608695652174,1,0,0,0.0,0.009791851043701172,0.08194255828857422,3.6716461181640625e-05,5.1021575927734375e-05,0.009702205657958984
