num_events,utilization,reallocations,changes,failures,reallocated_prop,time_compute,time_apply
1,0.7286005434782609,9,15,0,0.4090909090909091,0.039710044860839844,1.9956495761871338
