num_events,utilization,reallocations,changes,failures,reallocated_prop,time_compute,time_apply,time_enum,time_search,time_pp
1,0.10434782608695652,1,0,0,0.0,0.01081705093383789,0.10919737815856934,9.822845458984375e-05,0.0007617473602294922,0.009955406188964844
