num_events,utilization,reallocations,changes,failures,reallocated_prop,time_compute,time_apply,time_enum,time_search,time_pp
1,0.65,14,26,0,0.42424242424242425,0.0372927188873291,1.1788744926452637,0.0005018711090087891,0.0009677410125732422,0.03582119941711426
