num_events,utilization,reallocations,changes,failures,reallocated_prop,time_compute,time_apply,time_enum,time_search,time_pp
1,0.02717391304347826,1,0,0,0.0,0.01758408546447754,0.11600112915039062,2.9325485229492188e-05,3.170967102050781e-05,0.017520904541015625
