num_events,utilization,reallocations,changes,failures,reallocated_prop,time_compute,time_apply,time_enum,time_search,time_pp
1,1.0,50,82,0,0.29411764705882354,0.12520170211791992,0.6513230800628662,0.015624761581420898,0.0990293025970459,0.010543584823608398
