num_events,utilization,reallocations,changes,failures,reallocated_prop,time_compute,time_apply,time_enum,time_search,time_pp
1,0.23152173913043478,1,0,0,0.0,0.1961665153503418,0.23821568489074707,0.01838970184326172,0.1679396629333496,0.00983428955078125
