num_events,utilization,reallocations,changes,failures,reallocated_prop,time_compute,time_apply,time_enum,time_search,time_pp
1,1.0,19,33,0,0.07630522088353414,0.0990605354309082,0.5719664096832275,0.014117956161499023,0.07509374618530273,0.009846687316894531
