num_events,utilization,reallocations,changes,failures,reallocated_prop,time_compute,time_apply,time_enum,time_search,time_pp
1,1.0,41,120,0,0.15129151291512916,0.10405659675598145,0.5959837436676025,0.014663457870483398,0.07964444160461426,0.009746313095092773
