num_events,utilization,reallocations,changes,failures,reallocated_prop,time_compute,time_apply,time_enum,time_search,time_pp
1,0.65,19,40,0,0.2714285714285714,0.011804342269897461,0.3111133575439453,0.000507354736328125,0.0017020702362060547,0.009593486785888672
