num_events,utilization,reallocations,changes,failures,reallocated_prop,time_compute,time_apply,time_enum,time_search,time_pp
1,1.0,37,65,0,0.3162393162393162,0.10523867607116699,0.642571210861206,0.014837980270385742,0.08058500289916992,0.009813308715820312
