num_events,utilization,reallocations,changes,failures,reallocated_prop,time_compute,time_apply,time_enum,time_search,time_pp
1,0.6786005434782608,8,16,0,0.4,0.037834882736206055,1.7611207962036133,0.0005171298980712891,0.001371622085571289,0.03594374656677246
