num_events,utilization,reallocations,changes,failures,reallocated_prop,time_compute,time_apply
1,0.9633152173913043,8,9,0,0.6666666666666666,0.3778839111328125,0.5757815837860107
