num_events,utilization,reallocations,changes,failures,reallocated_prop,time_compute,time_apply,time_enum,time_search,time_pp
1,0.6684782608695652,2,5,0,0.2857142857142857,0.019512414932250977,0.8894588947296143,0.0005102157592773438,0.0006015300750732422,0.01839923858642578
