num_events,utilization,reallocations,changes,failures,reallocated_prop,time_compute,time_apply
1,0.8605978260869566,21,21,0,0.7142857142857143,0.00924539566040039,0.5257053375244141
