num_events,utilization,reallocations,changes,failures,reallocated_prop,time_compute,time_apply,time_enum,time_search,time_pp
1,1.0,26,50,0,0.30952380952380953,0.09153318405151367,0.6156597137451172,0.013062238693237305,0.0694727897644043,0.008996009826660156
