num_events,utilization,reallocations,changes,failures,reallocated_prop,time_compute,time_apply,time_enum,time_search,time_pp
1,0.32309782608695653,1,0,0,0.0,0.019711971282958984,0.5820095539093018,0.0005309581756591797,0.00039958953857421875,0.018779754638671875
