num_events,utilization,reallocations,changes,failures,reallocated_prop,time_compute,time_apply
1,0.7561141304347826,11,12,0,0.7692307692307693,0.017603397369384766,0.9700169563293457
