num_events,utilization,reallocations,changes,failures,reallocated_prop,time_compute,time_apply,time_enum,time_search,time_pp
1,1.0,22,27,0,0.5641025641025641,0.05954694747924805,0.5763940811157227,0.012006282806396484,0.038668155670166016,0.00886988639831543
