num_events,utilization,reallocations,changes,failures,reallocated_prop,time_compute,time_apply,time_enum,time_search,time_pp
1,0.65,5,9,0,0.4166666666666667,0.03704214096069336,1.1864612102508545,0.0004982948303222656,0.0005009174346923828,0.0360407829284668
