num_events,utilization,reallocations,changes,failures,reallocated_prop,time_compute,time_apply,time_enum,time_search,time_pp
1,1.0,33,99,0,0.07432432432432433,0.14908146858215332,0.582571268081665,0.014716625213623047,0.12451744079589844,0.009845256805419922
