num_events,utilization,reallocations,changes,failures,reallocated_prop,time_compute,time_apply,time_enum,time_search,time_pp
1,0.5391304347826087,1,0,0,0.0,0.3947751522064209,0.36040163040161133,0.01747584342956543,0.3675663471221924,0.009731292724609375
