num_events,utilization,reallocations,changes,failures,reallocated_prop,time_compute,time_apply,time_enum,time_search,time_pp
1,0.65,45,75,0,0.19480519480519481,0.015172719955444336,0.3221573829650879,0.0005116462707519531,0.0049550533294677734,0.009704351425170898
