num_events,utilization,reallocations,changes,failures,reallocated_prop,time_compute,time_apply,time_enum,time_search,time_pp
1,0.65,111,269,0,0.30919220055710306,0.01700448989868164,0.345142126083374,0.0005106925964355469,0.007107734680175781,0.0093841552734375
