num_events,utilization,reallocations,changes,failures,reallocated_prop,time_compute,time_apply
1,0.8929347826086956,24,40,0,0.25806451612903225,0.014722108840942383,0.5525712966918945
