num_events,utilization,reallocations,changes,failures,reallocated_prop,time_compute,time_apply,time_enum,time_search,time_pp
1,0.65,37,70,0,0.42045454545454547,0.07439589500427246,2.4216582775115967,0.0004971027374267578,0.002122640609741211,0.07177329063415527
