num_events,utilization,reallocations,changes,failures,reallocated_prop,time_compute,time_apply
1,0.8282608695652174,9,21,0,0.34615384615384615,0.012577056884765625,0.5414865016937256
