num_events,utilization,reallocations,changes,failures,reallocated_prop,time_compute,time_apply,time_enum,time_search,time_pp
1,0.65,31,39,0,0.13839285714285715,0.01441502571105957,0.30490851402282715,0.00042748451232910156,0.004651069641113281,0.009335041046142578
