num_events,utilization,reallocations,changes,failures,reallocated_prop,time_compute,time_apply,time_enum,time_search,time_pp
1,1.0,12,13,0,0.4,0.1009364128112793,0.611802339553833,0.018453359603881836,0.07311177253723145,0.009368181228637695
