num_events,utilization,reallocations,changes,failures,reallocated_prop,time_compute,time_apply,time_enum,time_search,time_pp
1,0.6998641304347826,11,11,0,0.45454545454545453,0.018157482147216797,0.9240741729736328,3.743171691894531e-05,0.00014209747314453125,0.017975330352783203
