num_events,utilization,reallocations,changes,failures,reallocated_prop,time_compute,time_apply,time_enum,time_search,time_pp
1,0.4945652173913043,1,0,0,0.0,0.3572874069213867,0.33832645416259766,0.017519235610961914,0.32920289039611816,0.010562896728515625
