num_events,utilization,reallocations,changes,failures,reallocated_prop,time_compute,time_apply
1,0.9059782608695652,49,112,0,0.3983739837398374,0.014429330825805664,0.5640420913696289
