num_events,utilization,reallocations,changes,failures,reallocated_prop,time_compute,time_apply
1,0.9146739130434782,69,165,0,0.4107142857142857,0.015802621841430664,0.5752298831939697
