num_events,utilization,reallocations,changes,failures,reallocated_prop,time_compute,time_apply,time_enum,time_search,time_pp
1,0.1956521739130435,1,0,0,0.0,0.021189212799072266,0.22304844856262207,3.504753112792969e-05,0.0001652240753173828,0.020986318588256836
