num_events,utilization,reallocations,changes,failures,reallocated_prop,time_compute,time_apply
1,0.7684782608695652,6,6,0,0.7142857142857143,0.009660005569458008,0.5223886966705322
