num_events,utilization,reallocations,changes,failures,reallocated_prop,time_compute,time_apply,time_enum,time_search,time_pp
1,0.65,30,73,0,0.32967032967032966,0.012307882308959961,0.3172941207885742,0.0005059242248535156,0.0020914077758789062,0.009707927703857422
