num_events,utilization,reallocations,changes,failures,reallocated_prop,time_compute,time_apply,time_enum,time_search,time_pp
1,0.6879076086956522,11,12,0,0.5,0.0178220272064209,0.883519172668457,2.9802322387695312e-05,9.751319885253906e-05,0.01769280433654785
