num_events,utilization,reallocations,changes,failures,reallocated_prop,time_compute,time_apply,time_enum,time_search,time_pp
1,1.0,7,18,0,0.16279069767441862,0.039551496505737305,0.5698676109313965,0.014811515808105469,0.015413999557495117,0.009325027465820312
