num_events,utilization,reallocations,changes,failures,reallocated_prop,time_compute,time_apply,time_enum,time_search,time_pp
1,0.2510869565217391,1,0,0,0.0,0.2041163444519043,0.23451566696166992,0.0183255672454834,0.17582011222839355,0.009968042373657227
