num_events,utilization,reallocations,changes,failures,reallocated_prop,time_compute,time_apply
1,0.7855978260869565,12,13,0,0.7333333333333333,0.009550809860229492,0.5141847133636475
