num_events,utilization,reallocations,changes,failures,reallocated_prop,time_compute,time_apply,time_enum,time_search,time_pp
1,0.16576086956521738,1,0,0,0.0,0.03804636001586914,0.3997633457183838,3.409385681152344e-05,0.0002613067626953125,0.03774905204772949
