num_events,utilization,reallocations,changes,failures,reallocated_prop,time_compute,time_apply
1,0.8002717391304348,10,21,0,0.37037037037037035,0.026276111602783203,1.2618684768676758
