num_events,utilization,reallocations,changes,failures,reallocated_prop,time_compute,time_apply
1,0.7215353260869565,8,9,0,0.3333333333333333,0.07358336448669434,3.9345951080322266
