num_events,utilization,reallocations,changes,failures,reallocated_prop,time_compute,time_apply
1,0.8703804347826087,16,16,0,0.5172413793103449,0.00954580307006836,0.5519964694976807
