num_events,utilization,reallocations,changes,failures,reallocated_prop,time_compute,time_apply,time_enum,time_search,time_pp
1,0.7070652173913043,5,4,0,0.3076923076923077,0.010013818740844727,0.47655653953552246,0.00010466575622558594,0.0003361701965332031,0.009571075439453125
