num_events,utilization,reallocations,changes,failures,reallocated_prop,time_compute,time_apply,time_enum,time_search,time_pp
1,0.1641304347826087,1,0,0,0.0,0.009908676147460938,0.11693739891052246,8.249282836914062e-05,0.0009906291961669922,0.00883340835571289
