num_events,utilization,reallocations,changes,failures,reallocated_prop,time_compute,time_apply,time_enum,time_search,time_pp
1,0.65,29,55,0,0.42028985507246375,0.03836369514465332,1.2102234363555908,0.0004942417144775391,0.00170135498046875,0.03616595268249512
