num_events,utilization,reallocations,changes,failures,reallocated_prop,time_compute,time_apply,time_enum,time_search,time_pp
1,0.65,69,147,0,0.15862068965517243,0.01895928382873535,0.32084059715270996,0.0005023479461669922,0.008680343627929688,0.009774923324584961
