num_events,utilization,reallocations,changes,failures,reallocated_prop,time_compute,time_apply,time_enum,time_search,time_pp
1,0.06657608695652174,1,0,0,0.0,0.07054424285888672,0.5640835762023926,3.266334533691406e-05,0.00020194053649902344,0.07030797004699707
