num_events,utilization,reallocations,changes,failures,reallocated_prop,time_compute,time_apply,time_enum,time_search,time_pp
1,0.10652173913043478,1,0,0,0.0,0.10396695137023926,0.1757965087890625,0.018421173095703125,0.0761106014251709,0.009432315826416016
