num_events,utilization,reallocations,changes,failures,reallocated_prop,time_compute,time_apply,time_enum,time_search,time_pp
1,0.65,25,46,0,0.423728813559322,0.038266658782958984,1.2161026000976562,0.0004992485046386719,0.0014886856079101562,0.03627657890319824
