num_events,utilization,reallocations,changes,failures,reallocated_prop,time_compute,time_apply,time_enum,time_search,time_pp
1,0.1608695652173913,1,0,0,0.0,0.02771782875061035,0.15272855758666992,0.014665603637695312,0.003975868225097656,0.009074211120605469
