num_events,utilization,reallocations,changes,failures,reallocated_prop,time_compute,time_apply,time_enum,time_search,time_pp
1,0.65,32,78,0,0.32653061224489793,0.03901052474975586,1.2135593891143799,0.0005183219909667969,0.0024559497833251953,0.03603339195251465
