num_events,utilization,reallocations,changes,failures,reallocated_prop,time_compute,time_apply
1,0.7663043478260869,3,6,0,0.3333333333333333,0.011585712432861328,0.5075552463531494
