num_events,utilization,reallocations,changes,failures,reallocated_prop,time_compute,time_apply,time_enum,time_search,time_pp
1,1.0,15,16,0,0.2542372881355932,0.14465069770812988,0.6198036670684814,0.01788163185119629,0.11770057678222656,0.009066343307495117
