num_events,utilization,reallocations,changes,failures,reallocated_prop,time_compute,time_apply,time_enum,time_search,time_pp
1,0.1108695652173913,1,0,0,0.0,0.011133670806884766,0.11232376098632812,0.00010251998901367188,0.0008437633514404297,0.010185480117797852
