num_events,utilization,reallocations,changes,failures,reallocated_prop,time_compute,time_apply,time_enum,time_search,time_pp
1,0.14782608695652175,1,0,0,0.0,0.13204264640808105,0.19349384307861328,0.018201589584350586,0.10432910919189453,0.009509801864624023
