num_events,utilization,reallocations,changes,failures,reallocated_prop,time_compute,time_apply,time_enum,time_search,time_pp
1,0.95,1,2,0,0.14285714285714285,0.029531002044677734,0.602799654006958,0.014817237854003906,0.005072832107543945,0.009639739990234375
