num_events,utilization,reallocations,changes,failures,reallocated_prop,time_compute,time_apply,time_enum,time_search,time_pp
1,0.65,33,80,0,0.3333333333333333,0.07826519012451172,2.91081166267395,0.0005135536193847656,0.0026302337646484375,0.0751190185546875
