num_events,utilization,reallocations,changes,failures,reallocated_prop,time_compute,time_apply,time_enum,time_search,time_pp
1,0.65,37,70,0,0.42528735632183906,0.0720062255859375,2.331372022628784,0.0004932880401611328,0.0019702911376953125,0.06954050064086914
