num_events,utilization,reallocations,changes,failures,reallocated_prop,time_compute,time_apply,time_enum,time_search,time_pp
1,0.1891304347826087,1,0,0,0.0,0.15960097312927246,0.21036720275878906,0.018271684646606445,0.13184332847595215,0.00948333740234375
