num_events,utilization,reallocations,changes,failures,reallocated_prop,time_compute,time_apply,time_enum,time_search,time_pp
1,0.10217391304347827,1,0,0,0.0,0.10091185569763184,0.1745314598083496,0.018207788467407227,0.07338595390319824,0.00931549072265625
