num_events,utilization,reallocations,changes,failures,reallocated_prop,time_compute,time_apply,time_enum,time_search,time_pp
1,0.24021739130434783,1,0,0,0.0,0.011240005493164062,0.15104961395263672,0.0001163482666015625,0.0016393661499023438,0.009482860565185547
