num_events,utilization,reallocations,changes,failures,reallocated_prop,time_compute,time_apply
1,0.8029891304347826,7,6,0,0.3157894736842105,0.009510040283203125,0.5059988498687744
