num_events,utilization,reallocations,changes,failures,reallocated_prop,time_compute,time_apply,time_enum,time_search,time_pp
1,1.0,47,104,0,0.12368421052631579,0.13357758522033691,0.5824718475341797,0.01479196548461914,0.10888481140136719,0.009898185729980469
