num_events,utilization,reallocations,changes,failures,reallocated_prop,time_compute,time_apply,time_enum,time_search,time_pp
1,0.2141304347826087,1,0,0,0.0,0.18940043449401855,0.22431659698486328,0.01952528953552246,0.16032862663269043,0.009544610977172852
