num_events,utilization,reallocations,changes,failures,reallocated_prop,time_compute,time_apply,time_enum,time_search,time_pp
1,0.6620923913043478,4,7,0,0.4,0.0381624698638916,1.8059566020965576,0.0005261898040771484,0.0008206367492675781,0.03681373596191406
