num_events,utilization,reallocations,changes,failures,reallocated_prop,time_compute,time_apply
1,0.7073029891304348,5,4,0,0.4444444444444444,0.07329225540161133,3.7067227363586426
