num_events,utilization,reallocations,changes,failures,reallocated_prop,time_compute,time_apply,time_enum,time_search,time_pp
1,1.0,35,74,0,0.2892561983471074,0.12469696998596191,0.6379566192626953,0.015352487564086914,0.09951639175415039,0.009825706481933594
