num_events,utilization,reallocations,changes,failures,reallocated_prop,time_compute,time_apply,time_enum,time_search,time_pp
1,1.0,41,120,0,0.15185185185185185,0.10727334022521973,0.5830357074737549,0.015528202056884766,0.0820472240447998,0.009695768356323242
