num_events,utilization,reallocations,changes,failures,reallocated_prop,time_compute,time_apply,time_enum,time_search,time_pp
1,0.65,133,253,0,0.3757062146892655,0.017679214477539062,0.34450769424438477,0.0005035400390625,0.007391929626464844,0.0097808837890625
