num_events,utilization,reallocations,changes,failures,reallocated_prop,time_compute,time_apply,time_enum,time_search,time_pp
1,0.18804347826086956,1,0,0,0.0,0.16295576095581055,0.21431994438171387,0.018290042877197266,0.13489317893981934,0.009770393371582031
