num_events,utilization,reallocations,changes,failures,reallocated_prop,time_compute,time_apply,time_enum,time_search,time_pp
1,1.0,45,135,0,0.09868421052631579,0.1532135009765625,0.5884349346160889,0.014682769775390625,0.12878990173339844,0.009738922119140625
