num_events,utilization,reallocations,changes,failures,reallocated_prop,time_compute,time_apply,time_enum,time_search,time_pp
1,0.03152173913043478,1,0,0,0.0,0.01044464111328125,0.08591413497924805,0.00010919570922851562,0.00026154518127441406,0.010071992874145508
