num_events,utilization,reallocations,changes,failures,reallocated_prop,time_compute,time_apply,time_enum,time_search,time_pp
1,0.07065217391304347,1,0,0,0.0,0.03722977638244629,0.2930870056152344,3.4332275390625e-05,0.00011968612670898438,0.037073612213134766
