num_events,utilization,reallocations,changes,failures,reallocated_prop,time_compute,time_apply,time_enum,time_search,time_pp
1,0.65,40,75,0,0.42105263157894735,0.020938396453857422,0.6149544715881348,0.0004951953887939453,0.0022890567779541016,0.018152236938476562
