num_events,utilization,reallocations,changes,failures,reallocated_prop,time_compute,time_apply,time_enum,time_search,time_pp
1,0.016304347826086956,1,0,0,0.0,0.03716635704040527,0.3034934997558594,9.799003601074219e-05,0.0004930496215820312,0.03657341003417969
