num_events,utilization,reallocations,changes,failures,reallocated_prop,time_compute,time_apply,time_enum,time_search,time_pp
1,0.3630434782608696,1,0,0,0.0,0.26967573165893555,0.2811729907989502,0.017819881439208984,0.24239802360534668,0.009454727172851562
