num_events,utilization,reallocations,changes,failures,reallocated_prop,time_compute,time_apply,time_enum,time_search,time_pp
1,0.7207880434782609,3,2,0,0.06666666666666667,0.01853179931640625,0.9448819160461426,0.00010085105895996094,0.00043320655822753906,0.017995595932006836
