num_events,utilization,reallocations,changes,failures,reallocated_prop,time_compute,time_apply
1,0.9016304347826087,32,75,0,0.4266666666666667,0.014158487319946289,0.5522506237030029
