num_events,utilization,reallocations,changes,failures,reallocated_prop,time_compute,time_apply,time_enum
1,0.44565217391304346,1,0,0,0.0,0.010433673858642578,0.2507185935974121,0.0001342296600341797
