num_events,utilization,reallocations,changes,failures,reallocated_prop,time_compute,time_apply,time_enum,time_search,time_pp
1,1.0,1,3,0,0.125,0.03736233711242676,0.5952000617980957,0.014375925064086914,0.01389169692993164,0.00909280776977539
