num_events,utilization,reallocations,changes,failures,reallocated_prop,time_compute,time_apply,time_enum,time_search,time_pp
1,1.0,13,23,0,0.24074074074074073,0.043618202209472656,0.63852858543396,0.013926506042480469,0.019730806350708008,0.00995945930480957
