num_events,utilization,reallocations,changes,failures,reallocated_prop,time_compute,time_apply,time_enum,time_search,time_pp
1,0.65,28,68,0,0.32558139534883723,0.03880786895751953,1.209963321685791,0.0004897117614746094,0.0020618438720703125,0.03625369071960449
