num_events,utilization,reallocations,changes,failures,reallocated_prop,time_compute,time_apply,time_enum,time_search,time_pp
1,0.1358695652173913,1,0,0,0.0,0.12885689735412598,0.18642783164978027,0.02167367935180664,0.09766292572021484,0.009517908096313477
