num_events,utilization,reallocations,changes,failures,reallocated_prop,time_compute,time_apply,time_enum,time_search,time_pp
1,1.0,20,45,0,0.09615384615384616,0.09222650527954102,0.5740981101989746,0.016379117965698242,0.06569600105285645,0.010149240493774414
