num_events,utilization,reallocations,changes,failures,reallocated_prop,time_compute,time_apply,time_enum,time_search,time_pp
1,0.09891304347826087,1,0,0,0.0,0.010265827178955078,0.10653066635131836,0.00011301040649414062,0.0007312297821044922,0.009420394897460938
