num_events,utilization,reallocations,changes,failures,reallocated_prop,time_compute,time_apply,time_enum,time_search,time_pp
1,0.22554347826086957,1,0,0,0.0,0.03673219680786133,0.46091485023498535,3.4809112548828125e-05,0.0003542900085449219,0.03634047508239746
