num_events,utilization,reallocations,changes,failures,reallocated_prop,time_compute,time_apply
1,0.9146739130434782,28,65,0,0.42424242424242425,0.012911796569824219,0.5531508922576904
