num_events,utilization,reallocations,changes,failures,reallocated_prop,time_compute,time_apply,time_enum,time_search,time_pp
1,0.0641304347826087,1,0,0,0.0,0.010230541229248047,0.09702682495117188,0.00010800361633300781,0.0005035400390625,0.009617090225219727
