num_events,utilization,reallocations,changes,failures,reallocated_prop,time_compute,time_apply,time_enum,time_search,time_pp
1,0.3108695652173913,1,0,0,0.0,0.01165008544921875,0.17191314697265625,9.34600830078125e-05,0.0019466876983642578,0.00960850715637207
