num_events,utilization,reallocations,changes,failures,reallocated_prop,time_compute,time_apply,time_enum,time_search,time_pp
1,0.017663043478260868,1,0,0,0.0,0.03624463081359863,0.3003833293914795,0.00010967254638671875,0.00044465065002441406,0.03568887710571289
