num_events,utilization,reallocations,changes,failures,reallocated_prop,time_compute,time_apply,time_enum,time_search,time_pp
1,0.738179347826087,16,38,0,0.41025641025641024,0.021717548370361328,0.9718234539031982,0.0005114078521728516,0.002101421356201172,0.019103288650512695
