num_events,utilization,reallocations,changes,failures,reallocated_prop,time_compute,time_apply,time_enum,time_search,time_pp
1,0.4673913043478261,1,0,0,0.0,0.05478620529174805,0.306743860244751,0.012835025787353516,0.032419681549072266,0.009529590606689453
