num_events,utilization,reallocations,changes,failures,reallocated_prop,time_compute,time_apply,time_enum,time_search,time_pp
1,0.14945652173913043,1,0,0,0.0,0.036872148513793945,0.37828564643859863,3.933906555175781e-05,0.00022602081298828125,0.036604881286621094
