num_events,utilization,reallocations,changes,failures,reallocated_prop,time_compute,time_apply,time_enum,time_search,time_pp
1,0.65,29,54,0,0.2265625,0.01287984848022461,0.3244478702545166,0.0005023479461669922,0.0028243064880371094,0.009551763534545898
