num_events,utilization,reallocations,changes,failures,reallocated_prop,time_compute,time_apply,time_enum
1,0.44565217391304346,1,0,0,0.0,0.07057547569274902,0.30270886421203613,0.01818251609802246
