num_events,utilization,reallocations,changes,failures,reallocated_prop,time_compute,time_apply,time_enum,time_search,time_pp
1,0.65,48,88,0,0.16,0.018909215927124023,0.3625199794769287,0.0006847381591796875,0.0062558650970458984,0.011966705322265625
