num_events,utilization,reallocations,changes,failures,reallocated_prop,time_compute,time_apply,time_enum,time_search,time_pp
1,0.65,57,94,0,0.2864321608040201,0.017307043075561523,0.3770425319671631,0.0006887912750244141,0.004444599151611328,0.012171506881713867
