num_events,utilization,reallocations,changes,failures,reallocated_prop,time_compute,time_apply,time_enum,time_search,time_pp
1,0.06521739130434782,1,0,0,0.0,0.0366969108581543,0.28499770164489746,3.2901763916015625e-05,0.00010633468627929688,0.03655600547790527
