num_events,utilization,reallocations,changes,failures,reallocated_prop,time_compute,time_apply,time_enum,time_search,time_pp
1,0.65,13,24,0,0.40625,0.010954856872558594,0.3105788230895996,0.0005040168762207031,0.0009489059448242188,0.009500503540039062
