num_events,utilization,reallocations,changes,failures,reallocated_prop,time_compute,time_apply,time_enum,time_search,time_pp
1,0.65,41,77,0,0.422680412371134,0.07184648513793945,2.3980143070220947,0.0005135536193847656,0.0022351741790771484,0.06909561157226562
