num_events,utilization,reallocations,changes,failures,reallocated_prop,time_compute,time_apply,time_enum,time_search,time_pp
1,0.65,21,51,0,0.3333333333333333,0.07105851173400879,2.345745801925659,0.0004944801330566406,0.0015521049499511719,0.06900978088378906
