num_events,utilization,reallocations,changes,failures,reallocated_prop,time_compute,time_apply
1,0.8929347826086956,33,76,0,0.39759036144578314,0.015111684799194336,0.5548005104064941
