num_events,utilization,reallocations,changes,failures,reallocated_prop,time_compute,time_apply,time_enum,time_search,time_pp
1,0.30543478260869567,1,0,0,0.0,0.2381422519683838,0.2579813003540039,0.0179293155670166,0.21034526824951172,0.009865760803222656
