num_events,utilization,reallocations,changes,failures,reallocated_prop,time_compute,time_apply,time_enum,time_search,time_pp
1,1.0,36,108,0,0.12162162162162163,0.11339163780212402,0.5844454765319824,0.014786958694458008,0.088653564453125,0.009949207305908203
