num_events,utilization,reallocations,changes,failures,reallocated_prop,time_compute,time_apply,time_enum,time_search,time_pp
1,1.0,15,16,0,0.4166666666666667,0.0669562816619873,0.6065077781677246,0.014378070831298828,0.04325056076049805,0.009324789047241211
