num_events,utilization,reallocations,changes,failures,reallocated_prop,time_compute,time_apply,time_enum,time_search,time_pp
1,1.0,2,3,0,0.18181818181818182,0.0303800106048584,0.597053050994873,0.014868497848510742,0.0062410831451416016,0.009268999099731445
