num_events,utilization,reallocations,changes,failures,reallocated_prop,time_compute,time_apply,time_enum,time_search,time_pp
1,0.029347826086956522,1,0,0,0.0,0.05131959915161133,0.14156365394592285,0.018387317657470703,0.0235443115234375,0.009386301040649414
