num_events,utilization,reallocations,changes,failures,reallocated_prop,time_compute,time_apply,time_enum,time_search,time_pp
1,0.65,83,189,0,0.24629080118694363,0.017573118209838867,0.3363175392150879,0.0005083084106445312,0.007086515426635742,0.009975910186767578
