num_events,utilization,reallocations,changes,failures,reallocated_prop,time_compute,time_apply
1,0.8114130434782608,8,7,0,0.4117647058823529,0.01020669937133789,0.5285625457763672
