num_events,utilization,reallocations,changes,failures,reallocated_prop,time_compute,time_apply,time_enum,time_search,time_pp
1,0.7255434782608695,10,10,0,0.34615384615384615,0.01843118667602539,0.9400515556335449,3.528594970703125e-05,0.0001900196075439453,0.018204212188720703
