num_events,utilization,reallocations,changes,failures,reallocated_prop,time_compute,time_apply,time_enum,time_search,time_pp
1,0.65,31,58,0,0.4246575342465753,0.03669381141662598,1.158353328704834,0.0005030632019042969,0.0016467571258544922,0.034542083740234375
