num_events,utilization,reallocations,changes,failures,reallocated_prop,time_compute,time_apply,time_enum,time_search,time_pp
1,0.65,14,34,0,0.32558139534883723,0.01023411750793457,0.2959272861480713,0.0004153251647949219,0.0011684894561767578,0.00864863395690918
