num_events,utilization,reallocations,changes,failures,reallocated_prop,time_compute,time_apply
1,0.8331521739130435,10,9,0,0.391304347826087,0.009949684143066406,0.5091564655303955
