num_events,utilization,reallocations,changes,failures,reallocated_prop,time_compute,time_apply,time_enum,time_search,time_pp
1,0.21521739130434783,1,0,0,0.0,0.011014461517333984,0.13365530967712402,9.72747802734375e-05,0.0015366077423095703,0.009378910064697266
