num_events,utilization,reallocations,changes,failures,reallocated_prop,time_compute,time_apply
1,0.8024456521739131,15,15,0,0.7777777777777778,0.009592771530151367,0.4931015968322754
