num_events,utilization,reallocations,changes,failures,reallocated_prop,time_compute,time_apply,time_enum,time_search,time_pp
1,1.0,33,59,0,0.2462686567164179,0.0646052360534668,0.57131028175354,0.014809370040893555,0.040322303771972656,0.009471416473388672
