num_events,utilization,reallocations,changes,failures,reallocated_prop,time_compute,time_apply,time_enum,time_search,time_pp
1,0.17296195652173912,1,0,0,0.0,0.03728795051574707,0.696326494216919,4.029273986816406e-05,5.435943603515625e-05,0.03719139099121094
