num_events,utilization,reallocations,changes,failures,reallocated_prop,time_compute,time_apply,time_enum,time_search,time_pp
1,0.65,83,189,0,0.24702380952380953,0.017444610595703125,0.337296724319458,0.000507354736328125,0.006955385208129883,0.009980201721191406
