num_events,utilization,reallocations,changes,failures,reallocated_prop,time_compute,time_apply,time_enum,time_search,time_pp
1,0.46630434782608693,1,0,0,0.0,0.329012393951416,0.3290724754333496,0.017154455184936523,0.30230259895324707,0.009552955627441406
