num_events,utilization,reallocations,changes,failures,reallocated_prop,time_compute,time_apply,time_enum,time_search,time_pp
1,1.0,20,42,0,0.21052631578947367,0.05835723876953125,0.5730860233306885,0.015000581741333008,0.033232927322387695,0.010122537612915039
