num_events,utilization,reallocations,changes,failures,reallocated_prop,time_compute,time_apply,time_enum,time_search,time_pp
1,1.0,20,57,0,0.15384615384615385,0.06401610374450684,0.5764644145965576,0.01457977294921875,0.03970932960510254,0.009725093841552734
