num_events,utilization,reallocations,changes,failures,reallocated_prop,time_compute,time_apply,time_enum,time_search,time_pp
1,1.0,7,7,0,0.4117647058823529,0.05286812782287598,0.6026039123535156,0.015178680419921875,0.028299570083618164,0.009387493133544922
