num_events,utilization,reallocations,changes,failures,reallocated_prop,time_compute,time_apply,time_enum,time_search,time_pp
1,1.0,4,5,0,0.5,0.06113028526306152,0.6180510520935059,0.018563270568847656,0.033443450927734375,0.009121417999267578
