num_events,utilization,reallocations,changes,failures,reallocated_prop,time_compute,time_apply,time_enum,time_search,time_pp
1,0.15978260869565217,1,0,0,0.0,0.14045476913452148,0.19837570190429688,0.01816558837890625,0.1126558780670166,0.009630918502807617
