num_events,utilization,reallocations,changes,failures,reallocated_prop,time_compute,time_apply,time_enum,time_search,time_pp
1,1.0,33,99,0,0.0744920993227991,0.15224623680114746,0.579744815826416,0.014973640441894531,0.12723541259765625,0.010034561157226562
