num_events,utilization,reallocations,changes,failures,reallocated_prop,time_compute,time_apply,time_enum,time_search,time_pp
1,0.65,111,213,0,0.24130434782608695,0.01951003074645996,0.334716796875,0.0005052089691162109,0.009126663208007812,0.009876251220703125
