num_events,utilization,reallocations,changes,failures,reallocated_prop,time_compute,time_apply,time_enum,time_search,time_pp
1,0.2108695652173913,1,0,0,0.0,0.17461133003234863,0.22126269340515137,0.018231868743896484,0.1469135284423828,0.009463787078857422
