num_events,utilization,reallocations,changes,failures,reallocated_prop,time_compute,time_apply
1,0.7739130434782608,5,4,0,0.5714285714285714,0.009634256362915039,0.485004186630249
