num_events,utilization,reallocations,changes,failures,reallocated_prop,time_compute,time_apply
1,0.5097826086956522,2,1,0,0.3333333333333333,0.013160467147827148,0.4479382038116455
