num_events,utilization,reallocations,changes,failures,reallocated_prop,time_compute,time_apply,time_enum,time_search,time_pp
1,1.0,34,72,0,0.18888888888888888,0.07950043678283691,0.5775759220123291,0.014693737030029297,0.05515408515930176,0.009650707244873047
