num_events,utilization,reallocations,changes,failures,reallocated_prop,time_compute,time_apply,time_enum,time_search,time_pp
1,1.0,38,73,0,0.2900763358778626,0.12256169319152832,0.6396119594573975,0.015449285507202148,0.09718441963195801,0.00992584228515625
