num_events,utilization,reallocations,changes,failures,reallocated_prop,time_compute,time_apply,time_enum,time_search,time_pp
1,0.65,56,90,0,0.1407035175879397,0.020341873168945312,0.3626291751861572,0.0006337165832519531,0.007970333099365234,0.011736154556274414
