num_events,utilization,reallocations,changes,failures,reallocated_prop,time_compute,time_apply
1,0.8440217391304348,21,23,0,0.7142857142857143,0.00975942611694336,0.5364840030670166
