num_events,utilization,reallocations,changes,failures,reallocated_prop,time_compute,time_apply,time_enum,time_search,time_pp
1,1.0,33,99,0,0.0744920993227991,0.15190839767456055,0.590937614440918,0.014784097671508789,0.1271803379058838,0.00994253158569336
