num_events,utilization,reallocations,changes,failures,reallocated_prop,time_compute,time_apply,time_enum,time_search,time_pp
1,0.0,0,0,0,0.0,0.010205984115600586,0.048259735107421875,9.059906005859375e-05,3.62396240234375e-05,0.01007699966430664
