num_events,utilization,reallocations,changes,failures,reallocated_prop,time_compute,time_apply,time_enum,time_search,time_pp
1,0.6596127717391305,15,17,0,0.4827586206896552,0.07108306884765625,3.5134236812591553,3.600120544433594e-05,0.00013518333435058594,0.07090950012207031
