num_events,utilization,reallocations,changes,failures,reallocated_prop,time_compute,time_apply
1,0.7419836956521739,8,13,0,0.42105263157894735,0.040230512619018555,2.0135717391967773
