num_events,utilization,reallocations,changes,failures,reallocated_prop,time_compute,time_apply,time_enum,time_search,time_pp
1,0.7633152173913044,38,58,0,0.2620689655172414,0.013959169387817383,0.47127461433410645,0.0004992485046386719,0.004052877426147461,0.009404897689819336
