num_events,utilization,reallocations,changes,failures,reallocated_prop,time_compute,time_apply,time_enum,time_search,time_pp
1,0.625,3,3,0,0.5,0.030193090438842773,0.5148615837097168,0.01296687126159668,0.008009195327758789,0.009214639663696289
