num_events,utilization,reallocations,changes,failures,reallocated_prop,time_compute,time_apply,time_enum,time_search,time_pp
1,1.0,52,93,0,0.1580547112462006,0.12995386123657227,0.5889275074005127,0.014798641204833984,0.10418438911437988,0.010968446731567383
