num_events,utilization,reallocations,changes,failures,reallocated_prop,time_compute,time_apply,time_enum,time_search,time_pp
1,0.3123641304347826,2,1,0,0.5,0.017534255981445312,0.527442455291748,8.296966552734375e-05,8.034706115722656e-05,0.01736903190612793
