num_events,utilization,reallocations,changes,failures,reallocated_prop,time_compute,time_apply,time_enum
1,0.34782608695652173,1,0,0,0.0,0.061618804931640625,0.2645578384399414,0.01855921745300293
