num_events,utilization,reallocations,changes,failures,reallocated_prop,time_compute,time_apply,time_enum,time_search,time_pp
1,0.6592391304347827,5,4,0,0.5,0.03604555130004883,1.7890496253967285,3.409385681152344e-05,5.936622619628906e-05,0.0359501838684082
