num_events,utilization,reallocations,changes,failures,reallocated_prop,time_compute,time_apply,time_enum,time_search,time_pp
1,0.65,25,61,0,0.3246753246753247,0.0741736888885498,2.3346683979034424,0.0005412101745605469,0.0018315315246582031,0.07179832458496094
