num_events,utilization,reallocations,changes,failures,reallocated_prop,time_compute,time_apply,time_enum,time_search,time_pp
1,0.03260869565217391,1,0,0,0.0,0.04425811767578125,0.29889631271362305,4.100799560546875e-05,6.031990051269531e-05,0.044155120849609375
