num_events,utilization,reallocations,changes,failures,reallocated_prop,time_compute,time_apply,time_enum,time_search,time_pp
1,0.65,30,68,0,0.30612244897959184,0.01243138313293457,0.31915879249572754,0.0005183219909667969,0.0022857189178466797,0.009625434875488281
