num_events,utilization,reallocations,changes,failures,reallocated_prop,time_compute,time_apply,time_enum,time_search,time_pp
1,1.0,61,135,0,0.20198675496688742,0.11331868171691895,0.586345911026001,0.014790058135986328,0.08883333206176758,0.009693145751953125
