num_events,utilization,reallocations,changes,failures,reallocated_prop,time_compute,time_apply,time_enum,time_search,time_pp
1,0.12907608695652173,1,0,0,0.0,0.073211669921875,0.7199997901916504,3.361701965332031e-05,0.00039005279541015625,0.07278633117675781
