num_events,utilization,reallocations,changes,failures,reallocated_prop,time_compute,time_apply,time_enum,time_search,time_pp
1,0.65,147,277,0,0.40607734806629836,0.017324209213256836,0.3446385860443115,0.0005152225494384766,0.007237672805786133,0.009569644927978516
