num_events,utilization,reallocations,changes,failures,reallocated_prop,time_compute,time_apply,time_enum,time_search,time_pp
1,0.04673913043478261,1,0,0,0.0,0.009177446365356445,0.08118343353271484,8.0108642578125e-05,0.00029397010803222656,0.008801937103271484
