num_events,utilization,reallocations,changes,failures,reallocated_prop,time_compute,time_apply,time_enum,time_search,time_pp
1,0.65,25,47,0,0.15337423312883436,0.013729095458984375,0.3213772773742676,0.0005049705505371094,0.003542661666870117,0.009679555892944336
