num_events,utilization,reallocations,changes,failures,reallocated_prop,time_compute,time_apply,time_enum,time_search,time_pp
1,1.0,105,189,0,0.2196652719665272,0.16271066665649414,0.6017582416534424,0.014866352081298828,0.13789081573486328,0.009951114654541016
