num_events,utilization,reallocations,changes,failures,reallocated_prop,time_compute,time_apply,time_enum,time_search,time_pp
1,0.65,52,97,0,0.4262295081967213,0.015427350997924805,0.3749697208404541,0.0007367134094238281,0.0027108192443847656,0.011977910995483398
