num_events,utilization,reallocations,changes,failures,reallocated_prop,time_compute,time_apply
1,0.7176630434782608,6,6,0,0.8333333333333334,0.009716033935546875,0.5014231204986572
