num_events,utilization,reallocations,changes,failures,reallocated_prop,time_compute,time_apply
1,0.717391304347826,4,3,0,0.42857142857142855,0.018909931182861328,0.9830257892608643
