num_events,utilization,reallocations,changes,failures,reallocated_prop,time_compute,time_apply,time_enum,time_search,time_pp
1,0.7415760869565218,10,9,0,0.391304347826087,0.010301828384399414,0.4607400894165039,9.512901306152344e-05,0.0003147125244140625,0.009889841079711914
