num_events,utilization,reallocations,changes,failures,reallocated_prop,time_compute,time_apply,time_enum,time_search,time_pp
1,0.65,91,213,0,0.3333333333333333,0.016032695770263672,0.3375716209411621,0.0005040168762207031,0.005757570266723633,0.009769439697265625
