num_events,utilization,reallocations,changes,failures,reallocated_prop,time_compute,time_apply,time_enum,time_search,time_pp
1,0.09375,1,0,0,0.0,0.07248306274414062,0.6152615547180176,3.4809112548828125e-05,0.0002856254577636719,0.07216000556945801
