num_events,utilization,reallocations,changes,failures,reallocated_prop,time_compute,time_apply,time_enum,time_search,time_pp
1,0.12391304347826088,1,0,0,0.0,0.11287355422973633,0.1776447296142578,0.017781734466552734,0.08594298362731934,0.009147167205810547
