num_events,utilization,reallocations,changes,failures,reallocated_prop,time_compute,time_apply,time_enum,time_search,time_pp
1,0.65,20,38,0,0.4166666666666667,0.03571677207946777,1.1476945877075195,0.0005075931549072266,0.001146554946899414,0.03406047821044922
