num_events,utilization,reallocations,changes,failures,reallocated_prop,time_compute,time_apply,time_enum,time_search,time_pp
1,0.65,147,277,0,0.4083333333333333,0.01880788803100586,0.35121941566467285,0.0006003379821777344,0.008034467697143555,0.010170221328735352
