num_events,utilization,reallocations,changes,failures,reallocated_prop,time_compute,time_apply,time_enum,time_search,time_pp
1,1.0,20,29,0,0.0641025641025641,0.11605119705200195,0.5717167854309082,0.014802694320678711,0.09134793281555176,0.009897947311401367
