num_events,utilization,reallocations,changes,failures,reallocated_prop,time_compute,time_apply,time_enum,time_search,time_pp
1,0.002717391304347826,1,0,0,0.0,0.019094467163085938,0.14234614372253418,9.822845458984375e-05,7.700920104980469e-05,0.01891779899597168
