num_events,utilization,reallocations,changes,failures,reallocated_prop,time_compute,time_apply,time_enum,time_search,time_pp
1,0.65,96,163,0,0.30094043887147337,0.016913652420043945,0.3327798843383789,0.0005006790161132812,0.006561756134033203,0.009849071502685547
