num_events,utilization,reallocations,changes,failures,reallocated_prop,time_compute,time_apply,time_enum,time_search,time_pp
1,1.0,31,69,0,0.1712707182320442,0.08011054992675781,0.603715181350708,0.014690160751342773,0.05527615547180176,0.010141849517822266
