num_events,utilization,reallocations,changes,failures,reallocated_prop,time_compute,time_apply,time_enum,time_search,time_pp
1,0.008152173913043478,1,0,0,0.0,0.02014470100402832,0.1664426326751709,8.296966552734375e-05,0.00012969970703125,0.01992940902709961
