num_events,utilization,reallocations,changes,failures,reallocated_prop,time_compute,time_apply
1,0.7578804347826087,8,9,0,0.7777777777777778,0.009536266326904297,0.5089156627655029
