num_events,utilization,reallocations,changes,failures,reallocated_prop,time_compute,time_apply,time_enum,time_search,time_pp
1,0.29347826086956524,1,0,0,0.0,0.011655807495117188,0.1680755615234375,9.489059448242188e-05,0.0018773078918457031,0.00968170166015625
