num_events,utilization,reallocations,changes,failures,reallocated_prop,time_compute,time_apply,time_enum,time_search,time_pp
1,0.13451086956521738,1,0,0,0.0,0.0771336555480957,0.7250499725341797,3.7670135498046875e-05,0.00047278404235839844,0.07662034034729004
