num_events,utilization,reallocations,changes,failures,reallocated_prop,time_compute,time_apply,time_enum,time_search,time_pp
1,1.0,26,42,0,0.5416666666666666,0.08551931381225586,0.6448099613189697,0.014361143112182617,0.06170296669006348,0.009453296661376953
