num_events,utilization,reallocations,changes,failures,reallocated_prop,time_compute,time_apply,time_enum,time_search,time_pp
1,0.07934782608695652,1,0,0,0.0,0.08857583999633789,0.1633286476135254,0.021816015243530273,0.05698132514953613,0.00977635383605957
