num_events,utilization,reallocations,changes,failures,reallocated_prop,time_compute,time_apply,time_enum,time_search,time_pp
1,0.033967391304347824,1,0,0,0.0,0.07377362251281738,0.5073282718658447,3.528594970703125e-05,0.00011968612670898438,0.07361626625061035
