num_events,utilization,reallocations,changes,failures,reallocated_prop,time_compute,time_apply,time_enum,time_search,time_pp
1,1.0,49,111,0,0.12827225130890052,0.13798308372497559,0.5919902324676514,0.014883756637573242,0.11328816413879395,0.009809494018554688
