num_events,utilization,reallocations,changes,failures,reallocated_prop,time_compute,time_apply,time_enum,time_search,time_pp
1,0.21956521739130436,1,0,0,0.0,0.18441462516784668,0.22769951820373535,0.018103837966918945,0.15689539909362793,0.009413719177246094
