num_events,utilization,reallocations,changes,failures,reallocated_prop,time_compute,time_apply,time_enum,time_search,time_pp
1,0.7633152173913044,27,47,0,0.2755102040816326,0.012848138809204102,0.47455787658691406,0.0004992485046386719,0.003021717071533203,0.009325027465820312
