num_events,utilization,reallocations,changes,failures,reallocated_prop,time_compute,time_apply
1,0.7152173913043478,8,11,0,0.47058823529411764,0.07553839683532715,3.8419270515441895
