num_events,utilization,reallocations,changes,failures,reallocated_prop,time_compute,time_apply,time_enum,time_search,time_pp
1,0.15543478260869564,1,0,0,0.0,0.010540246963500977,0.12336182594299316,0.00010275840759277344,0.001092672348022461,0.009342670440673828
