num_events,utilization,reallocations,changes,failures,reallocated_prop,time_compute,time_apply,time_enum,time_search,time_pp
1,0.5228260869565218,1,0,0,0.0,0.37243080139160156,0.35352611541748047,0.017493724822998047,0.3452029228210449,0.009732484817504883
