num_events,utilization,reallocations,changes,failures,reallocated_prop,time_compute,time_apply,time_enum,time_search,time_pp
1,0.0005434782608695652,0,0,0,0.0,0.01972174644470215,0.14948320388793945,3.6716461181640625e-05,1.7642974853515625e-05,0.01966547966003418
