num_events,utilization,reallocations,changes,failures,reallocated_prop,time_compute,time_apply,time_enum,time_search,time_pp
1,0.007608695652173913,1,0,0,0.0,0.0765540599822998,0.5891232490539551,0.00010061264038085938,0.00045371055603027344,0.07599711418151855
