num_events,utilization,reallocations,changes,failures,reallocated_prop,time_compute,time_apply,time_enum,time_search,time_pp
1,0.1331521739130435,1,0,0,0.0,0.07397747039794922,0.7232332229614258,3.5762786865234375e-05,0.0004286766052246094,0.07351112365722656
