num_events,utilization,reallocations,changes,failures,reallocated_prop,time_compute,time_apply
1,0.8649456521739131,16,26,0,0.5161290322580645,0.013121843338012695,0.539569616317749
