num_events,utilization,reallocations,changes,failures,reallocated_prop,time_compute,time_apply
1,0.7489130434782608,4,3,0,0.42857142857142855,0.009585857391357422,0.49971485137939453
