num_events,utilization,reallocations,changes,failures,reallocated_prop,time_compute,time_apply,time_enum,time_search,time_pp
1,0.7633152173913044,47,80,0,0.34814814814814815,0.013282537460327148,0.47954583168029785,0.0004792213439941406,0.003569364547729492,0.009231805801391602
