num_events,utilization,reallocations,changes,failures,reallocated_prop,time_compute,time_apply,time_enum,time_search,time_pp
1,0.65,28,68,0,0.32558139534883723,0.011674165725708008,0.3039567470550537,0.0004949569702148438,0.0020525455474853516,0.009124755859375
