num_events,utilization,reallocations,changes,failures,reallocated_prop,time_compute,time_apply,time_enum,time_search,time_pp
1,1.0,12,27,0,0.02891566265060241,0.14504528045654297,0.5949244499206543,0.014786481857299805,0.1196131706237793,0.01064300537109375
