num_events,utilization,reallocations,changes,failures,reallocated_prop,time_compute,time_apply,time_enum,time_search,time_pp
1,1.0,19,41,0,0.05277777777777778,0.1332719326019287,0.5753457546234131,0.014929771423339844,0.10802650451660156,0.010313272476196289
