num_events,utilization,reallocations,changes,failures,reallocated_prop,time_compute,time_apply,time_enum,time_search,time_pp
1,0.006385869565217392,1,0,0,0.0,0.07608604431152344,0.6043643951416016,0.00010704994201660156,0.00040650367736816406,0.07557058334350586
