num_events,utilization,reallocations,changes,failures,reallocated_prop,time_compute,time_apply,time_enum,time_search,time_pp
1,1.0,47,103,0,0.38524590163934425,0.09078216552734375,0.62912917137146,0.012944221496582031,0.06872081756591797,0.009115219116210938
