num_events,utilization,reallocations,changes,failures,reallocated_prop,time_compute,time_apply,time_enum,time_search,time_pp
1,0.65,4,7,0,0.36363636363636365,0.010205984115600586,0.29855847358703613,0.0005204677581787109,0.00047516822814941406,0.009208440780639648
