num_events,utilization,reallocations,changes,failures,reallocated_prop,time_compute,time_apply,time_enum,time_search,time_pp
1,0.1608695652173913,1,0,0,0.0,0.010840654373168945,0.12417173385620117,0.00019407272338867188,0.0011396408081054688,0.009503841400146484
