num_events,utilization,reallocations,changes,failures,reallocated_prop,time_compute,time_apply,time_enum,time_search,time_pp
1,0.17717391304347826,1,0,0,0.0,0.010636329650878906,0.1294715404510498,9.393692016601562e-05,0.0011856555938720703,0.00935506820678711
