num_events,utilization,reallocations,changes,failures,reallocated_prop,time_compute,time_apply,time_enum,time_search,time_pp
1,1.0,17,48,0,0.15315315315315314,0.05897021293640137,0.5713255405426025,0.014748811721801758,0.034694671630859375,0.009525060653686523
