num_events,utilization,reallocations,changes,failures,reallocated_prop,time_compute,time_apply,time_enum,time_search,time_pp
1,0.011956521739130435,1,0,0,0.0,0.04256296157836914,0.13519024848937988,0.01929783821105957,0.01354527473449707,0.009718179702758789
