num_events,utilization,reallocations,changes,failures,reallocated_prop,time_compute,time_apply,time_enum,time_search,time_pp
1,1.0,109,160,0,0.2731829573934837,0.14007568359375,0.5938951969146729,0.01465916633605957,0.1155855655670166,0.009829282760620117
