num_events,utilization,reallocations,changes,failures,reallocated_prop,time_compute,time_apply,time_enum,time_search,time_pp
1,1.0,30,56,0,0.20270270270270271,0.1165304183959961,0.6525125503540039,0.014735937118530273,0.09235835075378418,0.009433746337890625
