num_events,utilization,reallocations,changes,failures,reallocated_prop,time_compute,time_apply,time_enum,time_search,time_pp
1,0.0,0,0,0,0.0,0.06869292259216309,0.24883508682250977,0.0004181861877441406,0.0002110004425048828,0.06806206703186035
