num_events,utilization,reallocations,changes,failures,reallocated_prop,time_compute,time_apply,time_enum,time_search,time_pp
1,0.7567934782608695,32,61,0,0.5423728813559322,0.011798381805419922,0.4857358932495117,0.0004992485046386719,0.00208282470703125,0.009214639663696289
