num_events,utilization,reallocations,changes,failures,reallocated_prop,time_compute,time_apply,time_enum,time_search,time_pp
1,1.0,52,59,0,0.16993464052287582,0.11408591270446777,0.5759439468383789,0.01471090316772461,0.08970141410827637,0.009671449661254883
