num_events,utilization,reallocations,changes,failures,reallocated_prop,time_compute,time_apply,time_enum,time_search,time_pp
1,0.65,13,24,0,0.41935483870967744,0.019307374954223633,0.6112208366394043,0.0004968643188476562,0.0009505748748779297,0.017858266830444336
