num_events,utilization,reallocations,changes,failures,reallocated_prop,time_compute,time_apply,time_enum,time_search,time_pp
1,0.65,44,54,0,0.15658362989323843,0.016278743743896484,0.3190019130706787,0.0005092620849609375,0.005877017974853516,0.00989079475402832
