num_events,utilization,reallocations,changes,failures,reallocated_prop,time_compute,time_apply,time_enum,time_search,time_pp
1,0.65,26,48,0,0.43333333333333335,0.020119190216064453,0.6146700382232666,0.0005373954772949219,0.0015606880187988281,0.01801919937133789
