num_events,utilization,reallocations,changes,failures,reallocated_prop,time_compute,time_apply,time_enum,time_search,time_pp
1,1.0,15,42,0,0.15625,0.05513310432434082,0.5717356204986572,0.01494145393371582,0.03037285804748535,0.009817123413085938
