num_events,utilization,reallocations,changes,failures,reallocated_prop,time_compute,time_apply,time_enum,time_search,time_pp
1,0.7423913043478261,10,9,0,0.391304347826087,0.009689092636108398,0.4684302806854248,9.942054748535156e-05,0.00034046173095703125,0.009246587753295898
