num_events,utilization,reallocations,changes,failures,reallocated_prop,time_compute,time_apply,time_enum,time_search,time_pp
1,1.0,18,32,0,0.24324324324324326,0.04924154281616211,0.5704004764556885,0.015234947204589844,0.024410009384155273,0.009595155715942383
