num_events,utilization,reallocations,changes,failures,reallocated_prop,time_compute,time_apply,time_enum,time_search,time_pp
1,0.17065217391304346,1,0,0,0.0,0.1497054100036621,0.21068072319030762,0.018444538116455078,0.12147688865661621,0.009781599044799805
