num_events,utilization,reallocations,changes,failures,reallocated_prop,time_compute,time_apply,time_enum,time_search,time_pp
1,0.65,91,213,0,0.33211678832116787,0.016116619110107422,0.34250807762145996,0.0005025863647460938,0.005895376205444336,0.009716987609863281
