num_events,utilization,reallocations,changes,failures,reallocated_prop,time_compute,time_apply,time_enum,time_search,time_pp
1,0.65,35,65,0,0.42168674698795183,0.03809952735900879,1.2076342105865479,0.00048613548278808594,0.0019545555114746094,0.03565645217895508
