num_events,utilization,reallocations,changes,failures,reallocated_prop,time_compute,time_apply
1,0.8972826086956521,28,47,0,0.5714285714285714,0.013533353805541992,0.552013635635376
