num_events,utilization,reallocations,changes,failures,reallocated_prop,time_compute,time_apply,time_enum,time_search,time_pp
1,0.65,111,213,0,0.24130434782608695,0.020029067993164062,0.35138368606567383,0.0005002021789550781,0.009610652923583984,0.009916305541992188
