num_events,utilization,reallocations,changes,failures,reallocated_prop,time_compute,time_apply,time_enum,time_search,time_pp
1,0.11956521739130435,1,0,0,0.0,0.11290764808654785,0.181870698928833,0.018368959426879883,0.08507633209228516,0.009459257125854492
