num_events,utilization,reallocations,changes,failures,reallocated_prop,time_compute,time_apply
1,0.7584239130434782,5,4,0,0.4444444444444444,0.009846687316894531,0.5116071701049805
