num_events,utilization,reallocations,changes,failures,reallocated_prop,time_compute,time_apply,time_enum,time_search,time_pp
1,0.3565217391304348,1,0,0,0.0,0.009518861770629883,0.2865290641784668,0.00046443939208984375,0.00033402442932128906,0.008718490600585938
