num_events,utilization,reallocations,changes,failures,reallocated_prop,time_compute,time_apply,time_enum,time_search,time_pp
1,0.65,28,52,0,0.37333333333333335,0.01098489761352539,0.3090701103210449,0.0004210472106933594,0.0016341209411621094,0.008927345275878906
