num_events,utilization,reallocations,changes,failures,reallocated_prop,time_compute,time_apply,time_enum,time_search,time_pp
1,0.10597826086956522,1,0,0,0.0,0.07173895835876465,0.6600053310394287,3.4332275390625e-05,0.00032830238342285156,0.07137370109558105
