num_events,utilization,reallocations,changes,failures,reallocated_prop,time_compute,time_apply,time_enum,time_search,time_pp
1,0.15978260869565217,1,0,0,0.0,0.010683536529541016,0.12323856353759766,9.632110595703125e-05,0.0010821819305419922,0.009503602981567383
