num_events,utilization,reallocations,changes,failures,reallocated_prop,time_compute,time_apply,time_enum,time_search,time_pp
1,0.23478260869565218,1,0,0,0.0,0.19532036781311035,0.23983192443847656,0.018795251846313477,0.16705679893493652,0.00946664810180664
