num_events,utilization,reallocations,changes,failures,reallocated_prop,time_compute,time_apply,time_enum,time_search,time_pp
1,0.03804347826086957,1,0,0,0.0,0.017376184463500977,0.12467789649963379,4.0531158447265625e-05,3.7670135498046875e-05,0.01729583740234375
