num_events,utilization,reallocations,changes,failures,reallocated_prop,time_compute,time_apply,time_enum,time_search,time_pp
1,0.65,19,46,0,0.3275862068965517,0.038565635681152344,1.2090256214141846,0.0005056858062744141,0.0016613006591796875,0.03639674186706543
