num_events,utilization,reallocations,changes,failures,reallocated_prop,time_compute,time_apply,time_enum,time_search,time_pp
1,0.025815217391304348,1,0,0,0.0,0.03824949264526367,0.32976698875427246,0.00010085105895996094,0.0007617473602294922,0.037384986877441406
