num_events,utilization,reallocations,changes,failures,reallocated_prop,time_compute,time_apply,time_enum,time_search,time_pp
1,1.0,17,36,0,0.2073170731707317,0.05051922798156738,0.5695328712463379,0.014877557754516602,0.02606034278869629,0.009579896926879883
