num_events,utilization,reallocations,changes,failures,reallocated_prop,time_compute,time_apply
1,0.8016304347826086,5,9,0,0.29411764705882354,0.012164115905761719,0.5063002109527588
