num_events,utilization,reallocations,changes,failures,reallocated_prop,time_compute,time_apply,time_enum,time_search,time_pp
1,0.6685461956521739,8,7,0,0.28,0.07118821144104004,3.4470934867858887,9.942054748535156e-05,0.0005247592926025391,0.07056188583374023
