num_events,utilization,reallocations,changes,failures,reallocated_prop,time_compute,time_apply,time_enum,time_search,time_pp
1,0.03315217391304348,1,0,0,0.0,0.018880605697631836,0.16290903091430664,9.584426879882812e-05,0.0004963874816894531,0.018286466598510742
