num_events,utilization,reallocations,changes,failures,reallocated_prop,time_compute,time_apply,time_enum,time_search,time_pp
1,0.2608695652173913,1,0,0,0.0,0.0416102409362793,0.22518682479858398,0.012959003448486328,0.019307613372802734,0.00934147834777832
