num_events,utilization,reallocations,changes,failures,reallocated_prop,time_compute,time_apply,time_enum,time_search,time_pp
1,1.0,27,81,0,0.06192660550458716,0.14994430541992188,0.5832374095916748,0.014655828475952148,0.12526392936706543,0.010021686553955078
