num_events,utilization,reallocations,changes,failures,reallocated_prop,time_compute,time_apply,time_enum,time_search,time_pp
1,0.003532608695652174,1,0,0,0.0,0.03940224647521973,0.30289793014526367,9.965896606445312e-05,0.00013709068298339844,0.03916311264038086
