num_events,utilization,reallocations,changes,failures,reallocated_prop,time_compute,time_apply,time_enum,time_search,time_pp
1,1.0,25,29,0,0.36231884057971014,0.12629222869873047,0.6357476711273193,0.018200397491455078,0.09862160682678223,0.009467840194702148
