num_events,utilization,reallocations,changes,failures,reallocated_prop,time_compute,time_apply,time_enum,time_search,time_pp
1,0.3923913043478261,1,0,0,0.0,0.29329347610473633,0.30237650871276855,0.01822066307067871,0.2652158737182617,0.009854555130004883
