num_events,utilization,reallocations,changes,failures,reallocated_prop,time_compute,time_apply,time_enum,time_search,time_pp
1,1.0,27,48,0,0.07397260273972603,0.12855935096740723,0.5812082290649414,0.014739274978637695,0.1042027473449707,0.009615182876586914
