num_events,utilization,reallocations,changes,failures,reallocated_prop,time_compute,time_apply,time_enum,time_search,time_pp
1,0.7633152173913044,26,50,0,0.5909090909090909,0.011681318283081055,0.4748668670654297,0.0004971027374267578,0.0019342899322509766,0.009247303009033203
