num_events,utilization,reallocations,changes,failures,reallocated_prop,time_compute,time_apply,time_enum,time_search,time_pp
1,1.0,11,11,0,0.18333333333333332,0.13133549690246582,0.6272213459014893,0.01852583885192871,0.10320782661437988,0.009598731994628906
