num_events,utilization,reallocations,changes,failures,reallocated_prop,time_compute,time_apply,time_enum,time_search,time_pp
1,1.0,54,99,0,0.18430034129692832,0.11076617240905762,0.5775017738342285,0.01474761962890625,0.08590841293334961,0.010107755661010742
