num_events,utilization,reallocations,changes,failures,reallocated_prop,time_compute,time_apply,time_enum,time_search,time_pp
1,0.65,29,55,0,0.09897610921501707,0.01684737205505371,0.32903289794921875,0.0005471706390380859,0.006241321563720703,0.01005697250366211
