num_events,utilization,reallocations,changes,failures,reallocated_prop,time_compute,time_apply
1,0.6815217391304348,3,3,0,0.3333333333333333,0.012902975082397461,0.5121829509735107
