num_events,utilization,reallocations,changes,failures,reallocated_prop,time_compute,time_apply
1,0.7472826086956522,14,16,0,0.7647058823529411,0.009531736373901367,0.4858725070953369
