num_events,utilization,reallocations,changes,failures,reallocated_prop,time_compute,time_apply,time_enum,time_search,time_pp
1,0.6819972826086956,3,2,0,0.058823529411764705,0.03765082359313965,1.7920010089874268,9.989738464355469e-05,0.0005304813385009766,0.0370182991027832
