num_events,utilization,reallocations,changes,failures,reallocated_prop,time_compute,time_apply,time_enum,time_search,time_pp
1,0.3684782608695652,1,0,0,0.0,0.2773630619049072,0.2905607223510742,0.01832413673400879,0.24922490119934082,0.0098114013671875
