num_events,utilization,reallocations,changes,failures,reallocated_prop,time_compute,time_apply,time_enum,time_search,time_pp
1,0.45217391304347826,2,2,0,0.3333333333333333,0.07297015190124512,2.3425211906433105,0.0005128383636474609,0.0003345012664794922,0.07212042808532715
