num_events,utilization,reallocations,changes,failures,reallocated_prop,time_compute,time_apply,time_enum,time_search,time_pp
1,1.0,16,20,0,0.5,0.06319165229797363,0.5830864906311035,0.012728691101074219,0.04115891456604004,0.009301185607910156
