num_events,utilization,reallocations,changes,failures,reallocated_prop,time_compute,time_apply,time_enum,time_search,time_pp
1,1.0,5,9,0,0.22727272727272727,0.030298471450805664,0.5465459823608398,0.012747526168823242,0.008823156356811523,0.008726835250854492
