num_events,utilization,reallocations,changes,failures,reallocated_prop,time_compute,time_apply,time_enum,time_search,time_pp
1,0.65,31,75,0,0.3333333333333333,0.021039724349975586,0.6073331832885742,0.0004999637603759766,0.0021886825561523438,0.018349170684814453
