num_events,utilization,reallocations,changes,failures,reallocated_prop,time_compute,time_apply,time_enum,time_search,time_pp
1,0.75,1,0,0,0.0,0.028776168823242188,0.49012184143066406,0.014743804931640625,0.0046117305755615234,0.009419441223144531
