num_events,utilization,reallocations,changes,failures,reallocated_prop,time_compute,time_apply,time_enum,time_search,time_pp
1,1.0,75,135,0,0.16375545851528384,0.15430808067321777,0.5827357769012451,0.0148468017578125,0.1295490264892578,0.009909868240356445
