num_events,utilization,reallocations,changes,failures,reallocated_prop,time_compute,time_apply,time_enum,time_search,time_pp
1,0.1391304347826087,1,0,0,0.0,0.011033296585083008,0.11673116683959961,9.655952453613281e-05,0.0009565353393554688,0.009978532791137695
