num_events,utilization,reallocations,changes,failures,reallocated_prop,time_compute,time_apply,time_enum,time_search,time_pp
1,0.66796875,15,17,0,0.4827586206896552,0.06728959083557129,3.4204955101013184,3.457069396972656e-05,0.00020503997802734375,0.0670473575592041
