num_events,utilization,reallocations,changes,failures,reallocated_prop,time_compute,time_apply,time_enum,time_search,time_pp
1,0.6,3,4,0,0.3333333333333333,0.03704714775085449,1.1706509590148926,0.0004947185516357422,0.00035572052001953125,0.036194562911987305
