num_events,utilization,reallocations,changes,failures,reallocated_prop,time_compute,time_apply,time_enum,time_search,time_pp
1,0.11141304347826086,1,0,0,0.0,0.07364153861999512,0.6786408424377441,3.457069396972656e-05,0.00033354759216308594,0.07327151298522949
