num_events,utilization,reallocations,changes,failures,reallocated_prop,time_compute,time_apply,time_enum,time_search,time_pp
1,1.0,43,61,0,0.30935251798561153,0.06605911254882812,0.5840535163879395,0.014683723449707031,0.041587114334106445,0.009786128997802734
