num_events,utilization,reallocations,changes,failures,reallocated_prop,time_compute,time_apply,time_enum,time_search,time_pp
1,0.07934782608695652,1,0,0,0.0,0.013375997543334961,0.1265556812286377,0.00013327598571777344,0.0005931854248046875,0.012647867202758789
