num_events,utilization,reallocations,changes,failures,reallocated_prop,time_compute,time_apply,time_enum,time_search,time_pp
1,1.0,17,32,0,0.2328767123287671,0.04864048957824707,0.57059645652771,0.014811515808105469,0.02450704574584961,0.009319543838500977
