num_events,utilization,reallocations,changes,failures,reallocated_prop,time_compute,time_apply,time_enum,time_search,time_pp
1,0.65,67,119,0,0.2701612903225806,0.015343904495239258,0.3252594470977783,0.0004966259002685547,0.005209445953369141,0.009635210037231445
