num_events,utilization,reallocations,changes,failures,reallocated_prop,time_compute,time_apply
1,0.7194972826086956,23,24,0,0.7586206896551724,0.07371068000793457,3.9593441486358643
