num_events,utilization,reallocations,changes,failures,reallocated_prop,time_compute,time_apply,time_enum,time_search,time_pp
1,0.65,17,31,0,0.4146341463414634,0.010752201080322266,0.2977466583251953,0.0004904270172119141,0.0011746883392333984,0.00908517837524414
