num_events,utilization,reallocations,changes,failures,reallocated_prop,time_compute,time_apply,time_enum,time_search,time_pp
1,0.7567934782608695,26,31,0,0.17567567567567569,0.013897418975830078,0.47167277336120605,0.0005013942718505859,0.004069089889526367,0.009325027465820312
