num_events,utilization,reallocations,changes,failures,reallocated_prop,time_compute,time_apply,time_enum,time_search,time_pp
1,0.10543478260869565,1,0,0,0.0,0.011076688766479492,0.11330819129943848,8.296966552734375e-05,0.0006844997406005859,0.010308027267456055
