num_events,utilization,reallocations,changes,failures,reallocated_prop,time_compute,time_apply,time_enum,time_search,time_pp
1,1.0,5,9,0,0.22727272727272727,0.033637285232543945,0.5808136463165283,0.014684438705444336,0.009450197219848633,0.009500265121459961
