num_events,utilization,reallocations,changes,failures,reallocated_prop,time_compute,time_apply,time_enum,time_search,time_pp
1,0.6566576086956522,3,2,0,0.2222222222222222,0.07625627517700195,3.5482664108276367,0.00010824203491210938,0.00022530555725097656,0.07592034339904785
