num_events,utilization,reallocations,changes,failures,reallocated_prop,time_compute,time_apply,time_enum,time_search,time_pp
1,0.65,10,19,0,0.4166666666666667,0.07363176345825195,2.407322406768799,0.0005066394805908203,0.0007984638214111328,0.07232356071472168
