num_events,utilization,reallocations,changes,failures,reallocated_prop,time_compute,time_apply,time_enum,time_search,time_pp
1,0.6635190217391305,5,4,0,0.4,0.03873634338378906,1.7819502353668213,0.00010895729064941406,0.0002186298370361328,0.0384068489074707
