num_events,utilization,reallocations,changes,failures,reallocated_prop,time_compute,time_apply,time_enum,time_search,time_pp
1,0.30434782608695654,1,0,0,0.0,0.010843276977539062,0.16204619407653809,8.130073547363281e-05,0.0018124580383300781,0.008948087692260742
