num_events,utilization,reallocations,changes,failures,reallocated_prop,time_compute,time_apply,time_enum,time_search,time_pp
1,0.65,23,43,0,0.42592592592592593,0.011346101760864258,0.32479000091552734,0.0005075931549072266,0.0013892650604248047,0.009447574615478516
