num_events,utilization,reallocations,changes,failures,reallocated_prop,time_compute,time_apply,time_enum,time_search,time_pp
1,1.0,20,37,0,0.06389776357827476,0.11626172065734863,0.5699913501739502,0.014714956283569336,0.09171104431152344,0.009833335876464844
