num_events,utilization,reallocations,changes,failures,reallocated_prop,time_compute,time_apply,time_enum,time_search,time_pp
1,0.65,47,88,0,0.1950207468879668,0.015468120574951172,0.32469940185546875,0.0004999637603759766,0.005196809768676758,0.009768962860107422
