num_events,utilization,reallocations,changes,failures,reallocated_prop,time_compute,time_apply,time_enum,time_search,time_pp
1,0.005027173913043478,1,0,0,0.0,0.0763084888458252,0.59576416015625,9.775161743164062e-05,0.0003044605255126953,0.07590460777282715
