num_events,utilization,reallocations,changes,failures,reallocated_prop,time_compute,time_apply
1,0.7668478260869566,6,12,0,0.35294117647058826,0.021666765213012695,1.029344081878662
