num_events,utilization,reallocations,changes,failures,reallocated_prop,time_compute,time_apply,time_enum,time_search,time_pp
1,0.65,30,73,0,0.32967032967032966,0.012392282485961914,0.3055264949798584,0.0005328655242919922,0.002195596694946289,0.009661436080932617
