num_events,utilization,reallocations,changes,failures,reallocated_prop,time_compute,time_apply,time_enum,time_search,time_pp
1,0.08695652173913043,1,0,0,0.0,0.010146617889404297,0.10088086128234863,0.00010085105895996094,0.0006582736968994141,0.009385347366333008
