num_events,utilization,reallocations,changes,failures,reallocated_prop,time_compute,time_apply,time_enum,time_search,time_pp
1,0.0008152173913043478,1,0,0,0.0,0.07457375526428223,0.5887312889099121,0.00010085105895996094,8.177757263183594e-05,0.07438921928405762
