num_events,utilization,reallocations,changes,failures,reallocated_prop,time_compute,time_apply
1,0.9372282608695652,6,6,0,0.45454545454545453,0.06830286979675293,0.5548486709594727
