num_events,utilization,reallocations,changes,failures,reallocated_prop,time_compute,time_apply,time_enum,time_search,time_pp
1,0.043478260869565216,1,0,0,0.0,0.030666828155517578,0.14058685302734375,0.015258550643920898,0.005907297134399414,0.00949859619140625
