num_events,utilization,reallocations,changes,failures,reallocated_prop,time_compute,time_apply,time_enum,time_search,time_pp
1,0.6606317934782608,6,12,0,0.375,0.07184553146362305,3.5162570476531982,0.0004343986511230469,0.0010139942169189453,0.07039475440979004
