num_events,utilization,reallocations,changes,failures,reallocated_prop,time_compute,time_apply,time_enum,time_search,time_pp
1,0.07880434782608696,1,0,0,0.0,0.04425835609436035,0.3481740951538086,3.552436828613281e-05,0.00013208389282226562,0.04408836364746094
