num_events,utilization,reallocations,changes,failures,reallocated_prop,time_compute,time_apply,time_enum,time_search,time_pp
1,0.07336956521739131,1,0,0,0.0,0.07087898254394531,0.5729832649230957,2.8848648071289062e-05,0.00019550323486328125,0.07065272331237793
