num_events,utilization,reallocations,changes,failures,reallocated_prop,time_compute,time_apply,time_enum,time_search,time_pp
1,1.0,18,39,0,0.144,0.1121823787689209,0.643162727355957,0.014799118041992188,0.08778929710388184,0.009591102600097656
