num_events,utilization,reallocations,changes,failures,reallocated_prop,time_compute,time_apply,time_enum,time_search,time_pp
1,0.21739130434782608,1,0,0,0.0,0.03752756118774414,0.44649219512939453,3.4332275390625e-05,0.0003352165222167969,0.037155866622924805
