num_events,utilization,reallocations,changes,failures,reallocated_prop,time_compute,time_apply,time_enum,time_search,time_pp
1,1.0,12,15,0,0.2222222222222222,0.15824413299560547,0.6271710395812988,0.018552303314208984,0.13016891479492188,0.009519815444946289
