num_events,utilization,reallocations,changes,failures,reallocated_prop,time_compute,time_apply,time_enum,time_search,time_pp
1,0.65,21,51,0,0.3230769230769231,0.011667728424072266,0.3140108585357666,0.0005011558532714844,0.0015730857849121094,0.009592294692993164
