num_events,utilization,reallocations,changes,failures,reallocated_prop,time_compute,time_apply,time_enum,time_search,time_pp
1,0.65,41,84,0,0.24404761904761904,0.013862133026123047,0.32268571853637695,0.0005030632019042969,0.003686189651489258,0.009671211242675781
