num_events,utilization,reallocations,changes,failures,reallocated_prop,time_compute,time_apply,time_enum,time_search,time_pp
1,0.09782608695652174,1,0,0,0.0,0.010280609130859375,0.10661864280700684,9.918212890625e-05,0.0007233619689941406,0.009456157684326172
