num_events,utilization,reallocations,changes,failures,reallocated_prop,time_compute,time_apply,time_enum,time_search,time_pp
1,0.65,35,65,0,0.42168674698795183,0.020893096923828125,0.6059391498565674,0.0004940032958984375,0.0020084381103515625,0.018388748168945312
