num_events,utilization,reallocations,changes,failures,reallocated_prop,time_compute,time_apply,time_enum,time_search,time_pp
1,0.7567934782608695,54,97,0,0.391304347826087,0.013732194900512695,0.46182942390441895,0.0005054473876953125,0.0037353038787841797,0.009489297866821289
