num_events,utilization,reallocations,changes,failures,reallocated_prop,time_compute,time_apply,time_enum,time_search,time_pp
1,0.46956521739130436,2,1,0,0.3333333333333333,0.025522232055664062,0.4377882480621338,0.012095451354980469,0.0045702457427978516,0.00885462760925293
