num_events,utilization,reallocations,changes,failures,reallocated_prop,time_compute,time_apply,time_enum,time_search,time_pp
1,0.65,59,142,0,0.3241758241758242,0.013741493225097656,0.3143281936645508,0.0005068778991699219,0.003965139389038086,0.009267330169677734
