num_events,utilization,reallocations,changes,failures,reallocated_prop,time_compute,time_apply,time_enum,time_search,time_pp
1,0.025,1,0,0,0.0,0.019842147827148438,0.16169381141662598,9.918212890625e-05,0.0003762245178222656,0.019364118576049805
