num_events,utilization,reallocations,changes,failures,reallocated_prop,time_compute,time_apply,time_enum,time_search,time_pp
1,0.007065217391304348,1,0,0,0.0,0.036752939224243164,0.29108762741088867,0.00010013580322265625,0.0002315044403076172,0.03641915321350098
