num_events,utilization,reallocations,changes,failures,reallocated_prop,time_compute,time_apply,time_enum,time_search,time_pp
1,0.7369565217391304,5,4,0,0.36363636363636365,0.008840799331665039,0.4398338794708252,2.9087066650390625e-05,9.107589721679688e-05,0.008718729019165039
