num_events,utilization,reallocations,changes,failures,reallocated_prop,time_compute,time_apply,time_enum,time_search,time_pp
1,0.10760869565217392,1,0,0,0.0,0.010633468627929688,0.11396265029907227,8.368492126464844e-05,0.0006678104400634766,0.00988006591796875
