num_events,utilization,reallocations,changes,failures,reallocated_prop,time_compute,time_apply,time_enum,time_search,time_pp
1,0.65,29,46,0,0.07591623036649214,0.018266916275024414,0.3200557231903076,0.0005075931549072266,0.007841348648071289,0.009916067123413086
