num_events,utilization,reallocations,changes,failures,reallocated_prop,time_compute,time_apply,time_enum,time_search,time_pp
1,1.0,31,69,0,0.09627329192546584,0.1190023422241211,0.5905008316040039,0.01488947868347168,0.09427666664123535,0.009834051132202148
