num_events,utilization,reallocations,changes,failures,reallocated_prop,time_compute,time_apply
1,0.9059782608695652,24,46,0,0.43636363636363634,0.013617277145385742,0.5578043460845947
