num_events,utilization,reallocations,changes,failures,reallocated_prop,time_compute,time_apply,time_enum,time_search,time_pp
1,1.0,33,74,0,0.3,0.10892653465270996,0.6542282104492188,0.014653682708740234,0.0845646858215332,0.009704828262329102
