num_events,utilization,reallocations,changes,failures,reallocated_prop,time_compute,time_apply,time_enum,time_search,time_pp
1,0.65,99,237,0,0.28285714285714286,0.01760244369506836,0.33292198181152344,0.0005028247833251953,0.0072519779205322266,0.009845495223999023
