num_events,utilization,reallocations,changes,failures,reallocated_prop,time_compute,time_apply,time_enum,time_search,time_pp
1,0.65,96,225,0,0.20689655172413793,0.020131826400756836,0.3464844226837158,0.0005099773406982422,0.00945901870727539,0.010161161422729492
