num_events,utilization,reallocations,changes,failures,reallocated_prop,time_compute,time_apply,time_enum,time_search,time_pp
1,0.65,25,35,0,0.20161290322580644,0.013354301452636719,0.3141934871673584,0.0005385875701904297,0.002775907516479492,0.010037422180175781
