num_events,utilization,reallocations,changes,failures,reallocated_prop,time_compute,time_apply,time_enum,time_search,time_pp
1,1.0,23,69,0,0.125,0.08305931091308594,0.5814738273620605,0.015231847763061523,0.058049678802490234,0.009775876998901367
