num_events,utilization,reallocations,changes,failures,reallocated_prop,time_compute,time_apply,time_enum,time_search,time_pp
1,0.04076086956521739,1,0,0,0.0,0.07358217239379883,0.5198113918304443,3.337860107421875e-05,0.0001308917999267578,0.07341623306274414
