num_events,utilization,reallocations,changes,failures,reallocated_prop,time_compute,time_apply,time_enum,time_search,time_pp
1,0.32717391304347826,1,0,0,0.0,0.011160850524902344,0.16886186599731445,8.082389831542969e-05,0.0019278526306152344,0.009150505065917969
