num_events,utilization,reallocations,changes,failures,reallocated_prop,time_compute,time_apply,time_enum,time_search,time_pp
1,0.15217391304347827,1,0,0,0.0,0.03677773475646973,0.3849925994873047,3.4809112548828125e-05,0.00023221969604492188,0.03650856018066406
