num_events,utilization,reallocations,changes,failures,reallocated_prop,time_compute,time_apply,time_enum,time_search,time_pp
1,1.0,77,85,0,0.15587044534412955,0.16692471504211426,0.5889320373535156,0.015024423599243164,0.1414637565612793,0.010434150695800781
