num_events,utilization,reallocations,changes,failures,reallocated_prop,time_compute,time_apply,time_enum
1,0.29347826086956524,1,0,0,0.0,0.010297298431396484,0.20032072067260742,0.00015282630920410156
