num_events,utilization,reallocations,changes,failures,reallocated_prop,time_compute,time_apply,time_enum,time_search,time_pp
1,0.65,57,94,0,0.2864321608040201,0.013907670974731445,0.308788537979126,0.0005166530609130859,0.004061460494995117,0.009328365325927734
