num_events,utilization,reallocations,changes,failures,reallocated_prop,time_compute,time_apply,time_enum,time_search,time_pp
1,0.45754076086956524,2,1,0,0.3333333333333333,0.03414320945739746,1.3510477542877197,8.511543273925781e-05,0.00010633468627929688,0.033949851989746094
