num_events,utilization,reallocations,changes,failures,reallocated_prop,time_compute,time_apply
1,0.9059782608695652,42,62,0,0.5454545454545454,0.015145301818847656,0.5712902545928955
