num_events,utilization,reallocations,changes,failures,reallocated_prop,time_compute,time_apply,time_enum,time_search,time_pp
1,0.1358695652173913,1,0,0,0.0,0.01872563362121582,0.181471586227417,3.314018249511719e-05,0.00013709068298339844,0.01855301856994629
