num_events,utilization,reallocations,changes,failures,reallocated_prop,time_compute,time_apply,time_enum,time_search,time_pp
1,0.017391304347826087,1,0,0,0.0,0.018869876861572266,0.14908170700073242,0.00011467933654785156,0.00029754638671875,0.018456220626831055
