num_events,utilization,reallocations,changes,failures,reallocated_prop,time_compute,time_apply,time_enum,time_search,time_pp
1,0.65,10,19,0,0.38461538461538464,0.07348942756652832,2.3931291103363037,0.0004999637603759766,0.0008599758148193359,0.07212662696838379
