num_events,utilization,reallocations,changes,failures,reallocated_prop,time_compute,time_apply,time_enum,time_search,time_pp
1,0.6600203804347826,10,9,0,0.45,0.07453560829162598,3.5307793617248535,0.00010228157043457031,0.0004513263702392578,0.07397961616516113
