num_events,utilization,reallocations,changes,failures,reallocated_prop,time_compute,time_apply,time_enum,time_search,time_pp
1,0.5413043478260869,1,0,0,0.0,0.38747286796569824,0.36137962341308594,0.017576932907104492,0.3602263927459717,0.009667634963989258
