num_events,utilization,reallocations,changes,failures,reallocated_prop,time_compute,time_apply,time_enum,time_search,time_pp
1,0.6794836956521739,4,10,0,0.2857142857142857,0.02048778533935547,0.9062798023223877,0.0006146430969238281,0.0009622573852539062,0.018908977508544922
