num_events,utilization,reallocations,changes,failures,reallocated_prop,time_compute,time_apply,time_enum,time_search,time_pp
1,1.0,38,70,0,0.1630901287553648,0.09686565399169922,0.573796272277832,0.0157468318939209,0.07150697708129883,0.009609222412109375
