num_events,utilization,reallocations,changes,failures,reallocated_prop,time_compute,time_apply,time_enum,time_search,time_pp
1,0.65,28,68,0,0.32941176470588235,0.08176374435424805,2.470659017562866,0.0005335807800292969,0.0022962093353271484,0.07893109321594238
