num_events,utilization,reallocations,changes,failures,reallocated_prop,time_compute,time_apply
1,0.878804347826087,23,25,0,0.7096774193548387,0.009751319885253906,0.5450012683868408
