num_events,utilization,reallocations,changes,failures,reallocated_prop,time_compute,time_apply,time_enum,time_search,time_pp
1,1.0,23,69,0,0.062162162162162166,0.13033795356750488,0.5998945236206055,0.01477670669555664,0.1057431697845459,0.009815692901611328
