num_events,utilization,reallocations,changes,failures,reallocated_prop,time_compute,time_apply,time_enum,time_search,time_pp
1,0.65,44,54,0,0.15658362989323843,0.016324996948242188,0.32407116889953613,0.0005161762237548828,0.005944490432739258,0.009862184524536133
