num_events,utilization,reallocations,changes,failures,reallocated_prop,time_compute,time_apply,time_enum,time_search,time_pp
1,0.65,22,41,0,0.41509433962264153,0.011240720748901367,0.3132481575012207,0.0005052089691162109,0.0014126300811767578,0.009320974349975586
