num_events,utilization,reallocations,changes,failures,reallocated_prop,time_compute,time_apply,time_enum,time_search,time_pp
1,1.0,39,95,0,0.2826086956521739,0.10593533515930176,0.6444010734558105,0.014583587646484375,0.08173179626464844,0.009617090225219727
