num_events,utilization,reallocations,changes,failures,reallocated_prop,time_compute,time_apply,time_enum,time_search,time_pp
1,0.65,89,166,0,0.21140142517814728,0.019331932067871094,0.3352668285369873,0.0005137920379638672,0.008833885192871094,0.009982109069824219
