num_events,utilization,reallocations,changes,failures,reallocated_prop,time_compute,time_apply,time_enum,time_search,time_pp
1,1.0,15,21,0,0.5,0.05564117431640625,0.5523462295532227,0.012732982635498047,0.03409242630004883,0.008813142776489258
