num_events,utilization,reallocations,changes,failures,reallocated_prop,time_compute,time_apply,time_enum,time_search,time_pp
1,1.0,27,81,0,0.09310344827586207,0.11017608642578125,0.5916609764099121,0.014777898788452148,0.08563661575317383,0.009759187698364258
