num_events,utilization,reallocations,changes,failures,reallocated_prop,time_compute,time_apply
1,0.9059782608695652,54,71,0,0.4864864864864865,0.015088796615600586,0.5722010135650635
