num_events,utilization,reallocations,changes,failures,reallocated_prop,time_compute,time_apply,time_enum,time_search,time_pp
1,0.26521739130434785,1,0,0,0.0,0.011247634887695312,0.15895843505859375,9.465217590332031e-05,0.0017328262329101562,0.009418964385986328
