num_events,utilization,reallocations,changes,failures,reallocated_prop,time_compute,time_apply,time_enum,time_search,time_pp
1,0.10760869565217392,1,0,0,0.0,0.009861469268798828,0.10495710372924805,9.822845458984375e-05,0.0006890296936035156,0.009060382843017578
