num_events,utilization,reallocations,changes,failures,reallocated_prop,time_compute,time_apply,time_enum
1,0.18478260869565216,1,0,0,0.0,0.00933384895324707,0.15845775604248047,0.00011420249938964844
