num_events,utilization,reallocations,changes,failures,reallocated_prop,time_compute,time_apply,time_enum,time_search,time_pp
1,0.08260869565217391,1,0,0,0.0,0.010714292526245117,0.1043550968170166,0.00010418891906738281,0.0006308555603027344,0.009977579116821289
