num_events,utilization,reallocations,changes,failures,reallocated_prop,time_compute,time_apply,time_enum,time_search,time_pp
1,0.009510869565217392,1,0,0,0.0,0.03640580177307129,0.2918713092803955,9.703636169433594e-05,0.00028967857360839844,0.03601717948913574
