num_events,utilization,reallocations,changes,failures,reallocated_prop,time_compute,time_apply,time_enum,time_search,time_pp
1,1.0,5,7,0,0.5,0.05322146415710449,0.5942521095275879,0.0186309814453125,0.025505542755126953,0.009082555770874023
