num_events,utilization,reallocations,changes,failures,reallocated_prop,time_compute,time_apply,time_enum,time_search,time_pp
1,1.0,2,3,0,0.2,0.02677011489868164,0.5586614608764648,0.01245427131652832,0.005626678466796875,0.008688211441040039
