num_events,utilization,reallocations,changes,failures,reallocated_prop,time_compute,time_apply,time_enum
1,0.2717391304347826,1,0,0,0.0,0.010431528091430664,0.1915111541748047,0.00014972686767578125
