num_events,utilization,reallocations,changes,failures,reallocated_prop,time_compute,time_apply,time_enum
1,0.34782608695652173,1,0,0,0.0,0.06171011924743652,0.26422882080078125,0.018120527267456055
