num_events,utilization,reallocations,changes,failures,reallocated_prop,time_compute,time_apply,time_enum,time_search,time_pp
1,0.04619565217391304,1,0,0,0.0,0.0366978645324707,0.2665443420410156,3.3855438232421875e-05,7.939338684082031e-05,0.03658294677734375
