num_events,utilization,reallocations,changes,failures,reallocated_prop,time_compute,time_apply,time_enum,time_search,time_pp
1,1.0,71,129,0,0.15673289183222958,0.15345120429992676,0.591698408126831,0.014765739440917969,0.12865734100341797,0.010025739669799805
