num_events,utilization,reallocations,changes,failures,reallocated_prop,time_compute,time_apply,time_enum,time_search,time_pp
1,0.65,4,7,0,0.4,0.037575483322143555,1.2409982681274414,0.0005321502685546875,0.00045371055603027344,0.03658723831176758
