num_events,utilization,reallocations,changes,failures,reallocated_prop,time_compute,time_apply,time_enum,time_search,time_pp
1,0.65,54,84,0,0.13670886075949368,0.01842021942138672,0.32565999031066895,0.0005085468292236328,0.008082866668701172,0.009826898574829102
