num_events,utilization,reallocations,changes,failures,reallocated_prop,time_compute,time_apply,time_enum,time_search,time_pp
1,1.0,25,45,0,0.07861635220125786,0.12393379211425781,0.5856521129608154,0.016097068786621094,0.09761595726013184,0.010218381881713867
