num_events,utilization,reallocations,changes,failures,reallocated_prop,time_compute,time_apply,time_enum,time_search,time_pp
1,0.65,84,189,0,0.18666666666666668,0.019828319549560547,0.3397505283355713,0.000499725341796875,0.009093523025512695,0.010233163833618164
