num_events,utilization,reallocations,changes,failures,reallocated_prop,time_compute,time_apply,time_enum,time_search,time_pp
1,0.6902853260869565,10,23,0,0.30303030303030304,0.03839230537414551,1.8092422485351562,0.0005238056182861328,0.002000570297241211,0.03586578369140625
