num_events,utilization,reallocations,changes,failures,reallocated_prop,time_compute,time_apply,time_enum,time_search,time_pp
1,0.758695652173913,16,15,0,0.5172413793103449,0.009781837463378906,0.47119832038879395,9.822845458984375e-05,0.00043272972106933594,0.009248971939086914
