num_events,utilization,reallocations,changes,failures,reallocated_prop,time_compute,time_apply,time_enum,time_search,time_pp
1,0.16304347826086957,1,0,0,0.0,0.010619163513183594,0.09260821342468262,5.2928924560546875e-05,0.00012159347534179688,0.010429143905639648
