num_events,utilization,reallocations,changes,failures,reallocated_prop,time_compute,time_apply,time_enum,time_search,time_pp
1,0.65,14,34,0,0.3181818181818182,0.019962310791015625,0.6021780967712402,0.0005025863647460938,0.0011873245239257812,0.018270254135131836
