num_events,utilization,reallocations,changes,failures,reallocated_prop,time_compute,time_apply,time_enum,time_search,time_pp
1,0.06086956521739131,1,0,0,0.0,0.07143831253051758,0.1563892364501953,0.01819014549255371,0.04393148422241211,0.009314775466918945
