num_events,utilization,reallocations,changes,failures,reallocated_prop,time_compute,time_apply,time_enum,time_search,time_pp
1,0.7275815217391305,10,10,0,0.36,0.017765045166015625,0.9097392559051514,3.457069396972656e-05,0.0001876354217529297,0.017540693283081055
