num_events,utilization,reallocations,changes,failures,reallocated_prop,time_compute,time_apply,time_enum,time_search,time_pp
1,0.39565217391304347,1,0,0,0.0,0.2984893321990967,0.3021843433380127,0.021526336669921875,0.26711130142211914,0.009849071502685547
