num_events,utilization,reallocations,changes,failures,reallocated_prop,time_compute,time_apply,time_enum,time_search,time_pp
1,0.5567934782608696,4,3,0,0.6,0.03631424903869629,1.604550838470459,9.679794311523438e-05,0.0001685619354248047,0.036046743392944336
