num_events,utilization,reallocations,changes,failures,reallocated_prop,time_compute,time_apply
1,0.745991847826087,8,9,0,0.3181818181818182,0.037549495697021484,2.0176565647125244
