num_events,utilization,reallocations,changes,failures,reallocated_prop,time_compute,time_apply,time_enum,time_search,time_pp
1,0.65,35,61,0,0.20958083832335328,0.013545036315917969,0.3143007755279541,0.0005574226379394531,0.003520965576171875,0.009464740753173828
