num_events,utilization,reallocations,changes,failures,reallocated_prop,time_compute,time_apply,time_enum
1,0.14130434782608695,1,0,0,0.0,0.010207414627075195,0.14575576782226562,0.00014543533325195312
