num_events,utilization,reallocations,changes,failures,reallocated_prop,time_compute,time_apply
1,0.9016304347826087,44,66,0,0.2894736842105263,0.016915082931518555,0.5762934684753418
