num_events,utilization,reallocations,changes,failures,reallocated_prop,time_compute,time_apply
1,0.7604619565217391,17,18,0,0.6666666666666666,0.018778085708618164,1.0248939990997314
