num_events,utilization,reallocations,changes,failures,reallocated_prop,time_compute,time_apply
1,0.8105978260869565,8,14,0,0.4444444444444444,0.011859416961669922,0.5285618305206299
