num_events,utilization,reallocations,changes,failures,reallocated_prop,time_compute,time_apply
1,0.7760869565217391,4,6,0,0.36363636363636365,0.011949539184570312,0.5018455982208252
