num_events,utilization,reallocations,changes,failures,reallocated_prop,time_compute,time_apply,time_enum,time_search,time_pp
1,1.0,5,5,0,0.625,0.04181385040283203,0.5690138339996338,0.017758846282958984,0.015282154083251953,0.008770942687988281
