num_events,utilization,reallocations,changes,failures,reallocated_prop,time_compute,time_apply,time_enum,time_search,time_pp
1,0.65,56,90,0,0.14105793450881612,0.018571138381958008,0.3251681327819824,0.0004987716674804688,0.008123636245727539,0.009946584701538086
