num_events,utilization,reallocations,changes,failures,reallocated_prop,time_compute,time_apply,time_enum,time_search,time_pp
1,0.09239130434782608,1,0,0,0.0,0.036905527114868164,0.3162689208984375,3.4332275390625e-05,0.00014591217041015625,0.03672313690185547
