num_events,utilization,reallocations,changes,failures,reallocated_prop,time_compute,time_apply,time_enum,time_search,time_pp
1,1.0,16,48,0,0.06956521739130435,0.09291338920593262,0.6119921207427979,0.014746665954589844,0.06825613975524902,0.009907960891723633
