num_events,utilization,reallocations,changes,failures,reallocated_prop,time_compute,time_apply,time_enum,time_search,time_pp
1,0.075,1,0,0,0.0,0.012212991714477539,0.10944366455078125,9.584426879882812e-05,0.0005602836608886719,0.011554718017578125
