num_events,utilization,reallocations,changes,failures,reallocated_prop,time_compute,time_apply,time_enum,time_search,time_pp
1,0.002173913043478261,1,0,0,0.0,0.01029658317565918,0.07857084274291992,0.0001163482666015625,5.698204040527344e-05,0.010121345520019531
