num_events,utilization,reallocations,changes,failures,reallocated_prop,time_compute,time_apply,time_enum,time_search,time_pp
1,0.32282608695652176,1,0,0,0.0,0.24671173095703125,0.2628943920135498,0.01786017417907715,0.21957659721374512,0.009273767471313477
