num_events,utilization,reallocations,changes,failures,reallocated_prop,time_compute,time_apply,time_enum,time_search,time_pp
1,0.65,45,109,0,0.3333333333333333,0.013396024703979492,0.32227253913879395,0.0005450248718261719,0.0030107498168945312,0.009838342666625977
