num_events,utilization,reallocations,changes,failures,reallocated_prop,time_compute,time_apply,time_enum,time_search,time_pp
1,0.013315217391304347,1,0,0,0.0,0.037267446517944336,0.3011012077331543,0.00010037422180175781,0.0004088878631591797,0.03675651550292969
