num_events,utilization,reallocations,changes,failures,reallocated_prop,time_compute,time_apply,time_enum,time_search,time_pp
1,0.7633152173913044,27,41,0,0.2076923076923077,0.013498783111572266,0.47288990020751953,0.0004954338073730469,0.003679513931274414,0.009322166442871094
