num_events,utilization,reallocations,changes,failures,reallocated_prop,time_compute,time_apply,time_enum,time_search,time_pp
1,0.46304347826086956,1,0,0,0.0,0.34992456436157227,0.3375365734100342,0.018326997756958008,0.321347713470459,0.010245800018310547
