num_events,utilization,reallocations,changes,failures,reallocated_prop,time_compute,time_apply
1,0.7114809782608695,5,4,0,0.36363636363636365,0.03574347496032715,1.89137601852417
