num_events,utilization,reallocations,changes,failures,reallocated_prop,time_compute,time_apply,time_enum,time_search,time_pp
1,0.035326086956521736,1,0,0,0.0,0.03499913215637207,0.24135971069335938,3.361701965332031e-05,6.341934204101562e-05,0.034900665283203125
