num_events,utilization,reallocations,changes,failures,reallocated_prop,time_compute,time_apply
1,0.8048913043478261,8,7,0,0.30434782608695654,0.01012110710144043,0.519899845123291
