num_events,utilization,reallocations,changes,failures,reallocated_prop,time_compute,time_apply,time_enum,time_search,time_pp
1,0.65,45,80,0,0.15151515151515152,0.016607284545898438,0.32540130615234375,0.0005061626434326172,0.0063741207122802734,0.00972437858581543
