num_events,utilization,reallocations,changes,failures,reallocated_prop,time_compute,time_apply
1,0.7402853260869565,14,14,0,0.6190476190476191,0.03782320022583008,2.0157630443573
