num_events,utilization,reallocations,changes,failures,reallocated_prop,time_compute,time_apply,time_enum,time_search,time_pp
1,0.4108695652173913,1,0,0,0.0,0.3097233772277832,0.31346583366394043,0.018284082412719727,0.28146958351135254,0.009967565536499023
