num_events,utilization,reallocations,changes,failures,reallocated_prop,time_compute,time_apply,time_enum,time_search,time_pp
1,0.65,63,130,0,0.20388349514563106,0.01712346076965332,0.3281996250152588,0.000507354736328125,0.006381988525390625,0.010231733322143555
