num_events,utilization,reallocations,changes,failures,reallocated_prop,time_compute,time_apply,time_enum,time_search,time_pp
1,0.10652173913043478,1,0,0,0.0,0.10294103622436523,0.16863250732421875,0.018153905868530273,0.07557320594787598,0.009211540222167969
