num_events,utilization,reallocations,changes,failures,reallocated_prop,time_compute,time_apply,time_enum,time_search,time_pp
1,1.0,54,90,0,0.18493150684931506,0.11170029640197754,0.5889203548431396,0.014842510223388672,0.08693504333496094,0.009920835494995117
