num_events,utilization,reallocations,changes,failures,reallocated_prop,time_compute,time_apply,time_enum,time_search,time_pp
1,0.31630434782608696,1,0,0,0.0,0.010960102081298828,0.16391921043395996,7.939338684082031e-05,0.0018558502197265625,0.009023427963256836
