num_events,utilization,reallocations,changes,failures,reallocated_prop,time_compute,time_apply,time_enum,time_search,time_pp
1,0.029347826086956522,1,0,0,0.0,0.010026216506958008,0.08170795440673828,9.322166442871094e-05,0.00023102760314941406,0.00970005989074707
