num_events,utilization,reallocations,changes,failures,reallocated_prop,time_compute,time_apply,time_enum,time_search,time_pp
1,0.6916440217391304,10,9,0,0.3333333333333333,0.03715682029724121,1.8072595596313477,9.846687316894531e-05,0.0005731582641601562,0.036481380462646484
