num_events,utilization,reallocations,changes,failures,reallocated_prop,time_compute,time_apply,time_enum,time_search,time_pp
1,0.65,17,31,0,0.425,0.036286115646362305,1.1619794368743896,0.0004911422729492188,0.0010223388671875,0.034770965576171875
