num_events,utilization,reallocations,changes,failures,reallocated_prop,time_compute,time_apply
1,0.8644021739130435,10,15,0,0.38461538461538464,0.012305259704589844,0.5551221370697021
