num_events,utilization,reallocations,changes,failures,reallocated_prop,time_compute,time_apply
1,0.7199728260869566,3,6,0,0.3333333333333333,0.020715713500976562,0.948401927947998
