num_events,utilization,reallocations,changes,failures,reallocated_prop,time_compute,time_apply
1,0.7391304347826086,21,22,0,0.6666666666666666,0.03681159019470215,2.016849994659424
