num_events,utilization,reallocations,changes,failures,reallocated_prop,time_compute,time_apply,time_enum,time_search,time_pp
1,0.6,3,4,0,0.3333333333333333,0.01892709732055664,0.5841596126556396,0.0005340576171875,0.0003578662872314453,0.018033266067504883
