num_events,utilization,reallocations,changes,failures,reallocated_prop,time_compute,time_apply
1,0.7200407608695653,12,13,0,0.7857142857142857,0.036321163177490234,1.9374244213104248
