num_events,utilization,reallocations,changes,failures,reallocated_prop,time_compute,time_apply,time_enum,time_search,time_pp
1,1.0,77,85,0,0.15618661257606492,0.16679072380065918,0.5909357070922852,0.014714241027832031,0.14191126823425293,0.010163307189941406
