num_events,utilization,reallocations,changes,failures,reallocated_prop,time_compute,time_apply,time_enum,time_search,time_pp
1,1.0,80,180,0,0.19656019656019655,0.14129972457885742,0.5925583839416504,0.014755964279174805,0.11665177345275879,0.00988912582397461
