num_events,utilization,reallocations,changes,failures,reallocated_prop,time_compute,time_apply,time_enum,time_search,time_pp
1,1.0,47,59,0,0.15309446254071662,0.11547327041625977,0.6014621257781982,0.014672994613647461,0.09106874465942383,0.009729623794555664
