num_events,utilization,reallocations,changes,failures,reallocated_prop,time_compute,time_apply,time_enum,time_search,time_pp
1,0.6827445652173914,4,7,0,0.36363636363636365,0.01995992660522461,0.9331328868865967,0.0005609989166259766,0.0008978843688964844,0.018499135971069336
