num_events,utilization,reallocations,changes,failures,reallocated_prop,time_compute,time_apply
1,0.9146739130434782,55,125,0,0.39855072463768115,0.015837430953979492,0.5872433185577393
