num_events,utilization,reallocations,changes,failures,reallocated_prop,time_compute,time_apply,time_enum,time_search,time_pp
1,0.6470108695652174,4,3,0,0.5,0.009474039077758789,0.44152307510375977,3.4332275390625e-05,6.818771362304688e-05,0.009369134902954102
