num_events,utilization,reallocations,changes,failures,reallocated_prop,time_compute,time_apply,time_enum,time_search,time_pp
1,0.00923913043478261,1,0,0,0.0,0.037871360778808594,0.30627942085266113,9.822845458984375e-05,0.0002894401550292969,0.03748178482055664
