num_events,utilization,reallocations,changes,failures,reallocated_prop,time_compute,time_apply,time_enum,time_search,time_pp
1,0.25,1,0,0,0.0,0.04138898849487305,0.2195901870727539,0.01283121109008789,0.01914072036743164,0.0094146728515625
