num_events,utilization,reallocations,changes,failures,reallocated_prop,time_compute,time_apply,time_enum,time_search,time_pp
1,0.0391304347826087,1,0,0,0.0,0.009631872177124023,0.08342218399047852,9.489059448242188e-05,0.00029277801513671875,0.009242534637451172
