num_events,utilization,reallocations,changes,failures,reallocated_prop,time_compute,time_apply,time_enum,time_search,time_pp
1,0.65,154,291,0,0.3162217659137577,0.01965641975402832,0.34397411346435547,0.0004992485046386719,0.009633541107177734,0.009508848190307617
