num_events,utilization,reallocations,changes,failures,reallocated_prop,time_compute,time_apply,time_enum,time_search,time_pp
1,0.65,22,41,0,0.4230769230769231,0.011242151260375977,0.3133265972137451,0.000507354736328125,0.00133514404296875,0.009398460388183594
