num_events,utilization,reallocations,changes,failures,reallocated_prop,time_compute,time_apply,time_enum,time_search,time_pp
1,0.6595448369565218,7,12,0,0.4666666666666667,0.07353949546813965,3.554410696029663,0.0005142688751220703,0.0010581016540527344,0.07196426391601562
