num_events,utilization,reallocations,changes,failures,reallocated_prop,time_compute,time_apply,time_enum,time_search,time_pp
1,0.6054347826086957,4,3,0,0.5,0.03576827049255371,1.7041294574737549,9.894371032714844e-05,0.00010013580322265625,0.035567283630371094
