num_events,utilization,reallocations,changes,failures,reallocated_prop,time_compute,time_apply,time_enum,time_search,time_pp
1,0.010869565217391304,1,0,0,0.0,0.03604841232299805,0.22132396697998047,2.9087066650390625e-05,2.9325485229492188e-05,0.03598785400390625
