num_events,utilization,reallocations,changes,failures,reallocated_prop,time_compute,time_apply,time_enum,time_search,time_pp
1,1.0,34,99,0,0.15246636771300448,0.0930778980255127,0.593085765838623,0.014620542526245117,0.06834793090820312,0.010107278823852539
