num_events,utilization,reallocations,changes,failures,reallocated_prop,time_compute,time_apply,time_enum,time_search,time_pp
1,1.0,6,18,0,0.012096774193548387,0.1711273193359375,0.576460599899292,0.014950275421142578,0.14628863334655762,0.00988626480102539
