num_events,utilization,reallocations,changes,failures,reallocated_prop,time_compute,time_apply,time_enum,time_search,time_pp
1,0.011956521739130435,1,0,0,0.0,0.0180966854095459,0.14726901054382324,8.344650268554688e-05,0.00016760826110839844,0.017844438552856445
