num_events,utilization,reallocations,changes,failures,reallocated_prop,time_compute,time_apply,time_enum,time_search,time_pp
1,0.6910326086956522,5,4,0,0.3333333333333333,0.010527372360229492,0.4964785575866699,0.00010609626770019531,0.00021314620971679688,0.010206222534179688
