num_events,utilization,reallocations,changes,failures,reallocated_prop,time_compute,time_apply,time_enum,time_search,time_pp
1,0.65,33,59,0,0.08571428571428572,0.01851058006286621,0.3293290138244629,0.0005114078521728516,0.008010149002075195,0.009987354278564453
