num_events,utilization,reallocations,changes,failures,reallocated_prop,time_compute,time_apply,time_enum,time_search,time_pp
1,0.65,35,65,0,0.42168674698795183,0.03870058059692383,1.1860928535461426,0.0004968643188476562,0.001962900161743164,0.0362391471862793
