num_events,utilization,reallocations,changes,failures,reallocated_prop,time_compute,time_apply,time_enum,time_search,time_pp
1,0.5163043478260869,1,0,0,0.0,0.38038086891174316,0.35682082176208496,0.018327713012695312,0.35201334953308105,0.010037899017333984
