num_events,utilization,reallocations,changes,failures,reallocated_prop,time_compute,time_apply,time_enum,time_search,time_pp
1,0.65,7,12,0,0.4117647058823529,0.037925004959106445,1.1965656280517578,0.0004961490631103516,0.0006310939788818359,0.036795616149902344
