num_events,utilization,reallocations,changes,failures,reallocated_prop,time_compute,time_apply,time_enum,time_search,time_pp
1,1.0,19,54,0,0.15447154471544716,0.0645132064819336,0.5917525291442871,0.015319108963012695,0.03892326354980469,0.010268926620483398
