num_events,utilization,reallocations,changes,failures,reallocated_prop,time_compute,time_apply,time_enum,time_search,time_pp
1,0.1815217391304348,1,0,0,0.0,0.1581897735595703,0.20966482162475586,0.021587371826171875,0.12715458869934082,0.009444713592529297
