num_events,utilization,reallocations,changes,failures,reallocated_prop,time_compute,time_apply,time_enum,time_search,time_pp
1,0.007880434782608695,1,0,0,0.0,0.08033466339111328,0.6114509105682373,9.870529174804688e-05,0.0004863739013671875,0.07974648475646973
