num_events,utilization,reallocations,changes,failures,reallocated_prop,time_compute,time_apply,time_enum,time_search,time_pp
1,0.034782608695652174,1,0,0,0.0,0.010408639907836914,0.08665037155151367,0.00010585784912109375,0.00028395652770996094,0.010017156600952148
