num_events,utilization,reallocations,changes,failures,reallocated_prop,time_compute,time_apply
1,0.9059782608695652,30,51,0,0.5769230769230769,0.013436317443847656,0.5538208484649658
