num_events,utilization,reallocations,changes,failures,reallocated_prop,time_compute,time_apply,time_enum,time_search,time_pp
1,0.28152173913043477,1,0,0,0.0,0.011577367782592773,0.1639537811279297,9.5367431640625e-05,0.0018093585968017578,0.00967097282409668
