num_events,utilization,reallocations,changes,failures,reallocated_prop,time_compute,time_apply,time_enum,time_search,time_pp
1,0.30869565217391304,1,0,0,0.0,0.01261138916015625,0.17087411880493164,9.489059448242188e-05,0.0019850730895996094,0.010530233383178711
