num_events,utilization,reallocations,changes,failures,reallocated_prop,time_compute,time_apply,time_enum,time_search,time_pp
1,0.3184782608695652,1,0,0,0.0,0.2375471591949463,0.2568032741546631,0.017817974090576172,0.21050238609313965,0.009224891662597656
