num_events,utilization,reallocations,changes,failures,reallocated_prop,time_compute,time_apply,time_enum,time_search,time_pp
1,0.5657608695652174,3,2,0,0.4,0.00921940803527832,0.39379310607910156,3.3855438232421875e-05,2.9802322387695312e-05,0.009154081344604492
