num_events,utilization,reallocations,changes,failures,reallocated_prop,time_compute,time_apply,time_enum,time_search,time_pp
1,0.65,76,149,0,0.2324159021406728,0.017200469970703125,0.3310201168060303,0.0005078315734863281,0.006830453872680664,0.009859323501586914
