num_events,utilization,reallocations,changes,failures,reallocated_prop,time_compute,time_apply,time_enum,time_search,time_pp
1,1.0,13,36,0,0.15476190476190477,0.0512843132019043,0.5776915550231934,0.014793157577514648,0.027012109756469727,0.009478092193603516
