num_events,utilization,reallocations,changes,failures,reallocated_prop,time_compute,time_apply,time_enum,time_search,time_pp
1,0.65,4,10,0,0.2857142857142857,0.009998083114624023,0.294849157333374,0.0004601478576660156,0.00046515464782714844,0.009070873260498047
