num_events,utilization,reallocations,changes,failures,reallocated_prop,time_compute,time_apply,time_enum,time_search,time_pp
1,0.65,54,119,0,0.21862348178137653,0.01562047004699707,0.3252272605895996,0.0005037784576416016,0.0052642822265625,0.009850502014160156
