num_events,utilization,reallocations,changes,failures,reallocated_prop,time_compute,time_apply,time_enum,time_search,time_pp
1,0.35978260869565215,1,0,0,0.0,0.2675614356994629,0.2781400680541992,0.01789402961730957,0.24024629592895508,0.00941920280456543
