num_events,utilization,reallocations,changes,failures,reallocated_prop,time_compute,time_apply,time_enum,time_search,time_pp
1,0.6910326086956522,4,7,0,0.4,0.010742664337158203,0.46847987174987793,0.0005352497100830078,0.0007588863372802734,0.009447097778320312
