num_events,utilization,reallocations,changes,failures,reallocated_prop,time_compute,time_apply,time_enum,time_search,time_pp
1,1.0,13,16,0,0.5652173913043478,0.047598838806152344,0.5739181041717529,0.01246500015258789,0.026369333267211914,0.008761882781982422
