num_events,utilization,reallocations,changes,failures,reallocated_prop,time_compute,time_apply
1,0.4511888586956522,2,1,0,0.3333333333333333,0.0753943920135498,2.786893606185913
