num_events,utilization,reallocations,changes,failures,reallocated_prop,time_compute,time_apply
1,0.9019021739130435,14,21,0,0.358974358974359,0.012856721878051758,0.5439705848693848
