num_events,utilization,reallocations,changes,failures,reallocated_prop,time_compute,time_apply,time_enum,time_search,time_pp
1,0.7394021739130435,7,6,0,0.2857142857142857,0.008996248245239258,0.44048619270324707,2.8133392333984375e-05,9.417533874511719e-05,0.00887155532836914
