num_events,utilization,reallocations,changes,failures,reallocated_prop,time_compute,time_apply,time_enum,time_search,time_pp
1,0.3923913043478261,1,0,0,0.0,0.01236104965209961,0.2009737491607666,9.703636169433594e-05,0.002450704574584961,0.0098114013671875
