num_events,utilization,reallocations,changes,failures,reallocated_prop,time_compute,time_apply,time_enum,time_search,time_pp
1,0.44021739130434784,1,0,0,0.0,0.33380794525146484,0.32284998893737793,0.018576860427856445,0.3053770065307617,0.009850263595581055
