num_events,utilization,reallocations,changes,failures,reallocated_prop,time_compute,time_apply,time_enum,time_search,time_pp
1,0.9130434782608695,4,4,0,0.5,0.03521871566772461,0.5895569324493408,0.012753009796142578,0.01328420639038086,0.009178876876831055
