num_events,utilization,reallocations,changes,failures,reallocated_prop,time_compute,time_apply,time_enum,time_search,time_pp
1,0.7635869565217391,36,61,0,0.4,0.013937234878540039,0.48890233039855957,0.0005369186401367188,0.00312042236328125,0.010277986526489258
