num_events,utilization,reallocations,changes,failures,reallocated_prop,time_compute,time_apply
1,0.7649456521739131,11,12,0,0.7692307692307693,0.009097576141357422,0.5034162998199463
