num_events,utilization,reallocations,changes,failures,reallocated_prop,time_compute,time_apply,time_enum,time_search,time_pp
1,0.21304347826086956,1,0,0,0.0,0.18548870086669922,0.22895598411560059,0.019260168075561523,0.15604710578918457,0.01017904281616211
