num_events,utilization,reallocations,changes,failures,reallocated_prop,time_compute,time_apply
1,0.8364130434782608,16,28,0,0.48484848484848486,0.012485980987548828,0.5437047481536865
