num_events,utilization,reallocations,changes,failures,reallocated_prop,time_compute,time_apply
1,0.9019021739130435,24,57,0,0.39344262295081966,0.013285160064697266,0.5611214637756348
