num_events,utilization,reallocations,changes,failures,reallocated_prop,time_compute,time_apply
1,0.7929347826086957,8,7,0,0.3333333333333333,0.009969234466552734,0.5149428844451904
