num_events,utilization,reallocations,changes,failures,reallocated_prop,time_compute,time_apply,time_enum,time_search,time_pp
1,0.7633152173913044,30,39,0,0.23255813953488372,0.013601303100585938,0.4736902713775635,0.0004961490631103516,0.0037109851837158203,0.009392738342285156
