num_events,utilization,reallocations,changes,failures,reallocated_prop,time_compute,time_apply
1,0.7111413043478261,3,3,0,0.3333333333333333,0.011438846588134766,0.4785447120666504
