num_events,utilization,reallocations,changes,failures,reallocated_prop,time_compute,time_apply,time_enum,time_search,time_pp
1,0.10652173913043478,1,0,0,0.0,0.012910127639770508,0.1366863250732422,0.00012254714965820312,0.0007672309875488281,0.012018442153930664
