num_events,utilization,reallocations,changes,failures,reallocated_prop,time_compute,time_apply,time_enum,time_search,time_pp
1,0.0391304347826087,1,0,0,0.0,0.010877370834350586,0.08846712112426758,0.0001049041748046875,0.0003204345703125,0.010450363159179688
