num_events,utilization,reallocations,changes,failures,reallocated_prop,time_compute,time_apply,time_enum,time_search,time_pp
1,1.0,77,135,0,0.25245901639344265,0.11411094665527344,0.5817544460296631,0.014927148818969727,0.08931326866149902,0.009868621826171875
