num_events,utilization,reallocations,changes,failures,reallocated_prop,time_compute,time_apply,time_enum,time_search,time_pp
1,0.12391304347826088,1,0,0,0.0,0.010192394256591797,0.11219620704650879,9.655952453613281e-05,0.0008630752563476562,0.0092315673828125
