num_events,utilization,reallocations,changes,failures,reallocated_prop,time_compute,time_apply,time_enum,time_search,time_pp
1,0.65,26,47,0,0.0896551724137931,0.016232013702392578,0.31757187843322754,0.0005042552947998047,0.006108522415161133,0.009616374969482422
