num_events,utilization,reallocations,changes,failures,reallocated_prop,time_compute,time_apply,time_enum,time_search,time_pp
1,0.3217391304347826,2,1,0,0.5,0.010226249694824219,0.2761402130126953,0.00011301040649414062,6.866455078125e-05,0.010041952133178711
