num_events,utilization,reallocations,changes,failures,reallocated_prop,time_compute,time_apply,time_enum,time_search,time_pp
1,1.0,12,14,0,0.5454545454545454,0.06639575958251953,0.5856008529663086,0.018208980560302734,0.03882336616516113,0.009360790252685547
