num_events,utilization,reallocations,changes,failures,reallocated_prop,time_compute,time_apply,time_enum,time_search,time_pp
1,0.010869565217391304,1,0,0,0.0,0.01052236557006836,0.0771327018737793,0.000102996826171875,0.00011849403381347656,0.010298967361450195
