num_events,utilization,reallocations,changes,failures,reallocated_prop,time_compute,time_apply,time_enum
1,0.3804347826086957,1,0,0,0.0,0.010480165481567383,0.2289867401123047,0.0001347064971923828
