num_events,utilization,reallocations,changes,failures,reallocated_prop,time_compute,time_apply,time_enum,time_search,time_pp
1,0.6665760869565217,9,8,0,0.47058823529411764,0.036527395248413086,1.7871861457824707,0.00010132789611816406,0.0002827644348144531,0.036141395568847656
