num_events,utilization,reallocations,changes,failures,reallocated_prop,time_compute,time_apply,time_enum,time_search,time_pp
1,0.10543478260869565,1,0,0,0.0,0.010451555252075195,0.10907316207885742,0.00010728836059570312,0.0008223056793212891,0.009519815444946289
