num_events,utilization,reallocations,changes,failures,reallocated_prop,time_compute,time_apply,time_enum,time_search,time_pp
1,1.0,18,51,0,0.15384615384615385,0.06024169921875,0.5795633792877197,0.014867782592773438,0.03589820861816406,0.009473562240600586
