num_events,utilization,reallocations,changes,failures,reallocated_prop,time_compute,time_apply,time_enum,time_search,time_pp
1,0.65,3,7,0,0.3333333333333333,0.01903057098388672,0.6007466316223145,0.0005056858062744141,0.0004220008850097656,0.018100738525390625
