num_events,utilization,reallocations,changes,failures,reallocated_prop,time_compute,time_apply
1,0.8665760869565218,8,7,0,0.3333333333333333,0.010324716567993164,0.552626371383667
