num_events,utilization,reallocations,changes,failures,reallocated_prop,time_compute,time_apply,time_enum,time_search,time_pp
1,0.65,9,22,0,0.32142857142857145,0.010843515396118164,0.2978689670562744,0.0004975795745849609,0.0008976459503173828,0.009446859359741211
