num_events,utilization,reallocations,changes,failures,reallocated_prop,time_compute,time_apply,time_enum,time_search,time_pp
1,0.26521739130434785,1,0,0,0.0,0.011547327041625977,0.16704201698303223,9.441375732421875e-05,0.0017304420471191406,0.0097198486328125
