num_events,utilization,reallocations,changes,failures,reallocated_prop,time_compute,time_apply,time_enum,time_search,time_pp
1,0.2326086956521739,1,0,0,0.0,0.011036396026611328,0.14605927467346191,9.226799011230469e-05,0.001508474349975586,0.009433984756469727
