num_events,utilization,reallocations,changes,failures,reallocated_prop,time_compute,time_apply,time_enum,time_search,time_pp
1,1.0,28,49,0,0.25,0.05371451377868652,0.5514354705810547,0.012326478958129883,0.03253173828125,0.008854150772094727
