num_events,utilization,reallocations,changes,failures,reallocated_prop,time_compute,time_apply,time_enum,time_search,time_pp
1,0.7633152173913044,50,98,0,0.4807692307692308,0.012824058532714844,0.4942305088043213,0.0004980564117431641,0.0031037330627441406,0.00922083854675293
