num_events,utilization,reallocations,changes,failures,reallocated_prop,time_compute,time_apply,time_enum,time_search,time_pp
1,0.65,56,98,0,0.32748538011695905,0.013262748718261719,0.30953049659729004,0.0005030632019042969,0.003528594970703125,0.009228706359863281
