num_events,utilization,reallocations,changes,failures,reallocated_prop,time_compute,time_apply,time_enum,time_search,time_pp
1,0.4945652173913043,1,0,0,0.0,0.3716757297515869,0.352109432220459,0.01824808120727539,0.34325623512268066,0.010168790817260742
