num_events,utilization,reallocations,changes,failures,reallocated_prop,time_compute,time_apply,time_enum,time_search,time_pp
1,1.0,21,63,0,0.048723897911832945,0.14788103103637695,0.5827498435974121,0.014799356460571289,0.12309980392456055,0.009979009628295898
