num_events,utilization,reallocations,changes,failures,reallocated_prop,time_compute,time_apply,time_enum,time_search,time_pp
1,1.0,9,13,0,0.36,0.05337333679199219,0.5637824535369873,0.014940738677978516,0.02911520004272461,0.00931549072265625
