num_events,utilization,reallocations,changes,failures,reallocated_prop,time_compute,time_apply,time_enum,time_search,time_pp
1,0.0,0,0,0,0.0,0.037923336029052734,0.18758940696716309,8.344650268554688e-05,3.123283386230469e-05,0.03780674934387207
