num_events,utilization,reallocations,changes,failures,reallocated_prop,time_compute,time_apply,time_enum,time_search,time_pp
1,0.007201086956521739,1,0,0,0.0,0.07456254959106445,0.6078860759735107,9.703636169433594e-05,0.00042724609375,0.0740365982055664
