num_events,utilization,reallocations,changes,failures,reallocated_prop,time_compute,time_apply,time_enum,time_search,time_pp
1,0.0,0,0,0,0.0,0.07342028617858887,0.42904210090637207,2.9802322387695312e-05,1.0967254638671875e-05,0.07337784767150879
