num_events,utilization,reallocations,changes,failures,reallocated_prop,time_compute,time_apply
1,0.9059782608695652,73,120,0,0.44785276073619634,0.01648402214050293,0.5677707195281982
