num_events,utilization,reallocations,changes,failures,reallocated_prop,time_compute,time_apply,time_enum,time_search,time_pp
1,0.021739130434782608,1,0,0,0.0,0.01024627685546875,0.08528780937194824,0.00011324882507324219,5.650520324707031e-05,0.010074138641357422
