num_events,utilization,reallocations,changes,failures,reallocated_prop,time_compute,time_apply,time_enum,time_search,time_pp
1,0.65,84,163,0,0.3169811320754717,0.015629053115844727,0.33066868782043457,0.0005044937133789062,0.00553131103515625,0.00959157943725586
