num_events,utilization,reallocations,changes,failures,reallocated_prop,time_compute,time_apply
1,0.7809782608695652,6,6,0,0.35714285714285715,0.009887456893920898,0.5123465061187744
