num_events,utilization,reallocations,changes,failures,reallocated_prop,time_compute,time_apply,time_enum,time_search,time_pp
1,0.06521739130434782,1,0,0,0.0,0.011016368865966797,0.09644603729248047,0.00010561943054199219,0.0005023479461669922,0.010406732559204102
