num_events,utilization,reallocations,changes,failures,reallocated_prop,time_compute,time_apply,time_enum,time_search,time_pp
1,0.05326086956521739,1,0,0,0.0,0.012013673782348633,0.1097097396850586,0.0001266002655029297,0.00038623809814453125,0.01149892807006836
