num_events,utilization,reallocations,changes,failures,reallocated_prop,time_compute,time_apply,time_enum,time_search,time_pp
1,0.0,0,0,0,0.0,0.013062477111816406,0.05987358093261719,6.723403930664062e-05,2.1696090698242188e-05,0.012971162796020508
