num_events,utilization,reallocations,changes,failures,reallocated_prop,time_compute,time_apply,time_enum,time_search,time_pp
1,0.65,19,36,0,0.40425531914893614,0.010639667510986328,0.2960820198059082,0.00043010711669921875,0.0011255741119384766,0.009081840515136719
