num_events,utilization,reallocations,changes,failures,reallocated_prop,time_compute,time_apply,time_enum,time_search,time_pp
1,1.0,21,63,0,0.048723897911832945,0.14115071296691895,0.5562140941619873,0.012427091598510742,0.11910462379455566,0.009616851806640625
