num_events,utilization,reallocations,changes,failures,reallocated_prop,time_compute,time_apply,time_enum,time_search,time_pp
1,0.5195652173913043,3,2,0,0.5,0.01016092300415039,0.3244326114654541,3.5762786865234375e-05,3.075599670410156e-05,0.010092496871948242
