num_events,utilization,reallocations,changes,failures,reallocated_prop,time_compute,time_apply,time_enum,time_search,time_pp
1,0.65,28,68,0,0.32941176470588235,0.038839101791381836,1.2084660530090332,0.0004937648773193359,0.002052783966064453,0.03629016876220703
