num_events,utilization,reallocations,changes,failures,reallocated_prop,time_compute,time_apply,time_enum,time_search,time_pp
1,0.65,19,36,0,0.40425531914893614,0.03635406494140625,1.1607275009155273,0.0005199909210205078,0.0011570453643798828,0.034674882888793945
