num_events,utilization,reallocations,changes,failures,reallocated_prop,time_compute,time_apply
1,0.8934782608695652,15,27,0,0.5172413793103449,0.012196540832519531,0.5438597202301025
