num_events,utilization,reallocations,changes,failures,reallocated_prop,time_compute,time_apply,time_enum,time_search,time_pp
1,0.12364130434782608,1,0,0,0.0,0.0708925724029541,0.6980419158935547,3.0040740966796875e-05,0.0003173351287841797,0.07054352760314941
