num_events,utilization,reallocations,changes,failures,reallocated_prop,time_compute,time_apply,time_enum,time_search,time_pp
1,0.65,26,48,0,0.43333333333333335,0.038399696350097656,1.2057812213897705,0.0004897117614746094,0.001493692398071289,0.036414146423339844
