num_events,utilization,reallocations,changes,failures,reallocated_prop,time_compute,time_apply
1,0.7921195652173914,16,16,0,0.6521739130434783,0.00934600830078125,0.5183613300323486
