num_events,utilization,reallocations,changes,failures,reallocated_prop,time_compute,time_apply,time_enum,time_search,time_pp
1,0.0,0,0,0,0.0,0.07044243812561035,0.329068660736084,7.963180541992188e-05,2.9325485229492188e-05,0.07033157348632812
