num_events,utilization,reallocations,changes,failures,reallocated_prop,time_compute,time_apply
1,0.871195652173913,10,10,0,0.23684210526315788,0.010169267654418945,0.5358994007110596
