num_events,utilization,reallocations,changes,failures,reallocated_prop,time_compute,time_apply,time_enum
1,0.08695652173913043,1,0,0,0.0,0.012294292449951172,0.12634706497192383,0.00014472007751464844
