num_events,utilization,reallocations,changes,failures,reallocated_prop,time_compute,time_apply,time_enum,time_search,time_pp
1,1.0,56,125,0,0.14470284237726097,0.13582420349121094,0.6096298694610596,0.01469111442565918,0.11022067070007324,0.010910511016845703
