num_events,utilization,reallocations,changes,failures,reallocated_prop,time_compute,time_apply
1,0.8929347826086956,30,51,0,0.35714285714285715,0.015200138092041016,0.5774195194244385
