num_events,utilization,reallocations,changes,failures,reallocated_prop,time_compute,time_apply
1,0.8269021739130434,13,22,0,0.43333333333333335,0.013003349304199219,0.5339670181274414
