num_events,utilization,reallocations,changes,failures,reallocated_prop,time_compute,time_apply,time_enum,time_search,time_pp
1,0.057608695652173914,1,0,0,0.0,0.010628223419189453,0.09592890739440918,0.00010633468627929688,0.0004525184631347656,0.010067224502563477
