num_events,utilization,reallocations,changes,failures,reallocated_prop,time_compute,time_apply,time_enum,time_search,time_pp
1,0.10434782608695652,1,0,0,0.0,0.01001739501953125,0.10220909118652344,9.894371032714844e-05,0.0007202625274658203,0.009196281433105469
