num_events,utilization,reallocations,changes,failures,reallocated_prop,time_compute,time_apply,time_enum,time_search,time_pp
1,0.7247282608695652,9,10,0,0.34782608695652173,0.009362459182739258,0.4582064151763916,3.2901763916015625e-05,0.00010061264038085938,0.00922703742980957
