num_events,utilization,reallocations,changes,failures,reallocated_prop,time_compute,time_apply,time_enum,time_search,time_pp
1,0.11739130434782609,1,0,0,0.0,0.11207127571105957,0.18770146369934082,0.01842331886291504,0.08408451080322266,0.009560346603393555
