num_events,utilization,reallocations,changes,failures,reallocated_prop,time_compute,time_apply,time_enum,time_search,time_pp
1,1.0,39,56,0,0.43820224719101125,0.09368491172790527,0.6377124786376953,0.014755010604858398,0.06931829452514648,0.009608745574951172
