num_events,utilization,reallocations,changes,failures,reallocated_prop,time_compute,time_apply,time_enum,time_search,time_pp
1,0.019021739130434784,1,0,0,0.0,0.018706083297729492,0.1550300121307373,9.72747802734375e-05,0.00028634071350097656,0.018320798873901367
