num_events,utilization,reallocations,changes,failures,reallocated_prop,time_compute,time_apply,time_enum,time_search,time_pp
1,0.7241847826086957,6,5,0,0.4166666666666667,0.009999752044677734,0.4745628833770752,4.076957702636719e-05,0.000118255615234375,0.009838581085205078
