num_events,utilization,reallocations,changes,failures,reallocated_prop,time_compute,time_apply,time_enum,time_search,time_pp
1,1.0,33,74,0,0.3333333333333333,0.105712890625,0.652137041091919,0.014636516571044922,0.08138871192932129,0.009684324264526367
