num_events,utilization,reallocations,changes,failures,reallocated_prop,time_compute,time_apply,time_enum,time_search,time_pp
1,1.0,29,63,0,0.20422535211267606,0.06707167625427246,0.5803647041320801,0.014841794967651367,0.042699575424194336,0.00952768325805664
