num_events,utilization,reallocations,changes,failures,reallocated_prop,time_compute,time_apply,time_enum,time_search,time_pp
1,0.7361413043478261,10,10,0,0.3103448275862069,0.009082317352294922,0.4663722515106201,3.528594970703125e-05,0.00012540817260742188,0.008916139602661133
