num_events,utilization,reallocations,changes,failures,reallocated_prop,time_compute,time_apply,time_enum,time_search,time_pp
1,1.0,54,99,0,0.1836734693877551,0.11488175392150879,0.583153486251831,0.01548624038696289,0.0894932746887207,0.009900331497192383
