num_events,utilization,reallocations,changes,failures,reallocated_prop,time_compute,time_apply,time_enum,time_search,time_pp
1,0.00923913043478261,1,0,0,0.0,0.018675565719604492,0.1458110809326172,9.703636169433594e-05,0.00016117095947265625,0.01841568946838379
