num_events,utilization,reallocations,changes,failures,reallocated_prop,time_compute,time_apply,time_enum,time_search,time_pp
1,0.65,55,58,0,0.14905149051490515,0.0172426700592041,0.30587077140808105,0.0005145072937011719,0.0074291229248046875,0.00929713249206543
