num_events,utilization,reallocations,changes,failures,reallocated_prop,time_compute,time_apply,time_enum,time_search,time_pp
1,0.1956521739130435,1,0,0,0.0,0.16643524169921875,0.21684503555297852,0.018276214599609375,0.1385350227355957,0.009621858596801758
