num_events,utilization,reallocations,changes,failures,reallocated_prop,time_compute,time_apply,time_enum,time_search,time_pp
1,1.0,40,73,0,0.23121387283236994,0.07652115821838379,0.5781915187835693,0.014813423156738281,0.05211782455444336,0.009586334228515625
