num_events,utilization,reallocations,changes,failures,reallocated_prop,time_compute,time_apply,time_enum,time_search,time_pp
1,0.6697010869565218,5,4,0,0.14285714285714285,0.06986689567565918,3.4433627128601074,9.894371032714844e-05,0.0006170272827148438,0.06914854049682617
