num_events,utilization,reallocations,changes,failures,reallocated_prop,time_compute,time_apply
1,0.8519021739130435,7,16,0,0.3684210526315789,0.010934591293334961,0.5002455711364746
