num_events,utilization,reallocations,changes,failures,reallocated_prop,time_compute,time_apply,time_enum,time_search,time_pp
1,1.0,18,31,0,0.25,0.04784822463989258,0.5753757953643799,0.014834880828857422,0.02367234230041504,0.00933980941772461
