num_events,utilization,reallocations,changes,failures,reallocated_prop,time_compute,time_apply,time_enum,time_search,time_pp
1,1.0,58,70,0,0.1638418079096045,0.1261134147644043,0.5782806873321533,0.014682769775390625,0.10139346122741699,0.010034561157226562
