num_events,utilization,reallocations,changes,failures,reallocated_prop,time_compute,time_apply,time_enum,time_search,time_pp
1,1.0,15,24,0,0.25862068965517243,0.04376363754272461,0.5896317958831787,0.014922857284545898,0.01936054229736328,0.009476900100708008
