num_events,utilization,reallocations,changes,failures,reallocated_prop,time_compute,time_apply,time_enum,time_search,time_pp
1,0.65,10,24,0,0.3333333333333333,0.019672393798828125,0.598825216293335,0.0004940032958984375,0.0008931159973144531,0.01828312873840332
