num_events,utilization,reallocations,changes,failures,reallocated_prop,time_compute,time_apply,time_enum,time_search,time_pp
1,1.0,46,135,0,0.15181518151815182,0.11532473564147949,0.5909197330474854,0.014904022216796875,0.08957147598266602,0.010847091674804688
