num_events,utilization,reallocations,changes,failures,reallocated_prop,time_compute,time_apply,time_enum,time_search,time_pp
1,0.23804347826086958,1,0,0,0.0,0.1961510181427002,0.24196314811706543,0.01844930648803711,0.16756534576416016,0.010133743286132812
