num_events,utilization,reallocations,changes,failures,reallocated_prop,time_compute,time_apply,time_enum,time_search,time_pp
1,0.002173913043478261,1,0,0,0.0,0.018930435180664062,0.14181780815124512,9.679794311523438e-05,7.081031799316406e-05,0.01876068115234375
