num_events,utilization,reallocations,changes,failures,reallocated_prop,time_compute,time_apply,time_enum,time_search,time_pp
1,0.65,47,111,0,0.22926829268292684,0.014562368392944336,0.3249952793121338,0.0005023479461669922,0.004439115524291992,0.009618997573852539
