num_events,utilization,reallocations,changes,failures,reallocated_prop,time_compute,time_apply,time_enum,time_search,time_pp
1,0.0,0,0,0,0.0,0.03610420227050781,0.17361974716186523,8.034706115722656e-05,2.956390380859375e-05,0.03599286079406738
