num_events,utilization,reallocations,changes,failures,reallocated_prop,time_compute,time_apply,time_enum,time_search,time_pp
1,0.3869565217391304,1,0,0,0.0,0.2935018539428711,0.300098180770874,0.018317461013793945,0.2654120922088623,0.009770393371582031
