num_events,utilization,reallocations,changes,failures,reallocated_prop,time_compute,time_apply,time_enum,time_search,time_pp
1,1.0,36,54,0,0.4044943820224719,0.10754203796386719,0.6450722217559814,0.014661788940429688,0.08334684371948242,0.009531259536743164
