num_events,utilization,reallocations,changes,failures,reallocated_prop,time_compute,time_apply,time_enum,time_search,time_pp
1,0.010326086956521738,1,0,0,0.0,0.03608107566833496,0.29873037338256836,8.225440979003906e-05,0.0002722740173339844,0.03572440147399902
