num_events,utilization,reallocations,changes,failures,reallocated_prop,time_compute,time_apply
1,0.8448369565217392,17,27,0,0.5483870967741935,0.012379884719848633,0.5229744911193848
