num_events,utilization,reallocations,changes,failures,reallocated_prop,time_compute,time_apply,time_enum,time_search,time_pp
1,0.06195652173913044,1,0,0,0.0,0.07607293128967285,0.15857839584350586,0.018519163131713867,0.047922611236572266,0.009629011154174805
