num_events,utilization,reallocations,changes,failures,reallocated_prop,time_compute,time_apply
1,0.9059782608695652,29,54,0,0.22137404580152673,0.015555143356323242,0.5590932369232178
