num_events,utilization,reallocations,changes,failures,reallocated_prop,time_compute,time_apply,time_enum,time_search,time_pp
1,1.0,37,111,0,0.09635416666666667,0.1343390941619873,0.6199440956115723,0.014653205871582031,0.10973834991455078,0.00994563102722168
