num_events,utilization,reallocations,changes,failures,reallocated_prop,time_compute,time_apply,time_enum,time_search,time_pp
1,0.3760869565217391,1,0,0,0.0,0.012176036834716797,0.19376802444458008,0.00010251998901367188,0.002421855926513672,0.009649991989135742
