num_events,utilization,reallocations,changes,failures,reallocated_prop,time_compute,time_apply,time_enum,time_search,time_pp
1,0.27065217391304347,1,0,0,0.0,0.011350393295288086,0.1601262092590332,9.250640869140625e-05,0.0018618106842041016,0.009394407272338867
