num_events,utilization,reallocations,changes,failures,reallocated_prop,time_compute,time_apply,time_enum,time_search,time_pp
1,0.043478260869565216,1,0,0,0.0,0.02831888198852539,0.14187359809875488,0.012949466705322266,0.0057413578033447266,0.00962519645690918
