num_events,utilization,reallocations,changes,failures,reallocated_prop,time_compute,time_apply,time_enum,time_search,time_pp
1,0.35543478260869565,1,0,0,0.0,0.012137651443481445,0.1865701675415039,0.00011229515075683594,0.0022573471069335938,0.009766578674316406
