num_events,utilization,reallocations,changes,failures,reallocated_prop,time_compute,time_apply,time_enum,time_search,time_pp
1,1.0,30,90,0,0.0797872340425532,0.13702797889709473,0.5895462036132812,0.014854669570922852,0.11227130889892578,0.00989985466003418
