num_events,utilization,reallocations,changes,failures,reallocated_prop,time_compute,time_apply,time_enum,time_search,time_pp
1,0.010869565217391304,0,0,0,0.0,0.02593827247619629,0.09666204452514648,0.012676000595092773,0.0037004947662353516,0.009559154510498047
