num_events,utilization,reallocations,changes,failures,reallocated_prop,time_compute,time_apply,time_enum,time_search,time_pp
1,0.03369565217391304,1,0,0,0.0,0.010370016098022461,0.08739924430847168,0.00010704994201660156,0.00028514862060546875,0.009975910186767578
