num_events,utilization,reallocations,changes,failures,reallocated_prop,time_compute,time_apply,time_enum,time_search,time_pp
1,0.6661345108695652,10,19,0,0.38461538461538464,0.0768134593963623,3.540886878967285,0.0005142688751220703,0.0016512870788574219,0.0746455192565918
