num_events,utilization,reallocations,changes,failures,reallocated_prop,time_compute,time_apply,time_enum,time_search,time_pp
1,0.058695652173913045,1,0,0,0.0,0.07001972198486328,0.15343332290649414,0.018296241760253906,0.042450904846191406,0.009270668029785156
