num_events,utilization,reallocations,changes,failures,reallocated_prop,time_compute,time_apply,time_enum,time_search,time_pp
1,0.44565217391304346,1,0,0,0.0,0.05399298667907715,0.30239248275756836,0.012789726257324219,0.03148794174194336,0.009713411331176758
