num_events,utilization,reallocations,changes,failures,reallocated_prop,time_compute,time_apply,time_enum,time_search,time_pp
1,0.6697010869565218,9,9,0,0.5,0.036780357360839844,1.7451517581939697,3.528594970703125e-05,0.00010776519775390625,0.03663444519042969
