num_events,utilization,reallocations,changes,failures,reallocated_prop,time_compute,time_apply,time_enum,time_search,time_pp
1,0.65,12,29,0,0.32432432432432434,0.03647470474243164,1.1538145542144775,0.0004949569702148438,0.0009953975677490234,0.03498220443725586
