num_events,utilization,reallocations,changes,failures,reallocated_prop,time_compute,time_apply,time_enum,time_search,time_pp
1,0.07934782608695652,1,0,0,0.0,0.08657002449035645,0.16561603546142578,0.01959395408630371,0.0573115348815918,0.009661674499511719
