num_events,utilization,reallocations,changes,failures,reallocated_prop,time_compute,time_apply,time_enum,time_search,time_pp
1,0.6646059782608695,7,6,0,0.2,0.07276344299316406,3.4949941635131836,9.846687316894531e-05,0.0006074905395507812,0.07205414772033691
