num_events,utilization,reallocations,changes,failures,reallocated_prop,time_compute,time_apply
1,0.8929347826086956,27,52,0,0.5192307692307693,0.015455007553100586,0.5701661109924316
