num_events,utilization,reallocations,changes,failures,reallocated_prop,time_compute,time_apply,time_enum,time_search,time_pp
1,1.0,13,30,0,0.19117647058823528,0.04670977592468262,0.5646426677703857,0.014677762985229492,0.022570133209228516,0.009460687637329102
