num_events,utilization,reallocations,changes,failures,reallocated_prop,time_compute,time_apply,time_enum,time_search,time_pp
1,0.6826766304347827,12,20,0,0.42857142857142855,0.038298845291137695,1.8023924827575684,0.0005097389221191406,0.001600503921508789,0.03618645668029785
