num_events,utilization,reallocations,changes,failures,reallocated_prop,time_compute,time_apply,time_enum,time_search,time_pp
1,1.0,55,99,0,0.12359550561797752,0.1664750576019287,0.5869979858398438,0.01590752601623535,0.13953399658203125,0.01103067398071289
