num_events,utilization,reallocations,changes,failures,reallocated_prop,time_compute,time_apply,time_enum,time_search,time_pp
1,0.65,17,27,0,0.04521276595744681,0.01806044578552246,0.31762266159057617,0.000499725341796875,0.007826089859008789,0.009732246398925781
