num_events,utilization,reallocations,changes,failures,reallocated_prop,time_compute,time_apply,time_enum,time_search,time_pp
1,0.6910326086956522,4,7,0,0.4444444444444444,0.010977745056152344,0.47383832931518555,0.0005810260772705078,0.0007958412170410156,0.009599447250366211
