num_events,utilization,reallocations,changes,failures,reallocated_prop,time_compute,time_apply
1,0.9019021739130435,33,76,0,0.4074074074074074,0.014816045761108398,0.5836799144744873
