num_events,utilization,reallocations,changes,failures,reallocated_prop,time_compute,time_apply,time_enum,time_search,time_pp
1,0.7635869565217391,52,80,0,0.48598130841121495,0.013023853302001953,0.4881713390350342,0.0004928112030029297,0.003291606903076172,0.009237289428710938
