num_events,utilization,reallocations,changes,failures,reallocated_prop,time_compute,time_apply
1,0.48994565217391306,2,1,0,0.3333333333333333,0.011989355087280273,0.43085765838623047
