num_events,utilization,reallocations,changes,failures,reallocated_prop,time_compute,time_apply,time_enum,time_search,time_pp
1,0.563858695652174,2,2,0,0.2,0.018889904022216797,0.8040750026702881,0.00043964385986328125,0.0005147457122802734,0.01793360710144043
