num_events,utilization,reallocations,changes,failures,reallocated_prop,time_compute,time_apply,time_enum,time_search,time_pp
1,1.0,40,90,0,0.10666666666666667,0.13951826095581055,0.5781393051147461,0.015658855438232422,0.11403894424438477,0.009818553924560547
