num_events,utilization,reallocations,changes,failures,reallocated_prop,time_compute,time_apply,time_enum,time_search,time_pp
1,1.0,40,90,0,0.19900497512437812,0.08651065826416016,0.5777733325958252,0.014811277389526367,0.06199359893798828,0.009702920913696289
