num_events,utilization,reallocations,changes,failures,reallocated_prop,time_compute,time_apply,time_enum,time_search,time_pp
1,0.0375,1,0,0,0.0,0.018665552139282227,0.16528940200805664,9.822845458984375e-05,0.0005412101745605469,0.018024206161499023
