num_events,utilization,reallocations,changes,failures,reallocated_prop,time_compute,time_apply,time_enum,time_search,time_pp
1,0.65,2,5,0,0.2857142857142857,0.0202176570892334,0.5940225124359131,0.0005424022674560547,0.00040912628173828125,0.01926445960998535
