num_events,utilization,reallocations,changes,failures,reallocated_prop,time_compute,time_apply,time_enum,time_search,time_pp
1,1.0,33,99,0,0.07432432432432433,0.15210914611816406,0.5860390663146973,0.014725685119628906,0.1275792121887207,0.00980234146118164
