num_events,utilization,reallocations,changes,failures,reallocated_prop,time_compute,time_apply
1,0.7831521739130435,7,8,0,0.5384615384615384,0.011653661727905273,0.5000371932983398
