num_events,utilization,reallocations,changes,failures,reallocated_prop,time_compute,time_apply,time_enum,time_search,time_pp
1,0.7277173913043479,10,10,0,0.34615384615384615,0.01815509796142578,0.9488861560821533,3.457069396972656e-05,0.0001952648162841797,0.017923355102539062
