num_events,utilization,reallocations,changes,failures,reallocated_prop,time_compute,time_apply,time_enum,time_search,time_pp
1,0.65,19,36,0,0.41304347826086957,0.0703744888305664,2.305919885635376,0.0004975795745849609,0.001104593276977539,0.06876945495605469
