num_events,utilization,reallocations,changes,failures,reallocated_prop,time_compute,time_apply,time_enum,time_search,time_pp
1,0.65,111,267,0,0.23270440251572327,0.019978761672973633,0.3441777229309082,0.0005044937133789062,0.009354591369628906,0.010117769241333008
