num_events,utilization,reallocations,changes,failures,reallocated_prop,time_compute,time_apply,time_enum,time_search,time_pp
1,0.65,54,119,0,0.21951219512195122,0.01551508903503418,0.32493162155151367,0.0005033016204833984,0.005270719528198242,0.009739160537719727
