num_events,utilization,reallocations,changes,failures,reallocated_prop,time_compute,time_apply,time_enum,time_search,time_pp
1,0.4826086956521739,1,0,0,0.0,0.3604612350463867,0.3420982360839844,0.019063949584960938,0.33141565322875977,0.009979009628295898
