num_events,utilization,reallocations,changes,failures,reallocated_prop,time_compute,time_apply
1,0.866304347826087,9,9,0,0.36363636363636365,0.01027226448059082,0.5402917861938477
