num_events,utilization,reallocations,changes,failures,reallocated_prop,time_compute,time_apply,time_enum,time_search,time_pp
1,0.002717391304347826,1,0,0,0.0,0.07264328002929688,0.43136048316955566,3.2901763916015625e-05,2.288818359375e-05,0.0725860595703125
