num_events,utilization,reallocations,changes,failures,reallocated_prop,time_compute,time_apply,time_enum,time_search,time_pp
1,0.025543478260869567,1,0,0,0.0,0.019118547439575195,0.1578207015991211,9.775161743164062e-05,0.00038886070251464844,0.018630027770996094
