num_events,utilization,reallocations,changes,failures,reallocated_prop,time_compute,time_apply,time_enum,time_search,time_pp
1,1.0,31,93,0,0.11742424242424243,0.10189437866210938,0.5987701416015625,0.014556169509887695,0.07760095596313477,0.009735822677612305
