num_events,utilization,reallocations,changes,failures,reallocated_prop,time_compute,time_apply,time_enum,time_search,time_pp
1,0.21630434782608696,1,0,0,0.0,0.19139933586120605,0.22421693801879883,0.01829838752746582,0.16292285919189453,0.010175943374633789
