num_events,utilization,reallocations,changes,failures,reallocated_prop,time_compute,time_apply,time_enum,time_search,time_pp
1,1.0,42,93,0,0.19090909090909092,0.08964300155639648,0.587592601776123,0.014745712280273438,0.06528759002685547,0.009607076644897461
