num_events,utilization,reallocations,changes,failures,reallocated_prop,time_compute,time_apply,time_enum,time_search,time_pp
1,0.021739130434782608,1,0,0,0.0,0.018734455108642578,0.12119364738464355,3.361701965332031e-05,2.956390380859375e-05,0.018669605255126953
