num_events,utilization,reallocations,changes,failures,reallocated_prop,time_compute,time_apply,time_enum
1,0.11956521739130435,1,0,0,0.0,0.010621786117553711,0.13820385932922363,0.00014710426330566406
