num_events,utilization,reallocations,changes,failures,reallocated_prop,time_compute,time_apply,time_enum,time_search,time_pp
1,1.0,52,59,0,0.16993464052287582,0.112457275390625,0.5760676860809326,0.014689445495605469,0.0877683162689209,0.009997129440307617
