num_events,utilization,reallocations,changes,failures,reallocated_prop,time_compute,time_apply,time_enum
1,0.13043478260869565,1,0,0,0.0,0.009232521057128906,0.13214588165283203,0.00011706352233886719
