num_events,utilization,reallocations,changes,failures,reallocated_prop,time_compute,time_apply,time_enum,time_search,time_pp
1,1.0,13,36,0,0.1566265060240964,0.05087447166442871,0.5828735828399658,0.014685869216918945,0.026576519012451172,0.009610176086425781
