num_events,utilization,reallocations,changes,failures,reallocated_prop,time_compute,time_apply,time_enum,time_search,time_pp
1,0.16630434782608697,1,0,0,0.0,0.00984954833984375,0.1186072826385498,8.153915405273438e-05,0.001001119613647461,0.008765220642089844
