num_events,utilization,reallocations,changes,failures,reallocated_prop,time_compute,time_apply,time_enum,time_search,time_pp
1,0.3706521739130435,1,0,0,0.0,0.012009382247924805,0.19220280647277832,9.441375732421875e-05,0.002384662628173828,0.00952911376953125
