num_events,utilization,reallocations,changes,failures,reallocated_prop,time_compute,time_apply,time_enum,time_search,time_pp
1,1.0,10,14,0,0.38461538461538464,0.05461835861206055,0.592205286026001,0.014357566833496094,0.03100299835205078,0.009254932403564453
