num_events,utilization,reallocations,changes,failures,reallocated_prop,time_compute,time_apply,time_enum,time_search,time_pp
1,0.65,29,47,0,0.17682926829268292,0.013379573822021484,0.3036231994628906,0.0005164146423339844,0.0034813880920410156,0.009379863739013672
