num_events,utilization,reallocations,changes,failures,reallocated_prop,time_compute,time_apply,time_enum,time_search,time_pp
1,0.65,28,68,0,0.32558139534883723,0.07899260520935059,2.4289448261260986,0.0005767345428466797,0.002264738082885742,0.07614874839782715
