num_events,utilization,reallocations,changes,failures,reallocated_prop,time_compute,time_apply,time_enum,time_search,time_pp
1,0.00625,1,0,0,0.0,0.03621792793273926,0.3575863838195801,3.457069396972656e-05,2.6941299438476562e-05,0.03615450859069824
