num_events,utilization,reallocations,changes,failures,reallocated_prop,time_compute,time_apply
1,0.7185461956521739,11,12,0,0.7692307692307693,0.03520822525024414,1.9277098178863525
