num_events,utilization,reallocations,changes,failures,reallocated_prop,time_compute,time_apply,time_enum,time_search,time_pp
1,1.0,13,27,0,0.20967741935483872,0.04545879364013672,0.5718276500701904,0.0146636962890625,0.021028995513916016,0.009764909744262695
