num_events,utilization,reallocations,changes,failures,reallocated_prop,time_compute,time_apply,time_enum,time_search,time_pp
1,0.65,29,46,0,0.07591623036649214,0.017636537551879883,0.3205382823944092,0.0005125999450683594,0.007638216018676758,0.009483814239501953
