num_events,utilization,reallocations,changes,failures,reallocated_prop,time_compute,time_apply,time_enum,time_search,time_pp
1,0.6622282608695652,5,4,0,0.5,0.009378910064697266,0.4375913143157959,3.552436828613281e-05,3.4809112548828125e-05,0.009305953979492188
