num_events,utilization,reallocations,changes,failures,reallocated_prop,time_compute,time_apply,time_enum,time_search,time_pp
1,0.6190217391304348,4,3,0,0.5,0.01790332794189453,0.8240005970001221,3.361701965332031e-05,5.125999450683594e-05,0.01781630516052246
