num_events,utilization,reallocations,changes,failures,reallocated_prop,time_compute,time_apply,time_enum,time_search,time_pp
1,0.6831521739130435,5,4,0,0.5,0.008892059326171875,0.4288914203643799,3.457069396972656e-05,5.245208740234375e-05,0.008802413940429688
