num_events,utilization,reallocations,changes,failures,reallocated_prop,time_compute,time_apply,time_enum,time_search,time_pp
1,0.28804347826086957,1,0,0,0.0,0.010959863662719727,0.1557011604309082,7.915496826171875e-05,0.0016655921936035156,0.009213447570800781
