num_events,utilization,reallocations,changes,failures,reallocated_prop,time_compute,time_apply,time_enum,time_search,time_pp
1,0.7567934782608695,24,56,0,0.41379310344827586,0.011888504028320312,0.47291064262390137,0.0004963874816894531,0.0022058486938476562,0.009184598922729492
