num_events,utilization,reallocations,changes,failures,reallocated_prop,time_compute,time_apply,time_enum,time_search,time_pp
1,0.4217391304347826,1,0,0,0.0,0.32202768325805664,0.3155844211578369,0.02155137062072754,0.29048824310302734,0.00998544692993164
