num_events,utilization,reallocations,changes,failures,reallocated_prop,time_compute,time_apply,time_enum,time_search,time_pp
1,0.7573369565217392,14,13,0,0.4642857142857143,0.009794235229492188,0.4707813262939453,9.846687316894531e-05,0.0004336833953857422,0.009259939193725586
