num_events,utilization,reallocations,changes,failures,reallocated_prop,time_compute,time_apply,time_enum,time_search,time_pp
1,0.07608695652173914,1,0,0,0.0,0.010254383087158203,0.08199763298034668,3.552436828613281e-05,5.030632019042969e-05,0.010166645050048828
