num_events,utilization,reallocations,changes,failures,reallocated_prop,time_compute,time_apply
1,0.8972826086956521,17,33,0,0.4722222222222222,0.013199806213378906,0.5462405681610107
