num_events,utilization,reallocations,changes,failures,reallocated_prop,time_compute,time_apply,time_enum,time_search,time_pp
1,1.0,41,81,0,0.328,0.11953353881835938,0.6464102268218994,0.014772415161132812,0.09526729583740234,0.009491443634033203
