num_events,utilization,reallocations,changes,failures,reallocated_prop,time_compute,time_apply,time_enum,time_search,time_pp
1,0.65,4,10,0,0.2857142857142857,0.07433438301086426,2.3603274822235107,0.0005097389221191406,0.0005571842193603516,0.07326507568359375
