num_events,utilization,reallocations,changes,failures,reallocated_prop,time_compute,time_apply,time_enum,time_search,time_pp
1,0.14891304347826087,1,0,0,0.0,0.13402581214904785,0.20020246505737305,0.018429994583129883,0.10588836669921875,0.009705066680908203
