num_events,utilization,reallocations,changes,failures,reallocated_prop,time_compute,time_apply,time_enum,time_search,time_pp
1,0.65,28,52,0,0.3684210526315789,0.011775732040405273,0.32677555084228516,0.0004968643188476562,0.0017993450164794922,0.009477615356445312
