num_events,utilization,reallocations,changes,failures,reallocated_prop,time_compute,time_apply,time_enum
1,0.6086956521739131,1,0,0,0.0,0.05759072303771973,0.36618542671203613,0.018261194229125977
