num_events,utilization,reallocations,changes,failures,reallocated_prop,time_compute,time_apply,time_enum,time_search,time_pp
1,0.65,17,41,0,0.3333333333333333,0.01386880874633789,0.3838043212890625,0.0007157325744628906,0.0014870166778564453,0.011664390563964844
