num_events,utilization,reallocations,changes,failures,reallocated_prop,time_compute,time_apply,time_enum,time_search,time_pp
1,0.30978260869565216,1,0,0,0.0,0.2476940155029297,0.26555895805358887,0.01826930046081543,0.21978974342346191,0.009631872177124023
