num_events,utilization,reallocations,changes,failures,reallocated_prop,time_compute,time_apply,time_enum,time_search,time_pp
1,1.0,16,36,0,0.19753086419753085,0.050054073333740234,0.5737013816833496,0.01465749740600586,0.025859832763671875,0.009534358978271484
