num_events,utilization,reallocations,changes,failures,reallocated_prop,time_compute,time_apply,time_enum,time_search,time_pp
1,0.14782608695652175,1,0,0,0.0,0.009727716445922852,0.11230731010437012,8.0108642578125e-05,0.000888824462890625,0.008757352828979492
