num_events,utilization,reallocations,changes,failures,reallocated_prop,time_compute,time_apply
1,0.9019021739130435,50,90,0,0.35714285714285715,0.015048027038574219,0.553844690322876
