num_events,utilization,reallocations,changes,failures,reallocated_prop,time_compute,time_apply,time_enum,time_search,time_pp
1,1.0,5,12,0,0.16666666666666666,0.03612327575683594,0.5450153350830078,0.014867782592773438,0.011889219284057617,0.009365081787109375
