num_events,utilization,reallocations,changes,failures,reallocated_prop,time_compute,time_apply,time_enum,time_search,time_pp
1,1.0,12,33,0,0.15584415584415584,0.051786184310913086,0.5673811435699463,0.015384674072265625,0.026536941528320312,0.009863138198852539
