num_events,utilization,reallocations,changes,failures,reallocated_prop,time_compute,time_apply,time_enum,time_search,time_pp
1,0.05652173913043478,1,0,0,0.0,0.010821819305419922,0.0992438793182373,0.000102996826171875,0.00043463706970214844,0.010282516479492188
