num_events,utilization,reallocations,changes,failures,reallocated_prop,time_compute,time_apply,time_enum,time_search,time_pp
1,1.0,24,54,0,0.19834710743801653,0.05875205993652344,0.5744802951812744,0.012890100479125977,0.036749839782714844,0.009109973907470703
