num_events,utilization,reallocations,changes,failures,reallocated_prop,time_compute,time_apply,time_enum,time_search,time_pp
1,0.7339673913043478,7,6,0,0.35294117647058826,0.008986473083496094,0.4389474391937256,8.368492126464844e-05,0.00022339820861816406,0.008677244186401367
