num_events,utilization,reallocations,changes,failures,reallocated_prop,time_compute,time_apply
1,0.8760869565217392,5,4,0,0.4444444444444444,0.015250921249389648,0.5649604797363281
