num_events,utilization,reallocations,changes,failures,reallocated_prop,time_compute,time_apply
1,0.9146739130434782,28,63,0,0.4117647058823529,0.013344287872314453,0.5549592971801758
