num_events,utilization,reallocations,changes,failures,reallocated_prop,time_compute,time_apply,time_enum,time_search,time_pp
1,0.0012228260869565218,1,0,0,0.0,0.07443547248840332,0.5710206031799316,0.00010204315185546875,0.00010919570922851562,0.07422232627868652
