num_events,utilization,reallocations,changes,failures,reallocated_prop,time_compute,time_apply,time_enum,time_search,time_pp
1,0.0016304347826086956,1,0,0,0.0,0.01992201805114746,0.15290045738220215,9.584426879882812e-05,5.221366882324219e-05,0.019771575927734375
