num_events,utilization,reallocations,changes,failures,reallocated_prop,time_compute,time_apply,time_enum,time_search,time_pp
1,0.3521739130434783,1,0,0,0.0,0.2658858299255371,0.2732510566711426,0.018406152725219727,0.23803997039794922,0.00943756103515625
