num_events,utilization,reallocations,changes,failures,reallocated_prop,time_compute,time_apply,time_enum,time_search,time_pp
1,1.0,16,30,0,0.2318840579710145,0.04761195182800293,0.5684046745300293,0.015348196029663086,0.022779226303100586,0.009482145309448242
