num_events,utilization,reallocations,changes,failures,reallocated_prop,time_compute,time_apply
1,0.9059782608695652,40,69,0,0.40816326530612246,0.014394044876098633,0.5525298118591309
