num_events,utilization,reallocations,changes,failures,reallocated_prop,time_compute,time_apply,time_enum,time_search,time_pp
1,0.65,14,34,0,0.3333333333333333,0.010396718978881836,0.2944967746734619,0.00042819976806640625,0.0010306835174560547,0.008936405181884766
