num_events,utilization,reallocations,changes,failures,reallocated_prop,time_compute,time_apply,time_enum,time_search,time_pp
1,1.0,45,99,0,0.20270270270270271,0.09054946899414062,0.5973882675170898,0.014674663543701172,0.06627130508422852,0.009601354598999023
