num_events,utilization,reallocations,changes,failures,reallocated_prop,time_compute,time_apply,time_enum,time_search,time_pp
1,0.6653532608695653,4,3,0,0.11538461538461539,0.07308530807495117,3.424575090408325,9.965896606445312e-05,0.0004813671112060547,0.07250165939331055
