num_events,utilization,reallocations,changes,failures,reallocated_prop,time_compute,time_apply,time_enum,time_search,time_pp
1,0.65,38,72,0,0.4222222222222222,0.020887136459350586,0.6092665195465088,0.0005369186401367188,0.0022313594818115234,0.018116474151611328
