num_events,utilization,reallocations,changes,failures,reallocated_prop,time_compute,time_apply,time_enum,time_search,time_pp
1,1.0,68,153,0,0.1471861471861472,0.15587663650512695,0.5870771408081055,0.014833450317382812,0.13115930557250977,0.009880304336547852
