num_events,utilization,reallocations,changes,failures,reallocated_prop,time_compute,time_apply
1,0.9059782608695652,51,112,0,0.3617021276595745,0.015486955642700195,0.5508019924163818
