num_events,utilization,reallocations,changes,failures,reallocated_prop,time_compute,time_apply,time_enum,time_search,time_pp
1,0.7633152173913044,28,51,0,0.45161290322580644,0.011319637298583984,0.45665454864501953,0.00042510032653808594,0.0021028518676757812,0.008789539337158203
