num_events,utilization,reallocations,changes,failures,reallocated_prop,time_compute,time_apply,time_enum
1,0.44565217391304346,1,0,0,0.0,0.010473012924194336,0.2512173652648926,0.0001633167266845703
