num_events,utilization,reallocations,changes,failures,reallocated_prop,time_compute,time_apply,time_enum,time_search,time_pp
1,0.2608695652173913,1,0,0,0.0,0.010699748992919922,0.14691686630249023,8.082389831542969e-05,0.001695871353149414,0.008921384811401367
