num_events,utilization,reallocations,changes,failures,reallocated_prop,time_compute,time_apply,time_enum,time_search,time_pp
1,0.3184782608695652,1,0,0,0.0,0.011893272399902344,0.17581725120544434,9.584426879882812e-05,0.0020227432250976562,0.00977325439453125
