num_events,utilization,reallocations,changes,failures,reallocated_prop,time_compute,time_apply,time_enum,time_search,time_pp
1,0.65,22,41,0,0.4230769230769231,0.07353615760803223,2.3243257999420166,0.0004973411560058594,0.0013759136199951172,0.07166075706481934
