num_events,utilization,reallocations,changes,failures,reallocated_prop,time_compute,time_apply,time_enum,time_search,time_pp
1,0.08695652173913043,1,0,0,0.0,0.08765077590942383,0.7378547191619873,4.00543212890625e-05,0.00026679039001464844,0.0873420238494873
