num_events,utilization,reallocations,changes,failures,reallocated_prop,time_compute,time_apply,time_enum,time_search,time_pp
1,0.65,5,9,0,0.38461538461538464,0.037024736404418945,1.1936614513397217,0.0005245208740234375,0.0005674362182617188,0.03593015670776367
