num_events,utilization,reallocations,changes,failures,reallocated_prop,time_compute,time_apply,time_enum,time_search,time_pp
1,0.65,52,98,0,0.21311475409836064,0.01535654067993164,0.33272361755371094,0.000507354736328125,0.0051746368408203125,0.009672164916992188
