num_events,utilization,reallocations,changes,failures,reallocated_prop,time_compute,time_apply,time_enum,time_search,time_pp
1,0.04891304347826087,1,0,0,0.0,0.03583335876464844,0.2711057662963867,3.457069396972656e-05,9.036064147949219e-05,0.035706281661987305
