num_events,utilization,reallocations,changes,failures,reallocated_prop,time_compute,time_apply
1,0.8546195652173914,9,21,0,0.34615384615384615,0.012606620788574219,0.5267970561981201
