num_events,utilization,reallocations,changes,failures,reallocated_prop,time_compute,time_apply,time_enum,time_search,time_pp
1,1.0,75,167,0,0.1875,0.13967537879943848,0.5875844955444336,0.0148162841796875,0.11500191688537598,0.009855270385742188
