num_events,utilization,reallocations,changes,failures,reallocated_prop,time_compute,time_apply,time_enum,time_search,time_pp
1,0.1,1,0,0,0.0,0.09942269325256348,0.17501378059387207,0.018398523330688477,0.07160139083862305,0.009420156478881836
