num_events,utilization,reallocations,changes,failures,reallocated_prop,time_compute,time_apply,time_enum,time_search,time_pp
1,0.05326086956521739,1,0,0,0.0,0.06804251670837402,0.15333199501037598,0.018968582153320312,0.03970503807067871,0.009366989135742188
