num_events,utilization,reallocations,changes,failures,reallocated_prop,time_compute,time_apply,time_enum,time_search,time_pp
1,0.65,5,9,0,0.4166666666666667,0.03726959228515625,1.1878526210784912,0.0005135536193847656,0.0004968643188476562,0.036257266998291016
