num_events,utilization,reallocations,changes,failures,reallocated_prop,time_compute,time_apply,time_enum,time_search,time_pp
1,1.0,20,57,0,0.15267175572519084,0.06380844116210938,0.590700626373291,0.014629364013671875,0.039763689041137695,0.00941324234008789
