num_events,utilization,reallocations,changes,failures,reallocated_prop,time_compute,time_apply,time_enum,time_search,time_pp
1,1.0,6,15,0,0.16216216216216217,0.03801989555358887,0.5772984027862549,0.014832258224487305,0.013789892196655273,0.009396553039550781
