num_events,utilization,reallocations,changes,failures,reallocated_prop,time_compute,time_apply,time_enum,time_search,time_pp
1,0.025,1,0,0,0.0,0.05163264274597168,0.1403205394744873,0.021570682525634766,0.020990610122680664,0.009069442749023438
