num_events,utilization,reallocations,changes,failures,reallocated_prop,time_compute,time_apply
1,0.814945652173913,5,6,0,0.45454545454545453,0.011800527572631836,0.5263230800628662
