num_events,utilization,reallocations,changes,failures,reallocated_prop,time_compute,time_apply,time_enum,time_search,time_pp
1,0.65,34,59,0,0.08808290155440414,0.018413305282592773,0.32303714752197266,0.0005066394805908203,0.007908821105957031,0.009995698928833008
