num_events,utilization,reallocations,changes,failures,reallocated_prop,time_compute,time_apply,time_enum,time_search,time_pp
1,1.0,42,70,0,0.21649484536082475,0.0902554988861084,0.5754392147064209,0.01569199562072754,0.0640864372253418,0.010474681854248047
