num_events,utilization,reallocations,changes,failures,reallocated_prop,time_compute,time_apply,time_enum,time_search,time_pp
1,0.09239130434782608,1,0,0,0.0,0.010280847549438477,0.10466742515563965,9.799003601074219e-05,0.00067138671875,0.009509801864624023
