num_events,utilization,reallocations,changes,failures,reallocated_prop,time_compute,time_apply,time_enum,time_search,time_pp
1,0.11956521739130435,1,0,0,0.0,0.010360002517700195,0.09544014930725098,3.814697265625e-05,6.0558319091796875e-05,0.010259628295898438
