num_events,utilization,reallocations,changes,failures,reallocated_prop,time_compute,time_apply,time_enum,time_search,time_pp
1,1.0,38,70,0,0.1623931623931624,0.09964656829833984,0.5732443332672119,0.01575469970703125,0.07407140731811523,0.009818792343139648
