num_events,utilization,reallocations,changes,failures,reallocated_prop,time_compute,time_apply,time_enum,time_search,time_pp
1,0.65,14,26,0,0.42424242424242425,0.0748128890991211,2.39982533454895,0.0004987716674804688,0.0009777545928955078,0.0733344554901123
