num_events,utilization,reallocations,changes,failures,reallocated_prop,time_compute,time_apply,time_enum,time_search,time_pp
1,1.0,35,60,0,0.16908212560386474,0.08737468719482422,0.5734231472015381,0.01490640640258789,0.06279754638671875,0.009668350219726562
