num_events,utilization,reallocations,changes,failures,reallocated_prop,time_compute,time_apply,time_enum,time_search,time_pp
1,1.0,25,49,0,0.2808988764044944,0.11308479309082031,0.6336092948913574,0.014539718627929688,0.08857083320617676,0.009971857070922852
