num_events,utilization,reallocations,changes,failures,reallocated_prop,time_compute,time_apply,time_enum,time_search,time_pp
1,0.3065896739130435,2,1,0,0.5,0.034677743911743164,1.0165183544158936,8.511543273925781e-05,9.512901306152344e-05,0.03449583053588867
