num_events,utilization,reallocations,changes,failures,reallocated_prop,time_compute,time_apply,time_enum,time_search,time_pp
1,1.0,36,108,0,0.12162162162162163,0.11223840713500977,0.6162822246551514,0.014646530151367188,0.08777332305908203,0.009816408157348633
