num_events,utilization,reallocations,changes,failures,reallocated_prop,time_compute,time_apply,time_enum,time_search,time_pp
1,0.0005434782608695652,0,0,0,0.0,0.018728256225585938,0.13977527618408203,0.00010037422180175781,4.57763671875e-05,0.018579721450805664
