num_events,utilization,reallocations,changes,failures,reallocated_prop,time_compute,time_apply,time_enum,time_search,time_pp
1,1.0,30,65,0,0.20408163265306123,0.0684354305267334,0.5782878398895264,0.014735698699951172,0.04413008689880371,0.009567499160766602
