num_events,utilization,reallocations,changes,failures,reallocated_prop,time_compute,time_apply,time_enum,time_search,time_pp
1,0.3934782608695652,1,0,0,0.0,0.011603116989135742,0.2052450180053711,8.7738037109375e-05,0.0022459030151367188,0.009267568588256836
