num_events,utilization,reallocations,changes,failures,reallocated_prop,time_compute,time_apply,time_enum,time_search,time_pp
1,1.0,13,27,0,0.20967741935483872,0.047421932220458984,0.5724296569824219,0.015883684158325195,0.0219113826751709,0.009624958038330078
