num_events,utilization,reallocations,changes,failures,reallocated_prop,time_compute,time_apply,time_enum,time_search,time_pp
1,0.483695652173913,1,0,0,0.0,0.35254764556884766,0.3432164192199707,0.018340349197387695,0.32434868812561035,0.00985574722290039
