num_events,utilization,reallocations,changes,failures,reallocated_prop,time_compute,time_apply,time_enum,time_search,time_pp
1,0.27717391304347827,1,0,0,0.0,0.2271130084991455,0.25759363174438477,0.0216524600982666,0.1956639289855957,0.009793758392333984
