num_events,utilization,reallocations,changes,failures,reallocated_prop,time_compute,time_apply
1,0.8929347826086956,32,56,0,0.2689075630252101,0.015854597091674805,0.5353336334228516
