num_events,utilization,reallocations,changes,failures,reallocated_prop,time_compute,time_apply,time_enum,time_search,time_pp
1,0.6677309782608696,5,4,0,0.12903225806451613,0.07524728775024414,3.507591485977173,0.0001087188720703125,0.0006957054138183594,0.07444047927856445
