num_events,utilization,reallocations,changes,failures,reallocated_prop,time_compute,time_apply,time_enum,time_search,time_pp
1,0.6282608695652174,3,2,0,0.5,0.028571128845214844,0.5157208442687988,0.013014554977416992,0.006417036056518555,0.009137392044067383
