num_events,utilization,reallocations,changes,failures,reallocated_prop,time_compute,time_apply,time_enum,time_search,time_pp
1,0.7633152173913044,62,125,0,0.5688073394495413,0.012312173843383789,0.4689962863922119,0.00042057037353515625,0.0029785633087158203,0.008910655975341797
