num_events,utilization,reallocations,changes,failures,reallocated_prop,time_compute,time_apply,time_enum,time_search,time_pp
1,0.04673913043478261,1,0,0,0.0,0.009459495544433594,0.08328652381896973,8.296966552734375e-05,0.0003027915954589844,0.009071588516235352
