num_events,utilization,reallocations,changes,failures,reallocated_prop,time_compute,time_apply,time_enum,time_search,time_pp
1,1.0,14,29,0,0.2978723404255319,0.09370207786560059,0.6394674777984619,0.015107870101928711,0.0681607723236084,0.010430335998535156
