num_events,utilization,reallocations,changes,failures,reallocated_prop,time_compute,time_apply
1,0.7260869565217392,7,7,0,0.35294117647058826,0.0373842716217041,1.9917404651641846
