num_events,utilization,reallocations,changes,failures,reallocated_prop,time_compute,time_apply
1,0.8929347826086956,14,15,0,0.4482758620689655,0.009241342544555664,0.5544145107269287
