num_events,utilization,reallocations,changes,failures,reallocated_prop,time_compute,time_apply,time_enum,time_search,time_pp
1,0.024456521739130436,1,0,0,0.0,0.03547525405883789,0.2317335605621338,3.266334533691406e-05,4.839897155761719e-05,0.03539276123046875
