num_events,utilization,reallocations,changes,failures,reallocated_prop,time_compute,time_apply,time_enum,time_search,time_pp
1,0.65,131,249,0,0.2769556025369979,0.02041029930114746,0.3356940746307373,0.0005040168762207031,0.009873390197753906,0.010030984878540039
