num_events,utilization,reallocations,changes,failures,reallocated_prop,time_compute,time_apply,time_enum,time_search,time_pp
1,1.0,25,42,0,0.25510204081632654,0.05526113510131836,0.5807521343231201,0.014838695526123047,0.03077840805053711,0.009642839431762695
