num_events,utilization,reallocations,changes,failures,reallocated_prop,time_compute,time_apply,time_enum,time_search,time_pp
1,0.07608695652173914,1,0,0,0.0,0.022365331649780273,0.1788625717163086,3.4809112548828125e-05,7.939338684082031e-05,0.02224898338317871
