num_events,utilization,reallocations,changes,failures,reallocated_prop,time_compute,time_apply,time_enum
1,0.14130434782608695,1,0,0,0.0,0.010298490524291992,0.14611577987670898,0.00014519691467285156
