num_events,utilization,reallocations,changes,failures,reallocated_prop,time_compute,time_apply,time_enum,time_search,time_pp
1,0.5,1,0,0,0.0,0.059832096099853516,0.3137686252593994,0.015352249145507812,0.034886837005615234,0.009590387344360352
