num_events,utilization,reallocations,changes,failures,reallocated_prop,time_compute,time_apply,time_enum,time_search,time_pp
1,1.0,8,18,0,0.1951219512195122,0.039345741271972656,0.5757009983062744,0.01489710807800293,0.014797687530517578,0.009647846221923828
