num_events,utilization,reallocations,changes,failures,reallocated_prop,time_compute,time_apply,time_enum,time_search,time_pp
1,0.7027173913043478,5,4,0,0.5,0.009036779403686523,0.43216633796691895,9.918212890625e-05,0.00018477439880371094,0.008750438690185547
