num_events,utilization,reallocations,changes,failures,reallocated_prop,time_compute,time_apply,time_enum,time_search,time_pp
1,0.7350543478260869,13,12,0,0.3333333333333333,0.017980575561523438,0.9191126823425293,8.487701416015625e-05,0.0005083084106445312,0.01738595962524414
