num_events,utilization,reallocations,changes,failures,reallocated_prop,time_compute,time_apply
1,0.9019021739130435,15,36,0,0.40540540540540543,0.012720584869384766,0.5452256202697754
