num_events,utilization,reallocations,changes,failures,reallocated_prop,time_compute,time_apply,time_enum,time_search,time_pp
1,0.65,83,161,0,0.37727272727272726,0.014474630355834961,0.33069753646850586,0.0004298686981201172,0.004664182662963867,0.009378194808959961
