num_events,utilization,reallocations,changes,failures,reallocated_prop,time_compute,time_apply,time_enum,time_search,time_pp
1,0.030434782608695653,1,0,0,0.0,0.009783506393432617,0.08264613151550293,9.465217590332031e-05,0.0002377033233642578,0.00944972038269043
