num_events,utilization,reallocations,changes,failures,reallocated_prop,time_compute,time_apply,time_enum,time_search,time_pp
1,1.0,31,68,0,0.32978723404255317,0.10906600952148438,0.6382014751434326,0.014621496200561523,0.08494448661804199,0.009498357772827148
