num_events,utilization,reallocations,changes,failures,reallocated_prop,time_compute,time_apply
1,0.8097826086956522,16,18,0,0.7142857142857143,0.009224176406860352,0.5086445808410645
