num_events,utilization,reallocations,changes,failures,reallocated_prop,time_compute,time_apply
1,0.7994565217391304,16,18,0,0.7142857142857143,0.009626626968383789,0.5193667411804199
