num_events,utilization,reallocations,changes,failures,reallocated_prop,time_compute,time_apply,time_enum,time_search,time_pp
1,0.0,0,0,0,0.0,0.010463476181030273,0.06062006950378418,3.457069396972656e-05,1.5974044799804688e-05,0.01041102409362793
