num_events,utilization,reallocations,changes,failures,reallocated_prop,time_compute,time_apply,time_enum,time_search,time_pp
1,0.05434782608695652,1,0,0,0.0,0.04040169715881348,0.3217308521270752,3.457069396972656e-05,0.00012373924255371094,0.040241241455078125
