num_events,utilization,reallocations,changes,failures,reallocated_prop,time_compute,time_apply,time_enum,time_search,time_pp
1,0.751358695652174,10,17,0,0.5263157894736842,0.011117696762084961,0.46143245697021484,0.0004956722259521484,0.001264333724975586,0.00935506820678711
