num_events,utilization,reallocations,changes,failures,reallocated_prop,time_compute,time_apply,time_enum,time_search,time_pp
1,0.7364130434782609,5,4,0,0.2857142857142857,0.009745121002197266,0.47936415672302246,9.942054748535156e-05,0.0003509521484375,0.009293079376220703
