num_events,utilization,reallocations,changes,failures,reallocated_prop,time_compute,time_apply,time_enum,time_search,time_pp
1,0.7633152173913044,42,80,0,0.5526315789473685,0.011873960494995117,0.46611857414245605,0.00042128562927246094,0.002462148666381836,0.00898885726928711
