num_events,utilization,reallocations,changes,failures,reallocated_prop,time_compute,time_apply,time_enum,time_search,time_pp
1,1.0,25,48,0,0.20491803278688525,0.11230874061584473,0.6420621871948242,0.014646053314208984,0.08824539184570312,0.009413003921508789
