num_events,utilization,reallocations,changes,failures,reallocated_prop,time_compute,time_apply,time_enum,time_search,time_pp
1,0.6945652173913044,4,3,0,0.3333333333333333,0.010025739669799805,0.47759199142456055,0.00010752677917480469,0.0002086162567138672,0.009707927703857422
