num_events,utilization,reallocations,changes,failures,reallocated_prop,time_compute,time_apply,time_enum,time_search,time_pp
1,0.65,22,38,0,0.19642857142857142,0.012536764144897461,0.3114192485809326,0.0005066394805908203,0.0025434494018554688,0.009485244750976562
