num_events,utilization,reallocations,changes,failures,reallocated_prop,time_compute,time_apply
1,0.7306385869565217,9,16,0,0.391304347826087,0.03818106651306152,1.9246411323547363
