num_events,utilization,reallocations,changes,failures,reallocated_prop,time_compute,time_apply,time_enum,time_search,time_pp
1,0.3,1,0,0,0.0,0.03061819076538086,0.17509984970092773,0.016041994094848633,0.004247188568115234,0.01032710075378418
