num_events,utilization,reallocations,changes,failures,reallocated_prop,time_compute,time_apply,time_enum,time_search,time_pp
1,1.0,16,30,0,0.2318840579710145,0.04730963706970215,0.5711860656738281,0.014991998672485352,0.022944211959838867,0.00937199592590332
