num_events,utilization,reallocations,changes,failures,reallocated_prop,time_compute,time_apply,time_enum,time_search,time_pp
1,0.7633152173913044,36,80,0,0.43373493975903615,0.012474298477172852,0.4664909839630127,0.0004966259002685547,0.0026764869689941406,0.009299278259277344
