num_events,utilization,reallocations,changes,failures,reallocated_prop,time_compute,time_apply,time_enum,time_search,time_pp
1,0.65,103,197,0,0.3020527859237537,0.01739954948425293,0.33899426460266113,0.0005061626434326172,0.007204771041870117,0.009686708450317383
