num_events,utilization,reallocations,changes,failures,reallocated_prop,time_compute,time_apply
1,0.7865489130434783,9,13,0,0.391304347826087,0.022336483001708984,1.0527403354644775
