num_events,utilization,reallocations,changes,failures,reallocated_prop,time_compute,time_apply,time_enum
1,0.29347826086956524,1,0,0,0.0,0.010538101196289062,0.20016980171203613,0.00014710426330566406
