num_events,utilization,reallocations,changes,failures,reallocated_prop,time_compute,time_apply,time_enum,time_search,time_pp
1,0.65,29,54,0,0.2265625,0.012981176376342773,0.31566619873046875,0.0005047321319580078,0.002878427505493164,0.009595870971679688
