num_events,utilization,reallocations,changes,failures,reallocated_prop,time_compute,time_apply,time_enum,time_search,time_pp
1,1.0,3,3,0,0.2727272727272727,0.03633904457092285,0.5731730461120605,0.014544486999511719,0.012079477310180664,0.009712696075439453
