num_events,utilization,reallocations,changes,failures,reallocated_prop,time_compute,time_apply,time_enum,time_search,time_pp
1,0.6602921195652174,6,12,0,0.35294117647058826,0.0717315673828125,3.439565658569336,0.0005178451538085938,0.0009715557098388672,0.07024025917053223
