num_events,utilization,reallocations,changes,failures,reallocated_prop,time_compute,time_apply,time_enum,time_search,time_pp
1,0.7206521739130435,9,9,0,0.4444444444444444,0.009514331817626953,0.45572733879089355,3.552436828613281e-05,9.894371032714844e-05,0.009377241134643555
