num_events,utilization,reallocations,changes,failures,reallocated_prop,time_compute,time_apply
1,0.7550271739130435,9,15,0,0.42857142857142855,0.021444082260131836,1.0177114009857178
