num_events,utilization,reallocations,changes,failures,reallocated_prop,time_compute,time_apply,time_enum,time_search,time_pp
1,1.0,10,13,0,0.5555555555555556,0.04751944541931152,0.5780727863311768,0.013830423355102539,0.024222373962402344,0.009463787078857422
