num_events,utilization,reallocations,changes,failures,reallocated_prop,time_compute,time_apply,time_enum,time_search,time_pp
1,1.0,132,195,0,0.2755741127348643,0.16329598426818848,0.6232600212097168,0.014766216278076172,0.13852930068969727,0.009998321533203125
