num_events,utilization,reallocations,changes,failures,reallocated_prop,time_compute,time_apply,time_enum,time_search,time_pp
1,0.10760869565217392,1,0,0,0.0,0.010494709014892578,0.10816192626953125,9.608268737792969e-05,0.0007696151733398438,0.009627819061279297
