num_events,utilization,reallocations,changes,failures,reallocated_prop,time_compute,time_apply,time_enum,time_search,time_pp
1,1.0,69,207,0,0.14256198347107438,0.16881299018859863,0.5993587970733643,0.015653610229492188,0.14317107200622559,0.009986162185668945
