num_events,utilization,reallocations,changes,failures,reallocated_prop,time_compute,time_apply,time_enum,time_search,time_pp
1,0.3423913043478261,1,0,0,0.0,0.2601966857910156,0.27918362617492676,0.018284082412719727,0.23221516609191895,0.009694814682006836
