num_events,utilization,reallocations,changes,failures,reallocated_prop,time_compute,time_apply,time_enum,time_search,time_pp
1,0.6,3,4,0,0.3333333333333333,0.01813960075378418,0.5700416564941406,0.0005078315734863281,0.0003566741943359375,0.0172727108001709
