num_events,utilization,reallocations,changes,failures,reallocated_prop,time_compute,time_apply,time_enum,time_search,time_pp
1,0.0,0,0,0,0.0,0.03211641311645508,0.060712337493896484,0.018405675888061523,0.0044786930084228516,0.009229898452758789
