num_events,utilization,reallocations,changes,failures,reallocated_prop,time_compute,time_apply,time_enum,time_search,time_pp
1,0.65,28,53,0,0.42424242424242425,0.014073371887207031,0.3765745162963867,0.0006928443908691406,0.0017426013946533203,0.01163625717163086
