num_events,utilization,reallocations,changes,failures,reallocated_prop,time_compute,time_apply,time_enum,time_search,time_pp
1,1.0,26,51,0,0.25742574257425743,0.09728789329528809,0.6468043327331543,0.014457225799560547,0.07332110404968262,0.009506702423095703
