num_events,utilization,reallocations,changes,failures,reallocated_prop,time_compute,time_apply,time_enum,time_search,time_pp
1,0.65,21,51,0,0.3333333333333333,0.07450604438781738,2.3999762535095215,0.0005042552947998047,0.0015757083892822266,0.07242393493652344
