num_events,utilization,reallocations,changes,failures,reallocated_prop,time_compute,time_apply,time_enum,time_search,time_pp
1,0.03695652173913044,1,0,0,0.0,0.056311845779418945,0.1468191146850586,0.018278837203979492,0.028674602508544922,0.009356021881103516
