num_events,utilization,reallocations,changes,failures,reallocated_prop,time_compute,time_apply
1,0.8154891304347827,14,14,0,0.7647058823529411,0.009810686111450195,0.5325186252593994
