num_events,utilization,reallocations,changes,failures,reallocated_prop,time_compute,time_apply,time_enum,time_search,time_pp
1,0.4652173913043478,1,0,0,0.0,0.33167457580566406,0.33313918113708496,0.017571449279785156,0.30388689041137695,0.01021432876586914
