num_events,utilization,reallocations,changes,failures,reallocated_prop,time_compute,time_apply,time_enum,time_search,time_pp
1,1.0,32,54,0,0.256,0.06352710723876953,0.5727946758270264,0.014597892761230469,0.03952383995056152,0.009402751922607422
