num_events,utilization,reallocations,changes,failures,reallocated_prop,time_compute,time_apply,time_enum,time_search,time_pp
1,0.11630434782608695,1,0,0,0.0,0.10685372352600098,0.1725318431854248,0.017899513244628906,0.08001112937927246,0.008941411972045898
