num_events,utilization,reallocations,changes,failures,reallocated_prop,time_compute,time_apply,time_enum,time_search,time_pp
1,0.0891304347826087,1,0,0,0.0,0.010398387908935547,0.10209274291992188,9.703636169433594e-05,0.0006139278411865234,0.00968623161315918
