num_events,utilization,reallocations,changes,failures,reallocated_prop,time_compute,time_apply,time_enum,time_search,time_pp
1,0.391304347826087,1,0,0,0.0,0.04989480972290039,0.2739853858947754,0.012795448303222656,0.027620553970336914,0.0094757080078125
