num_events,utilization,reallocations,changes,failures,reallocated_prop,time_compute,time_apply,time_enum,time_search,time_pp
1,0.3,1,0,0,0.0,0.010777950286865234,0.16016006469726562,8.058547973632812e-05,0.0017464160919189453,0.008948802947998047
