num_events,utilization,reallocations,changes,failures,reallocated_prop,time_compute,time_apply
1,0.8146739130434782,16,18,0,0.7142857142857143,0.009394645690917969,0.5090768337249756
