num_events,utilization,reallocations,changes,failures,reallocated_prop,time_compute,time_apply,time_enum,time_search,time_pp
1,0.03260869565217391,1,0,0,0.0,0.07258892059326172,0.5002801418304443,4.1961669921875e-05,0.00010848045349121094,0.07243657112121582
