num_events,utilization,reallocations,changes,failures,reallocated_prop,time_compute,time_apply
1,0.714945652173913,8,7,0,0.5384615384615384,0.07300257682800293,3.7699663639068604
