num_events,utilization,reallocations,changes,failures,reallocated_prop,time_compute,time_apply
1,0.8994565217391305,17,18,0,0.6153846153846154,0.009677648544311523,0.5444319248199463
