num_events,utilization,reallocations,changes,failures,reallocated_prop,time_compute,time_apply
1,0.9146739130434782,30,48,0,0.30303030303030304,0.013664484024047852,0.5431437492370605
