num_events,utilization,reallocations,changes,failures,reallocated_prop,time_compute,time_apply,time_enum,time_search,time_pp
1,0.65,23,40,0,0.06068601583113457,0.018130779266357422,0.3191413879394531,0.0005037784576416016,0.00776982307434082,0.009855270385742188
