num_events,utilization,reallocations,changes,failures,reallocated_prop,time_compute,time_apply,time_enum,time_search,time_pp
1,0.005842391304347826,1,0,0,0.0,0.07495975494384766,0.6006760597229004,0.0001049041748046875,0.0003802776336669922,0.07447266578674316
