num_events,utilization,reallocations,changes,failures,reallocated_prop,time_compute,time_apply,time_enum,time_search,time_pp
1,0.09375,1,0,0,0.0,0.07290339469909668,0.631706953048706,3.361701965332031e-05,0.0002887248992919922,0.07257938385009766
