num_events,utilization,reallocations,changes,failures,reallocated_prop,time_compute,time_apply,time_enum,time_search,time_pp
1,0.22826086956521738,1,0,0,0.0,0.009947776794433594,0.11680889129638672,3.600120544433594e-05,0.00010275840759277344,0.009807348251342773
