num_events,utilization,reallocations,changes,failures,reallocated_prop,time_compute,time_apply,time_enum,time_search,time_pp
1,1.0,53,156,0,0.150997150997151,0.12642145156860352,0.6093685626983643,0.014685869216918945,0.10185885429382324,0.009874343872070312
