num_events,utilization,reallocations,changes,failures,reallocated_prop,time_compute,time_apply,time_enum,time_search,time_pp
1,0.65,89,158,0,0.34765625,0.01584625244140625,0.3319878578186035,0.0005125999450683594,0.005478620529174805,0.009853124618530273
