num_events,utilization,reallocations,changes,failures,reallocated_prop,time_compute,time_apply,time_enum,time_search,time_pp
1,0.65,129,245,0,0.3654390934844193,0.016855955123901367,0.3344554901123047,0.0005035400390625,0.006931781768798828,0.009418725967407227
