num_events,utilization,reallocations,changes,failures,reallocated_prop,time_compute,time_apply,time_enum
1,0.33695652173913043,1,0,0,0.0,0.01033926010131836,0.21657967567443848,0.00014448165893554688
