num_events,utilization,reallocations,changes,failures,reallocated_prop,time_compute,time_apply,time_enum,time_search,time_pp
1,1.0,20,45,0,0.047505938242280284,0.13796162605285645,0.5761778354644775,0.012354850769042969,0.11610960960388184,0.009494781494140625
