num_events,utilization,reallocations,changes,failures,reallocated_prop,time_compute,time_apply,time_enum,time_search,time_pp
1,1.0,23,36,0,0.3770491803278688,0.08834981918334961,0.6023318767547607,0.015131473541259766,0.06391263008117676,0.009302854537963867
