num_events,utilization,reallocations,changes,failures,reallocated_prop,time_compute,time_apply
1,0.7277173913043479,4,3,0,0.42857142857142855,0.013001680374145508,0.5165722370147705
