num_events,utilization,reallocations,changes,failures,reallocated_prop,time_compute,time_apply,time_enum,time_search,time_pp
1,0.65,30,73,0,0.32967032967032966,0.011888742446899414,0.30739903450012207,0.0005245208740234375,0.0021686553955078125,0.009193897247314453
