num_events,utilization,reallocations,changes,failures,reallocated_prop,time_compute,time_apply,time_enum,time_search,time_pp
1,0.5282608695652173,1,0,0,0.0,0.3919820785522461,0.3651926517486572,0.01827096939086914,0.3635118007659912,0.010196924209594727
