num_events,utilization,reallocations,changes,failures,reallocated_prop,time_compute,time_apply,time_enum,time_search,time_pp
1,0.65,28,68,0,0.32941176470588235,0.038771629333496094,1.2129416465759277,0.0004980564117431641,0.002023458480834961,0.036248207092285156
