num_events,utilization,reallocations,changes,failures,reallocated_prop,time_compute,time_apply,time_enum,time_search,time_pp
1,0.39565217391304347,1,0,0,0.0,0.29716038703918457,0.290269136428833,0.019846439361572266,0.26778340339660645,0.009528636932373047
