num_events,utilization,reallocations,changes,failures,reallocated_prop,time_compute,time_apply,time_enum,time_search,time_pp
1,0.65,14,34,0,0.3333333333333333,0.07497978210449219,2.439716100692749,0.0005481243133544922,0.0012142658233642578,0.07321524620056152
