num_events,utilization,reallocations,changes,failures,reallocated_prop,time_compute,time_apply,time_enum,time_search,time_pp
1,1.0,45,60,0,0.21844660194174756,0.08590126037597656,0.5798478126525879,0.014804840087890625,0.0614476203918457,0.009646415710449219
