num_events,utilization,reallocations,changes,failures,reallocated_prop,time_compute,time_apply,time_enum,time_search,time_pp
1,0.46630434782608693,1,0,0,0.0,0.34267401695251465,0.32250022888183594,0.018903493881225586,0.3142414093017578,0.009526252746582031
