num_events,utilization,reallocations,changes,failures,reallocated_prop,time_compute,time_apply,time_enum,time_search,time_pp
1,1.0,60,78,0,0.5,0.09848523139953613,0.6374211311340332,0.014544010162353516,0.0743100643157959,0.0096282958984375
