num_events,utilization,reallocations,changes,failures,reallocated_prop,time_compute,time_apply
1,0.8388586956521739,14,14,0,0.5909090909090909,0.009612560272216797,0.50541090965271
