num_events,utilization,reallocations,changes,failures,reallocated_prop,time_compute,time_apply,time_enum,time_search,time_pp
1,0.7597826086956522,9,22,0,0.4090909090909091,0.011319875717163086,0.47196078300476074,0.0004992485046386719,0.0014603137969970703,0.00935816764831543
