num_events,utilization,reallocations,changes,failures,reallocated_prop,time_compute,time_apply,time_enum,time_search,time_pp
1,0.09130434782608696,1,0,0,0.0,0.09182047843933105,0.17132329940795898,0.0187070369720459,0.06387042999267578,0.00924062728881836
