num_events,utilization,reallocations,changes,failures,reallocated_prop,time_compute,time_apply,time_enum,time_search,time_pp
1,0.32608695652173914,1,0,0,0.0,0.2557351589202881,0.27471208572387695,0.018143653869628906,0.22789740562438965,0.009691715240478516
