num_events,utilization,reallocations,changes,failures,reallocated_prop,time_compute,time_apply
1,0.9146739130434782,29,47,0,0.2543859649122807,0.013956546783447266,0.5383410453796387
