num_events,utilization,reallocations,changes,failures,reallocated_prop,time_compute,time_apply,time_enum,time_search,time_pp
1,0.65,14,26,0,0.42424242424242425,0.03729844093322754,1.1957032680511475,0.0004973411560058594,0.0009729862213134766,0.035826683044433594
