num_events,utilization,reallocations,changes,failures,reallocated_prop,time_compute,time_apply,time_enum,time_search,time_pp
1,0.65,28,68,0,0.32558139534883723,0.020724773406982422,0.6067323684692383,0.0004930496215820312,0.0020685195922851562,0.018161535263061523
