num_events,utilization,reallocations,changes,failures,reallocated_prop,time_compute,time_apply,time_enum,time_search,time_pp
1,0.65,77,130,0,0.24758842443729903,0.01677536964416504,0.33015918731689453,0.0005013942718505859,0.0065441131591796875,0.009727716445922852
