num_events,utilization,reallocations,changes,failures,reallocated_prop,time_compute,time_apply,time_enum,time_search,time_pp
1,0.65,30,40,0,0.1875,0.015053272247314453,0.3515024185180664,0.0006279945373535156,0.00324249267578125,0.011181116104125977
