num_events,utilization,reallocations,changes,failures,reallocated_prop,time_compute,time_apply
1,0.7353260869565217,4,3,0,0.42857142857142855,0.008911371231079102,0.4839766025543213
