num_events,utilization,reallocations,changes,failures,reallocated_prop,time_compute,time_apply,time_enum,time_search,time_pp
1,0.1793478260869565,1,0,0,0.0,0.03779006004333496,0.41937851905822754,3.5762786865234375e-05,0.0002932548522949219,0.03745913505554199
