num_events,utilization,reallocations,changes,failures,reallocated_prop,time_compute,time_apply,time_enum,time_search,time_pp
1,0.05,1,0,0,0.0,0.06250309944152832,0.1502842903137207,0.017961502075195312,0.03526949882507324,0.009270191192626953
