num_events,utilization,reallocations,changes,failures,reallocated_prop,time_compute,time_apply
1,0.877445652173913,8,7,0,0.3181818181818182,0.010244131088256836,0.5534725189208984
