num_events,utilization,reallocations,changes,failures,reallocated_prop,time_compute,time_apply,time_enum,time_search,time_pp
1,0.39891304347826084,1,0,0,0.0,0.29935789108276367,0.3026096820831299,0.018558263778686523,0.27086925506591797,0.009928226470947266
