num_events,utilization,reallocations,changes,failures,reallocated_prop,time_compute,time_apply,time_enum,time_search,time_pp
1,0.4608695652173913,1,0,0,0.0,0.3411722183227539,0.3332540988922119,0.021710634231567383,0.3096277713775635,0.009830713272094727
