num_events,utilization,reallocations,changes,failures,reallocated_prop,time_compute,time_apply,time_enum,time_search,time_pp
1,0.30135869565217394,1,0,0,0.0,0.07237029075622559,1.7999787330627441,0.0005099773406982422,0.0002703666687011719,0.07158803939819336
