num_events,utilization,reallocations,changes,failures,reallocated_prop,time_compute,time_apply,time_enum,time_search,time_pp
1,0.38804347826086955,1,0,0,0.0,0.012130022048950195,0.19939231872558594,9.703636169433594e-05,0.002415180206298828,0.009615421295166016
