num_events,utilization,reallocations,changes,failures,reallocated_prop,time_compute,time_apply
1,0.7079823369565217,9,10,0,0.7272727272727273,0.07315874099731445,3.903327226638794
