num_events,utilization,reallocations,changes,failures,reallocated_prop,time_compute,time_apply,time_enum,time_search,time_pp
1,1.0,86,125,0,0.2536873156342183,0.14052486419677734,0.5848190784454346,0.016684293746948242,0.11358332633972168,0.010255098342895508
