num_events,utilization,reallocations,changes,failures,reallocated_prop,time_compute,time_apply
1,0.7491847826086957,11,12,0,0.7692307692307693,0.009595155715942383,0.4877908229827881
