num_events,utilization,reallocations,changes,failures,reallocated_prop,time_compute,time_apply,time_enum,time_search,time_pp
1,0.65,29,47,0,0.17682926829268292,0.01378631591796875,0.3159310817718506,0.0005011558532714844,0.003625631332397461,0.009657859802246094
