num_events,utilization,reallocations,changes,failures,reallocated_prop,time_compute,time_apply,time_enum,time_search,time_pp
1,0.025543478260869567,1,0,0,0.0,0.020993709564208984,0.16990399360656738,9.870529174804688e-05,0.00039696693420410156,0.020496129989624023
