num_events,utilization,reallocations,changes,failures,reallocated_prop,time_compute,time_apply,time_enum,time_search,time_pp
1,0.3695652173913043,1,0,0,0.0,0.05093836784362793,0.265092134475708,0.015240192413330078,0.02625560760498047,0.009439468383789062
