num_events,utilization,reallocations,changes,failures,reallocated_prop,time_compute,time_apply
1,0.731929347826087,9,16,0,0.391304347826087,0.04000234603881836,2.0356385707855225
