num_events,utilization,reallocations,changes,failures,reallocated_prop,time_compute,time_apply,time_enum,time_search,time_pp
1,0.65,19,36,0,0.41304347826086957,0.019776582717895508,0.6105268001556396,0.0004916191101074219,0.0012238025665283203,0.01805901527404785
