num_events,utilization,reallocations,changes,failures,reallocated_prop,time_compute,time_apply,time_enum,time_search,time_pp
1,0.012228260869565218,1,0,0,0.0,0.07259416580200195,0.444979190826416,3.361701965332031e-05,5.2928924560546875e-05,0.07250547409057617
