num_events,utilization,reallocations,changes,failures,reallocated_prop,time_compute,time_apply,time_enum,time_search,time_pp
1,0.04673913043478261,1,0,0,0.0,0.018984079360961914,0.18056106567382812,8.606910705566406e-05,0.0005950927734375,0.018300533294677734
