num_events,utilization,reallocations,changes,failures,reallocated_prop,time_compute,time_apply,time_enum,time_search,time_pp
1,0.1641304347826087,1,0,0,0.0,0.010692834854125977,0.12485241889953613,9.870529174804688e-05,0.0011048316955566406,0.00948786735534668
