num_events,utilization,reallocations,changes,failures,reallocated_prop,time_compute,time_apply,time_enum,time_search,time_pp
1,0.017934782608695653,1,0,0,0.0,0.03714728355407715,0.3066732883453369,9.608268737792969e-05,0.0005404949188232422,0.03650832176208496
