num_events,utilization,reallocations,changes,failures,reallocated_prop,time_compute,time_apply,time_enum,time_search,time_pp
1,0.65,129,309,0,0.2621951219512195,0.02065753936767578,0.3543882369995117,0.0005102157592773438,0.010141611099243164,0.010003805160522461
