num_events,utilization,reallocations,changes,failures,reallocated_prop,time_compute,time_apply
1,0.9059782608695652,41,52,0,0.36283185840707965,0.01531219482421875,0.5615706443786621
