num_events,utilization,reallocations,changes,failures,reallocated_prop,time_compute,time_apply
1,0.7158967391304348,7,7,0,0.35294117647058826,0.07426714897155762,3.9263341426849365
