num_events,utilization,reallocations,changes,failures,reallocated_prop,time_compute,time_apply,time_enum,time_search,time_pp
1,0.65,26,48,0,0.41935483870967744,0.07098269462585449,2.3517675399780273,0.0005075931549072266,0.001491546630859375,0.06898188591003418
