num_events,utilization,reallocations,changes,failures,reallocated_prop,time_compute,time_apply
1,0.8972826086956521,21,38,0,0.2413793103448276,0.013952493667602539,0.5403294563293457
