num_events,utilization,reallocations,changes,failures,reallocated_prop,time_compute,time_apply,time_enum,time_search,time_pp
1,0.65,34,78,0,0.14225941422594143,0.015282869338989258,0.32758164405822754,0.0005028247833251953,0.004998207092285156,0.009780406951904297
