num_events,utilization,reallocations,changes,failures,reallocated_prop,time_compute,time_apply,time_enum,time_search,time_pp
1,0.65,43,99,0,0.21182266009852216,0.01661229133605957,0.3821735382080078,0.0006821155548095703,0.004355907440185547,0.011572599411010742
