num_events,utilization,reallocations,changes,failures,reallocated_prop,time_compute,time_apply
1,0.9059782608695652,51,119,0,0.3591549295774648,0.01610875129699707,0.5741782188415527
