num_events,utilization,reallocations,changes,failures,reallocated_prop,time_compute,time_apply,time_enum,time_search,time_pp
1,0.2902173913043478,1,0,0,0.0,0.22965574264526367,0.2575950622558594,0.018247365951538086,0.20167231559753418,0.009732961654663086
