num_events,utilization,reallocations,changes,failures,reallocated_prop,time_compute,time_apply,time_enum,time_search,time_pp
1,0.65,5,9,0,0.4166666666666667,0.010903120040893555,0.31225132942199707,0.0005555152893066406,0.000537872314453125,0.009807825088500977
