num_events,utilization,reallocations,changes,failures,reallocated_prop,time_compute,time_apply,time_enum,time_search,time_pp
1,0.6705842391304347,6,12,0,0.35294117647058826,0.03838372230529785,1.8003978729248047,0.0005083084106445312,0.0011322498321533203,0.03674125671386719
