num_events,utilization,reallocations,changes,failures,reallocated_prop,time_compute,time_apply,time_enum,time_search,time_pp
1,0.012228260869565218,1,0,0,0.0,0.07520222663879395,0.620943546295166,9.918212890625e-05,0.0007364749908447266,0.07436490058898926
