num_events,utilization,reallocations,changes,failures,reallocated_prop,time_compute,time_apply,time_enum,time_search,time_pp
1,0.65,14,26,0,0.42424242424242425,0.019913911819458008,0.600592851638794,0.0004942417144775391,0.0009510517120361328,0.018467187881469727
