num_events,utilization,reallocations,changes,failures,reallocated_prop,time_compute,time_apply
1,0.7130095108695652,12,12,0,0.7333333333333333,0.07378530502319336,3.8985941410064697
