num_events,utilization,reallocations,changes,failures,reallocated_prop,time_compute,time_apply,time_enum,time_search,time_pp
1,0.65,37,70,0,0.4157303370786517,0.03660178184509277,1.1654577255249023,0.0004975795745849609,0.0019502639770507812,0.03415179252624512
