num_events,utilization,reallocations,changes,failures,reallocated_prop,time_compute,time_apply,time_enum,time_search,time_pp
1,0.41847826086956524,1,0,0,0.0,0.31417417526245117,0.31557488441467285,0.01824808120727539,0.28557682037353516,0.010346412658691406
