num_events,utilization,reallocations,changes,failures,reallocated_prop,time_compute,time_apply,time_enum,time_search,time_pp
1,0.696195652173913,4,3,0,0.375,0.009414196014404297,0.4183464050292969,9.870529174804688e-05,0.00015020370483398438,0.00916290283203125
