num_events,utilization,reallocations,changes,failures,reallocated_prop,time_compute,time_apply
1,0.7159307065217392,10,14,0,0.47619047619047616,0.07259941101074219,3.7953271865844727
