num_events,utilization,reallocations,changes,failures,reallocated_prop,time_compute,time_apply
1,0.8141304347826087,8,7,0,0.3181818181818182,0.01007986068725586,0.5234394073486328
