num_events,utilization,reallocations,changes,failures,reallocated_prop,time_compute,time_apply
1,0.7201426630434783,14,21,0,0.45161290322580644,0.07707071304321289,3.948789358139038
