num_events,utilization,reallocations,changes,failures,reallocated_prop,time_compute,time_apply,time_enum,time_search,time_pp
1,0.013315217391304347,1,0,0,0.0,0.07596707344055176,0.6254942417144775,9.965896606445312e-05,0.0008156299591064453,0.07504940032958984
