num_events,utilization,reallocations,changes,failures,reallocated_prop,time_compute,time_apply,time_enum,time_search,time_pp
1,1.0,16,30,0,0.2318840579710145,0.04712104797363281,0.573082447052002,0.014625310897827148,0.02292323112487793,0.009571075439453125
