num_events,utilization,reallocations,changes,failures,reallocated_prop,time_compute,time_apply,time_enum,time_search,time_pp
1,1.0,29,66,0,0.19594594594594594,0.0688314437866211,0.5824241638183594,0.014676570892333984,0.04447126388549805,0.009681463241577148
