num_events,utilization,reallocations,changes,failures,reallocated_prop,time_compute,time_apply,time_enum,time_search,time_pp
1,0.7633152173913044,44,86,0,0.5866666666666667,0.011986494064331055,0.4625999927520752,0.00042176246643066406,0.002577543258666992,0.008985519409179688
