num_events,utilization,reallocations,changes,failures,reallocated_prop,time_compute,time_apply,time_enum,time_search,time_pp
1,0.65,71,129,0,0.284,0.015959501266479492,0.3281364440917969,0.0005037784576416016,0.0056002140045166016,0.009853839874267578
