num_events,utilization,reallocations,changes,failures,reallocated_prop,time_compute,time_apply,time_enum
1,0.4782608695652174,1,0,0,0.0,0.010424375534057617,0.26369595527648926,0.00013518333435058594
