num_events,utilization,reallocations,changes,failures,reallocated_prop,time_compute,time_apply
1,0.7370923913043478,11,11,0,0.7692307692307693,0.019786596298217773,1.0070140361785889
