num_events,utilization,reallocations,changes,failures,reallocated_prop,time_compute,time_apply,time_enum,time_search,time_pp
1,0.1529891304347826,1,0,0,0.0,0.02802109718322754,0.19727754592895508,0.014512777328491211,0.004422426223754883,0.009083747863769531
