num_events,utilization,reallocations,changes,failures,reallocated_prop,time_compute,time_apply,time_enum,time_search,time_pp
1,1.0,52,94,0,0.36879432624113473,0.11459922790527344,0.6719622611999512,0.014594078063964844,0.09051108360290527,0.009492158889770508
