num_events,utilization,reallocations,changes,failures,reallocated_prop,time_compute,time_apply,time_enum,time_search,time_pp
1,0.6641983695652174,5,4,0,0.5,0.03772735595703125,1.776280164718628,0.00010919570922851562,0.00026869773864746094,0.03734707832336426
