num_events,utilization,reallocations,changes,failures,reallocated_prop,time_compute,time_apply,time_enum,time_search,time_pp
1,1.0,29,53,0,0.1141732283464567,0.09921836853027344,0.5882720947265625,0.014789819717407227,0.07472467422485352,0.009701967239379883
