num_events,utilization,reallocations,changes,failures,reallocated_prop,time_compute,time_apply
1,0.7190217391304348,4,7,0,0.36363636363636365,0.010084867477416992,0.465789794921875
