num_events,utilization,reallocations,changes,failures,reallocated_prop,time_compute,time_apply,time_enum,time_search,time_pp
1,0.26413043478260867,1,0,0,0.0,0.011753559112548828,0.15756821632385254,9.441375732421875e-05,0.001893758773803711,0.009763479232788086
