num_events,utilization,reallocations,changes,failures,reallocated_prop,time_compute,time_apply,time_enum,time_search,time_pp
1,0.17173913043478262,1,0,0,0.0,0.010901451110839844,0.12914633750915527,9.298324584960938e-05,0.0011332035064697266,0.009673595428466797
