num_events,utilization,reallocations,changes,failures,reallocated_prop,time_compute,time_apply
1,0.9059782608695652,36,81,0,0.4090909090909091,0.014636993408203125,0.5833535194396973
