num_events,utilization,reallocations,changes,failures,reallocated_prop,time_compute,time_apply,time_enum,time_search,time_pp
1,0.009375,1,0,0,0.0,0.07657957077026367,0.6079723834991455,0.00010538101196289062,0.0005698204040527344,0.07590270042419434
