num_events,utilization,reallocations,changes,failures,reallocated_prop,time_compute,time_apply,time_enum,time_search,time_pp
1,0.65,11,27,0,0.3142857142857143,0.011137962341308594,0.3094041347503662,0.0005123615264892578,0.001004934310913086,0.009618997573852539
