num_events,utilization,reallocations,changes,failures,reallocated_prop,time_compute,time_apply,time_enum,time_search,time_pp
1,0.3391304347826087,1,0,0,0.0,0.012567758560180664,0.17305922508239746,9.608268737792969e-05,0.0023262500762939453,0.010143518447875977
