num_events,utilization,reallocations,changes,failures,reallocated_prop,time_compute,time_apply,time_enum,time_search,time_pp
1,1.0,12,23,0,0.22641509433962265,0.04736757278442383,0.581179141998291,0.015969514846801758,0.02085733413696289,0.010538101196289062
