num_events,utilization,reallocations,changes,failures,reallocated_prop,time_compute,time_apply,time_enum,time_search,time_pp
1,0.65,78,153,0,0.17727272727272728,0.01985335350036621,0.32549262046813965,0.0004973411560058594,0.009192943572998047,0.010161638259887695
