num_events,utilization,reallocations,changes,failures,reallocated_prop,time_compute,time_apply,time_enum,time_search,time_pp
1,0.20652173913043478,1,0,0,0.0,0.010994672775268555,0.13843941688537598,9.465217590332031e-05,0.0013387203216552734,0.009559869766235352
