num_events,utilization,reallocations,changes,failures,reallocated_prop,time_compute,time_apply,time_enum,time_search,time_pp
1,0.09782608695652174,1,0,0,0.0,0.018773317337036133,0.16396498680114746,3.2901763916015625e-05,0.00010466575622558594,0.01863408088684082
