num_events,utilization,reallocations,changes,failures,reallocated_prop,time_compute,time_apply,time_enum,time_search,time_pp
1,0.24347826086956523,1,0,0,0.0,0.01143026351928711,0.15166497230529785,9.465217590332031e-05,0.0016360282897949219,0.009697914123535156
