num_events,utilization,reallocations,changes,failures,reallocated_prop,time_compute,time_apply,time_enum,time_search,time_pp
1,0.24782608695652175,1,0,0,0.0,0.2057638168334961,0.23910951614379883,0.018163681030273438,0.17805695533752441,0.009541511535644531
