num_events,utilization,reallocations,changes,failures,reallocated_prop,time_compute,time_apply,time_enum,time_search,time_pp
1,0.65,14,34,0,0.32558139534883723,0.011374235153198242,0.3248574733734131,0.0004329681396484375,0.0011489391326904297,0.009790658950805664
