num_events,utilization,reallocations,changes,failures,reallocated_prop,time_compute,time_apply,time_enum,time_search,time_pp
1,1.0,26,30,0,0.49056603773584906,0.08257937431335449,0.5885179042816162,0.012271642684936523,0.06042909622192383,0.009876012802124023
