num_events,utilization,reallocations,changes,failures,reallocated_prop,time_compute,time_apply
1,0.8538043478260869,10,24,0,0.35714285714285715,0.01200556755065918,0.5413613319396973
