num_events,utilization,reallocations,changes,failures,reallocated_prop,time_compute,time_apply,time_enum,time_search,time_pp
1,1.0,7,7,0,0.6363636363636364,0.047345876693725586,0.564579963684082,0.0183258056640625,0.019885540008544922,0.009132623672485352
