num_events,utilization,reallocations,changes,failures,reallocated_prop,time_compute,time_apply,time_enum,time_search,time_pp
1,0.7326086956521739,19,18,0,0.5142857142857142,0.01810908317565918,0.8943209648132324,8.225440979003906e-05,0.0004923343658447266,0.017532825469970703
