num_events,utilization,reallocations,changes,failures,reallocated_prop,time_compute,time_apply,time_enum,time_search,time_pp
1,0.2728260869565217,1,0,0,0.0,0.21832799911499023,0.2490859031677246,0.018145084381103516,0.1906430721282959,0.009537696838378906
