num_events,utilization,reallocations,changes,failures,reallocated_prop,time_compute,time_apply,time_enum,time_search,time_pp
1,1.0,21,39,0,0.23595505617977527,0.053318023681640625,0.5686390399932861,0.014917373657226562,0.02853250503540039,0.00986623764038086
