num_events,utilization,reallocations,changes,failures,reallocated_prop,time_compute,time_apply,time_enum,time_search,time_pp
1,0.65,30,73,0,0.32967032967032966,0.011879682540893555,0.3048110008239746,0.0004954338073730469,0.002154827117919922,0.00922703742980957
