num_events,utilization,reallocations,changes,failures,reallocated_prop,time_compute,time_apply,time_enum,time_search,time_pp
1,0.2391304347826087,1,0,0,0.0,0.018639087677001953,0.2384355068206787,3.3855438232421875e-05,0.00018167495727539062,0.01842188835144043
