num_events,utilization,reallocations,changes,failures,reallocated_prop,time_compute,time_apply,time_enum,time_search,time_pp
1,0.6707540760869565,15,27,0,0.40540540540540543,0.07571935653686523,3.4561498165130615,0.0006201267242431641,0.0020036697387695312,0.07309365272521973
