num_events,utilization,reallocations,changes,failures,reallocated_prop,time_compute,time_apply,time_enum,time_search,time_pp
1,0.09782608695652174,1,0,0,0.0,0.010519742965698242,0.0873408317565918,3.647804260253906e-05,5.340576171875e-05,0.010427474975585938
