num_events,utilization,reallocations,changes,failures,reallocated_prop,time_compute,time_apply,time_enum,time_search,time_pp
1,0.0,0,0,0,0.0,0.018259286880493164,0.08609724044799805,8.320808410644531e-05,3.24249267578125e-05,0.0181424617767334
