num_events,utilization,reallocations,changes,failures,reallocated_prop,time_compute,time_apply,time_enum,time_search,time_pp
1,0.6801630434782608,6,5,0,0.5555555555555556,0.009620189666748047,0.4594295024871826,3.600120544433594e-05,5.364418029785156e-05,0.009528398513793945
