num_events,utilization,reallocations,changes,failures,reallocated_prop,time_compute,time_apply,time_enum,time_search,time_pp
1,0.4391304347826087,1,0,0,0.0,0.3258495330810547,0.32329487800598145,0.018379926681518555,0.2977006435394287,0.009766340255737305
