num_events,utilization,reallocations,changes,failures,reallocated_prop,time_compute,time_apply
1,0.9358695652173913,5,7,0,0.45454545454545453,0.06593132019042969,0.5820772647857666
