num_events,utilization,reallocations,changes,failures,reallocated_prop,time_compute,time_apply,time_enum,time_search,time_pp
1,0.18804347826086956,1,0,0,0.0,0.010679483413696289,0.1331777572631836,0.00010204315185546875,0.0013213157653808594,0.009253501892089844
