num_events,utilization,reallocations,changes,failures,reallocated_prop,time_compute,time_apply,time_enum,time_search,time_pp
1,0.7633152173913044,25,42,0,0.38461538461538464,0.011490106582641602,0.459991455078125,0.00042819976806640625,0.0021228790283203125,0.008937358856201172
