num_events,utilization,reallocations,changes,failures,reallocated_prop,time_compute,time_apply,time_enum,time_search,time_pp
1,0.65,26,48,0,0.41935483870967744,0.010464906692504883,0.29488086700439453,0.00042247772216796875,0.0013751983642578125,0.008665084838867188
