num_events,utilization,reallocations,changes,failures,reallocated_prop,time_compute,time_apply
1,0.8967391304347826,29,52,0,0.5576923076923077,0.014455556869506836,0.5541088581085205
