num_events,utilization,reallocations,changes,failures,reallocated_prop,time_compute,time_apply
1,0.8714673913043478,21,32,0,0.5833333333333334,0.012607336044311523,0.5554859638214111
