num_events,utilization,reallocations,changes,failures,reallocated_prop,time_compute,time_apply,time_enum,time_search,time_pp
1,0.3739130434782609,1,0,0,0.0,0.011618375778198242,0.18455910682678223,9.512901306152344e-05,0.0022592544555664062,0.0092620849609375
