num_events,utilization,reallocations,changes,failures,reallocated_prop,time_compute,time_apply,time_enum,time_search,time_pp
1,0.65,46,84,0,0.116751269035533,0.01865839958190918,0.32465600967407227,0.0005030632019042969,0.008147954940795898,0.010005712509155273
