num_events,utilization,reallocations,changes,failures,reallocated_prop,time_compute,time_apply,time_enum,time_search,time_pp
1,0.2608695652173913,1,0,0,0.0,0.20501303672790527,0.24510836601257324,0.01759052276611328,0.1778402328491211,0.009580612182617188
