num_events,utilization,reallocations,changes,failures,reallocated_prop,time_compute,time_apply,time_enum,time_search,time_pp
1,0.663179347826087,7,7,0,0.46153846153846156,0.036406755447387695,1.759709119796753,3.5762786865234375e-05,8.463859558105469e-05,0.036284685134887695
