num_events,utilization,reallocations,changes,failures,reallocated_prop,time_compute,time_apply,time_enum,time_search,time_pp
1,0.29347826086956524,1,0,0,0.0,0.010971546173095703,0.15712213516235352,8.106231689453125e-05,0.001720428466796875,0.009168624877929688
