num_events,utilization,reallocations,changes,failures,reallocated_prop,time_compute,time_apply,time_enum,time_search,time_pp
1,1.0,19,25,0,0.3220338983050847,0.044188499450683594,0.5543420314788818,0.01488041877746582,0.019794940948486328,0.009511947631835938
