num_events,utilization,reallocations,changes,failures,reallocated_prop,time_compute,time_apply,time_enum,time_search,time_pp
1,0.04673913043478261,1,0,0,0.0,0.019121170043945312,0.17334604263305664,9.989738464355469e-05,0.0006937980651855469,0.018326282501220703
