num_events,utilization,reallocations,changes,failures,reallocated_prop,time_compute,time_apply,time_enum,time_search,time_pp
1,1.0,37,108,0,0.15163934426229508,0.09972238540649414,0.5882885456085205,0.014991521835327148,0.07462525367736816,0.010103702545166016
