num_events,utilization,reallocations,changes,failures,reallocated_prop,time_compute,time_apply,time_enum,time_search,time_pp
1,0.65,14,34,0,0.3333333333333333,0.036072731018066406,1.1363024711608887,0.0005009174346923828,0.0010936260223388672,0.034476280212402344
