num_events,utilization,reallocations,changes,failures,reallocated_prop,time_compute,time_apply,time_enum,time_search,time_pp
1,0.3576086956521739,1,0,0,0.0,0.011921882629394531,0.18902802467346191,9.369850158691406e-05,0.0023479461669921875,0.009478569030761719
