num_events,utilization,reallocations,changes,failures,reallocated_prop,time_compute,time_apply,time_enum,time_search,time_pp
1,0.48695652173913045,1,0,0,0.0,0.3502826690673828,0.32742857933044434,0.017799854278564453,0.32292675971984863,0.009554862976074219
