num_events,utilization,reallocations,changes,failures,reallocated_prop,time_compute,time_apply,time_enum,time_search,time_pp
1,0.39456521739130435,1,0,0,0.0,0.29153990745544434,0.2887876033782959,0.018922090530395508,0.2633399963378906,0.009275674819946289
