num_events,utilization,reallocations,changes,failures,reallocated_prop,time_compute,time_apply,time_enum,time_search,time_pp
1,0.41304347826086957,1,0,0,0.0,0.3129079341888428,0.3118560314178467,0.0181882381439209,0.28488850593566895,0.009829282760620117
