num_events,utilization,reallocations,changes,failures,reallocated_prop,time_compute,time_apply,time_enum,time_search,time_pp
1,0.65,30,73,0,0.32967032967032966,0.01189112663269043,0.30272793769836426,0.0004961490631103516,0.0021386146545410156,0.009254932403564453
