num_events,utilization,reallocations,changes,failures,reallocated_prop,time_compute,time_apply
1,0.7332201086956521,18,19,0,0.6538461538461539,0.037979841232299805,2.0130650997161865
