num_events,utilization,reallocations,changes,failures,reallocated_prop,time_compute,time_apply,time_enum,time_search,time_pp
1,1.0,53,156,0,0.150997150997151,0.1278243064880371,0.6113810539245605,0.014735698699951172,0.10326170921325684,0.009824991226196289
