num_events,utilization,reallocations,changes,failures,reallocated_prop,time_compute,time_apply,time_enum,time_search,time_pp
1,0.07391304347826087,1,0,0,0.0,0.00989532470703125,0.1019754409790039,8.249282836914062e-05,0.00046944618225097656,0.009341716766357422
