num_events,utilization,reallocations,changes,failures,reallocated_prop,time_compute,time_apply,time_enum,time_search,time_pp
1,0.08695652173913043,1,0,0,0.0,0.08714699745178223,0.1676936149597168,0.01836228370666504,0.05946683883666992,0.00931549072265625
