num_events,utilization,reallocations,changes,failures,reallocated_prop,time_compute,time_apply,time_enum,time_search,time_pp
1,0.65,35,65,0,0.4268292682926829,0.020553112030029297,0.6061615943908691,0.0005257129669189453,0.0020503997802734375,0.017974853515625
