num_events,utilization,reallocations,changes,failures,reallocated_prop,time_compute,time_apply,time_enum
1,0.1956521739130435,1,0,0,0.0,0.048467159271240234,0.2018725872039795,0.018074989318847656
