num_events,utilization,reallocations,changes,failures,reallocated_prop,time_compute,time_apply,time_enum,time_search,time_pp
1,1.0,76,171,0,0.1623931623931624,0.16176342964172363,0.603158712387085,0.014703989028930664,0.13675379753112793,0.010303497314453125
