num_events,utilization,reallocations,changes,failures,reallocated_prop,time_compute,time_apply,time_enum,time_search,time_pp
1,0.6819293478260869,10,9,0,0.2727272727272727,0.0376286506652832,1.7770631313323975,9.894371032714844e-05,0.0005903244018554688,0.03693723678588867
