num_events,utilization,reallocations,changes,failures,reallocated_prop,time_compute,time_apply,time_enum,time_search,time_pp
1,1.0,13,23,0,0.24074074074074073,0.03979229927062988,0.5561015605926514,0.013002395629882812,0.017648696899414062,0.009140253067016602
