num_events,utilization,reallocations,changes,failures,reallocated_prop,time_compute,time_apply
1,0.7174252717391304,14,21,0,0.45161290322580644,0.07777285575866699,3.9645416736602783
