num_events,utilization,reallocations,changes,failures,reallocated_prop,time_compute,time_apply,time_enum,time_search,time_pp
1,0.09239130434782608,1,0,0,0.0,0.019425630569458008,0.16073179244995117,3.3855438232421875e-05,9.870529174804688e-05,0.019291400909423828
