num_events,utilization,reallocations,changes,failures,reallocated_prop,time_compute,time_apply,time_enum,time_search,time_pp
1,0.03369565217391304,1,0,0,0.0,0.05705904960632324,0.1427478790283203,0.021652698516845703,0.02622079849243164,0.009183645248413086
