num_events,utilization,reallocations,changes,failures,reallocated_prop,time_compute,time_apply,time_enum,time_search,time_pp
1,1.0,9,18,0,0.21428571428571427,0.03914690017700195,0.5676295757293701,0.014674663543701172,0.015038728713989258,0.009431838989257812
