num_events,utilization,reallocations,changes,failures,reallocated_prop,time_compute,time_apply,time_enum,time_search,time_pp
1,0.29891304347826086,1,0,0,0.0,0.011601686477661133,0.16921067237854004,9.322166442871094e-05,0.0020177364349365234,0.009489059448242188
