num_events,utilization,reallocations,changes,failures,reallocated_prop,time_compute,time_apply,time_enum,time_search,time_pp
1,0.20869565217391303,1,0,0,0.0,0.010939598083496094,0.13944721221923828,9.322166442871094e-05,0.0013439655303955078,0.009501218795776367
