num_events,utilization,reallocations,changes,failures,reallocated_prop,time_compute,time_apply,time_enum,time_search,time_pp
1,0.035869565217391305,1,0,0,0.0,0.010158300399780273,0.08541107177734375,9.012222290039062e-05,0.00023412704467773438,0.009832382202148438
