num_events,utilization,reallocations,changes,failures,reallocated_prop,time_compute,time_apply,time_enum,time_search,time_pp
1,0.06956521739130435,1,0,0,0.0,0.08276987075805664,0.16887450218200684,0.022313833236694336,0.05064964294433594,0.00980377197265625
