num_events,utilization,reallocations,changes,failures,reallocated_prop,time_compute,time_apply,time_enum,time_search,time_pp
1,0.2608695652173913,1,0,0,0.0,0.043852806091308594,0.22659754753112793,0.013470649719238281,0.020451784133911133,0.009927034378051758
