num_events,utilization,reallocations,changes,failures,reallocated_prop,time_compute,time_apply,time_enum,time_search,time_pp
1,0.65,12,29,0,0.3333333333333333,0.011105060577392578,0.3220691680908203,0.0004601478576660156,0.0009169578552246094,0.009726285934448242
