num_events,utilization,reallocations,changes,failures,reallocated_prop,time_compute,time_apply,time_enum,time_search,time_pp
1,0.006793478260869565,1,0,0,0.0,0.03688621520996094,0.2933056354522705,9.942054748535156e-05,0.00022554397583007812,0.03655886650085449
