num_events,utilization,reallocations,changes,failures,reallocated_prop,time_compute,time_apply,time_enum,time_search,time_pp
1,0.15760869565217392,1,0,0,0.0,0.019921064376831055,0.20704126358032227,3.0040740966796875e-05,0.00010943412780761719,0.01978015899658203
