num_events,utilization,reallocations,changes,failures,reallocated_prop,time_compute,time_apply,time_enum,time_search,time_pp
1,0.65,62,106,0,0.3069306930693069,0.014474153518676758,0.32480955123901367,0.0005006790161132812,0.004378080368041992,0.009593009948730469
