num_events,utilization,reallocations,changes,failures,reallocated_prop,time_compute,time_apply,time_enum,time_search,time_pp
1,1.0,18,40,0,0.3673469387755102,0.0750739574432373,0.6039659976959229,0.01309823989868164,0.052962303161621094,0.009010076522827148
