num_events,utilization,reallocations,changes,failures,reallocated_prop,time_compute,time_apply,time_enum,time_search,time_pp
1,0.012228260869565218,1,0,0,0.0,0.03755950927734375,0.2978394031524658,9.799003601074219e-05,0.0003814697265625,0.0370786190032959
