num_events,utilization,reallocations,changes,failures,reallocated_prop,time_compute,time_apply,time_enum,time_search,time_pp
1,0.03260869565217391,1,0,0,0.0,0.05739474296569824,0.14995837211608887,0.021849393844604492,0.026186466217041016,0.009356260299682617
