num_events,utilization,reallocations,changes,failures,reallocated_prop,time_compute,time_apply,time_enum,time_search,time_pp
1,0.45869565217391306,1,0,0,0.0,0.34940648078918457,0.3292093276977539,0.01952838897705078,0.3199045658111572,0.009971380233764648
