num_events,utilization,reallocations,changes,failures,reallocated_prop,time_compute,time_apply
1,0.9059782608695652,30,75,0,0.40540540540540543,0.013423919677734375,0.5451869964599609
