num_events,utilization,reallocations,changes,failures,reallocated_prop,time_compute,time_apply,time_enum,time_search,time_pp
1,0.30217391304347824,1,0,0,0.0,0.23903536796569824,0.26342344284057617,0.01856684684753418,0.21089863777160645,0.009567737579345703
