num_events,utilization,reallocations,changes,failures,reallocated_prop,time_compute,time_apply
1,0.9059782608695652,55,106,0,0.3395061728395062,0.01666116714477539,0.5859203338623047
