num_events,utilization,reallocations,changes,failures,reallocated_prop,time_compute,time_apply,time_enum,time_search,time_pp
1,0.09347826086956522,1,0,0,0.0,0.009413480758666992,0.09574675559997559,8.249282836914062e-05,0.0005891323089599609,0.00874018669128418
