num_events,utilization,reallocations,changes,failures,reallocated_prop,time_compute,time_apply,time_enum,time_search,time_pp
1,0.24782608695652175,1,0,0,0.0,0.20329022407531738,0.23580408096313477,0.021574020385742188,0.17213225364685059,0.009580612182617188
