num_events,utilization,reallocations,changes,failures,reallocated_prop,time_compute,time_apply,time_enum,time_search,time_pp
1,0.65,20,47,0,0.06944444444444445,0.016627788543701172,0.3196735382080078,0.0005140304565429688,0.006077766418457031,0.010033845901489258
