num_events,utilization,reallocations,changes,failures,reallocated_prop,time_compute,time_apply,time_enum,time_search,time_pp
1,0.23152173913043478,1,0,0,0.0,0.1932206153869629,0.23207616806030273,0.018372297286987305,0.16521883010864258,0.009627580642700195
