num_events,utilization,reallocations,changes,failures,reallocated_prop,time_compute,time_apply,time_enum,time_search,time_pp
1,1.0,12,27,0,0.19672131147540983,0.04482316970825195,0.5702424049377441,0.014781475067138672,0.020713329315185547,0.009327411651611328
