num_events,utilization,reallocations,changes,failures,reallocated_prop,time_compute,time_apply
1,0.8274456521739131,7,6,0,0.2857142857142857,0.010362386703491211,0.5323817729949951
