num_events,utilization,reallocations,changes,failures,reallocated_prop,time_compute,time_apply,time_enum,time_search,time_pp
1,0.65,37,49,0,0.16299559471365638,0.015077590942382812,0.3174092769622803,0.0005040168762207031,0.0048787593841552734,0.00969243049621582
