num_events,utilization,reallocations,changes,failures,reallocated_prop,time_compute,time_apply,time_enum,time_search,time_pp
1,0.45,2,2,0,0.3333333333333333,0.011046409606933594,0.21974802017211914,0.0005800724029541016,0.0003006458282470703,0.010164260864257812
