num_events,utilization,reallocations,changes,failures,reallocated_prop,time_compute,time_apply
1,0.8486413043478261,12,13,0,0.5789473684210527,0.009474992752075195,0.5438854694366455
