num_events,utilization,reallocations,changes,failures,reallocated_prop,time_compute,time_apply,time_enum,time_search,time_pp
1,1.0,24,50,0,0.26373626373626374,0.10022258758544922,0.6344923973083496,0.014621734619140625,0.07605195045471191,0.009546041488647461
