num_events,utilization,reallocations,changes,failures,reallocated_prop,time_compute,time_apply
1,0.7501358695652174,23,25,0,0.7857142857142857,0.04560542106628418,2.418541193008423
