num_events,utilization,reallocations,changes,failures,reallocated_prop,time_compute,time_apply,time_enum,time_search,time_pp
1,0.5206521739130435,1,0,0,0.0,0.3807206153869629,0.34679651260375977,0.01747870445251465,0.3533134460449219,0.009926557540893555
