num_events,utilization,reallocations,changes,failures,reallocated_prop,time_compute,time_apply,time_enum,time_search,time_pp
1,0.6606997282608695,3,2,0,0.15384615384615385,0.07416200637817383,3.5297200679779053,0.00011897087097167969,0.0003638267517089844,0.07367706298828125
