num_events,utilization,reallocations,changes,failures,reallocated_prop,time_compute,time_apply,time_enum,time_search,time_pp
1,0.3695652173913043,1,0,0,0.0,0.27085399627685547,0.29226183891296387,0.019157886505126953,0.24242901802062988,0.009264707565307617
