num_events,utilization,reallocations,changes,failures,reallocated_prop,time_compute,time_apply,time_enum,time_search,time_pp
1,0.04565217391304348,1,0,0,0.0,0.009758472442626953,0.08665823936462402,9.560585021972656e-05,0.00033164024353027344,0.009329795837402344
