num_events,utilization,reallocations,changes,failures,reallocated_prop,time_compute,time_apply,time_enum,time_search,time_pp
1,0.003260869565217391,1,0,0,0.0,0.018273353576660156,0.14298033714294434,9.989738464355469e-05,8.249282836914062e-05,0.01808953285217285
