num_events,utilization,reallocations,changes,failures,reallocated_prop,time_compute,time_apply,time_enum,time_search,time_pp
1,1.0,60,135,0,0.13186813186813187,0.15443825721740723,0.599707841873169,0.014719009399414062,0.129105806350708,0.01061105728149414
