num_events,utilization,reallocations,changes,failures,reallocated_prop,time_compute,time_apply,time_enum,time_search,time_pp
1,0.005978260869565218,1,0,0,0.0,0.03562211990356445,0.34416985511779785,9.918212890625e-05,6.604194641113281e-05,0.03545522689819336
