num_events,utilization,reallocations,changes,failures,reallocated_prop,time_compute,time_apply
1,0.7673913043478261,6,10,0,0.42857142857142855,0.011949539184570312,0.48721885681152344
