num_events,utilization,reallocations,changes,failures,reallocated_prop,time_compute,time_apply,time_enum,time_search,time_pp
1,0.00842391304347826,1,0,0,0.0,0.036988258361816406,0.2946751117706299,9.775161743164062e-05,0.0002593994140625,0.036629438400268555
