num_events,utilization,reallocations,changes,failures,reallocated_prop,time_compute,time_apply
1,0.9059782608695652,66,126,0,0.46153846153846156,0.015900850296020508,0.5753490924835205
