num_events,utilization,reallocations,changes,failures,reallocated_prop,time_compute,time_apply,time_enum,time_search,time_pp
1,0.65,13,24,0,0.40625,0.01938796043395996,0.5965793132781982,0.0004935264587402344,0.0009274482727050781,0.017965316772460938
