num_events,utilization,reallocations,changes,failures,reallocated_prop,time_compute,time_apply
1,0.9016304347826087,53,100,0,0.381294964028777,0.016454219818115234,0.5790104866027832
