num_events,utilization,reallocations,changes,failures,reallocated_prop,time_compute,time_apply,time_enum,time_search,time_pp
1,0.6701426630434782,11,26,0,0.34375,0.07313179969787598,3.479240894317627,0.000514984130859375,0.0017485618591308594,0.07086682319641113
