num_events,utilization,reallocations,changes,failures,reallocated_prop,time_compute,time_apply
1,0.7160326086956522,3,2,0,0.3333333333333333,0.009693622589111328,0.5121564865112305
