num_events,utilization,reallocations,changes,failures,reallocated_prop,time_compute,time_apply,time_enum,time_search,time_pp
1,0.65,47,88,0,0.1950207468879668,0.015270471572875977,0.322296142578125,0.0005118846893310547,0.00513005256652832,0.009626626968383789
