num_events,utilization,reallocations,changes,failures,reallocated_prop,time_compute,time_apply,time_enum,time_search,time_pp
1,1.0,9,17,0,0.2647058823529412,0.06738162040710449,0.6081106662750244,0.014712810516357422,0.04325723648071289,0.00940847396850586
