num_events,utilization,reallocations,changes,failures,reallocated_prop,time_compute,time_apply,time_enum,time_search,time_pp
1,0.1608695652173913,1,0,0,0.0,0.1411445140838623,0.2006969451904297,0.01815962791442871,0.11349678039550781,0.00948476791381836
