num_events,utilization,reallocations,changes,failures,reallocated_prop,time_compute,time_apply,time_enum,time_search,time_pp
1,0.1608695652173913,1,0,0,0.0,0.13645672798156738,0.1994309425354004,0.017716646194458008,0.10965847969055176,0.009079217910766602
