num_events,utilization,reallocations,changes,failures,reallocated_prop,time_compute,time_apply,time_enum,time_search,time_pp
1,0.06195652173913044,1,0,0,0.0,0.009793281555175781,0.09326291084289551,9.369850158691406e-05,0.00044274330139160156,0.009255409240722656
