num_events,utilization,reallocations,changes,failures,reallocated_prop,time_compute,time_apply,time_enum,time_search,time_pp
1,1.0,24,51,0,0.3287671232876712,0.08805131912231445,0.6280331611633301,0.012881994247436523,0.06612610816955566,0.009040594100952148
