num_events,utilization,reallocations,changes,failures,reallocated_prop,time_compute,time_apply,time_enum,time_search,time_pp
1,1.0,20,25,0,0.5263157894736842,0.05818319320678711,0.5519282817840576,0.012284278869628906,0.03697466850280762,0.008922100067138672
