num_events,utilization,reallocations,changes,failures,reallocated_prop,time_compute,time_apply,time_enum,time_search,time_pp
1,0.6724184782608695,10,10,0,0.5,0.03709864616394043,1.7783663272857666,3.552436828613281e-05,0.00012063980102539062,0.036940813064575195
