num_events,utilization,reallocations,changes,failures,reallocated_prop,time_compute,time_apply,time_enum,time_search,time_pp
1,0.6766304347826086,12,13,0,0.4583333333333333,0.03677821159362793,1.829695224761963,3.4809112548828125e-05,0.00014209747314453125,0.03659939765930176
