num_events,utilization,reallocations,changes,failures,reallocated_prop,time_compute,time_apply,time_enum,time_search,time_pp
1,0.03369565217391304,1,0,0,0.0,0.010782957077026367,0.08838963508605957,0.00010657310485839844,0.00028014183044433594,0.010394573211669922
