num_events,utilization,reallocations,changes,failures,reallocated_prop,time_compute,time_apply,time_enum,time_search,time_pp
1,0.050543478260869565,1,0,0,0.0,0.019945383071899414,0.18497538566589355,0.00011110305786132812,0.0007517337799072266,0.01908111572265625
