num_events,utilization,reallocations,changes,failures,reallocated_prop,time_compute,time_apply,time_enum,time_search,time_pp
1,0.65,24,58,0,0.3333333333333333,0.07412552833557129,2.415813684463501,0.0004971027374267578,0.0017657279968261719,0.07186031341552734
