num_events,utilization,reallocations,changes,failures,reallocated_prop,time_compute,time_apply
1,0.9059782608695652,44,64,0,0.5789473684210527,0.014214754104614258,0.5732755661010742
