num_events,utilization,reallocations,changes,failures,reallocated_prop,time_compute,time_apply,time_enum,time_search,time_pp
1,0.7375,4,3,0,0.2727272727272727,0.009788274765014648,0.4593946933746338,9.632110595703125e-05,0.00022649765014648438,0.009463787078857422
