num_events,utilization,reallocations,changes,failures,reallocated_prop,time_compute,time_apply,time_enum,time_search,time_pp
1,0.05217391304347826,1,0,0,0.0,0.0658574104309082,0.15236139297485352,0.018074750900268555,0.038454532623291016,0.009326696395874023
