num_events,utilization,reallocations,changes,failures,reallocated_prop,time_compute,time_apply,time_enum,time_search,time_pp
1,0.4391304347826087,1,0,0,0.0,0.3301866054534912,0.32699084281921387,0.018285751342773438,0.301922082901001,0.009975671768188477
