num_events,utilization,reallocations,changes,failures,reallocated_prop,time_compute,time_apply,time_enum,time_search,time_pp
1,1.0,8,21,0,0.1568627450980392,0.04433012008666992,0.5693504810333252,0.01587057113647461,0.0185239315032959,0.009933233261108398
