num_events,utilization,reallocations,changes,failures,reallocated_prop,time_compute,time_apply,time_enum,time_search,time_pp
1,0.65,14,34,0,0.3333333333333333,0.019855260848999023,0.5937387943267822,0.0004906654357910156,0.001142263412475586,0.01822042465209961
