num_events,utilization,reallocations,changes,failures,reallocated_prop,time_compute,time_apply,time_enum,time_search,time_pp
1,0.14021739130434782,1,0,0,0.0,0.009656190872192383,0.10946297645568848,8.058547973632812e-05,0.0008509159088134766,0.008723735809326172
