num_events,utilization,reallocations,changes,failures,reallocated_prop,time_compute,time_apply,time_enum,time_search,time_pp
1,0.38913043478260867,1,0,0,0.0,0.29070496559143066,0.2992689609527588,0.018268585205078125,0.262606143951416,0.009827613830566406
