num_events,utilization,reallocations,changes,failures,reallocated_prop,time_compute,time_apply,time_enum,time_search,time_pp
1,0.7266304347826087,9,19,0,0.42857142857142855,0.011185169219970703,0.46201300621032715,0.0005052089691162109,0.0011096000671386719,0.009568452835083008
