num_events,utilization,reallocations,changes,failures,reallocated_prop,time_compute,time_apply,time_enum,time_search,time_pp
1,0.3293478260869565,1,0,0,0.0,0.011113166809082031,0.16867375373840332,8.034706115722656e-05,0.0019307136535644531,0.009100675582885742
