num_events,utilization,reallocations,changes,failures,reallocated_prop,time_compute,time_apply
1,0.6828804347826087,3,3,0,0.3333333333333333,0.010944843292236328,0.49585890769958496
