num_events,utilization,reallocations,changes,failures,reallocated_prop,time_compute,time_apply,time_enum,time_search,time_pp
1,0.6564538043478261,3,2,0,0.2857142857142857,0.07308173179626465,3.513089418411255,0.00010061264038085938,0.00021839141845703125,0.07276058197021484
