num_events,utilization,reallocations,changes,failures,reallocated_prop,time_compute,time_apply,time_enum,time_search,time_pp
1,0.65,49,90,0,0.3712121212121212,0.013032913208007812,0.3210155963897705,0.0005140304565429688,0.0029478073120117188,0.009569644927978516
