num_events,utilization,reallocations,changes,failures,reallocated_prop,time_compute,time_apply,time_enum,time_search,time_pp
1,0.010869565217391304,1,0,0,0.0,0.01810288429260254,0.14459872245788574,8.273124694824219e-05,0.0001583099365234375,0.01786017417907715
