num_events,utilization,reallocations,changes,failures,reallocated_prop,time_compute,time_apply,time_enum,time_search,time_pp
1,0.6938858695652174,9,8,0,0.20512820512820512,0.03909945487976074,1.8194410800933838,0.00010156631469726562,0.0005533695220947266,0.038442134857177734
