num_events,utilization,reallocations,changes,failures,reallocated_prop,time_compute,time_apply,time_enum,time_search,time_pp
1,0.20434782608695654,1,0,0,0.0,0.17088818550109863,0.21906065940856934,0.018290042877197266,0.1431446075439453,0.009451627731323242
