num_events,utilization,reallocations,changes,failures,reallocated_prop,time_compute,time_apply,time_enum,time_search,time_pp
1,0.22826086956521738,1,0,0,0.0,0.18912768363952637,0.23367953300476074,0.018366336822509766,0.16096186637878418,0.009798049926757812
