num_events,utilization,reallocations,changes,failures,reallocated_prop,time_compute,time_apply,time_enum,time_search,time_pp
1,0.05543478260869565,1,0,0,0.0,0.00995945930480957,0.09542465209960938,9.322166442871094e-05,0.0004012584686279297,0.009463310241699219
