num_events,utilization,reallocations,changes,failures,reallocated_prop,time_compute,time_apply,time_enum,time_search,time_pp
1,1.0,28,66,0,0.24347826086956523,0.11171817779541016,0.6556925773620605,0.01472926139831543,0.08739900588989258,0.00958704948425293
