num_events,utilization,reallocations,changes,failures,reallocated_prop,time_compute,time_apply,time_enum,time_search,time_pp
1,0.65,67,122,0,0.16461916461916462,0.022316694259643555,0.3776118755340576,0.0006875991821289062,0.008394002914428711,0.013232946395874023
