num_events,utilization,reallocations,changes,failures,reallocated_prop,time_compute,time_apply
1,0.5105978260869565,2,1,0,0.3333333333333333,0.04352164268493652,0.46568751335144043
