num_events,utilization,reallocations,changes,failures,reallocated_prop,time_compute,time_apply,time_enum,time_search,time_pp
1,1.0,29,84,0,0.15263157894736842,0.08272719383239746,0.5792279243469238,0.014681100845336914,0.058368682861328125,0.009674787521362305
