num_events,utilization,reallocations,changes,failures,reallocated_prop,time_compute,time_apply,time_enum,time_search,time_pp
1,0.0125,1,0,0,0.0,0.018606901168823242,0.14825177192687988,8.249282836914062e-05,0.00017333030700683594,0.018349647521972656
