num_events,utilization,reallocations,changes,failures,reallocated_prop,time_compute,time_apply,time_enum,time_search,time_pp
1,0.65,5,9,0,0.38461538461538464,0.010931015014648438,0.31696605682373047,0.0005886554718017578,0.0005807876586914062,0.009759902954101562
