num_events,utilization,reallocations,changes,failures,reallocated_prop,time_compute,time_apply
1,0.8972826086956521,55,132,0,0.3767123287671233,0.015669822692871094,0.5469951629638672
