num_events,utilization,reallocations,changes,failures,reallocated_prop,time_compute,time_apply,time_enum,time_search,time_pp
1,1.0,46,83,0,0.12332439678284182,0.1393756866455078,0.5811679363250732,0.014830827713012695,0.11437201499938965,0.010170459747314453
