num_events,utilization,reallocations,changes,failures,reallocated_prop,time_compute,time_apply,time_enum,time_search,time_pp
1,0.021739130434782608,1,0,0,0.0,0.07178139686584473,0.4825747013092041,2.956390380859375e-05,6.985664367675781e-05,0.07167911529541016
