num_events,utilization,reallocations,changes,failures,reallocated_prop,time_compute,time_apply,time_enum,time_search,time_pp
1,0.08695652173913043,1,0,0,0.0,0.010660409927368164,0.10283231735229492,9.72747802734375e-05,0.0006020069122314453,0.009959220886230469
