num_events,utilization,reallocations,changes,failures,reallocated_prop,time_compute,time_apply,time_enum,time_search,time_pp
1,0.65,38,72,0,0.4222222222222222,0.012176036834716797,0.3162820339202881,0.0005145072937011719,0.0021026134490966797,0.009556770324707031
