num_events,utilization,reallocations,changes,failures,reallocated_prop,time_compute,time_apply,time_enum,time_search,time_pp
1,0.0010869565217391304,1,0,0,0.0,0.01776123046875,0.16981863975524902,3.314018249511719e-05,1.6450881958007812e-05,0.01770925521850586
