num_events,utilization,reallocations,changes,failures,reallocated_prop,time_compute,time_apply,time_enum,time_search,time_pp
1,0.65,91,213,0,0.2653061224489796,0.017676591873168945,0.34007978439331055,0.0005078315734863281,0.007163524627685547,0.010003328323364258
