num_events,utilization,reallocations,changes,failures,reallocated_prop,time_compute,time_apply,time_enum,time_search,time_pp
1,1.0,7,14,0,0.21212121212121213,0.037148475646972656,0.5720775127410889,0.014833211898803711,0.012921810150146484,0.009390830993652344
