num_events,utilization,reallocations,changes,failures,reallocated_prop,time_compute,time_apply,time_enum,time_search,time_pp
1,0.013043478260869565,1,0,0,0.0,0.04131126403808594,0.13388967514038086,0.018462181091308594,0.01364898681640625,0.009197711944580078
