num_events,utilization,reallocations,changes,failures,reallocated_prop,time_compute,time_apply,time_enum,time_search,time_pp
1,0.13369565217391305,1,0,0,0.0,0.009632110595703125,0.10709834098815918,7.891654968261719e-05,0.0008091926574707031,0.008742570877075195
