num_events,utilization,reallocations,changes,failures,reallocated_prop,time_compute,time_apply,time_enum,time_search,time_pp
1,0.01684782608695652,1,0,0,0.0,0.018426895141601562,0.15637779235839844,8.320808410644531e-05,0.00022673606872558594,0.018114805221557617
