num_events,utilization,reallocations,changes,failures,reallocated_prop,time_compute,time_apply
1,0.9059782608695652,32,51,0,0.3076923076923077,0.014303922653198242,0.5541398525238037
