num_events,utilization,reallocations,changes,failures,reallocated_prop,time_compute,time_apply
1,0.7168478260869565,4,4,0,0.5714285714285714,0.01979517936706543,0.9880890846252441
