num_events,utilization,reallocations,changes,failures,reallocated_prop,time_compute,time_apply,time_enum,time_search,time_pp
1,1.0,27,66,0,0.38028169014084506,0.0955355167388916,0.6321675777435303,0.014596700668334961,0.07145547866821289,0.00948023796081543
