num_events,utilization,reallocations,changes,failures,reallocated_prop,time_compute,time_apply,time_enum,time_search,time_pp
1,1.0,24,54,0,0.0851063829787234,0.11004424095153809,0.5818474292755127,0.014722108840942383,0.08550715446472168,0.009812593460083008
