num_events,utilization,reallocations,changes,failures,reallocated_prop,time_compute,time_apply,time_enum,time_search,time_pp
1,0.7171195652173913,4,9,0,0.36363636363636365,0.009923934936523438,0.4486691951751709,0.0004239082336425781,0.0007350444793701172,0.008763551712036133
