num_events,utilization,reallocations,changes,failures,reallocated_prop,time_compute,time_apply,time_enum,time_search,time_pp
1,0.13260869565217392,1,0,0,0.0,0.0101470947265625,0.11596083641052246,9.202957153320312e-05,0.0009167194366455078,0.009137392044067383
