num_events,utilization,reallocations,changes,failures,reallocated_prop,time_compute,time_apply,time_enum,time_search,time_pp
1,1.0,31,90,0,0.15270935960591134,0.08549118041992188,0.5838680267333984,0.014986753463745117,0.06053972244262695,0.009962797164916992
