num_events,utilization,reallocations,changes,failures,reallocated_prop,time_compute,time_apply,time_enum,time_search,time_pp
1,1.0,23,69,0,0.07120743034055728,0.11947369575500488,0.5819194316864014,0.014781951904296875,0.09473633766174316,0.009952783584594727
