num_events,utilization,reallocations,changes,failures,reallocated_prop,time_compute,time_apply,time_enum,time_search,time_pp
1,1.0,20,45,0,0.047505938242280284,0.14287996292114258,0.5757813453674316,0.014806747436523438,0.1179952621459961,0.010075092315673828
