num_events,utilization,reallocations,changes,failures,reallocated_prop,time_compute,time_apply,time_enum,time_search,time_pp
1,0.03641304347826087,1,0,0,0.0,0.0190579891204834,0.16605377197265625,0.00010085105895996094,0.000537872314453125,0.0184175968170166
