num_events,utilization,reallocations,changes,failures,reallocated_prop,time_compute,time_apply,time_enum,time_search,time_pp
1,0.35,1,0,0,0.0,0.011931419372558594,0.1869065761566162,9.441375732421875e-05,0.002193927764892578,0.009641408920288086
