num_events,utilization,reallocations,changes,failures,reallocated_prop,time_compute,time_apply,time_enum,time_search,time_pp
1,0.65,13,24,0,0.40625,0.013109207153320312,0.3659048080444336,0.0006864070892333984,0.0009605884552001953,0.011460542678833008
