num_events,utilization,reallocations,changes,failures,reallocated_prop,time_compute,time_apply,time_enum,time_search,time_pp
1,0.65,60,111,0,0.2912621359223301,0.014678955078125,0.3252134323120117,0.0005049705505371094,0.004448413848876953,0.009723901748657227
