num_events,utilization,reallocations,changes,failures,reallocated_prop,time_compute,time_apply,time_enum,time_search,time_pp
1,0.32717391304347826,1,0,0,0.0,0.2661304473876953,0.2757606506347656,0.02165365219116211,0.23437094688415527,0.010103702545166016
