num_events,utilization,reallocations,changes,failures,reallocated_prop,time_compute,time_apply,time_enum,time_search,time_pp
1,0.6667119565217391,6,12,0,0.35294117647058826,0.03705286979675293,1.7893078327178955,0.0005145072937011719,0.001108407974243164,0.03542804718017578
