num_events,utilization,reallocations,changes,failures,reallocated_prop,time_compute,time_apply,time_enum,time_search,time_pp
1,0.12608695652173912,1,0,0,0.0,0.12123990058898926,0.19023919105529785,0.02172565460205078,0.09000444412231445,0.00950765609741211
