num_events,utilization,reallocations,changes,failures,reallocated_prop,time_compute,time_apply,time_enum,time_search,time_pp
1,0.1108695652173913,1,0,0,0.0,0.011101007461547852,0.11378693580627441,0.00010180473327636719,0.0008332729339599609,0.010164499282836914
