num_events,utilization,reallocations,changes,failures,reallocated_prop,time_compute,time_apply,time_enum,time_search,time_pp
1,0.020652173913043477,1,0,0,0.0,0.04626274108886719,0.13872647285461426,0.01863574981689453,0.018347978591918945,0.00927734375
