num_events,utilization,reallocations,changes,failures,reallocated_prop,time_compute,time_apply
1,0.758695652173913,7,7,0,0.3333333333333333,0.009517192840576172,0.49379515647888184
