num_events,utilization,reallocations,changes,failures,reallocated_prop,time_compute,time_apply,time_enum,time_search,time_pp
1,0.6635190217391305,4,3,0,0.25,0.036489009857177734,1.7594449520111084,0.00011706352233886719,0.00025010108947753906,0.03611898422241211
