num_events,utilization,reallocations,changes,failures,reallocated_prop,time_compute,time_apply,time_enum,time_search,time_pp
1,0.5217391304347826,1,0,0,0.0,0.3873140811920166,0.35717177391052246,0.02187943458557129,0.3554532527923584,0.009978771209716797
