num_events,utilization,reallocations,changes,failures,reallocated_prop,time_compute,time_apply,time_enum,time_search,time_pp
1,1.0,8,18,0,0.01616161616161616,0.1719684600830078,0.5773344039916992,0.014564752578735352,0.1469411849975586,0.010460138320922852
