num_events,utilization,reallocations,changes,failures,reallocated_prop,time_compute,time_apply,time_enum,time_search,time_pp
1,0.65,19,40,0,0.2714285714285714,0.011399269104003906,0.29489827156066895,0.0005049705505371094,0.0016865730285644531,0.009205341339111328
