num_events,utilization,reallocations,changes,failures,reallocated_prop,time_compute,time_apply
1,0.7156929347826086,4,6,0,0.36363636363636365,0.03880500793457031,1.9765825271606445
