num_events,utilization,reallocations,changes,failures,reallocated_prop,time_compute,time_apply,time_enum,time_search,time_pp
1,1.0,20,21,0,0.43478260869565216,0.12661051750183105,0.6379745006561279,0.018769025802612305,0.09747624397277832,0.010361909866333008
