num_events,utilization,reallocations,changes,failures,reallocated_prop,time_compute,time_apply,time_enum,time_search,time_pp
1,0.02826086956521739,1,0,0,0.0,0.019620895385742188,0.16605162620544434,8.344650268554688e-05,0.00035881996154785156,0.019176959991455078
