num_events,utilization,reallocations,changes,failures,reallocated_prop,time_compute,time_apply,time_enum,time_search,time_pp
1,1.0,32,69,0,0.37209302325581395,0.09845566749572754,0.6419880390167236,0.014506816864013672,0.07452726364135742,0.009418725967407227
