num_events,utilization,reallocations,changes,failures,reallocated_prop,time_compute,time_apply
1,0.8480978260869565,6,6,0,0.2631578947368421,0.009986162185668945,0.5366017818450928
