num_events,utilization,reallocations,changes,failures,reallocated_prop,time_compute,time_apply,time_enum,time_search,time_pp
1,0.6626698369565217,7,6,0,0.23076923076923078,0.07296586036682129,3.5438990592956543,9.894371032714844e-05,0.0004298686981201172,0.07243466377258301
