num_events,utilization,reallocations,changes,failures,reallocated_prop,time_compute,time_apply,time_enum,time_search,time_pp
1,0.14456521739130435,1,0,0,0.0,0.010101079940795898,0.11550545692443848,8.082389831542969e-05,0.0008792877197265625,0.009138822555541992
