num_events,utilization,reallocations,changes,failures,reallocated_prop,time_compute,time_apply,time_enum,time_search,time_pp
1,0.20652173913043478,1,0,0,0.0,0.01092982292175293,0.13962793350219727,9.441375732421875e-05,0.0014083385467529297,0.009425640106201172
