num_events,utilization,reallocations,changes,failures,reallocated_prop,time_compute,time_apply,time_enum,time_search,time_pp
1,0.65,32,60,0,0.4266666666666667,0.03826451301574707,1.206667423248291,0.0004918575286865234,0.0018246173858642578,0.03594565391540527
