num_events,utilization,reallocations,changes,failures,reallocated_prop,time_compute,time_apply,time_enum,time_search,time_pp
1,0.65,10,19,0,0.4166666666666667,0.019099712371826172,0.5951247215270996,0.0004901885986328125,0.0007851123809814453,0.017822265625
