num_events,utilization,reallocations,changes,failures,reallocated_prop,time_compute,time_apply,time_enum,time_search,time_pp
1,0.017391304347826087,1,0,0,0.0,0.0181121826171875,0.1494295597076416,9.679794311523438e-05,0.00026345252990722656,0.01775050163269043
