num_events,utilization,reallocations,changes,failures,reallocated_prop,time_compute,time_apply
1,0.8972826086956521,40,85,0,0.37037037037037035,0.014601945877075195,0.5506801605224609
