num_events,utilization,reallocations,changes,failures,reallocated_prop,time_compute,time_apply,time_enum,time_search,time_pp
1,0.27391304347826084,1,0,0,0.0,0.22538042068481445,0.2483811378479004,0.022558212280273438,0.19312000274658203,0.009699821472167969
