num_events,utilization,reallocations,changes,failures,reallocated_prop,time_compute,time_apply,time_enum,time_search,time_pp
1,0.39891304347826084,1,0,0,0.0,0.30286192893981934,0.30835604667663574,0.018340110778808594,0.27438926696777344,0.010130643844604492
