num_events,utilization,reallocations,changes,failures,reallocated_prop,time_compute,time_apply,time_enum,time_search,time_pp
1,1.0,6,12,0,0.20689655172413793,0.035613059997558594,0.566535472869873,0.014674901962280273,0.01152801513671875,0.009408950805664062
