num_events,utilization,reallocations,changes,failures,reallocated_prop,time_compute,time_apply,time_enum,time_search,time_pp
1,0.004347826086956522,1,0,0,0.0,0.034947872161865234,0.1296064853668213,0.01817035675048828,0.007517337799072266,0.009258508682250977
