num_events,utilization,reallocations,changes,failures,reallocated_prop,time_compute,time_apply,time_enum,time_search,time_pp
1,0.65,10,19,0,0.4166666666666667,0.07095909118652344,2.3035600185394287,0.0005390644073486328,0.0007882118225097656,0.06962943077087402
