num_events,utilization,reallocations,changes,failures,reallocated_prop,time_compute,time_apply,time_enum,time_search,time_pp
1,0.15760869565217392,1,0,0,0.0,0.1394670009613037,0.20607781410217285,0.01832437515258789,0.11139178276062012,0.009748697280883789
