num_events,utilization,reallocations,changes,failures,reallocated_prop,time_compute,time_apply
1,0.7762228260869565,16,18,0,0.6818181818181818,0.01871633529663086,1.0292773246765137
