num_events,utilization,reallocations,changes,failures,reallocated_prop,time_compute,time_apply,time_enum,time_search,time_pp
1,0.65,12,29,0,0.32432432432432434,0.010180473327636719,0.2991976737976074,0.0004439353942871094,0.0009217262268066406,0.008812904357910156
