num_events,utilization,reallocations,changes,failures,reallocated_prop,time_compute,time_apply
1,0.7762228260869565,10,15,0,0.47619047619047616,0.02098536491394043,1.0310349464416504
