num_events,utilization,reallocations,changes,failures,reallocated_prop,time_compute,time_apply,time_enum,time_search,time_pp
1,0.33695652173913043,1,0,0,0.0,0.04867267608642578,0.25192832946777344,0.01361846923828125,0.025409221649169922,0.009642601013183594
