num_events,utilization,reallocations,changes,failures,reallocated_prop,time_compute,time_apply
1,0.7755434782608696,5,11,0,0.3333333333333333,0.01144719123840332,0.5152037143707275
