num_events,utilization,reallocations,changes,failures,reallocated_prop,time_compute,time_apply
1,0.8932065217391304,31,53,0,0.22794117647058823,0.016887426376342773,0.5620572566986084
