num_events,utilization,reallocations,changes,failures,reallocated_prop,time_compute,time_apply,time_enum,time_search,time_pp
1,0.9529891304347826,1,2,0,0.14285714285714285,0.034024715423583984,0.5806488990783691,0.014769792556762695,0.0101470947265625,0.009105682373046875
