num_events,utilization,reallocations,changes,failures,reallocated_prop,time_compute,time_apply,time_enum,time_search,time_pp
1,0.65,34,58,0,0.29310344827586204,0.012896299362182617,0.31580400466918945,0.0005037784576416016,0.0026912689208984375,0.009699583053588867
