num_events,utilization,reallocations,changes,failures,reallocated_prop,time_compute,time_apply
1,0.8353260869565218,13,21,0,0.48148148148148145,0.012536764144897461,0.5378797054290771
