num_events,utilization,reallocations,changes,failures,reallocated_prop,time_compute,time_apply,time_enum,time_search,time_pp
1,0.6568274456521739,4,7,0,0.4,0.07518267631530762,3.553250312805176,0.000514984130859375,0.0008218288421630859,0.07384371757507324
