num_events,utilization,reallocations,changes,failures,reallocated_prop,time_compute,time_apply,time_enum,time_search,time_pp
1,0.7567934782608695,22,45,0,0.4489795918367347,0.011563777923583984,0.4698963165283203,0.0004963874816894531,0.0018558502197265625,0.00921010971069336
