num_events,utilization,reallocations,changes,failures,reallocated_prop,time_compute,time_apply,time_enum,time_search,time_pp
1,0.012092391304347826,1,0,0,0.0,0.07762789726257324,0.613126277923584,0.00010657310485839844,0.0007646083831787109,0.07675552368164062
