num_events,utilization,reallocations,changes,failures,reallocated_prop,time_compute,time_apply,time_enum,time_search,time_pp
1,0.65,26,63,0,0.3333333333333333,0.07422399520874023,2.404356002807617,0.0004961490631103516,0.0019173622131347656,0.0718076229095459
