num_events,utilization,reallocations,changes,failures,reallocated_prop,time_compute,time_apply,time_enum,time_search,time_pp
1,0.65,59,142,0,0.3241758241758242,0.01422262191772461,0.326876163482666,0.0005075931549072266,0.003976583480834961,0.009736299514770508
