num_events,utilization,reallocations,changes,failures,reallocated_prop,time_compute,time_apply,time_enum,time_search,time_pp
1,0.65,5,9,0,0.38461538461538464,0.020056724548339844,0.5905716419219971,0.0005056858062744141,0.0005278587341308594,0.019021272659301758
