num_events,utilization,reallocations,changes,failures,reallocated_prop,time_compute,time_apply
1,0.9146739130434782,68,118,0,0.43312101910828027,0.0173492431640625,0.5596199035644531
