num_events,utilization,reallocations,changes,failures,reallocated_prop,time_compute,time_apply,time_enum,time_search,time_pp
1,0.025,1,0,0,0.0,0.010080814361572266,0.10321998596191406,4.887580871582031e-05,2.6464462280273438e-05,0.010003328323364258
