num_events,utilization,reallocations,changes,failures,reallocated_prop,time_compute,time_apply,time_enum,time_search,time_pp
1,0.6636548913043478,7,7,0,0.46153846153846156,0.03670644760131836,1.8092937469482422,3.552436828613281e-05,8.20159912109375e-05,0.03658723831176758
