num_events,utilization,reallocations,changes,failures,reallocated_prop,time_compute,time_apply,time_enum,time_search,time_pp
1,0.0782608695652174,1,0,0,0.0,0.08378434181213379,0.16108107566833496,0.018985271453857422,0.05559945106506348,0.009197711944580078
