num_events,utilization,reallocations,changes,failures,reallocated_prop,time_compute,time_apply
1,0.9059782608695652,43,67,0,0.6056338028169014,0.014502525329589844,0.5585589408874512
