num_events,utilization,reallocations,changes,failures,reallocated_prop,time_compute,time_apply
1,0.8592391304347826,12,12,0,0.3055555555555556,0.01014399528503418,0.5347344875335693
