num_events,utilization,reallocations,changes,failures,reallocated_prop,time_compute,time_apply,time_enum,time_search,time_pp
1,1.0,36,81,0,0.08275862068965517,0.14014911651611328,0.626732587814331,0.012498855590820312,0.11813950538635254,0.009508609771728516
