num_events,utilization,reallocations,changes,failures,reallocated_prop,time_compute,time_apply
1,0.8972826086956521,30,48,0,0.2912621359223301,0.01507568359375,0.5677008628845215
