num_events,utilization,reallocations,changes,failures,reallocated_prop,time_compute,time_apply,time_enum,time_search,time_pp
1,0.65,8,14,0,0.42105263157894735,0.009858131408691406,0.2855570316314697,0.00041747093200683594,0.0005578994750976562,0.008880615234375
