num_events,utilization,reallocations,changes,failures,reallocated_prop,time_compute,time_apply,time_enum,time_search,time_pp
1,1.0,23,66,0,0.152317880794702,0.0695338249206543,0.5785894393920898,0.014766693115234375,0.04519391059875488,0.009570598602294922
