num_events,utilization,reallocations,changes,failures,reallocated_prop,time_compute,time_apply,time_enum,time_search,time_pp
1,0.65,26,63,0,0.3291139240506329,0.014702796936035156,0.3577287197113037,0.0005953311920166016,0.0022597312927246094,0.011844873428344727
