num_events,utilization,reallocations,changes,failures,reallocated_prop,time_compute,time_apply,time_enum,time_search,time_pp
1,1.0,19,21,0,0.5135135135135135,0.07228446006774902,0.5774731636047363,0.012084722518920898,0.0514378547668457,0.008759498596191406
