num_events,utilization,reallocations,changes,failures,reallocated_prop,time_compute,time_apply,time_enum,time_search,time_pp
1,0.65,2,5,0,0.25,0.019375324249267578,0.595587968826294,0.0005462169647216797,0.00044226646423339844,0.018384695053100586
