num_events,utilization,reallocations,changes,failures,reallocated_prop,time_compute,time_apply
1,0.785054347826087,14,14,0,0.7647058823529411,0.009495973587036133,0.48776984214782715
