num_events,utilization,reallocations,changes,failures,reallocated_prop,time_compute,time_apply
1,0.8035326086956521,5,5,0,0.5714285714285714,0.4012901782989502,0.5828397274017334
