num_events,utilization,reallocations,changes,failures,reallocated_prop,time_compute,time_apply,time_enum,time_search,time_pp
1,0.65,47,62,0,0.16666666666666666,0.016420841217041016,0.32410335540771484,0.0005097389221191406,0.00597381591796875,0.009935140609741211
