num_events,utilization,reallocations,changes,failures,reallocated_prop,time_compute,time_apply,time_enum,time_search,time_pp
1,0.65,128,303,0,0.2606924643584521,0.020557641983032227,0.35414719581604004,0.0005004405975341797,0.009997129440307617,0.010058164596557617
