num_events,utilization,reallocations,changes,failures,reallocated_prop,time_compute,time_apply,time_enum,time_search,time_pp
1,0.12282608695652174,1,0,0,0.0,0.010393142700195312,0.11246776580810547,8.082389831542969e-05,0.0007741451263427734,0.009536504745483398
