num_events,utilization,reallocations,changes,failures,reallocated_prop,time_compute,time_apply,time_enum,time_search,time_pp
1,0.36086956521739133,1,0,0,0.0,0.012029409408569336,0.18956732749938965,0.00011801719665527344,0.002346038818359375,0.009563684463500977
