num_events,utilization,reallocations,changes,failures,reallocated_prop,time_compute,time_apply,time_enum,time_search,time_pp
1,0.3804347826086957,1,0,0,0.0,0.27863335609436035,0.2933955192565918,0.017543554306030273,0.25177764892578125,0.009310007095336914
