num_events,utilization,reallocations,changes,failures,reallocated_prop,time_compute,time_apply,time_enum,time_search,time_pp
1,1.0,8,9,0,0.5333333333333333,0.06602311134338379,0.5890896320343018,0.018581867218017578,0.03810715675354004,0.009331464767456055
