num_events,utilization,reallocations,changes,failures,reallocated_prop,time_compute,time_apply,time_enum,time_search,time_pp
1,0.65,34,63,0,0.425,0.014454364776611328,0.3746337890625,0.000690460205078125,0.0020258426666259766,0.011736631393432617
