num_events,utilization,reallocations,changes,failures,reallocated_prop,time_compute,time_apply,time_enum,time_search,time_pp
1,0.06657608695652174,1,0,0,0.0,0.07964086532592773,0.6377112865447998,3.4332275390625e-05,0.0002193450927734375,0.07938504219055176
