num_events,utilization,reallocations,changes,failures,reallocated_prop,time_compute,time_apply
1,0.7853260869565217,11,12,0,0.7692307692307693,0.009908676147460938,0.5379638671875
