num_events,utilization,reallocations,changes,failures,reallocated_prop,time_compute,time_apply,time_enum,time_search,time_pp
1,0.5239130434782608,1,0,0,0.0,0.3778371810913086,0.35047388076782227,0.017657995223999023,0.35004544258117676,0.0101318359375
