num_events,utilization,reallocations,changes,failures,reallocated_prop,time_compute,time_apply,time_enum,time_search,time_pp
1,0.7633152173913044,33,56,0,0.55,0.011597156524658203,0.4585564136505127,0.00044035911560058594,0.0021719932556152344,0.008983135223388672
