num_events,utilization,reallocations,changes,failures,reallocated_prop,time_compute,time_apply,time_enum,time_search,time_pp
1,0.65,47,77,0,0.24102564102564103,0.014466047286987305,0.31911325454711914,0.000507354736328125,0.004175901412963867,0.009780645370483398
