num_events,utilization,reallocations,changes,failures,reallocated_prop,time_compute,time_apply,time_enum,time_search,time_pp
1,0.65,32,53,0,0.1693121693121693,0.01747894287109375,0.3740971088409424,0.0006883144378662109,0.0042874813079833984,0.012501001358032227
