num_events,utilization,reallocations,changes,failures,reallocated_prop,time_compute,time_apply
1,0.8714673913043478,26,29,0,0.6756756756756757,0.009817123413085938,0.5427899360656738
