num_events,utilization,reallocations,changes,failures,reallocated_prop,time_compute,time_apply,time_enum,time_search,time_pp
1,1.0,30,52,0,0.4838709677419355,0.08370518684387207,0.6445438861846924,0.014554738998413086,0.05966639518737793,0.009481430053710938
