num_events,utilization,reallocations,changes,failures,reallocated_prop,time_compute,time_apply,time_enum,time_search,time_pp
1,0.6783967391304347,5,4,0,0.5,0.018667221069335938,0.9165611267089844,0.00010037422180175781,0.00023818016052246094,0.018326759338378906
