num_events,utilization,reallocations,changes,failures,reallocated_prop,time_compute,time_apply
1,0.9016304347826087,15,22,0,0.6521739130434783,0.013117313385009766,0.5853924751281738
