num_events,utilization,reallocations,changes,failures,reallocated_prop,time_compute,time_apply,time_enum,time_search,time_pp
1,0.6785326086956521,12,24,0,0.4,0.037523508071899414,1.7916624546051025,0.0005459785461425781,0.0017113685607910156,0.035263776779174805
