num_events,utilization,reallocations,changes,failures,reallocated_prop,time_compute,time_apply,time_enum,time_search,time_pp
1,0.65,28,52,0,0.3684210526315789,0.011780500411987305,0.3128974437713623,0.0005044937133789062,0.0017883777618408203,0.009486198425292969
