num_events,utilization,reallocations,changes,failures,reallocated_prop,time_compute,time_apply
1,0.9059782608695652,59,103,0,0.5462962962962963,0.014472246170043945,0.5649635791778564
