num_events,utilization,reallocations,changes,failures,reallocated_prop,time_compute,time_apply,time_enum,time_search,time_pp
1,1.0,13,36,0,0.15476190476190477,0.05190896987915039,0.5770087242126465,0.01544642448425293,0.02707052230834961,0.009390830993652344
