num_events,utilization,reallocations,changes,failures,reallocated_prop,time_compute,time_apply,time_enum,time_search,time_pp
1,0.025,1,0,0,0.0,0.009899616241455078,0.08356285095214844,0.00010657310485839844,0.00021958351135253906,0.009572029113769531
