num_events,utilization,reallocations,changes,failures,reallocated_prop,time_compute,time_apply,time_enum,time_search,time_pp
1,0.65,7,17,0,0.3181818181818182,0.010915040969848633,0.30853843688964844,0.0005075931549072266,0.00075531005859375,0.009649991989135742
