num_events,utilization,reallocations,changes,failures,reallocated_prop,time_compute,time_apply,time_enum,time_search,time_pp
1,0.05217391304347826,1,0,0,0.0,0.010158538818359375,0.09412646293640137,0.00010800361633300781,0.00041031837463378906,0.009638547897338867
