num_events,utilization,reallocations,changes,failures,reallocated_prop,time_compute,time_apply,time_enum,time_search,time_pp
1,0.10434782608695652,1,0,0,0.0,0.010448694229125977,0.10597896575927734,0.00010156631469726562,0.0007777214050292969,0.009567737579345703
