num_events,utilization,reallocations,changes,failures,reallocated_prop,time_compute,time_apply,time_enum,time_search,time_pp
1,0.65,21,51,0,0.3333333333333333,0.011536598205566406,0.3014812469482422,0.0005307197570800781,0.0015561580657958984,0.009447813034057617
