num_events,utilization,reallocations,changes,failures,reallocated_prop,time_compute,time_apply,time_enum,time_search,time_pp
1,1.0,10,14,0,0.2127659574468085,0.13185644149780273,0.6185379028320312,0.018778085708618164,0.10357832908630371,0.009496927261352539
