num_events,utilization,reallocations,changes,failures,reallocated_prop,time_compute,time_apply,time_enum,time_search,time_pp
1,0.65,19,36,0,0.4222222222222222,0.014055728912353516,0.37035083770751953,0.0007131099700927734,0.0013360977172851562,0.012003898620605469
