num_events,utilization,reallocations,changes,failures,reallocated_prop,time_compute,time_apply
1,0.752445652173913,7,6,0,0.5454545454545454,0.009657621383666992,0.484668493270874
