num_events,utilization,reallocations,changes,failures,reallocated_prop,time_compute,time_apply,time_enum,time_search,time_pp
1,0.20652173913043478,1,0,0,0.0,0.010453224182128906,0.12180542945861816,3.695487976074219e-05,9.441375732421875e-05,0.010320425033569336
