num_events,utilization,reallocations,changes,failures,reallocated_prop,time_compute,time_apply,time_enum,time_search,time_pp
1,0.65,79,148,0,0.42702702702702705,0.01410531997680664,0.33530712127685547,0.0005047321319580078,0.004057884216308594,0.00954127311706543
