num_events,utilization,reallocations,changes,failures,reallocated_prop,time_compute,time_apply,time_enum,time_search,time_pp
1,1.0,15,24,0,0.25862068965517243,0.04375052452087402,0.5756642818450928,0.014781475067138672,0.01960158348083496,0.009366512298583984
