num_events,utilization,reallocations,changes,failures,reallocated_prop,time_compute,time_apply,time_enum,time_search,time_pp
1,1.0,68,151,0,0.19596541786743515,0.12482619285583496,0.6041762828826904,0.014734268188476562,0.10040640830993652,0.00968313217163086
