num_events,utilization,reallocations,changes,failures,reallocated_prop,time_compute,time_apply
1,0.9057065217391305,21,38,0,0.16153846153846155,0.01568150520324707,0.5733356475830078
