num_events,utilization,reallocations,changes,failures,reallocated_prop,time_compute,time_apply,time_enum,time_search,time_pp
1,0.6581521739130435,2,5,0,0.2857142857142857,0.04190421104431152,1.7386622428894043,0.0005550384521484375,0.0007374286651611328,0.04060959815979004
