num_events,utilization,reallocations,changes,failures,reallocated_prop,time_compute,time_apply,time_enum,time_search,time_pp
1,0.14130434782608695,1,0,0,0.0,0.011194229125976562,0.1287856101989746,9.584426879882812e-05,0.0009701251983642578,0.010126352310180664
