num_events,utilization,reallocations,changes,failures,reallocated_prop,time_compute,time_apply,time_enum,time_search,time_pp
1,1.0,5,12,0,0.17857142857142858,0.03565335273742676,0.5685930252075195,0.014856338500976562,0.011392831802368164,0.00940251350402832
