num_events,utilization,reallocations,changes,failures,reallocated_prop,time_compute,time_apply,time_enum,time_search,time_pp
1,1.0,18,32,0,0.24324324324324326,0.04875683784484863,0.5699014663696289,0.014734745025634766,0.024344682693481445,0.00967550277709961
