num_events,utilization,reallocations,changes,failures,reallocated_prop,time_compute,time_apply,time_enum,time_search,time_pp
1,1.0,41,90,0,0.20297029702970298,0.08502888679504395,0.5958385467529297,0.014786958694458008,0.06063485145568848,0.009605169296264648
