num_events,utilization,reallocations,changes,failures,reallocated_prop,time_compute,time_apply
1,0.7385869565217391,9,8,0,0.5333333333333333,0.019073486328125,0.9377422332763672
