num_events,utilization,reallocations,changes,failures,reallocated_prop,time_compute,time_apply,time_enum,time_search,time_pp
1,0.07065217391304347,1,0,0,0.0,0.010941028594970703,0.10078001022338867,0.00011420249938964844,0.0005886554718017578,0.010236501693725586
