num_events,utilization,reallocations,changes,failures,reallocated_prop,time_compute,time_apply,time_enum,time_search,time_pp
1,0.5369565217391304,1,0,0,0.0,0.388685941696167,0.35265588760375977,0.017680644989013672,0.36141538619995117,0.009587287902832031
