num_events,utilization,reallocations,changes,failures,reallocated_prop,time_compute,time_apply,time_enum,time_search,time_pp
1,0.7014945652173913,6,5,0,0.35714285714285715,0.01989459991455078,0.91448974609375,0.00010657310485839844,0.0003821849822998047,0.019403457641601562
