num_events,utilization,reallocations,changes,failures,reallocated_prop,time_compute,time_apply,time_enum,time_search,time_pp
1,0.65,26,48,0,0.4262295081967213,0.01225900650024414,0.31908631324768066,0.0005424022674560547,0.0016937255859375,0.010021209716796875
