num_events,utilization,reallocations,changes,failures,reallocated_prop,time_compute,time_apply,time_enum,time_search,time_pp
1,0.3804347826086957,1,0,0,0.0,0.012180566787719727,0.19585251808166504,0.00010323524475097656,0.0024042129516601562,0.009671688079833984
