num_events,utilization,reallocations,changes,failures,reallocated_prop,time_compute,time_apply,time_enum,time_search,time_pp
1,0.7567934782608695,16,39,0,0.43243243243243246,0.011403083801269531,0.4830138683319092,0.0004980564117431641,0.0016078948974609375,0.009294986724853516
