num_events,utilization,reallocations,changes,failures,reallocated_prop,time_compute,time_apply
1,0.8247282608695652,8,7,0,0.2692307692307692,0.010015487670898438,0.5281543731689453
