num_events,utilization,reallocations,changes,failures,reallocated_prop,time_compute,time_apply,time_enum,time_search,time_pp
1,0.65,9,22,0,0.32142857142857145,0.010469675064086914,0.2982447147369385,0.0004990100860595703,0.0008440017700195312,0.009124755859375
