num_events,utilization,reallocations,changes,failures,reallocated_prop,time_compute,time_apply,time_enum,time_search,time_pp
1,0.7605978260869565,5,4,0,0.13793103448275862,0.009851932525634766,0.466294527053833,9.679794311523438e-05,0.0004596710205078125,0.009293079376220703
