num_events,utilization,reallocations,changes,failures,reallocated_prop,time_compute,time_apply
1,0.7869565217391304,6,10,0,0.42857142857142855,0.012064695358276367,0.5408689975738525
