num_events,utilization,reallocations,changes,failures,reallocated_prop,time_compute,time_apply,time_enum,time_search,time_pp
1,0.5070652173913044,1,0,0,0.0,0.03130316734313965,0.46057629585266113,0.012917757034301758,0.009142160415649414,0.009240388870239258
