num_events,utilization,reallocations,changes,failures,reallocated_prop,time_compute,time_apply
1,0.8557065217391304,14,13,0,0.3611111111111111,0.010307550430297852,0.5466518402099609
