num_events,utilization,reallocations,changes,failures,reallocated_prop,time_compute,time_apply,time_enum,time_search,time_pp
1,0.65,19,36,0,0.41304347826086957,0.035721540451049805,1.1538288593292236,0.0005028247833251953,0.0011293888092041016,0.03408694267272949
