num_events,utilization,reallocations,changes,failures,reallocated_prop,time_compute,time_apply,time_enum,time_search,time_pp
1,0.3630434782608696,1,0,0,0.0,0.27754640579223633,0.2894432544708252,0.018296480178833008,0.24938392639160156,0.009863615036010742
