num_events,utilization,reallocations,changes,failures,reallocated_prop,time_compute,time_apply
1,0.7695652173913043,7,7,0,0.3333333333333333,0.009459495544433594,0.5114498138427734
