num_events,utilization,reallocations,changes,failures,reallocated_prop,time_compute,time_apply,time_enum,time_search,time_pp
1,0.7262228260869565,12,13,0,0.36666666666666664,0.019170045852661133,0.9310064315795898,3.528594970703125e-05,0.0002028942108154297,0.01893019676208496
