num_events,utilization,reallocations,changes,failures,reallocated_prop,time_compute,time_apply,time_enum,time_search,time_pp
1,0.65,19,46,0,0.3333333333333333,0.011044979095458984,0.2993321418762207,0.0004916191101074219,0.0014142990112304688,0.009137392044067383
