num_events,utilization,reallocations,changes,failures,reallocated_prop,time_compute,time_apply,time_enum,time_search,time_pp
1,0.24347826086956523,1,0,0,0.0,0.011224746704101562,0.15125775337219238,9.393692016601562e-05,0.0017163753509521484,0.009412527084350586
