num_events,utilization,reallocations,changes,failures,reallocated_prop,time_compute,time_apply,time_enum,time_search,time_pp
1,0.65,91,213,0,0.33090909090909093,0.016161680221557617,0.34943604469299316,0.0005104541778564453,0.005709648132324219,0.009940147399902344
