num_events,utilization,reallocations,changes,failures,reallocated_prop,time_compute,time_apply,time_enum,time_search,time_pp
1,0.28804347826086957,1,0,0,0.0,0.011825084686279297,0.16489362716674805,9.441375732421875e-05,0.0018377304077148438,0.009891510009765625
