num_events,utilization,reallocations,changes,failures,reallocated_prop,time_compute,time_apply,time_enum,time_search,time_pp
1,1.0,74,219,0,0.15071283095723015,0.16300010681152344,0.6155657768249512,0.014549970626831055,0.13846349716186523,0.009984016418457031
