num_events,utilization,reallocations,changes,failures,reallocated_prop,time_compute,time_apply
1,0.9146739130434782,90,175,0,0.5263157894736842,0.016505002975463867,0.589677095413208
