num_events,utilization,reallocations,changes,failures,reallocated_prop,time_compute,time_apply,time_enum,time_search,time_pp
1,0.65,17,27,0,0.04509283819628647,0.01681828498840332,0.31527209281921387,0.0005056858062744141,0.007167816162109375,0.00914311408996582
