num_events,utilization,reallocations,changes,failures,reallocated_prop,time_compute,time_apply,time_enum,time_search,time_pp
1,0.34891304347826085,1,0,0,0.0,0.27351808547973633,0.2860374450683594,0.019515514373779297,0.24321556091308594,0.01078486442565918
