num_events,utilization,reallocations,changes,failures,reallocated_prop,time_compute,time_apply
1,0.6964673913043479,6,6,0,0.8333333333333334,0.009324312210083008,0.496783971786499
