num_events,utilization,reallocations,changes,failures,reallocated_prop,time_compute,time_apply
1,0.9130434782608695,18,19,0,0.7391304347826086,0.009765148162841797,0.5721578598022461
