num_events,utilization,reallocations,changes,failures,reallocated_prop,time_compute,time_apply,time_enum,time_search,time_pp
1,0.030434782608695653,1,0,0,0.0,0.010336637496948242,0.08585667610168457,0.00010704994201660156,0.00026035308837890625,0.009967565536499023
