num_events,utilization,reallocations,changes,failures,reallocated_prop,time_compute,time_apply
1,0.8331521739130435,11,12,0,0.6666666666666666,0.009708166122436523,0.5371410846710205
