num_events,utilization,reallocations,changes,failures,reallocated_prop,time_compute,time_apply,time_enum,time_search,time_pp
1,0.40217391304347827,1,0,0,0.0,0.3010985851287842,0.3066673278808594,0.018318653106689453,0.27301716804504395,0.009759902954101562
