num_events,utilization,reallocations,changes,failures,reallocated_prop,time_compute,time_apply,time_enum,time_search,time_pp
1,0.0967391304347826,1,0,0,0.0,0.011442184448242188,0.11074399948120117,8.368492126464844e-05,0.0006144046783447266,0.010741949081420898
