num_events,utilization,reallocations,changes,failures,reallocated_prop,time_compute,time_apply,time_enum,time_search,time_pp
1,1.0,20,45,0,0.19801980198019803,0.05883193016052246,0.5496859550476074,0.015700817108154297,0.03321576118469238,0.009913444519042969
