num_events,utilization,reallocations,changes,failures,reallocated_prop,time_compute,time_apply,time_enum,time_search,time_pp
1,0.10326086956521739,1,0,0,0.0,0.018721818923950195,0.16690850257873535,3.266334533691406e-05,0.00010776519775390625,0.018579721450805664
