num_events,utilization,reallocations,changes,failures,reallocated_prop,time_compute,time_apply,time_enum,time_search,time_pp
1,0.65,5,9,0,0.4166666666666667,0.010676145553588867,0.3133823871612549,0.0005626678466796875,0.0005486011505126953,0.009562969207763672
