num_events,utilization,reallocations,changes,failures,reallocated_prop,time_compute,time_apply,time_enum,time_search,time_pp
1,0.6719429347826087,9,17,0,0.42857142857142855,0.03824901580810547,1.7890496253967285,0.0005164146423339844,0.0013051033020019531,0.03642559051513672
