num_events,utilization,reallocations,changes,failures,reallocated_prop,time_compute,time_apply,time_enum,time_search,time_pp
1,0.65,9,22,0,0.3103448275862069,0.010823249816894531,0.3098764419555664,0.000514984130859375,0.0009112358093261719,0.009395360946655273
