num_events,utilization,reallocations,changes,failures,reallocated_prop,time_compute,time_apply
1,0.7258152173913044,20,23,0,0.8260869565217391,0.03726077079772949,2.0132181644439697
