num_events,utilization,reallocations,changes,failures,reallocated_prop,time_compute,time_apply,time_enum,time_search,time_pp
1,0.65,24,58,0,0.3333333333333333,0.02042675018310547,0.6043350696563721,0.0004940032958984375,0.0017528533935546875,0.018177270889282227
