num_events,utilization,reallocations,changes,failures,reallocated_prop,time_compute,time_apply,time_enum,time_search,time_pp
1,0.65,10,19,0,0.4166666666666667,0.07529830932617188,2.4140045642852783,0.0004966259002685547,0.0008075237274169922,0.07399177551269531
