num_events,utilization,reallocations,changes,failures,reallocated_prop,time_compute,time_apply,time_enum,time_search,time_pp
1,0.65,10,24,0,0.3333333333333333,0.010887384414672852,0.30993103981018066,0.0005025863647460938,0.0009210109710693359,0.009462118148803711
