num_events,utilization,reallocations,changes,failures,reallocated_prop,time_compute,time_apply,time_enum,time_search,time_pp
1,0.65,33,80,0,0.3333333333333333,0.012182235717773438,0.3118305206298828,0.0004971027374267578,0.002412080764770508,0.009271383285522461
