num_events,utilization,reallocations,changes,failures,reallocated_prop,time_compute,time_apply,time_enum,time_search,time_pp
1,0.65,13,24,0,0.41935483870967744,0.01305532455444336,0.3226616382598877,0.0005624294281005859,0.0010132789611816406,0.011476993560791016
