num_events,utilization,reallocations,changes,failures,reallocated_prop,time_compute,time_apply
1,0.8502717391304347,13,14,0,0.36363636363636365,0.009772539138793945,0.5375826358795166
