num_events,utilization,reallocations,changes,failures,reallocated_prop,time_compute,time_apply,time_enum,time_search,time_pp
1,0.65,37,67,0,0.3854166666666667,0.012250185012817383,0.3244600296020508,0.00051116943359375,0.0022275447845458984,0.009509801864624023
