num_events,utilization,reallocations,changes,failures,reallocated_prop,time_compute,time_apply,time_enum,time_search,time_pp
1,1.0,20,37,0,0.06369426751592357,0.11783599853515625,0.5735406875610352,0.014626502990722656,0.09339213371276855,0.009815216064453125
