num_events,utilization,reallocations,changes,failures,reallocated_prop,time_compute,time_apply,time_enum,time_search,time_pp
1,1.0,18,39,0,0.04285714285714286,0.1447772979736328,0.5739514827728271,0.015253305435180664,0.11981201171875,0.009709358215332031
