num_events,utilization,reallocations,changes,failures,reallocated_prop,time_compute,time_apply,time_enum,time_search,time_pp
1,0.65,35,65,0,0.43209876543209874,0.021315574645996094,0.6070661544799805,0.0005018711090087891,0.0019042491912841797,0.018907546997070312
