num_events,utilization,reallocations,changes,failures,reallocated_prop,time_compute,time_apply,time_enum,time_search,time_pp
1,0.7191576086956522,10,10,0,0.391304347826087,0.019388675689697266,0.9381303787231445,3.457069396972656e-05,0.0001742839813232422,0.01917719841003418
