num_events,utilization,reallocations,changes,failures,reallocated_prop,time_compute,time_apply
1,0.7151494565217391,8,9,0,0.7777777777777778,0.036290645599365234,1.91947603225708
