num_events,utilization,reallocations,changes,failures,reallocated_prop,time_compute,time_apply,time_enum,time_search,time_pp
1,0.24130434782608695,1,0,0,0.0,0.011187314987182617,0.15051555633544922,9.34600830078125e-05,0.0015413761138916016,0.00955057144165039
