num_events,utilization,reallocations,changes,failures,reallocated_prop,time_compute,time_apply,time_enum,time_search,time_pp
1,1.0,18,51,0,0.15384615384615385,0.06204843521118164,0.5726211071014404,0.014787673950195312,0.03745579719543457,0.009802579879760742
