num_events,utilization,reallocations,changes,failures,reallocated_prop,time_compute,time_apply,time_enum,time_search,time_pp
1,0.15455163043478262,1,0,0,0.0,0.07275104522705078,1.513714075088501,0.0005102157592773438,0.00035071372985839844,0.07188749313354492
