num_events,utilization,reallocations,changes,failures,reallocated_prop,time_compute,time_apply,time_enum,time_search,time_pp
1,0.1608695652173913,1,0,0,0.0,0.010668039321899414,0.12255382537841797,9.489059448242188e-05,0.0012238025665283203,0.00934743881225586
