num_events,utilization,reallocations,changes,failures,reallocated_prop,time_compute,time_apply,time_enum,time_search,time_pp
1,0.65,26,48,0,0.4262295081967213,0.07627654075622559,2.347360610961914,0.0005011558532714844,0.0015037059783935547,0.07426929473876953
