num_events,utilization,reallocations,changes,failures,reallocated_prop,time_compute,time_apply,time_enum,time_search,time_pp
1,0.65,95,183,0,0.35315985130111527,0.016042232513427734,0.3436703681945801,0.0004994869232177734,0.0058138370513916016,0.009726524353027344
