num_events,utilization,reallocations,changes,failures,reallocated_prop,time_compute,time_apply,time_enum,time_search,time_pp
1,0.09782608695652174,1,0,0,0.0,0.08806037902832031,0.7621364593505859,4.076957702636719e-05,0.0002980232238769531,0.08771848678588867
