num_events,utilization,reallocations,changes,failures,reallocated_prop,time_compute,time_apply,time_enum,time_search,time_pp
1,1.0,26,27,0,0.52,0.15216946601867676,0.6294562816619873,0.018535375595092773,0.12418866157531738,0.009441852569580078
