num_events,utilization,reallocations,changes,failures,reallocated_prop,time_compute,time_apply,time_enum,time_search,time_pp
1,0.7557065217391304,3,2,0,0.10526315789473684,0.009882688522338867,0.48276400566101074,9.775161743164062e-05,0.00042128562927246094,0.009361743927001953
