num_events,utilization,reallocations,changes,failures,reallocated_prop,time_compute,time_apply,time_enum,time_search,time_pp
1,0.653226902173913,4,7,0,0.4,0.07447195053100586,3.5316741466522217,0.0005207061767578125,0.0006477832794189453,0.07330155372619629
