num_events,utilization,reallocations,changes,failures,reallocated_prop,time_compute,time_apply,time_enum,time_search,time_pp
1,0.65,45,75,0,0.1939655172413793,0.015124797821044922,0.32688403129577637,0.0004999637603759766,0.004964590072631836,0.009658575057983398
