num_events,utilization,reallocations,changes,failures,reallocated_prop,time_compute,time_apply,time_enum,time_search,time_pp
1,0.08695652173913043,1,0,0,0.0,0.019326448440551758,0.16452527046203613,2.9325485229492188e-05,6.651878356933594e-05,0.01922893524169922
