num_events,utilization,reallocations,changes,failures,reallocated_prop,time_compute,time_apply,time_enum,time_search,time_pp
1,0.043478260869565216,1,0,0,0.0,0.032068729400634766,0.14168715476989746,0.01605677604675293,0.006316423416137695,0.009692192077636719
