num_events,utilization,reallocations,changes,failures,reallocated_prop,time_compute,time_apply,time_enum,time_search,time_pp
1,0.6662703804347826,8,7,0,0.20588235294117646,0.07187318801879883,3.496783494949341,9.965896606445312e-05,0.0005841255187988281,0.07118606567382812
