num_events,utilization,reallocations,changes,failures,reallocated_prop,time_compute,time_apply,time_enum,time_search,time_pp
1,0.5,2,2,0,0.25,0.07206964492797852,1.8977489471435547,0.0004971027374267578,0.0003159046173095703,0.07125401496887207
