num_events,utilization,reallocations,changes,failures,reallocated_prop,time_compute,time_apply,time_enum,time_search,time_pp
1,0.057065217391304345,1,0,0,0.0,0.07317280769348145,0.5576293468475342,3.361701965332031e-05,0.0001773834228515625,0.07295989990234375
