num_events,utilization,reallocations,changes,failures,reallocated_prop,time_compute,time_apply,time_enum,time_search,time_pp
1,1.0,20,29,0,0.30303030303030304,0.04638171195983887,0.5725798606872559,0.014857292175292969,0.021970272064208984,0.009552955627441406
