num_events,utilization,reallocations,changes,failures,reallocated_prop,time_compute,time_apply,time_enum,time_search,time_pp
1,1.0,61,135,0,0.20198675496688742,0.12261271476745605,0.5915100574493408,0.016131877899169922,0.09604454040527344,0.01043391227722168
