num_events,utilization,reallocations,changes,failures,reallocated_prop,time_compute,time_apply,time_enum,time_search,time_pp
1,0.65,23,40,0,0.06084656084656084,0.01817011833190918,0.31581544876098633,0.0005033016204833984,0.007820844650268555,0.009843826293945312
