num_events,utilization,reallocations,changes,failures,reallocated_prop,time_compute,time_apply
1,0.8929347826086956,23,45,0,0.2911392405063291,0.014783143997192383,0.5488741397857666
