num_events,utilization,reallocations,changes,failures,reallocated_prop,time_compute,time_apply,time_enum,time_search,time_pp
1,0.31521739130434784,1,0,0,0.0,0.24340319633483887,0.2578256130218506,0.01821613311767578,0.21578764915466309,0.009396553039550781
