num_events,utilization,reallocations,changes,failures,reallocated_prop,time_compute,time_apply
1,0.9059782608695652,61,120,0,0.48412698412698413,0.016705751419067383,0.5753183364868164
