num_events,utilization,reallocations,changes,failures,reallocated_prop,time_compute,time_apply
1,0.7809782608695652,3,6,0,0.3333333333333333,0.011488199234008789,0.49989819526672363
