num_events,utilization,reallocations,changes,failures,reallocated_prop,time_compute,time_apply,time_enum,time_search,time_pp
1,0.3858695652173913,1,0,0,0.0,0.01215052604675293,0.19664216041564941,9.298324584960938e-05,0.002412080764770508,0.009644031524658203
