num_events,utilization,reallocations,changes,failures,reallocated_prop,time_compute,time_apply,time_enum,time_search,time_pp
1,0.48586956521739133,1,0,0,0.0,0.3595919609069824,0.3453328609466553,0.018235206604003906,0.3313589096069336,0.009995698928833008
