num_events,utilization,reallocations,changes,failures,reallocated_prop,time_compute,time_apply
1,0.8567934782608696,12,13,0,0.5238095238095238,0.009739160537719727,0.5377564430236816
