num_events,utilization,reallocations,changes,failures,reallocated_prop,time_compute,time_apply,time_enum,time_search,time_pp
1,0.65,88,171,0,0.19775280898876405,0.01990985870361328,0.33768510818481445,0.0005123615264892578,0.009316444396972656,0.010078668594360352
