num_events,utilization,reallocations,changes,failures,reallocated_prop,time_compute,time_apply
1,0.9016304347826087,24,54,0,0.38095238095238093,0.014307498931884766,0.57232666015625
