num_events,utilization,reallocations,changes,failures,reallocated_prop,time_compute,time_apply,time_enum,time_search,time_pp
1,0.3467391304347826,1,0,0,0.0,0.011951684951782227,0.18455171585083008,9.584426879882812e-05,0.002330303192138672,0.009524106979370117
