num_events,utilization,reallocations,changes,failures,reallocated_prop,time_compute,time_apply,time_enum,time_search,time_pp
1,0.007336956521739131,1,0,0,0.0,0.0367887020111084,0.2943458557128906,9.72747802734375e-05,0.00023055076599121094,0.03645896911621094
