num_events,utilization,reallocations,changes,failures,reallocated_prop,time_compute,time_apply,time_enum,time_search,time_pp
1,0.057608695652173914,1,0,0,0.0,0.010758399963378906,0.09525251388549805,0.0001049041748046875,0.00044798851013183594,0.010203838348388672
