num_events,utilization,reallocations,changes,failures,reallocated_prop,time_compute,time_apply,time_enum,time_search,time_pp
1,0.7567934782608695,26,50,0,0.5777777777777777,0.011725187301635742,0.47492194175720215,0.0005393028259277344,0.0017936229705810547,0.009390115737915039
