num_events,utilization,reallocations,changes,failures,reallocated_prop,time_compute,time_apply,time_enum,time_search,time_pp
1,0.002717391304347826,1,0,0,0.0,0.03830361366271973,0.3005645275115967,0.00010752677917480469,0.00011324882507324219,0.03808093070983887
