num_events,utilization,reallocations,changes,failures,reallocated_prop,time_compute,time_apply,time_enum,time_search,time_pp
1,0.12391304347826088,1,0,0,0.0,0.00988316535949707,0.10666131973266602,8.273124694824219e-05,0.0007951259613037109,0.009003639221191406
