num_events,utilization,reallocations,changes,failures,reallocated_prop,time_compute,time_apply,time_enum,time_search,time_pp
1,0.6538722826086957,5,4,0,0.5714285714285714,0.07134366035461426,3.5110023021698,3.457069396972656e-05,5.435943603515625e-05,0.07125234603881836
