num_events,utilization,reallocations,changes,failures,reallocated_prop,time_compute,time_apply,time_enum,time_search,time_pp
1,0.09021739130434783,1,0,0,0.0,0.010135412216186523,0.10233068466186523,9.441375732421875e-05,0.0006308555603027344,0.009407997131347656
