num_events,utilization,reallocations,changes,failures,reallocated_prop,time_compute,time_apply,time_enum
1,0.10869565217391304,1,0,0,0.0,0.009232521057128906,0.12907719612121582,0.00011587142944335938
