num_events,utilization,reallocations,changes,failures,reallocated_prop,time_compute,time_apply,time_enum,time_search,time_pp
1,0.009782608695652175,1,0,0,0.0,0.017672300338745117,0.14499473571777344,8.225440979003906e-05,0.0001423358917236328,0.017445087432861328
