num_events,utilization,reallocations,changes,failures,reallocated_prop,time_compute,time_apply,time_enum,time_search,time_pp
1,0.13043478260869565,1,0,0,0.0,0.03331780433654785,0.17530608177185059,0.012797355651855469,0.011200428009033203,0.009317398071289062
