num_events,utilization,reallocations,changes,failures,reallocated_prop,time_compute,time_apply,time_enum,time_search,time_pp
1,0.015217391304347827,1,0,0,0.0,0.04240226745605469,0.13623881340026855,0.018241405487060547,0.014827966690063477,0.009330272674560547
