num_events,utilization,reallocations,changes,failures,reallocated_prop,time_compute,time_apply,time_enum,time_search,time_pp
1,0.7633152173913044,32,51,0,0.24427480916030533,0.01356816291809082,0.4758179187774658,0.0004937648773193359,0.0037009716033935547,0.009371042251586914
