num_events,utilization,reallocations,changes,failures,reallocated_prop,time_compute,time_apply
1,0.7209239130434782,6,6,0,0.7142857142857143,0.009173154830932617,0.5024585723876953
