num_events,utilization,reallocations,changes,failures,reallocated_prop,time_compute,time_apply,time_enum,time_search,time_pp
1,0.5,1,0,0,0.0,0.3703594207763672,0.3499267101287842,0.01846766471862793,0.34196996688842773,0.009918928146362305
