num_events,utilization,reallocations,changes,failures,reallocated_prop,time_compute,time_apply,time_enum,time_search,time_pp
1,0.6636548913043478,4,7,0,0.36363636363636365,0.03901815414428711,1.7840158939361572,0.0005118846893310547,0.0008249282836914062,0.037679195404052734
