num_events,utilization,reallocations,changes,failures,reallocated_prop,time_compute,time_apply,time_enum,time_search,time_pp
1,0.007336956521739131,1,0,0,0.0,0.07449603080749512,0.6090226173400879,9.72747802734375e-05,0.0004336833953857422,0.07396340370178223
