num_events,utilization,reallocations,changes,failures,reallocated_prop,time_compute,time_apply,time_enum,time_search,time_pp
1,0.00923913043478261,1,0,0,0.0,0.018636703491210938,0.14782285690307617,8.225440979003906e-05,0.00016450881958007812,0.018388032913208008
