num_events,utilization,reallocations,changes,failures,reallocated_prop,time_compute,time_apply,time_enum
1,0.05434782608695652,1,0,0,0.0,0.010998725891113281,0.12191128730773926,0.00014591217041015625
