num_events,utilization,reallocations,changes,failures,reallocated_prop,time_compute,time_apply,time_enum,time_search,time_pp
1,0.65,5,9,0,0.38461538461538464,0.021099567413330078,0.6083474159240723,0.0005357265472412109,0.0005648136138916016,0.01999640464782715
