num_events,utilization,reallocations,changes,failures,reallocated_prop,time_compute,time_apply,time_enum,time_search,time_pp
1,0.002717391304347826,0,0,0,0.0,0.03646206855773926,0.21690773963928223,3.409385681152344e-05,1.9073486328125e-05,0.0364069938659668
