num_events,utilization,reallocations,changes,failures,reallocated_prop,time_compute,time_apply
1,0.7283967391304348,7,8,0,0.5384615384615384,0.020354270935058594,0.9992184638977051
