num_events,utilization,reallocations,changes,failures,reallocated_prop,time_compute,time_apply,time_enum,time_search,time_pp
1,1.0,21,39,0,0.23595505617977527,0.05818676948547363,0.5742919445037842,0.015260934829711914,0.03253293037414551,0.0103912353515625
