num_events,utilization,reallocations,changes,failures,reallocated_prop,time_compute,time_apply,time_enum,time_search,time_pp
1,0.09456521739130434,1,0,0,0.0,0.010902881622314453,0.10838627815246582,0.00011372566223144531,0.0007619857788085938,0.010025501251220703
