num_events,utilization,reallocations,changes,failures,reallocated_prop,time_compute,time_apply,time_enum,time_search,time_pp
1,0.47608695652173916,1,0,0,0.0,0.3479020595550537,0.33885931968688965,0.01823115348815918,0.3197143077850342,0.009953737258911133
