num_events,utilization,reallocations,changes,failures,reallocated_prop,time_compute,time_apply,time_enum,time_search,time_pp
1,0.7567934782608695,81,192,0,0.44505494505494503,0.014819860458374023,0.4797239303588867,0.0004909038543701172,0.00485539436340332,0.00947117805480957
