num_events,utilization,reallocations,changes,failures,reallocated_prop,time_compute,time_apply,time_enum,time_search,time_pp
1,0.3,1,0,0,0.0,0.07013320922851562,1.207683801651001,0.0004951953887939453,0.0002493858337402344,0.06938672065734863
