num_events,utilization,reallocations,changes,failures,reallocated_prop,time_compute,time_apply,time_enum,time_search,time_pp
1,0.06195652173913044,1,0,0,0.0,0.07265591621398926,0.15521860122680664,0.018439292907714844,0.044950008392333984,0.009264230728149414
