num_events,utilization,reallocations,changes,failures,reallocated_prop,time_compute,time_apply,time_enum,time_search,time_pp
1,0.2782608695652174,1,0,0,0.0,0.012003421783447266,0.15954852104187012,9.417533874511719e-05,0.001796722412109375,0.010110855102539062
