num_events,utilization,reallocations,changes,failures,reallocated_prop,time_compute,time_apply,time_enum,time_search,time_pp
1,1.0,14,39,0,0.15384615384615385,0.05310463905334473,0.5905897617340088,0.014727354049682617,0.028782367706298828,0.009593486785888672
