num_events,utilization,reallocations,changes,failures,reallocated_prop,time_compute,time_apply,time_enum,time_search,time_pp
1,0.65,8,14,0,0.42105263157894735,0.01056361198425293,0.30992603302001953,0.0005004405975341797,0.0006618499755859375,0.009399175643920898
