num_events,utilization,reallocations,changes,failures,reallocated_prop,time_compute,time_apply,time_enum,time_search,time_pp
1,1.0,22,41,0,0.23655913978494625,0.05429816246032715,0.5469422340393066,0.015346050262451172,0.029364347457885742,0.009585142135620117
