num_events,utilization,reallocations,changes,failures,reallocated_prop,time_compute,time_apply,time_enum,time_search,time_pp
1,0.0010869565217391304,1,0,0,0.0,0.018429040908813477,0.14170002937316895,0.00010013580322265625,5.054473876953125e-05,0.018276453018188477
