num_events,utilization,reallocations,changes,failures,reallocated_prop,time_compute,time_apply,time_enum,time_search,time_pp
1,0.483695652173913,1,0,0,0.0,0.3441586494445801,0.3366866111755371,0.017270326614379883,0.3174479007720947,0.009438514709472656
