num_events,utilization,reallocations,changes,failures,reallocated_prop,time_compute,time_apply
1,0.8929347826086956,54,74,0,0.47368421052631576,0.015850543975830078,0.5415732860565186
