num_events,utilization,reallocations,changes,failures,reallocated_prop,time_compute,time_apply,time_enum,time_search,time_pp
1,0.65,20,38,0,0.4166666666666667,0.011305093765258789,0.3139348030090332,0.0005099773406982422,0.0012629032135009766,0.00953054428100586
