num_events,utilization,reallocations,changes,failures,reallocated_prop,time_compute,time_apply,time_enum,time_search,time_pp
1,0.65,14,34,0,0.32558139534883723,0.011783838272094727,0.3173222541809082,0.0005102157592773438,0.0012180805206298828,0.01005411148071289
