num_events,utilization,reallocations,changes,failures,reallocated_prop,time_compute,time_apply,time_enum,time_search,time_pp
1,1.0,12,27,0,0.04363636363636364,0.10508441925048828,0.567406177520752,0.014677286148071289,0.0806436538696289,0.009760618209838867
