num_events,utilization,reallocations,changes,failures,reallocated_prop,time_compute,time_apply,time_enum,time_search,time_pp
1,0.65,8,14,0,0.42105263157894735,0.06907844543457031,2.295426607131958,0.0004982948303222656,0.0005822181701660156,0.06799530982971191
