num_events,utilization,reallocations,changes,failures,reallocated_prop,time_compute,time_apply,time_enum,time_search,time_pp
1,1.0,4,9,0,0.17391304347826086,0.034371137619018555,0.5846304893493652,0.014787912368774414,0.009997367858886719,0.00958395004272461
