num_events,utilization,reallocations,changes,failures,reallocated_prop,time_compute,time_apply
1,0.7419157608695652,20,19,0,0.5428571428571428,0.037998199462890625,2.0144543647766113
