num_events,utilization,reallocations,changes,failures,reallocated_prop,time_compute,time_apply,time_enum,time_search,time_pp
1,0.0,0,0,0,0.0,0.07197237014770508,0.43568968772888184,2.7179718017578125e-05,1.1205673217773438e-05,0.07193279266357422
