num_events,utilization,reallocations,changes,failures,reallocated_prop,time_compute,time_apply,time_enum,time_search,time_pp
1,0.02282608695652174,1,0,0,0.0,0.010662078857421875,0.08365988731384277,0.00011539459228515625,0.00020194053649902344,0.010343074798583984
