num_events,utilization,reallocations,changes,failures,reallocated_prop,time_compute,time_apply,time_enum,time_search,time_pp
1,0.65,44,71,0,0.11253196930946291,0.021218538284301758,0.3857755661010742,0.0006887912750244141,0.008004188537597656,0.012523651123046875
