num_events,utilization,reallocations,changes,failures,reallocated_prop,time_compute,time_apply,time_enum,time_search,time_pp
1,0.016304347826086956,1,0,0,0.0,0.03866171836853027,0.3020002841949463,9.870529174804688e-05,0.0004646778106689453,0.03809666633605957
