num_events,utilization,reallocations,changes,failures,reallocated_prop,time_compute,time_apply
1,0.7040760869565217,3,2,0,0.3333333333333333,0.01013493537902832,0.5112869739532471
