num_events,utilization,reallocations,changes,failures,reallocated_prop,time_compute,time_apply,time_enum,time_search,time_pp
1,0.013043478260869565,1,0,0,0.0,0.04100513458251953,0.1334526538848877,0.01846599578857422,0.013396263122558594,0.009140253067016602
