num_events,utilization,reallocations,changes,failures,reallocated_prop,time_compute,time_apply,time_enum,time_search,time_pp
1,0.6698369565217391,4,3,0,0.375,0.01863861083984375,0.8974003791809082,0.00012040138244628906,0.0001857280731201172,0.01833057403564453
