num_events,utilization,reallocations,changes,failures,reallocated_prop,time_compute,time_apply
1,0.8269021739130434,12,12,0,0.5238095238095238,0.009684085845947266,0.5280318260192871
