num_events,utilization,reallocations,changes,failures,reallocated_prop,time_compute,time_apply,time_enum,time_search,time_pp
1,0.5,2,2,0,0.25,0.036393165588378906,0.9422979354858398,0.0004973411560058594,0.0002994537353515625,0.03559422492980957
