num_events,utilization,reallocations,changes,failures,reallocated_prop,time_compute,time_apply,time_enum,time_search,time_pp
1,0.2565217391304348,1,0,0,0.0,0.2118222713470459,0.24160313606262207,0.02158641815185547,0.18068456649780273,0.009548664093017578
