num_events,utilization,reallocations,changes,failures,reallocated_prop,time_compute,time_apply,time_enum,time_search,time_pp
1,0.65,88,171,0,0.19730941704035873,0.019664764404296875,0.33400678634643555,0.0005056858062744141,0.009086370468139648,0.010071039199829102
