num_events,utilization,reallocations,changes,failures,reallocated_prop,time_compute,time_apply,time_enum,time_search,time_pp
1,0.65,41,65,0,0.21354166666666666,0.014531612396240234,0.31982874870300293,0.0005028247833251953,0.004122734069824219,0.00990438461303711
