num_events,utilization,reallocations,changes,failures,reallocated_prop,time_compute,time_apply,time_enum,time_search,time_pp
1,1.0,9,27,0,0.025210084033613446,0.1275167465209961,0.607311487197876,0.014675140380859375,0.10294437408447266,0.00989532470703125
