num_events,utilization,reallocations,changes,failures,reallocated_prop,time_compute,time_apply,time_enum,time_search,time_pp
1,0.65,4,7,0,0.36363636363636365,0.011531829833984375,0.3417050838470459,0.0005574226379394531,0.0005180835723876953,0.010454416275024414
