num_events,utilization,reallocations,changes,failures,reallocated_prop,time_compute,time_apply,time_enum,time_search,time_pp
1,0.02282608695652174,1,0,0,0.0,0.03664851188659668,0.31554174423217773,9.751319885253906e-05,0.0006616115570068359,0.035887718200683594
