num_events,utilization,reallocations,changes,failures,reallocated_prop,time_compute,time_apply
1,0.739741847826087,17,18,0,0.6956521739130435,0.03668808937072754,1.9426424503326416
