num_events,utilization,reallocations,changes,failures,reallocated_prop,time_compute,time_apply,time_enum,time_search,time_pp
1,1.0,3,6,0,0.1875,0.03193855285644531,0.5859770774841309,0.015007972717285156,0.007683277130126953,0.009245872497558594
