num_events,utilization,reallocations,changes,failures,reallocated_prop,time_compute,time_apply,time_enum,time_search,time_pp
1,0.65,16,29,0,0.42105263157894735,0.03741097450256348,1.201587200164795,0.0004942417144775391,0.0010497570037841797,0.035864830017089844
