num_events,utilization,reallocations,changes,failures,reallocated_prop,time_compute,time_apply,time_enum,time_search,time_pp
1,0.6910326086956522,4,7,0,0.4444444444444444,0.01095890998840332,0.47315239906311035,0.0005621910095214844,0.0007083415985107422,0.009686470031738281
