num_events,utilization,reallocations,changes,failures,reallocated_prop,time_compute,time_apply,time_enum,time_search,time_pp
1,0.65,21,51,0,0.328125,0.038208961486816406,1.2315006256103516,0.0004975795745849609,0.0015642642974853516,0.03614473342895508
