num_events,utilization,reallocations,changes,failures,reallocated_prop,time_compute,time_apply,time_enum,time_search,time_pp
1,0.16521739130434782,1,0,0,0.0,0.010625123977661133,0.12464690208435059,0.00011086463928222656,0.0011074542999267578,0.009405374526977539
