num_events,utilization,reallocations,changes,failures,reallocated_prop,time_compute,time_apply,time_enum,time_search,time_pp
1,1.0,37,108,0,0.1522633744855967,0.09637999534606934,0.6035542488098145,0.014760494232177734,0.07194232940673828,0.009675025939941406
