num_events,utilization,reallocations,changes,failures,reallocated_prop,time_compute,time_apply,time_enum,time_search,time_pp
1,0.15343070652173912,1,0,0,0.0,0.07281088829040527,1.4925594329833984,0.0005145072937011719,0.0003516674041748047,0.07194304466247559
