num_events,utilization,reallocations,changes,failures,reallocated_prop,time_compute,time_apply,time_enum,time_search,time_pp
1,0.65,90,207,0,0.19736842105263158,0.02028632164001465,0.3412339687347412,0.0005059242248535156,0.009521245956420898,0.010257244110107422
