num_events,utilization,reallocations,changes,failures,reallocated_prop,time_compute,time_apply
1,0.9059782608695652,52,125,0,0.41935483870967744,0.015048742294311523,0.5521383285522461
