num_events,utilization,reallocations,changes,failures,reallocated_prop,time_compute,time_apply,time_enum,time_search,time_pp
1,1.0,14,19,0,0.3684210526315789,0.07128477096557617,0.580533504486084,0.01257467269897461,0.049616098403930664,0.009091615676879883
