num_events,utilization,reallocations,changes,failures,reallocated_prop,time_compute,time_apply,time_enum,time_search,time_pp
1,0.0010869565217391304,0,0,0,0.0,0.032625675201416016,0.07128500938415527,0.01820659637451172,0.005316257476806641,0.009101390838623047
