num_events,utilization,reallocations,changes,failures,reallocated_prop,time_compute,time_apply
1,0.8328804347826086,11,12,0,0.6666666666666666,0.009608745574951172,0.5328483581542969
