num_events,utilization,reallocations,changes,failures,reallocated_prop,time_compute,time_apply,time_enum,time_search,time_pp
1,0.65,15,21,0,0.040106951871657755,0.018358230590820312,0.31708407402038574,0.0004968643188476562,0.0079498291015625,0.00990915298461914
