num_events,utilization,reallocations,changes,failures,reallocated_prop,time_compute,time_apply,time_enum,time_search,time_pp
1,0.02309782608695652,1,0,0,0.0,0.0394434928894043,0.32387328147888184,9.822845458984375e-05,0.0006470680236816406,0.0386960506439209
