num_events,utilization,reallocations,changes,failures,reallocated_prop,time_compute,time_apply
1,0.7880434782608695,20,22,0,0.7916666666666666,0.009778976440429688,0.5339953899383545
