num_events,utilization,reallocations,changes,failures,reallocated_prop,time_compute,time_apply,time_enum,time_search,time_pp
1,0.65,7,17,0,0.3333333333333333,0.03700065612792969,1.1953158378601074,0.0004999637603759766,0.0007197856903076172,0.03577852249145508
