num_events,utilization,reallocations,changes,failures,reallocated_prop,time_compute,time_apply,time_enum,time_search,time_pp
1,0.2217391304347826,1,0,0,0.0,0.18570184707641602,0.2347698211669922,0.018224239349365234,0.15773844718933105,0.00973653793334961
