num_events,utilization,reallocations,changes,failures,reallocated_prop,time_compute,time_apply,time_enum,time_search,time_pp
1,0.65,41,65,0,0.21354166666666666,0.014303207397460938,0.3194284439086914,0.0005056858062744141,0.004170656204223633,0.009624481201171875
