num_events,utilization,reallocations,changes,failures,reallocated_prop,time_compute,time_apply,time_enum,time_search,time_pp
1,0.17282608695652174,1,0,0,0.0,0.1526801586151123,0.1982107162475586,0.017961502075195312,0.12518620491027832,0.00953054428100586
