num_events,utilization,reallocations,changes,failures,reallocated_prop,time_compute,time_apply
1,0.8635869565217391,15,36,0,0.36585365853658536,0.013433456420898438,0.5345902442932129
