num_events,utilization,reallocations,changes,failures,reallocated_prop,time_compute,time_apply,time_enum,time_search,time_pp
1,0.08831521739130435,1,0,0,0.0,0.0715334415435791,0.6272437572479248,3.0279159545898438e-05,0.00023055076599121094,0.07126998901367188
