num_events,utilization,reallocations,changes,failures,reallocated_prop,time_compute,time_apply,time_enum,time_search,time_pp
1,0.65,31,58,0,0.4189189189189189,0.011715412139892578,0.30518412590026855,0.0004961490631103516,0.0018792152404785156,0.009338140487670898
