num_events,utilization,reallocations,changes,failures,reallocated_prop,time_compute,time_apply,time_enum,time_search,time_pp
1,0.6047554347826087,4,3,0,0.5,0.07193827629089355,3.4663937091827393,3.647804260253906e-05,5.7697296142578125e-05,0.07184219360351562
