num_events,utilization,reallocations,changes,failures,reallocated_prop,time_compute,time_apply,time_enum,time_search,time_pp
1,0.33369565217391306,1,0,0,0.0,0.26604628562927246,0.2716526985168457,0.020792007446289062,0.23548674583435059,0.009764909744262695
