num_events,utilization,reallocations,changes,failures,reallocated_prop,time_compute,time_apply,time_enum,time_search,time_pp
1,0.03804347826086957,1,0,0,0.0,0.020698070526123047,0.1788630485534668,0.00010538101196289062,0.0005710124969482422,0.0200197696685791
