num_events,utilization,reallocations,changes,failures,reallocated_prop,time_compute,time_apply,time_enum,time_search,time_pp
1,0.31494565217391307,1,0,0,0.0,0.03466486930847168,1.1186482906341553,0.0005257129669189453,0.0003845691680908203,0.033753156661987305
