num_events,utilization,reallocations,changes,failures,reallocated_prop,time_compute,time_apply
1,0.9146739130434782,52,69,0,0.5977011494252874,0.014842033386230469,0.5850076675415039
