num_events,utilization,reallocations,changes,failures,reallocated_prop,time_compute,time_apply
1,0.7872282608695652,12,12,0,0.4782608695652174,0.009500741958618164,0.5227324962615967
