num_events,utilization,reallocations,changes,failures,reallocated_prop,time_compute,time_apply
1,0.7085597826086957,7,7,0,0.3157894736842105,0.07328057289123535,3.9136714935302734
