num_events,utilization,reallocations,changes,failures,reallocated_prop,time_compute,time_apply,time_enum,time_search,time_pp
1,0.13260869565217392,1,0,0,0.0,0.11948013305664062,0.1888267993927002,0.019154787063598633,0.0912621021270752,0.009061574935913086
