num_events,utilization,reallocations,changes,failures,reallocated_prop,time_compute,time_apply,time_enum,time_search,time_pp
1,0.3,1,0,0,0.0,0.24061274528503418,0.2654125690460205,0.019365549087524414,0.2112436294555664,0.010001420974731445
