num_events,utilization,reallocations,changes,failures,reallocated_prop,time_compute,time_apply,time_enum,time_search,time_pp
1,0.65,30,73,0,0.32967032967032966,0.03925299644470215,1.19352126121521,0.000499725341796875,0.0021779537200927734,0.03657341003417969
