num_events,utilization,reallocations,changes,failures,reallocated_prop,time_compute,time_apply,time_enum,time_search,time_pp
1,0.654789402173913,6,5,0,0.5555555555555556,0.06950926780700684,3.4266157150268555,2.9087066650390625e-05,6.389617919921875e-05,0.06941437721252441
