num_events,utilization,reallocations,changes,failures,reallocated_prop,time_compute,time_apply,time_enum,time_search,time_pp
1,0.65,83,189,0,0.24702380952380953,0.016522645950317383,0.32349658012390137,0.0005097389221191406,0.006575584411621094,0.009435415267944336
