num_events,utilization,reallocations,changes,failures,reallocated_prop,time_compute,time_apply,time_enum,time_search,time_pp
1,0.05380434782608696,1,0,0,0.0,0.02088642120361328,0.1967167854309082,0.0001068115234375,0.0007579326629638672,0.0200197696685791
