num_events,utilization,reallocations,changes,failures,reallocated_prop,time_compute,time_apply,time_enum,time_search,time_pp
1,1.0,63,90,0,0.26359832635983266,0.09522366523742676,0.5744431018829346,0.014817953109741211,0.07071733474731445,0.009685754776000977
