num_events,utilization,reallocations,changes,failures,reallocated_prop,time_compute,time_apply,time_enum,time_search,time_pp
1,0.002989130434782609,1,0,0,0.0,0.07895684242248535,0.5723717212677002,8.535385131835938e-05,0.00017833709716796875,0.07869100570678711
