num_events,utilization,reallocations,changes,failures,reallocated_prop,time_compute,time_apply,time_enum,time_search,time_pp
1,0.035869565217391305,1,0,0,0.0,0.0547330379486084,0.14955496788024902,0.01813673973083496,0.027393817901611328,0.009200811386108398
