num_events,utilization,reallocations,changes,failures,reallocated_prop,time_compute,time_apply,time_enum,time_search,time_pp
1,0.23478260869565218,1,0,0,0.0,0.011451005935668945,0.14966821670532227,9.5367431640625e-05,0.0016257762908935547,0.009727954864501953
