num_events,utilization,reallocations,changes,failures,reallocated_prop,time_compute,time_apply,time_enum,time_search,time_pp
1,0.65,63,130,0,0.20388349514563106,0.01683664321899414,0.3276557922363281,0.0005006790161132812,0.006489992141723633,0.009842872619628906
