num_events,utilization,reallocations,changes,failures,reallocated_prop,time_compute,time_apply,time_enum,time_search,time_pp
1,0.11684782608695653,1,0,0,0.0,0.07341122627258301,0.6853890419006348,3.3855438232421875e-05,0.0003895759582519531,0.07298564910888672
