num_events,utilization,reallocations,changes,failures,reallocated_prop,time_compute,time_apply,time_enum,time_search,time_pp
1,0.7633152173913044,39,52,0,0.25161290322580643,0.014053583145141602,0.4774603843688965,0.0005004405975341797,0.004199028015136719,0.00935220718383789
