num_events,utilization,reallocations,changes,failures,reallocated_prop,time_compute,time_apply,time_enum,time_search,time_pp
1,0.65,40,91,0,0.29850746268656714,0.013039588928222656,0.32850146293640137,0.0005118846893310547,0.002953767776489258,0.009572744369506836
