num_events,utilization,reallocations,changes,failures,reallocated_prop,time_compute,time_apply,time_enum,time_search,time_pp
1,0.006793478260869565,1,0,0,0.0,0.07316923141479492,0.450793981552124,3.4332275390625e-05,3.814697265625e-05,0.07309436798095703
