num_events,utilization,reallocations,changes,failures,reallocated_prop,time_compute,time_apply,time_enum,time_search,time_pp
1,0.010190217391304348,1,0,0,0.0,0.07429385185241699,0.6000316143035889,0.00010180473327636719,0.0005896091461181641,0.07359957695007324
