num_events,utilization,reallocations,changes,failures,reallocated_prop,time_compute,time_apply,time_enum,time_search,time_pp
1,0.65,121,231,0,0.259656652360515,0.0199737548828125,0.3465535640716553,0.0004999637603759766,0.009737014770507812,0.009735107421875
