num_events,utilization,reallocations,changes,failures,reallocated_prop,time_compute,time_apply,time_enum,time_search,time_pp
1,0.3108695652173913,2,1,0,0.5,0.010485172271728516,0.25824785232543945,0.0001125335693359375,6.699562072753906e-05,0.010303497314453125
