num_events,utilization,reallocations,changes,failures,reallocated_prop,time_compute,time_apply
1,0.8383152173913043,9,17,0,0.391304347826087,0.012695550918579102,0.5408761501312256
