num_events,utilization,reallocations,changes,failures,reallocated_prop,time_compute,time_apply
1,0.9059782608695652,11,27,0,0.3793103448275862,0.012617349624633789,0.54925537109375
