num_events,utilization,reallocations,changes,failures,reallocated_prop,time_compute,time_apply,time_enum,time_search,time_pp
1,0.65,28,53,0,0.42424242424242425,0.020447492599487305,0.6108922958374023,0.0005424022674560547,0.0016162395477294922,0.018286466598510742
