num_events,utilization,reallocations,changes,failures,reallocated_prop,time_compute,time_apply,time_enum,time_search,time_pp
1,0.1858695652173913,1,0,0,0.0,0.16134285926818848,0.21917080879211426,0.01838207244873047,0.1316087245941162,0.011350154876708984
