num_events,utilization,reallocations,changes,failures,reallocated_prop,time_compute,time_apply,time_enum,time_search,time_pp
1,1.0,29,53,0,0.1141732283464567,0.09978842735290527,0.5722131729125977,0.014771699905395508,0.07508993148803711,0.009924888610839844
