num_events,utilization,reallocations,changes,failures,reallocated_prop,time_compute,time_apply,time_enum,time_search,time_pp
1,0.65,137,321,0,0.27565392354124746,0.020996570587158203,0.3619387149810791,0.0005171298980712891,0.010381937026977539,0.010095596313476562
