num_events,utilization,reallocations,changes,failures,reallocated_prop,time_compute,time_apply,time_enum,time_search,time_pp
1,1.0,24,25,0,0.43636363636363634,0.1268444061279297,0.6121578216552734,0.0176699161529541,0.10006380081176758,0.009108543395996094
