num_events,utilization,reallocations,changes,failures,reallocated_prop,time_compute,time_apply,time_enum,time_search,time_pp
1,0.65,91,177,0,0.203579418344519,0.018930912017822266,0.32367753982543945,0.0005168914794921875,0.008759260177612305,0.009653329849243164
