num_events,utilization,reallocations,changes,failures,reallocated_prop,time_compute,time_apply,time_enum,time_search,time_pp
1,1.0,39,117,0,0.11607142857142858,0.12643861770629883,0.613532304763794,0.01494598388671875,0.10077333450317383,0.010717391967773438
