num_events,utilization,reallocations,changes,failures,reallocated_prop,time_compute,time_apply,time_enum,time_search,time_pp
1,0.6714673913043478,4,3,0,0.5,0.009045839309692383,0.4281039237976074,9.441375732421875e-05,0.00016045570373535156,0.008788347244262695
