num_events,utilization,reallocations,changes,failures,reallocated_prop,time_compute,time_apply,time_enum,time_search,time_pp
1,0.059782608695652176,1,0,0,0.0,0.010872602462768555,0.0946345329284668,0.00010561943054199219,0.0004706382751464844,0.010294437408447266
