num_events,utilization,reallocations,changes,failures,reallocated_prop,time_compute,time_apply,time_enum,time_search,time_pp
1,0.10326086956521739,1,0,0,0.0,0.010305166244506836,0.10761046409606934,0.00010013580322265625,0.0008122920989990234,0.009390830993652344
