num_events,utilization,reallocations,changes,failures,reallocated_prop,time_compute,time_apply,time_enum,time_search,time_pp
1,0.65,96,163,0,0.3,0.01710367202758789,0.33290672302246094,0.0005061626434326172,0.00658106803894043,0.01001429557800293
