num_events,utilization,reallocations,changes,failures,reallocated_prop,time_compute,time_apply
1,0.9059782608695652,38,67,0,0.30158730158730157,0.015613794326782227,0.5732109546661377
