num_events,utilization,reallocations,changes,failures,reallocated_prop,time_compute,time_apply
1,0.7169497282608696,16,15,0,0.5357142857142857,0.07336664199829102,3.9500479698181152
