num_events,utilization,reallocations,changes,failures,reallocated_prop,time_compute,time_apply,time_enum,time_search,time_pp
1,0.65,66,143,0,0.25384615384615383,0.015635251998901367,0.328932523727417,0.0005104541778564453,0.005540609359741211,0.009581565856933594
