num_events,utilization,reallocations,changes,failures,reallocated_prop,time_compute,time_apply,time_enum,time_search,time_pp
1,0.7567934782608695,34,80,0,0.4657534246575342,0.012167692184448242,0.46410036087036133,0.0005023479461669922,0.0023734569549560547,0.009289979934692383
