num_events,utilization,reallocations,changes,failures,reallocated_prop,time_compute,time_apply,time_enum,time_search,time_pp
1,0.018206521739130434,1,0,0,0.0,0.03644061088562012,0.3022646903991699,8.487701416015625e-05,0.0004489421844482422,0.03590512275695801
