num_events,utilization,reallocations,changes,failures,reallocated_prop,time_compute,time_apply,time_enum,time_search,time_pp
1,0.022554347826086958,1,0,0,0.0,0.03661322593688965,0.30773138999938965,9.799003601074219e-05,0.0006275177001953125,0.03588604927062988
