num_events,utilization,reallocations,changes,failures,reallocated_prop,time_compute,time_apply,time_enum,time_search,time_pp
1,1.0,14,18,0,0.5384615384615384,0.05389285087585449,0.588153600692749,0.012244462966918945,0.03265643119812012,0.008989572525024414
