num_events,utilization,reallocations,changes,failures,reallocated_prop,time_compute,time_apply,time_enum,time_search,time_pp
1,0.3010869565217391,1,0,0,0.0,0.227311372756958,0.25127148628234863,0.017008543014526367,0.20110034942626953,0.009200572967529297
