num_events,utilization,reallocations,changes,failures,reallocated_prop,time_compute,time_apply,time_enum,time_search,time_pp
1,0.6952445652173913,11,10,0,0.3448275862068966,0.01816844940185547,0.8693704605102539,8.726119995117188e-05,0.0003612041473388672,0.017718076705932617
