num_events,utilization,reallocations,changes,failures,reallocated_prop,time_compute,time_apply,time_enum,time_search,time_pp
1,0.65,19,36,0,0.40425531914893614,0.020000696182250977,0.6023635864257812,0.0004940032958984375,0.0012841224670410156,0.018220901489257812
