num_events,utilization,reallocations,changes,failures,reallocated_prop,time_compute,time_apply,time_enum,time_search,time_pp
1,0.02391304347826087,1,0,0,0.0,0.009372711181640625,0.07692885398864746,0.00010156631469726562,0.00016880035400390625,0.009100675582885742
