num_events,utilization,reallocations,changes,failures,reallocated_prop,time_compute,time_apply,time_enum,time_search,time_pp
1,0.65,23,56,0,0.323943661971831,0.020441770553588867,0.6093997955322266,0.0005047321319580078,0.0017502307891845703,0.018184661865234375
