num_events,utilization,reallocations,changes,failures,reallocated_prop,time_compute,time_apply,time_enum,time_search,time_pp
1,0.5052309782608696,2,2,0,0.25,0.07537174224853516,3.3116204738616943,0.0005121231079101562,0.0005083084106445312,0.07434844970703125
