num_events,utilization,reallocations,changes,failures,reallocated_prop,time_compute,time_apply,time_enum,time_search,time_pp
1,0.24456521739130435,1,0,0,0.0,0.018185138702392578,0.2331836223602295,3.504753112792969e-05,0.0001983642578125,0.017949819564819336
