num_events,utilization,reallocations,changes,failures,reallocated_prop,time_compute,time_apply,time_enum,time_search,time_pp
1,1.0,10,12,0,0.5,0.08528733253479004,0.5942425727844238,0.019098281860351562,0.05694007873535156,0.009246587753295898
