num_events,utilization,reallocations,changes,failures,reallocated_prop,time_compute,time_apply,time_enum,time_search,time_pp
1,0.1358695652173913,1,0,0,0.0,0.03676199913024902,0.3619651794433594,3.4332275390625e-05,0.00022268295288085938,0.03650212287902832
