num_events,utilization,reallocations,changes,failures,reallocated_prop,time_compute,time_apply,time_enum,time_search,time_pp
1,1.0,27,36,0,0.0967741935483871,0.10785150527954102,0.5744767189025879,0.014802694320678711,0.08342814445495605,0.009618520736694336
