num_events,utilization,reallocations,changes,failures,reallocated_prop,time_compute,time_apply,time_enum,time_search,time_pp
1,0.6588994565217391,8,14,0,0.42105263157894735,0.07535934448242188,3.5233712196350098,0.0005156993865966797,0.0010921955108642578,0.07374954223632812
