num_events,utilization,reallocations,changes,failures,reallocated_prop,time_compute,time_apply
1,0.8872282608695652,14,34,0,0.3783783783783784,0.012615442276000977,0.5565857887268066
