num_events,utilization,reallocations,changes,failures,reallocated_prop,time_compute,time_apply,time_enum,time_search,time_pp
1,0.01847826086956522,1,0,0,0.0,0.01011204719543457,0.07845330238342285,0.00010967254638671875,0.0001728534698486328,0.009827613830566406
