num_events,utilization,reallocations,changes,failures,reallocated_prop,time_compute,time_apply
1,0.9146739130434782,56,70,0,0.5773195876288659,0.01432037353515625,0.5770330429077148
