num_events,utilization,reallocations,changes,failures,reallocated_prop,time_compute,time_apply,time_enum,time_search,time_pp
1,0.2358695652173913,1,0,0,0.0,0.013262510299682617,0.1869041919708252,9.703636169433594e-05,0.001714468002319336,0.011448144912719727
