num_events,utilization,reallocations,changes,failures,reallocated_prop,time_compute,time_apply,time_enum,time_search,time_pp
1,1.0,27,81,0,0.06178489702517163,0.149749755859375,0.6084973812103271,0.01474618911743164,0.1248483657836914,0.010152816772460938
