num_events,utilization,reallocations,changes,failures,reallocated_prop,time_compute,time_apply,time_enum,time_search,time_pp
1,0.5173913043478261,1,0,0,0.0,0.36614418029785156,0.3443443775177002,0.01747918128967285,0.3390483856201172,0.009613990783691406
