num_events,utilization,reallocations,changes,failures,reallocated_prop,time_compute,time_apply,time_enum,time_search,time_pp
1,0.7139945652173914,7,6,0,0.17647058823529413,0.019105195999145508,0.9273810386657715,9.822845458984375e-05,0.0005385875701904297,0.01846623420715332
