num_events,utilization,reallocations,changes,failures,reallocated_prop,time_compute,time_apply,time_enum,time_search,time_pp
1,0.6637567934782609,11,11,0,0.5,0.07197833061218262,3.5329360961914062,3.504753112792969e-05,0.00017690658569335938,0.07176351547241211
