num_events,utilization,reallocations,changes,failures,reallocated_prop,time_compute,time_apply,time_enum,time_search,time_pp
1,0.016304347826086956,1,0,0,0.0,0.03848004341125488,0.23087143898010254,3.886222839355469e-05,4.935264587402344e-05,0.038388967514038086
