num_events,utilization,reallocations,changes,failures,reallocated_prop,time_compute,time_apply
1,0.7124320652173913,4,4,0,0.5714285714285714,0.03798055648803711,1.973238468170166
