num_events,utilization,reallocations,changes,failures,reallocated_prop,time_compute,time_apply
1,0.7350543478260869,23,24,0,0.7586206896551724,0.038468360900878906,2.0041308403015137
