num_events,utilization,reallocations,changes,failures,reallocated_prop,time_compute,time_apply,time_enum,time_search,time_pp
1,0.65,20,38,0,0.4166666666666667,0.0209958553314209,0.31377506256103516,0.0013720989227294922,0.003663301467895508,0.015956640243530273
