num_events,utilization,reallocations,changes,failures,reallocated_prop,time_compute,time_apply,time_enum,time_search,time_pp
1,1.0,39,117,0,0.08666666666666667,0.15246200561523438,0.5852477550506592,0.014742136001586914,0.12793517112731934,0.009782791137695312
