num_events,utilization,reallocations,changes,failures,reallocated_prop,time_compute,time_apply
1,0.9059782608695652,13,31,0,0.38235294117647056,0.012920856475830078,0.5497550964355469
