num_events,utilization,reallocations,changes,failures,reallocated_prop,time_compute,time_apply,time_enum,time_search,time_pp
1,1.0,51,153,0,0.10991379310344827,0.1613624095916748,0.6153404712677002,0.014725446701049805,0.13570547103881836,0.010929346084594727
