num_events,utilization,reallocations,changes,failures,reallocated_prop,time_compute,time_apply
1,0.8029891304347826,4,3,0,0.2727272727272727,0.009834051132202148,0.5303671360015869
