num_events,utilization,reallocations,changes,failures,reallocated_prop,time_compute,time_apply,time_enum,time_search,time_pp
1,0.035326086956521736,1,0,0,0.0,0.0762929916381836,0.49834418296813965,3.457069396972656e-05,0.00012111663818359375,0.07613492012023926
