num_events,utilization,reallocations,changes,failures,reallocated_prop,time_compute,time_apply
1,0.7934782608695652,6,5,0,0.35714285714285715,0.009729146957397461,0.521381139755249
