num_events,utilization,reallocations,changes,failures,reallocated_prop,time_compute,time_apply
1,0.9146739130434782,30,48,0,0.30612244897959184,0.01519918441772461,0.5860660076141357
