num_events,utilization,reallocations,changes,failures,reallocated_prop,time_compute,time_apply,time_enum,time_search,time_pp
1,0.65,30,54,0,0.3448275862068966,0.012220621109008789,0.32120776176452637,0.0005052089691162109,0.002020597457885742,0.009692907333374023
