num_events,utilization,reallocations,changes,failures,reallocated_prop,time_compute,time_apply
1,0.7057744565217391,6,6,0,0.7142857142857143,0.07389545440673828,3.918761730194092
