num_events,utilization,reallocations,changes,failures,reallocated_prop,time_compute,time_apply,time_enum,time_search,time_pp
1,0.07934782608695652,1,0,0,0.0,0.010828733444213867,0.10347318649291992,0.00010442733764648438,0.0006012916564941406,0.01012110710144043
