num_events,utilization,reallocations,changes,failures,reallocated_prop,time_compute,time_apply,time_enum,time_search,time_pp
1,0.42391304347826086,1,0,0,0.0,0.3233625888824463,0.3180835247039795,0.018314838409423828,0.2951314449310303,0.009914398193359375
