num_events,utilization,reallocations,changes,failures,reallocated_prop,time_compute,time_apply,time_enum,time_search,time_pp
1,0.65,23,38,0,0.20353982300884957,0.012893438339233398,0.31139230728149414,0.0005056858062744141,0.0025293827056884766,0.009856462478637695
