num_events,utilization,reallocations,changes,failures,reallocated_prop,time_compute,time_apply,time_enum,time_search,time_pp
1,0.30543478260869567,1,0,0,0.0,0.011593818664550781,0.1698169708251953,9.560585021972656e-05,0.0019288063049316406,0.009567975997924805
