num_events,utilization,reallocations,changes,failures,reallocated_prop,time_compute,time_apply
1,0.7195652173913043,6,6,0,0.7142857142857143,0.01869487762451172,0.9845457077026367
