num_events,utilization,reallocations,changes,failures,reallocated_prop,time_compute,time_apply,time_enum,time_search,time_pp
1,0.08260869565217391,1,0,0,0.0,0.08450841903686523,0.15775084495544434,0.020270347595214844,0.055487632751464844,0.008748531341552734
