num_events,utilization,reallocations,changes,failures,reallocated_prop,time_compute,time_apply,time_enum,time_search,time_pp
1,0.30434782608695654,1,0,0,0.0,0.04468965530395508,0.23920083045959473,0.012849569320678711,0.02210855484008789,0.009728431701660156
