num_events,utilization,reallocations,changes,failures,reallocated_prop,time_compute,time_apply,time_enum,time_search,time_pp
1,0.044021739130434785,1,0,0,0.0,0.01886773109436035,0.16773247718811035,9.822845458984375e-05,0.0006251335144042969,0.0181427001953125
