num_events,utilization,reallocations,changes,failures,reallocated_prop,time_compute,time_apply,time_enum
1,0.33695652173913043,1,0,0,0.0,0.06015753746032715,0.26179051399230957,0.01822042465209961
