num_events,utilization,reallocations,changes,failures,reallocated_prop,time_compute,time_apply,time_enum,time_search,time_pp
1,0.65,18,44,0,0.32142857142857145,0.01158905029296875,0.31781005859375,0.0005023479461669922,0.001432180404663086,0.00965261459350586
