num_events,utilization,reallocations,changes,failures,reallocated_prop,time_compute,time_apply,time_enum,time_search,time_pp
1,0.65,66,143,0,0.25384615384615383,0.01593017578125,0.3288552761077881,0.0005052089691162109,0.005537986755371094,0.009884357452392578
