num_events,utilization,reallocations,changes,failures,reallocated_prop,time_compute,time_apply,time_enum,time_search,time_pp
1,1.0,59,113,0,0.16761363636363635,0.13448524475097656,0.5828838348388672,0.016040325164794922,0.10829281806945801,0.010149002075195312
