num_events,utilization,reallocations,changes,failures,reallocated_prop,time_compute,time_apply,time_enum,time_search,time_pp
1,1.0,5,9,0,0.22727272727272727,0.033447265625,0.5822062492370605,0.014729976654052734,0.009467840194702148,0.009248018264770508
