num_events,utilization,reallocations,changes,failures,reallocated_prop,time_compute,time_apply
1,0.8203804347826087,10,19,0,0.4166666666666667,0.01208353042602539,0.5275676250457764
