num_events,utilization,reallocations,changes,failures,reallocated_prop,time_compute,time_apply,time_enum,time_search,time_pp
1,0.65,14,34,0,0.32558139534883723,0.010411977767944336,0.2934567928314209,0.0004200935363769531,0.001056671142578125,0.008934259414672852
