num_events,utilization,reallocations,changes,failures,reallocated_prop,time_compute,time_apply,time_enum,time_search,time_pp
1,0.7366847826086956,8,8,0,0.3888888888888889,0.010184526443481445,0.47886037826538086,3.6716461181640625e-05,0.00011992454528808594,0.010025978088378906
