num_events,utilization,reallocations,changes,failures,reallocated_prop,time_compute,time_apply,time_enum,time_search,time_pp
1,1.0,28,63,0,0.16666666666666666,0.07095766067504883,0.5796632766723633,0.01295161247253418,0.04897880554199219,0.009025096893310547
