num_events,utilization,reallocations,changes,failures,reallocated_prop,time_compute,time_apply,time_enum,time_search,time_pp
1,0.7307065217391304,11,10,0,0.5555555555555556,0.009370088577270508,0.4381427764892578,8.368492126464844e-05,0.00027298927307128906,0.009011268615722656
