num_events,utilization,reallocations,changes,failures,reallocated_prop,time_compute,time_apply,time_enum,time_search,time_pp
1,0.20326086956521738,1,0,0,0.0,0.010792970657348633,0.1371469497680664,9.250640869140625e-05,0.0014371871948242188,0.009261608123779297
