num_events,utilization,reallocations,changes,failures,reallocated_prop,time_compute,time_apply,time_enum,time_search,time_pp
1,1.0,65,117,0,0.19230769230769232,0.1267099380493164,0.6077239513397217,0.014749765396118164,0.10186123847961426,0.01009678840637207
