num_events,utilization,reallocations,changes,failures,reallocated_prop,time_compute,time_apply
1,0.7983695652173913,12,13,0,0.6470588235294118,0.009820222854614258,0.5053727626800537
