num_events,utilization,reallocations,changes,failures,reallocated_prop,time_compute,time_apply,time_enum,time_search,time_pp
1,0.65,25,46,0,0.423728813559322,0.020066499710083008,0.6058721542358398,0.0005328655242919922,0.0015120506286621094,0.018019437789916992
