num_events,utilization,reallocations,changes,failures,reallocated_prop,time_compute,time_apply,time_enum,time_search,time_pp
1,0.6551970108695652,3,2,0,0.16666666666666666,0.07380533218383789,3.3906736373901367,0.00010061264038085938,0.00021719932556152344,0.0734853744506836
