num_events,utilization,reallocations,changes,failures,reallocated_prop,time_compute,time_apply,time_enum,time_search,time_pp
1,0.07065217391304347,1,0,0,0.0,0.010417699813842773,0.09639906883239746,9.918212890625e-05,0.0005197525024414062,0.009797096252441406
