num_events,utilization,reallocations,changes,failures,reallocated_prop,time_compute,time_apply,time_enum,time_search,time_pp
1,1.0,14,39,0,0.15555555555555556,0.05268573760986328,0.5740878582000732,0.014616250991821289,0.028603315353393555,0.009463787078857422
