num_events,utilization,reallocations,changes,failures,reallocated_prop,time_compute,time_apply,time_enum,time_search,time_pp
1,0.19130434782608696,1,0,0,0.0,0.01018834114074707,0.12647581100463867,8.058547973632812e-05,0.001129150390625,0.008977174758911133
