num_events,utilization,reallocations,changes,failures,reallocated_prop,time_compute,time_apply
1,0.7211616847826087,18,17,0,0.5666666666666667,0.07497048377990723,3.7812659740448
