num_events,utilization,reallocations,changes,failures,reallocated_prop,time_compute,time_apply,time_enum,time_search,time_pp
1,1.0,31,69,0,0.08423913043478261,0.13007855415344238,0.5805599689483643,0.014803409576416016,0.10549092292785645,0.009781837463378906
