num_events,utilization,reallocations,changes,failures,reallocated_prop,time_compute,time_apply
1,0.8472826086956522,13,22,0,0.48148148148148145,0.012057781219482422,0.5205018520355225
