num_events,utilization,reallocations,changes,failures,reallocated_prop,time_compute,time_apply,time_enum,time_search,time_pp
1,0.65,32,60,0,0.42105263157894735,0.01966118812561035,0.5856635570526123,0.00046539306640625,0.0018231868743896484,0.017370939254760742
