num_events,utilization,reallocations,changes,failures,reallocated_prop,time_compute,time_apply,time_enum,time_search,time_pp
1,0.3076086956521739,1,0,0,0.0,0.011792182922363281,0.17267298698425293,0.00010180473327636719,0.0020809173583984375,0.009607553482055664
