num_events,utilization,reallocations,changes,failures,reallocated_prop,time_compute,time_apply
1,0.7741847826086956,12,12,0,0.7857142857142857,0.009521007537841797,0.5126001834869385
