num_events,utilization,reallocations,changes,failures,reallocated_prop,time_compute,time_apply,time_enum
1,0.10869565217391304,1,0,0,0.0,0.010192632675170898,0.13479948043823242,0.00015115737915039062
