num_events,utilization,reallocations,changes,failures,reallocated_prop,time_compute,time_apply,time_enum,time_search,time_pp
1,1.0,8,21,0,0.1568627450980392,0.04752922058105469,0.6199350357055664,0.014943838119506836,0.02131795883178711,0.011265993118286133
