num_events,utilization,reallocations,changes,failures,reallocated_prop,time_compute,time_apply,time_enum,time_search,time_pp
1,0.7213315217391304,12,11,0,0.4782608695652174,0.01876664161682129,0.9393289089202881,0.00010061264038085938,0.0005021095275878906,0.01816105842590332
