num_events,utilization,reallocations,changes,failures,reallocated_prop,time_compute,time_apply,time_enum,time_search,time_pp
1,0.4141304347826087,1,0,0,0.0,0.30997467041015625,0.3195946216583252,0.018271446228027344,0.281996488571167,0.009704828262329102
