num_events,utilization,reallocations,changes,failures,reallocated_prop,time_compute,time_apply
1,0.7570652173913044,9,10,0,0.7272727272727273,0.009604454040527344,0.5182254314422607
