num_events,utilization,reallocations,changes,failures,reallocated_prop,time_compute,time_apply,time_enum,time_search,time_pp
1,0.7521739130434782,6,5,0,0.4166666666666667,0.009077072143554688,0.44667959213256836,8.702278137207031e-05,0.000278472900390625,0.008709907531738281
