num_events,utilization,reallocations,changes,failures,reallocated_prop,time_compute,time_apply,time_enum,time_search,time_pp
1,0.65,39,83,0,0.2635135135135135,0.013486146926879883,0.3186218738555908,0.0005078315734863281,0.003216266632080078,0.009759187698364258
