num_events,utilization,reallocations,changes,failures,reallocated_prop,time_compute,time_apply,time_enum,time_search,time_pp
1,0.007065217391304348,1,0,0,0.0,0.037535905838012695,0.2942197322845459,0.00010752677917480469,0.00024199485778808594,0.03718400001525879
