num_events,utilization,reallocations,changes,failures,reallocated_prop,time_compute,time_apply,time_enum,time_search,time_pp
1,0.7567934782608695,66,81,0,0.4520547945205479,0.013204097747802734,0.47937965393066406,0.0004904270172119141,0.0037081241607666016,0.009003639221191406
