num_events,utilization,reallocations,changes,failures,reallocated_prop,time_compute,time_apply
1,0.8932065217391304,32,50,0,0.5333333333333333,0.01424264907836914,0.5456302165985107
