num_events,utilization,reallocations,changes,failures,reallocated_prop,time_compute,time_apply,time_enum,time_search,time_pp
1,0.15108695652173912,1,0,0,0.0,0.009860038757324219,0.11587643623352051,8.0108642578125e-05,0.0009069442749023438,0.008871078491210938
