num_events,utilization,reallocations,changes,failures,reallocated_prop,time_compute,time_apply,time_enum,time_search,time_pp
1,0.0016304347826086956,1,0,0,0.0,0.040973663330078125,0.32316112518310547,8.559226989746094e-05,7.224082946777344e-05,0.040813446044921875
