num_events,utilization,reallocations,changes,failures,reallocated_prop,time_compute,time_apply,time_enum,time_search,time_pp
1,0.013858695652173913,1,0,0,0.0,0.03671073913574219,0.3008430004119873,9.846687316894531e-05,0.0004093647003173828,0.03620147705078125
