num_events,utilization,reallocations,changes,failures,reallocated_prop,time_compute,time_apply,time_enum,time_search,time_pp
1,0.02717391304347826,1,0,0,0.0,0.08697271347045898,0.5837938785552979,4.00543212890625e-05,9.417533874511719e-05,0.08683657646179199
