num_events,utilization,reallocations,changes,failures,reallocated_prop,time_compute,time_apply,time_enum,time_search,time_pp
1,0.15217391304347827,1,0,0,0.0,0.0364532470703125,0.38123202323913574,3.266334533691406e-05,0.00023102760314941406,0.03618788719177246
