num_events,utilization,reallocations,changes,failures,reallocated_prop,time_compute,time_apply,time_enum,time_search,time_pp
1,0.65,10,24,0,0.3333333333333333,0.03728175163269043,1.2050485610961914,0.0004935264587402344,0.000904083251953125,0.03588247299194336
