num_events,utilization,reallocations,changes,failures,reallocated_prop,time_compute,time_apply,time_enum,time_search,time_pp
1,0.65,7,17,0,0.3333333333333333,0.010619640350341797,0.30896520614624023,0.0005068778991699219,0.0007243156433105469,0.00938725471496582
