num_events,utilization,reallocations,changes,failures,reallocated_prop,time_compute,time_apply,time_enum,time_search,time_pp
1,1.0,9,21,0,0.1875,0.042072296142578125,0.5717198848724365,0.015203475952148438,0.01737070083618164,0.009496688842773438
