num_events,utilization,reallocations,changes,failures,reallocated_prop,time_compute,time_apply,time_enum
1,0.41304347826086957,1,0,0,0.0,0.01032400131225586,0.24020075798034668,0.0001513957977294922
