num_events,utilization,reallocations,changes,failures,reallocated_prop,time_compute,time_apply
1,0.8779891304347827,9,21,0,0.34615384615384615,0.012943029403686523,0.5510265827178955
