num_events,utilization,reallocations,changes,failures,reallocated_prop,time_compute,time_apply,time_enum,time_search,time_pp
1,1.0,21,28,0,0.40384615384615385,0.06316184997558594,0.6184802055358887,0.013440847396850586,0.04002642631530762,0.009691715240478516
