num_events,utilization,reallocations,changes,failures,reallocated_prop,time_compute,time_apply,time_enum,time_search,time_pp
1,0.65,79,153,0,0.3015267175572519,0.015764713287353516,0.3295619487762451,0.0005118846893310547,0.005555152893066406,0.009695768356323242
