num_events,utilization,reallocations,changes,failures,reallocated_prop,time_compute,time_apply,time_enum,time_search,time_pp
1,0.65,20,38,0,0.4166666666666667,0.07353687286376953,2.3405768871307373,0.0005075931549072266,0.0012638568878173828,0.07176327705383301
