num_events,utilization,reallocations,changes,failures,reallocated_prop,time_compute,time_apply,time_enum,time_search,time_pp
1,0.4217391304347826,1,0,0,0.0,0.31587839126586914,0.3141505718231201,0.018172740936279297,0.28745269775390625,0.010250329971313477
