num_events,utilization,reallocations,changes,failures,reallocated_prop,time_compute,time_apply,time_enum,time_search,time_pp
1,0.65,30,40,0,0.18867924528301888,0.013419151306152344,0.3174781799316406,0.0005054473876953125,0.0034246444702148438,0.009487152099609375
