num_events,utilization,reallocations,changes,failures,reallocated_prop,time_compute,time_apply,time_enum,time_search,time_pp
1,1.0,24,54,0,0.19834710743801653,0.06167197227478027,0.5597655773162842,0.014691352844238281,0.037313222885131836,0.00966024398803711
