num_events,utilization,reallocations,changes,failures,reallocated_prop,time_compute,time_apply,time_enum,time_search,time_pp
1,0.011956521739130435,1,0,0,0.0,0.039566755294799805,0.13034629821777344,0.018706083297729492,0.011835098266601562,0.009023904800415039
