num_events,utilization,reallocations,changes,failures,reallocated_prop,time_compute,time_apply,time_enum,time_search,time_pp
1,0.6682065217391304,5,4,0,0.4444444444444444,0.009716272354125977,0.44593262672424316,0.00010633468627929688,9.584426879882812e-05,0.009512186050415039
