num_events,utilization,reallocations,changes,failures,reallocated_prop,time_compute,time_apply,time_enum,time_search,time_pp
1,0.37717391304347825,1,0,0,0.0,0.2839963436126709,0.28584790229797363,0.01928567886352539,0.25528621673583984,0.009421825408935547
