num_events,utilization,reallocations,changes,failures,reallocated_prop,time_compute,time_apply,time_enum,time_search,time_pp
1,0.6845108695652173,12,12,0,0.5,0.03638911247253418,1.804563283920288,3.504753112792969e-05,0.00017523765563964844,0.03617715835571289
