num_events,utilization,reallocations,changes,failures,reallocated_prop,time_compute,time_apply
1,0.8929347826086956,12,13,0,0.39285714285714285,0.009732484817504883,0.5509617328643799
