num_events,utilization,reallocations,changes,failures,reallocated_prop,time_compute,time_apply,time_enum,time_search,time_pp
1,0.65,30,54,0,0.3448275862068966,0.011409521102905273,0.2919774055480957,0.0004169940948486328,0.0019676685333251953,0.009023189544677734
