num_events,utilization,reallocations,changes,failures,reallocated_prop,time_compute,time_apply,time_enum,time_search,time_pp
1,0.4650815217391304,2,1,0,0.3333333333333333,0.01781463623046875,0.713566780090332,0.00010800361633300781,0.00010418891906738281,0.017600059509277344
