num_events,utilization,reallocations,changes,failures,reallocated_prop,time_compute,time_apply,time_enum,time_search,time_pp
1,0.65,17,41,0,0.3333333333333333,0.03813600540161133,1.198390007019043,0.0004904270172119141,0.0013737678527832031,0.0362701416015625
