num_events,utilization,reallocations,changes,failures,reallocated_prop,time_compute,time_apply,time_enum,time_search,time_pp
1,0.13043478260869565,1,0,0,0.0,0.01162266731262207,0.11637592315673828,4.363059997558594e-05,6.461143493652344e-05,0.011512517929077148
