num_events,utilization,reallocations,changes,failures,reallocated_prop,time_compute,time_apply,time_enum,time_search,time_pp
1,0.6815217391304348,11,10,0,0.30303030303030304,0.03747415542602539,1.7892227172851562,0.00010514259338378906,0.0005059242248535156,0.036859750747680664
