num_events,utilization,reallocations,changes,failures,reallocated_prop,time_compute,time_apply,time_enum,time_search,time_pp
1,0.14130434782608695,1,0,0,0.0,0.03417658805847168,0.17891216278076172,0.012753725051879883,0.01204681396484375,0.009374141693115234
