num_events,utilization,reallocations,changes,failures,reallocated_prop,time_compute,time_apply,time_enum,time_search,time_pp
1,0.65,17,31,0,0.4146341463414634,0.020100831985473633,0.6116597652435303,0.0005409717559814453,0.0011959075927734375,0.01836228370666504
