num_events,utilization,reallocations,changes,failures,reallocated_prop,time_compute,time_apply,time_enum,time_search,time_pp
1,0.15217391304347827,1,0,0,0.0,0.01008462905883789,0.11581897735595703,9.560585021972656e-05,0.0009641647338867188,0.009023427963256836
