num_events,utilization,reallocations,changes,failures,reallocated_prop,time_compute,time_apply,time_enum,time_search,time_pp
1,0.006114130434782609,1,0,0,0.0,0.07231664657592773,0.5936849117279053,8.511543273925781e-05,0.00032210350036621094,0.07190752029418945
