num_events,utilization,reallocations,changes,failures,reallocated_prop,time_compute,time_apply,time_enum,time_search,time_pp
1,0.10869565217391304,1,0,0,0.0,0.013031482696533203,0.11163902282714844,4.458427429199219e-05,5.6743621826171875e-05,0.01292872428894043
