num_events,utilization,reallocations,changes,failures,reallocated_prop,time_compute,time_apply
1,0.9019021739130435,40,91,0,0.41237113402061853,0.014150142669677734,0.5691533088684082
