num_events,utilization,reallocations,changes,failures,reallocated_prop,time_compute,time_apply,time_enum,time_search,time_pp
1,0.2858695652173913,1,0,0,0.0,0.22811651229858398,0.2575063705444336,0.01819467544555664,0.20012688636779785,0.00979304313659668
