num_events,utilization,reallocations,changes,failures,reallocated_prop,time_compute,time_apply,time_enum,time_search,time_pp
1,0.65,35,65,0,0.4268292682926829,0.019829988479614258,0.6027653217315674,0.0004150867462158203,0.0017573833465576172,0.017655611038208008
