num_events,utilization,reallocations,changes,failures,reallocated_prop,time_compute,time_apply,time_enum,time_search,time_pp
1,0.65,24,34,0,0.17142857142857143,0.013335704803466797,0.3168299198150635,0.0005035400390625,0.0030922889709472656,0.009737968444824219
