num_events,utilization,reallocations,changes,failures,reallocated_prop,time_compute,time_apply,time_enum,time_search,time_pp
1,0.009782608695652175,1,0,0,0.0,0.010340690612792969,0.08207440376281738,0.000102996826171875,0.00011229515075683594,0.010123729705810547
