num_events,utilization,reallocations,changes,failures,reallocated_prop,time_compute,time_apply,time_enum,time_search,time_pp
1,0.7635869565217391,27,52,0,0.5510204081632653,0.011690378189086914,0.48190832138061523,0.0004963874816894531,0.001975536346435547,0.009215831756591797
