num_events,utilization,reallocations,changes,failures,reallocated_prop,time_compute,time_apply,time_enum,time_search,time_pp
1,0.2619565217391304,1,0,0,0.0,0.21369361877441406,0.23708343505859375,0.0174715518951416,0.18645358085632324,0.009766578674316406
