num_events,utilization,reallocations,changes,failures,reallocated_prop,time_compute,time_apply,time_enum,time_search,time_pp
1,0.65,96,225,0,0.20734341252699784,0.02308821678161621,0.4094672203063965,0.0006854534149169922,0.009482145309448242,0.012918472290039062
