num_events,utilization,reallocations,changes,failures,reallocated_prop,time_compute,time_apply,time_enum,time_search,time_pp
1,0.7152173913043478,8,17,0,0.42105263157894735,0.010774374008178711,0.4573955535888672,0.0004870891571044922,0.0010700225830078125,0.00921487808227539
