num_events,utilization,reallocations,changes,failures,reallocated_prop,time_compute,time_apply
1,0.8932065217391304,22,43,0,0.18803418803418803,0.015910863876342773,0.5541636943817139
