num_events,utilization,reallocations,changes,failures,reallocated_prop,time_compute,time_apply,time_enum,time_search,time_pp
1,0.04076086956521739,1,0,0,0.0,0.0348210334777832,0.24814057350158691,3.361701965332031e-05,7.176399230957031e-05,0.034714460372924805
