num_events,utilization,reallocations,changes,failures,reallocated_prop,time_compute,time_apply,time_enum,time_search,time_pp
1,1.0,15,27,0,0.04189944134078212,0.12989234924316406,0.5761609077453613,0.015126228332519531,0.10479450225830078,0.009969472885131836
