num_events,utilization,reallocations,changes,failures,reallocated_prop,time_compute,time_apply
1,0.8016304347826086,9,8,0,0.4444444444444444,0.00996255874633789,0.5087790489196777
