num_events,utilization,reallocations,changes,failures,reallocated_prop,time_compute,time_apply,time_enum,time_search,time_pp
1,0.7633152173913044,50,102,0,0.3597122302158273,0.013765096664428711,0.4828939437866211,0.0004949569702148438,0.003949403762817383,0.009318828582763672
