num_events,utilization,reallocations,changes,failures,reallocated_prop,time_compute,time_apply,time_enum,time_search,time_pp
1,0.7290760869565217,11,26,0,0.39285714285714285,0.021224498748779297,0.956423282623291,0.0005223751068115234,0.0018701553344726562,0.018830537796020508
