num_events,utilization,reallocations,changes,failures,reallocated_prop,time_compute,time_apply,time_enum,time_search,time_pp
1,0.6711956521739131,5,4,0,0.5,0.01853656768798828,0.8673181533813477,0.00010085105895996094,0.00020742416381835938,0.01822495460510254
