num_events,utilization,reallocations,changes,failures,reallocated_prop,time_compute,time_apply,time_enum,time_search,time_pp
1,1.0,13,13,0,0.5416666666666666,0.07376408576965332,0.5733263492584229,0.01816558837890625,0.046811819076538086,0.008784770965576172
