num_events,utilization,reallocations,changes,failures,reallocated_prop,time_compute,time_apply,time_enum,time_search,time_pp
1,0.65,35,65,0,0.43209876543209874,0.02047276496887207,0.6068770885467529,0.0004944801330566406,0.0019121170043945312,0.01806473731994629
