num_events,utilization,reallocations,changes,failures,reallocated_prop,time_compute,time_apply
1,0.7365489130434782,19,18,0,0.5294117647058824,0.03481125831604004,1.9140543937683105
