num_events,utilization,reallocations,changes,failures,reallocated_prop,time_compute,time_apply,time_enum
1,0.1956521739130435,1,0,0,0.0,0.010399341583251953,0.16472148895263672,0.0001456737518310547
