num_events,utilization,reallocations,changes,failures,reallocated_prop,time_compute,time_apply,time_enum,time_search,time_pp
1,0.65,28,68,0,0.3333333333333333,0.01215815544128418,0.31816911697387695,0.0005106925964355469,0.0019452571868896484,0.009700298309326172
