num_events,utilization,reallocations,changes,failures,reallocated_prop,time_compute,time_apply,time_enum,time_search,time_pp
1,0.09456521739130434,1,0,0,0.0,0.09295916557312012,0.16397690773010254,0.017606496810913086,0.06643319129943848,0.008917093276977539
