num_events,utilization,reallocations,changes,failures,reallocated_prop,time_compute,time_apply,time_enum,time_search,time_pp
1,0.65,28,53,0,0.417910447761194,0.037832021713256836,1.1724908351898193,0.0004951953887939453,0.0016939640045166016,0.03564095497131348
