num_events,utilization,reallocations,changes,failures,reallocated_prop,time_compute,time_apply,time_enum,time_search,time_pp
1,0.14021739130434782,1,0,0,0.0,0.12305641174316406,0.18256187438964844,0.017746448516845703,0.09614777565002441,0.009160280227661133
