num_events,utilization,reallocations,changes,failures,reallocated_prop,time_compute,time_apply,time_enum,time_search,time_pp
1,1.0,8,9,0,0.4444444444444444,0.07116866111755371,0.5955679416656494,0.01854395866394043,0.043413400650024414,0.009209156036376953
