num_events,utilization,reallocations,changes,failures,reallocated_prop,time_compute,time_apply,time_enum,time_search,time_pp
1,0.3,1,0,0,0.0,0.07219886779785156,1.2240822315216064,0.0004894733428955078,0.00025343894958496094,0.07145357131958008
