num_events,utilization,reallocations,changes,failures,reallocated_prop,time_compute,time_apply,time_enum,time_search,time_pp
1,1.0,41,90,0,0.20297029702970298,0.08457469940185547,0.6244869232177734,0.014760494232177734,0.060248374938964844,0.009563684463500977
