num_events,utilization,reallocations,changes,failures,reallocated_prop,time_compute,time_apply,time_enum,time_search,time_pp
1,0.65,11,21,0,0.4074074074074074,0.018803119659423828,0.5844917297363281,0.0004942417144775391,0.0008251667022705078,0.01748204231262207
