num_events,utilization,reallocations,changes,failures,reallocated_prop,time_compute,time_apply,time_enum,time_search,time_pp
1,0.09130434782608696,1,0,0,0.0,0.010692596435546875,0.10654592514038086,8.344650268554688e-05,0.0006628036499023438,0.009944677352905273
