num_events,utilization,reallocations,changes,failures,reallocated_prop,time_compute,time_apply
1,0.9059782608695652,35,60,0,0.3333333333333333,0.014909029006958008,0.561474084854126
