num_events,utilization,reallocations,changes,failures,reallocated_prop,time_compute,time_apply,time_enum,time_search,time_pp
1,1.0,25,42,0,0.1893939393939394,0.11534428596496582,0.6489737033843994,0.01459956169128418,0.09117531776428223,0.0095672607421875
