num_events,utilization,reallocations,changes,failures,reallocated_prop,time_compute,time_apply,time_enum,time_search,time_pp
1,0.6796195652173913,4,7,0,0.4444444444444444,0.010614395141601562,0.4328577518463135,0.0005350112915039062,0.0006365776062011719,0.009440898895263672
