num_events,utilization,reallocations,changes,failures,reallocated_prop,time_compute,time_apply,time_enum,time_search,time_pp
1,0.35978260869565215,1,0,0,0.0,0.01201009750366211,0.18925237655639648,9.441375732421875e-05,0.0022246837615966797,0.0096893310546875
