num_events,utilization,reallocations,changes,failures,reallocated_prop,time_compute,time_apply,time_enum,time_search,time_pp
1,0.057608695652173914,1,0,0,0.0,0.01069331169128418,0.09524703025817871,0.00010466575622558594,0.00045680999755859375,0.010130167007446289
