num_events,utilization,reallocations,changes,failures,reallocated_prop,time_compute,time_apply
1,0.725203804347826,10,15,0,0.43478260869565216,0.07773113250732422,3.9543285369873047
