num_events,utilization,reallocations,changes,failures,reallocated_prop,time_compute,time_apply,time_enum,time_search,time_pp
1,0.18804347826086956,1,0,0,0.0,0.010877609252929688,0.1338515281677246,0.00010156631469726562,0.0013387203216552734,0.009435176849365234
