num_events,utilization,reallocations,changes,failures,reallocated_prop,time_compute,time_apply,time_enum,time_search,time_pp
1,0.65,68,148,0,0.2698412698412698,0.015664100646972656,0.3315606117248535,0.0005066394805908203,0.005370616912841797,0.009785175323486328
