num_events,utilization,reallocations,changes,failures,reallocated_prop,time_compute,time_apply,time_enum,time_search,time_pp
1,0.11956521739130435,1,0,0,0.0,0.010282039642333984,0.09560155868530273,3.7670135498046875e-05,6.723403930664062e-05,0.010175704956054688
