num_events,utilization,reallocations,changes,failures,reallocated_prop,time_compute,time_apply,time_enum,time_search,time_pp
1,1.0,21,63,0,0.08171206225680934,0.09863567352294922,0.5849065780639648,0.014705896377563477,0.07421207427978516,0.00971531867980957
