num_events,utilization,reallocations,changes,failures,reallocated_prop,time_compute,time_apply,time_enum,time_search,time_pp
1,1.0,21,37,0,0.19090909090909092,0.11399316787719727,0.6361205577850342,0.014563798904418945,0.08985161781311035,0.009575366973876953
