num_events,utilization,reallocations,changes,failures,reallocated_prop,time_compute,time_apply,time_enum,time_search,time_pp
1,0.2108695652173913,1,0,0,0.0,0.1756439208984375,0.22258305549621582,0.018131017684936523,0.14794707298278809,0.009563684463500977
