num_events,utilization,reallocations,changes,failures,reallocated_prop,time_compute,time_apply
1,0.7540760869565217,8,11,0,0.4444444444444444,0.011496543884277344,0.5115416049957275
