num_events,utilization,reallocations,changes,failures,reallocated_prop,time_compute,time_apply,time_enum,time_search,time_pp
1,0.65,16,39,0,0.32,0.07090425491333008,2.377654790878296,0.0005037784576416016,0.001294851303100586,0.06910347938537598
