num_events,utilization,reallocations,changes,failures,reallocated_prop,time_compute,time_apply
1,0.6964673913043479,3,3,0,0.3333333333333333,0.011160850524902344,0.508054256439209
