num_events,utilization,reallocations,changes,failures,reallocated_prop,time_compute,time_apply,time_enum,time_search,time_pp
1,0.2858695652173913,1,0,0,0.0,0.2330169677734375,0.2626490592956543,0.01820850372314453,0.20478081703186035,0.010025262832641602
