num_events,utilization,reallocations,changes,failures,reallocated_prop,time_compute,time_apply
1,0.9059782608695652,33,66,0,0.39759036144578314,0.01377725601196289,0.5539224147796631
