num_events,utilization,reallocations,changes,failures,reallocated_prop,time_compute,time_apply,time_enum,time_search,time_pp
1,0.15,0,0,0,0.0,0.027673959732055664,0.08934664726257324,0.014621496200561523,0.003591775894165039,0.009458780288696289
