num_events,utilization,reallocations,changes,failures,reallocated_prop,time_compute,time_apply,time_enum,time_search,time_pp
1,0.65,10,19,0,0.4166666666666667,0.0702369213104248,2.311873197555542,0.0005006790161132812,0.0006966590881347656,0.06903767585754395
