num_events,utilization,reallocations,changes,failures,reallocated_prop,time_compute,time_apply,time_enum,time_search,time_pp
1,0.10869565217391304,1,0,0,0.0,0.019231557846069336,0.16739320755004883,3.5762786865234375e-05,9.799003601074219e-05,0.019095420837402344
