num_events,utilization,reallocations,changes,failures,reallocated_prop,time_compute,time_apply,time_enum,time_search,time_pp
1,0.65,5,12,0,0.3125,0.03887462615966797,1.196744680404663,0.0004923343658447266,0.0006105899810791016,0.037769317626953125
