num_events,utilization,reallocations,changes,failures,reallocated_prop,time_compute,time_apply,time_enum,time_search,time_pp
1,1.0,39,69,0,0.21081081081081082,0.08036541938781738,0.5748815536499023,0.014831066131591797,0.05595827102661133,0.009574174880981445
