num_events,utilization,reallocations,changes,failures,reallocated_prop,time_compute,time_apply,time_enum,time_search,time_pp
1,0.15108695652173912,1,0,0,0.0,0.009813070297241211,0.11338257789611816,7.987022399902344e-05,0.0009119510650634766,0.008819341659545898
