num_events,utilization,reallocations,changes,failures,reallocated_prop,time_compute,time_apply,time_enum,time_search,time_pp
1,0.65,28,52,0,0.3684210526315789,0.011347293853759766,0.3003561496734619,0.0004930496215820312,0.0017886161804199219,0.009064197540283203
