num_events,utilization,reallocations,changes,failures,reallocated_prop,time_compute,time_apply,time_enum
1,0.3695652173913043,1,0,0,0.0,0.01041102409362793,0.22620773315429688,0.00014662742614746094
