num_events,utilization,reallocations,changes,failures,reallocated_prop,time_compute,time_apply,time_enum,time_search,time_pp
1,0.011277173913043479,1,0,0,0.0,0.07702016830444336,0.6123061180114746,9.965896606445312e-05,0.0006465911865234375,0.07627224922180176
