num_events,utilization,reallocations,changes,failures,reallocated_prop,time_compute,time_apply,time_enum,time_search,time_pp
1,0.01358695652173913,1,0,0,0.0,0.03751564025878906,0.2277078628540039,3.4809112548828125e-05,3.695487976074219e-05,0.03744173049926758
