num_events,utilization,reallocations,changes,failures,reallocated_prop,time_compute,time_apply
1,0.8807065217391304,13,22,0,0.48148148148148145,0.013021469116210938,0.5439925193786621
