num_events,utilization,reallocations,changes,failures,reallocated_prop,time_compute,time_apply,time_enum,time_search,time_pp
1,0.391304347826087,1,0,0,0.0,0.29192447662353516,0.3019404411315918,0.018289566040039062,0.26369309425354004,0.009939193725585938
