num_events,utilization,reallocations,changes,failures,reallocated_prop,time_compute,time_apply,time_enum,time_search,time_pp
1,0.15543478260869564,1,0,0,0.0,0.13716435432434082,0.19227886199951172,0.01750493049621582,0.11043429374694824,0.009223461151123047
