num_events,utilization,reallocations,changes,failures,reallocated_prop,time_compute,time_apply,time_enum,time_search,time_pp
1,0.475,1,0,0,0.0,0.35280680656433105,0.3361670970916748,0.018414735794067383,0.32477402687072754,0.009615659713745117
