num_events,utilization,reallocations,changes,failures,reallocated_prop,time_compute,time_apply,time_enum,time_search,time_pp
1,0.28804347826086957,1,0,0,0.0,0.011422395706176758,0.16576194763183594,9.465217590332031e-05,0.001848459243774414,0.009477376937866211
