num_events,utilization,reallocations,changes,failures,reallocated_prop,time_compute,time_apply,time_enum,time_search,time_pp
1,0.65,124,237,0,0.26495726495726496,0.02027750015258789,0.3453207015991211,0.0005035400390625,0.009805440902709961,0.009966373443603516
