num_events,utilization,reallocations,changes,failures,reallocated_prop,time_compute,time_apply
1,0.7355978260869566,6,7,0,0.7142857142857143,0.3207573890686035,0.5417122840881348
