num_events,utilization,reallocations,changes,failures,reallocated_prop,time_compute,time_apply,time_enum,time_search,time_pp
1,0.1391304347826087,1,0,0,0.0,0.1249086856842041,0.1920487880706787,0.018281221389770508,0.09732484817504883,0.009300470352172852
