num_events,utilization,reallocations,changes,failures,reallocated_prop,time_compute,time_apply,time_enum,time_search,time_pp
1,1.0,31,93,0,0.09365558912386707,0.11922883987426758,0.5931169986724854,0.014829874038696289,0.09459090232849121,0.009805440902709961
