num_events,utilization,reallocations,changes,failures,reallocated_prop,time_compute,time_apply,time_enum,time_search,time_pp
1,1.0,18,39,0,0.04285714285714286,0.1429593563079834,0.5714433193206787,0.01466059684753418,0.1182398796081543,0.010056018829345703
