num_events,utilization,reallocations,changes,failures,reallocated_prop,time_compute,time_apply,time_enum,time_search,time_pp
1,1.0,60,101,0,0.18072289156626506,0.12195372581481934,0.5768566131591797,0.01489567756652832,0.09723567962646484,0.009820222854614258
