num_events,utilization,reallocations,changes,failures,reallocated_prop,time_compute,time_apply,time_enum,time_search,time_pp
1,0.015217391304347827,1,0,0,0.0,0.04269552230834961,0.13656210899353027,0.018412351608276367,0.014981508255004883,0.00929880142211914
