num_events,utilization,reallocations,changes,failures,reallocated_prop,time_compute,time_apply,time_enum,time_search,time_pp
1,0.022554347826086958,1,0,0,0.0,0.03810429573059082,0.32205772399902344,9.918212890625e-05,0.0006494522094726562,0.0373537540435791
