num_events,utilization,reallocations,changes,failures,reallocated_prop,time_compute,time_apply,time_enum,time_search,time_pp
1,0.01141304347826087,1,0,0,0.0,0.03800487518310547,0.2954995632171631,0.00010561943054199219,0.00037789344787597656,0.037519216537475586
