num_events,utilization,reallocations,changes,failures,reallocated_prop,time_compute,time_apply,time_enum,time_search,time_pp
1,0.35108695652173916,1,0,0,0.0,0.011236906051635742,0.17804932594299316,8.177757263183594e-05,0.0020551681518554688,0.009097814559936523
