num_events,utilization,reallocations,changes,failures,reallocated_prop,time_compute,time_apply,time_enum,time_search,time_pp
1,0.042391304347826085,1,0,0,0.0,0.06104588508605957,0.145646333694458,0.0198976993560791,0.032062530517578125,0.009083986282348633
