num_events,utilization,reallocations,changes,failures,reallocated_prop,time_compute,time_apply,time_enum,time_search,time_pp
1,0.65,21,51,0,0.3333333333333333,0.014335393905639648,0.3706386089324951,0.0007081031799316406,0.001707315444946289,0.011918306350708008
