num_events,utilization,reallocations,changes,failures,reallocated_prop,time_compute,time_apply,time_enum,time_search,time_pp
1,0.7206521739130435,7,16,0,0.3888888888888889,0.011412382125854492,0.4690127372741699,0.0005538463592529297,0.0012688636779785156,0.009588003158569336
