num_events,utilization,reallocations,changes,failures,reallocated_prop,time_compute,time_apply,time_enum,time_search,time_pp
1,0.02717391304347826,1,0,0,0.0,0.022271394729614258,0.14745783805847168,4.0531158447265625e-05,5.221366882324219e-05,0.02217698097229004
