num_events,utilization,reallocations,changes,failures,reallocated_prop,time_compute,time_apply,time_enum,time_search,time_pp
1,0.65,3,7,0,0.3333333333333333,0.037711143493652344,1.1957075595855713,0.0004973411560058594,0.000423431396484375,0.0367884635925293
