num_events,utilization,reallocations,changes,failures,reallocated_prop,time_compute,time_apply,time_enum,time_search,time_pp
1,1.0,10,20,0,0.2127659574468085,0.0406494140625,0.5765182971954346,0.014703035354614258,0.016585588455200195,0.009359598159790039
