num_events,utilization,reallocations,changes,failures,reallocated_prop,time_compute,time_apply,time_enum,time_search,time_pp
1,0.3,1,0,0,0.0,0.02813577651977539,0.16086959838867188,0.014881134033203125,0.0037386417388916016,0.00951385498046875
