num_events,utilization,reallocations,changes,failures,reallocated_prop,time_compute,time_apply,time_enum,time_search,time_pp
1,0.06847826086956521,1,0,0,0.0,0.011069059371948242,0.1006169319152832,0.00010752677917480469,0.0005323886871337891,0.010427474975585938
