num_events,utilization,reallocations,changes,failures,reallocated_prop,time_compute,time_apply,time_enum,time_search,time_pp
1,0.21630434782608696,1,0,0,0.0,0.18451690673828125,0.22413206100463867,0.0216829776763916,0.15317392349243164,0.009657621383666992
