num_events,utilization,reallocations,changes,failures,reallocated_prop,time_compute,time_apply
1,0.7100203804347827,5,8,0,0.38461538461538464,0.07625770568847656,3.8863511085510254
