num_events,utilization,reallocations,changes,failures,reallocated_prop,time_compute,time_apply,time_enum,time_search,time_pp
1,0.08695652173913043,1,0,0,0.0,0.010063648223876953,0.10105609893798828,9.393692016601562e-05,0.0005972385406494141,0.009370803833007812
