num_events,utilization,reallocations,changes,failures,reallocated_prop,time_compute,time_apply
1,0.8486413043478261,7,11,0,0.4666666666666667,0.012513399124145508,0.547738790512085
