num_events,utilization,reallocations,changes,failures,reallocated_prop,time_compute,time_apply,time_enum,time_search,time_pp
1,1.0,32,69,0,0.3076923076923077,0.09874773025512695,0.6411170959472656,0.015117168426513672,0.07419443130493164,0.00943303108215332
