num_events,utilization,reallocations,changes,failures,reallocated_prop,time_compute,time_apply,time_enum,time_search,time_pp
1,0.3641304347826087,1,0,0,0.0,0.012135505676269531,0.19113588333129883,9.679794311523438e-05,0.0022482872009277344,0.009788751602172852
