num_events,utilization,reallocations,changes,failures,reallocated_prop,time_compute,time_apply
1,0.9016304347826087,25,56,0,0.3424657534246575,0.013701200485229492,0.5529959201812744
