num_events,utilization,reallocations,changes,failures,reallocated_prop,time_compute,time_apply,time_enum,time_search,time_pp
1,0.006657608695652174,1,0,0,0.0,0.07669973373413086,0.5992832183837891,9.989738464355469e-05,0.0004050731658935547,0.07619142532348633
