num_events,utilization,reallocations,changes,failures,reallocated_prop,time_compute,time_apply,time_enum,time_search,time_pp
1,0.002173913043478261,1,0,0,0.0,0.0717153549194336,0.564591646194458,8.511543273925781e-05,0.0001327991485595703,0.07149481773376465
