num_events,utilization,reallocations,changes,failures,reallocated_prop,time_compute,time_apply,time_enum,time_search,time_pp
1,0.3869565217391304,1,0,0,0.0,0.284517765045166,0.2869565486907959,0.01782965660095215,0.2573695182800293,0.009316444396972656
