num_events,utilization,reallocations,changes,failures,reallocated_prop,time_compute,time_apply,time_enum,time_search,time_pp
1,0.0008152173913043478,1,0,0,0.0,0.0765385627746582,0.5881228446960449,0.00010204315185546875,8.416175842285156e-05,0.07635068893432617
