num_events,utilization,reallocations,changes,failures,reallocated_prop,time_compute,time_apply,time_enum,time_search,time_pp
1,0.45,2,2,0,0.3333333333333333,0.01864933967590332,0.41243743896484375,0.00042700767517089844,0.0002334117889404297,0.017986536026000977
