num_events,utilization,reallocations,changes,failures,reallocated_prop,time_compute,time_apply,time_enum,time_search,time_pp
1,0.3293478260869565,1,0,0,0.0,0.24741005897521973,0.2614150047302246,0.01731252670288086,0.22080111503601074,0.00929403305053711
