num_events,utilization,reallocations,changes,failures,reallocated_prop,time_compute,time_apply,time_enum,time_search,time_pp
1,0.425,1,0,0,0.0,0.318096399307251,0.32085490226745605,0.018280744552612305,0.2896003723144531,0.010213136672973633
