num_events,utilization,reallocations,changes,failures,reallocated_prop,time_compute,time_apply,time_enum,time_search,time_pp
1,0.65,14,26,0,0.4117647058823529,0.011139869689941406,0.3090496063232422,0.0005092620849609375,0.0009684562683105469,0.009660005569458008
