num_events,utilization,reallocations,changes,failures,reallocated_prop,time_compute,time_apply,time_enum,time_search,time_pp
1,0.65,19,36,0,0.4222222222222222,0.011134624481201172,0.31097412109375,0.0005002021789550781,0.0012254714965820312,0.009406805038452148
