num_events,utilization,reallocations,changes,failures,reallocated_prop,time_compute,time_apply,time_enum,time_search,time_pp
1,0.6652173913043479,4,10,0,0.2857142857142857,0.038547515869140625,1.7587854862213135,0.0005147457122802734,0.0008978843688964844,0.037132978439331055
