num_events,utilization,reallocations,changes,failures,reallocated_prop,time_compute,time_apply
1,0.7101902173913044,11,11,0,0.7692307692307693,0.06798219680786133,3.757927179336548
