num_events,utilization,reallocations,changes,failures,reallocated_prop,time_compute,time_apply,time_enum,time_search,time_pp
1,1.0,65,117,0,0.19230769230769232,0.12560296058654785,0.6138246059417725,0.014833211898803711,0.10087299346923828,0.009894847869873047
