num_events,utilization,reallocations,changes,failures,reallocated_prop,time_compute,time_apply,time_enum
1,0.4782608695652174,1,0,0,0.0,0.07481646537780762,0.32303738594055176,0.018840551376342773
