num_events,utilization,reallocations,changes,failures,reallocated_prop,time_compute,time_apply,time_enum,time_search,time_pp
1,0.65,29,50,0,0.20422535211267606,0.012974262237548828,0.31558966636657715,0.0005071163177490234,0.0030829906463623047,0.009382963180541992
