num_events,utilization,reallocations,changes,failures,reallocated_prop,time_compute,time_apply,time_enum,time_search,time_pp
1,0.7050271739130435,9,9,0,0.4,0.017841815948486328,0.879718542098999,2.9325485229492188e-05,0.00012302398681640625,0.01768779754638672
