num_events,utilization,reallocations,changes,failures,reallocated_prop,time_compute,time_apply
1,0.8760869565217392,12,29,0,0.36363636363636365,0.012407302856445312,0.5515830516815186
