num_events,utilization,reallocations,changes,failures,reallocated_prop,time_compute,time_apply,time_enum,time_search,time_pp
1,0.46630434782608693,1,0,0,0.0,0.3483259677886963,0.32215404510498047,0.01754164695739746,0.32100415229797363,0.009778022766113281
