num_events,utilization,reallocations,changes,failures,reallocated_prop,time_compute,time_apply,time_enum,time_search,time_pp
1,1.0,25,54,0,0.20491803278688525,0.06248950958251953,0.5737113952636719,0.014631986618041992,0.03836464881896973,0.009490966796875
