num_events,utilization,reallocations,changes,failures,reallocated_prop,time_compute,time_apply,time_enum,time_search,time_pp
1,0.5,2,2,0,0.25,0.019755125045776367,0.47570228576660156,0.0005285739898681641,0.00032973289489746094,0.018894672393798828
