num_events,utilization,reallocations,changes,failures,reallocated_prop,time_compute,time_apply
1,0.7894021739130435,15,16,0,0.6666666666666666,0.018930435180664062,1.0457885265350342
