num_events,utilization,reallocations,changes,failures,reallocated_prop,time_compute,time_apply
1,0.9146739130434782,36,81,0,0.4186046511627907,0.014455318450927734,0.5766215324401855
