num_events,utilization,reallocations,changes,failures,reallocated_prop,time_compute,time_apply,time_enum,time_search,time_pp
1,0.65,76,173,0,0.2857142857142857,0.01781177520751953,0.37882399559020996,0.0006237030029296875,0.00545501708984375,0.011731147766113281
