num_events,utilization,reallocations,changes,failures,reallocated_prop,time_compute,time_apply,time_enum,time_search,time_pp
1,0.1956521739130435,1,0,0,0.0,0.00984334945678711,0.11336374282836914,3.647804260253906e-05,8.940696716308594e-05,0.009715557098388672
