num_events,utilization,reallocations,changes,failures,reallocated_prop,time_compute,time_apply,time_enum,time_search,time_pp
1,1.0,2,3,0,0.2,0.030506134033203125,0.595839262008667,0.0149078369140625,0.006269216537475586,0.009326457977294922
