num_events,utilization,reallocations,changes,failures,reallocated_prop,time_compute,time_apply
1,0.7134510869565217,7,6,0,0.5454545454545454,0.07297039031982422,3.9218544960021973
