num_events,utilization,reallocations,changes,failures,reallocated_prop,time_compute,time_apply
1,0.9057065217391305,36,64,0,0.5217391304347826,0.013578176498413086,0.553229808807373
