num_events,utilization,reallocations,changes,failures,reallocated_prop,time_compute,time_apply,time_enum,time_search,time_pp
1,0.65,61,148,0,0.3333333333333333,0.014303922653198242,0.32948851585388184,0.0005013942718505859,0.0039463043212890625,0.009854555130004883
