num_events,utilization,reallocations,changes,failures,reallocated_prop,time_compute,time_apply
1,0.6921195652173913,6,6,0,0.8333333333333334,0.009107828140258789,0.4689342975616455
