num_events,utilization,reallocations,changes,failures,reallocated_prop,time_compute,time_apply,time_enum,time_search,time_pp
1,1.0,34,99,0,0.15246636771300448,0.09155607223510742,0.6165170669555664,0.0146636962890625,0.06697940826416016,0.009910821914672852
