num_events,utilization,reallocations,changes,failures,reallocated_prop,time_compute,time_apply,time_enum,time_search,time_pp
1,0.2847826086956522,1,0,0,0.0,0.011525869369506836,0.16448283195495605,9.417533874511719e-05,0.001813650131225586,0.009616613388061523
