num_events,utilization,reallocations,changes,failures,reallocated_prop,time_compute,time_apply,time_enum,time_search,time_pp
1,0.65,31,58,0,0.4246575342465753,0.07410430908203125,2.4017622470855713,0.00049591064453125,0.0018038749694824219,0.07180142402648926
