num_events,utilization,reallocations,changes,failures,reallocated_prop,time_compute,time_apply
1,0.9146739130434782,40,60,0,0.547945205479452,0.013944625854492188,0.5531401634216309
