num_events,utilization,reallocations,changes,failures,reallocated_prop,time_compute,time_apply,time_enum,time_search,time_pp
1,0.030434782608695653,1,0,0,0.0,0.05170011520385742,0.14088988304138184,0.018169164657592773,0.024234533309936523,0.00929403305053711
