num_events,utilization,reallocations,changes,failures,reallocated_prop,time_compute,time_apply,time_enum,time_search,time_pp
1,1.0,96,215,0,0.1971252566735113,0.16396403312683105,0.5961606502532959,0.01479792594909668,0.1390376091003418,0.01012563705444336
