num_events,utilization,reallocations,changes,failures,reallocated_prop,time_compute,time_apply
1,0.7983695652173913,4,8,0,0.3333333333333333,0.011786937713623047,0.5186862945556641
