num_events,utilization,reallocations,changes,failures,reallocated_prop,time_compute,time_apply
1,0.7970108695652174,5,6,0,0.45454545454545453,0.011746406555175781,0.5395431518554688
