num_events,utilization,reallocations,changes,failures,reallocated_prop,time_compute,time_apply,time_enum,time_search,time_pp
1,0.12934782608695652,1,0,0,0.0,0.11998319625854492,0.18961024284362793,0.018230676651000977,0.09214472770690918,0.009605169296264648
