num_events,utilization,reallocations,changes,failures,reallocated_prop,time_compute,time_apply,time_enum,time_search,time_pp
1,1.0,5,9,0,0.22727272727272727,0.0345921516418457,0.5767552852630615,0.015384435653686523,0.00960540771484375,0.009599924087524414
