num_events,utilization,reallocations,changes,failures,reallocated_prop,time_compute,time_apply,time_enum,time_search,time_pp
1,0.7567934782608695,26,45,0,0.3611111111111111,0.011617898941040039,0.4598119258880615,0.0005030632019042969,0.002225637435913086,0.008886575698852539
