num_events,utilization,reallocations,changes,failures,reallocated_prop,time_compute,time_apply,time_enum,time_search,time_pp
1,0.65,58,109,0,0.4233576642335766,0.012876749038696289,0.3352372646331787,0.0005049705505371094,0.0029811859130859375,0.00938868522644043
