num_events,utilization,reallocations,changes,failures,reallocated_prop,time_compute,time_apply,time_enum,time_search,time_pp
1,0.6562160326086957,4,7,0,0.36363636363636365,0.07745361328125,3.5174179077148438,0.0005116462707519531,0.0008046627044677734,0.07613468170166016
