num_events,utilization,reallocations,changes,failures,reallocated_prop,time_compute,time_apply
1,0.9059782608695652,36,63,0,0.5142857142857142,0.013940095901489258,0.5451579093933105
