num_events,utilization,reallocations,changes,failures,reallocated_prop,time_compute,time_apply,time_enum,time_search,time_pp
1,0.65,96,225,0,0.2077922077922078,0.021118879318237305,0.34418773651123047,0.0005533695220947266,0.010234594345092773,0.01032710075378418
