num_events,utilization,reallocations,changes,failures,reallocated_prop,time_compute,time_apply
1,0.9059782608695652,44,62,0,0.5714285714285714,0.014719963073730469,0.560197114944458
