num_events,utilization,reallocations,changes,failures,reallocated_prop,time_compute,time_apply,time_enum,time_search,time_pp
1,0.2826086956521739,1,0,0,0.0,0.2254784107208252,0.26169419288635254,0.018160104751586914,0.1974658966064453,0.009850502014160156
