num_events,utilization,reallocations,changes,failures,reallocated_prop,time_compute,time_apply,time_enum,time_search,time_pp
1,0.05652173913043478,1,0,0,0.0,0.06954598426818848,0.15996575355529785,0.01817607879638672,0.042025089263916016,0.009343385696411133
