num_events,utilization,reallocations,changes,failures,reallocated_prop,time_compute,time_apply,time_enum,time_search,time_pp
1,0.7635869565217391,30,52,0,0.3409090909090909,0.012753486633300781,0.47623634338378906,0.0004975795745849609,0.002866983413696289,0.00938725471496582
