num_events,utilization,reallocations,changes,failures,reallocated_prop,time_compute,time_apply
1,0.9016304347826087,73,136,0,0.4965986394557823,0.016721725463867188,0.5819718837738037
