num_events,utilization,reallocations,changes,failures,reallocated_prop,time_compute,time_apply,time_enum,time_search,time_pp
1,0.65,14,34,0,0.32558139534883723,0.011552810668945312,0.31354618072509766,0.0005011558532714844,0.0013275146484375,0.009722232818603516
