num_events,utilization,reallocations,changes,failures,reallocated_prop,time_compute,time_apply,time_enum,time_search,time_pp
1,0.65,51,109,0,0.20816326530612245,0.015514612197875977,0.32541370391845703,0.0004968643188476562,0.0052661895751953125,0.009749650955200195
