num_events,utilization,reallocations,changes,failures,reallocated_prop,time_compute,time_apply,time_enum,time_search,time_pp
1,1.0,40,90,0,0.10666666666666667,0.13329005241394043,0.5911016464233398,0.01472163200378418,0.10879707336425781,0.009769201278686523
