num_events,utilization,reallocations,changes,failures,reallocated_prop,time_compute,time_apply,time_enum,time_search,time_pp
1,1.0,1,3,0,0.125,0.03467583656311035,0.5873394012451172,0.014673709869384766,0.010975360870361328,0.009024620056152344
