num_events,utilization,reallocations,changes,failures,reallocated_prop,time_compute,time_apply,time_enum,time_search,time_pp
1,1.0,62,183,0,0.15121951219512195,0.13982725143432617,0.5903606414794922,0.014733314514160156,0.11515378952026367,0.009937763214111328
