num_events,utilization,reallocations,changes,failures,reallocated_prop,time_compute,time_apply
1,0.8929347826086956,26,59,0,0.37681159420289856,0.0140533447265625,0.5510115623474121
