num_events,utilization,reallocations,changes,failures,reallocated_prop,time_compute,time_apply,time_enum,time_search,time_pp
1,0.2717391304347826,1,0,0,0.0,0.011409759521484375,0.1612555980682373,9.560585021972656e-05,0.0018205642700195312,0.009492158889770508
