num_events,utilization,reallocations,changes,failures,reallocated_prop,time_compute,time_apply,time_enum,time_search,time_pp
1,0.07717391304347826,1,0,0,0.0,0.08675456047058105,0.16420841217041016,0.022015810012817383,0.05546259880065918,0.00927424430847168
