num_events,utilization,reallocations,changes,failures,reallocated_prop,time_compute,time_apply,time_enum,time_search,time_pp
1,0.051086956521739134,1,0,0,0.0,0.01002359390258789,0.08970499038696289,9.5367431640625e-05,0.0003695487976074219,0.009557008743286133
