num_events,utilization,reallocations,changes,failures,reallocated_prop,time_compute,time_apply,time_enum,time_search,time_pp
1,0.07391304347826087,1,0,0,0.0,0.010828495025634766,0.10188055038452148,0.00010800361633300781,0.0005626678466796875,0.01015615463256836
