num_events,utilization,reallocations,changes,failures,reallocated_prop,time_compute,time_apply,time_enum,time_search,time_pp
1,0.7567934782608695,30,56,0,0.5263157894736842,0.011696815490722656,0.4704878330230713,0.0004968643188476562,0.0020208358764648438,0.009177446365356445
