num_events,utilization,reallocations,changes,failures,reallocated_prop,time_compute,time_apply,time_enum,time_search,time_pp
1,1.0,52,93,0,0.1580547112462006,0.12186837196350098,0.5857954025268555,0.014682769775390625,0.09726500511169434,0.009918689727783203
