num_events,utilization,reallocations,changes,failures,reallocated_prop,time_compute,time_apply,time_enum,time_search,time_pp
1,0.0967391304347826,1,0,0,0.0,0.01030278205871582,0.10534405708312988,9.870529174804688e-05,0.0007071495056152344,0.009494781494140625
