num_events,utilization,reallocations,changes,failures,reallocated_prop,time_compute,time_apply,time_enum,time_search,time_pp
1,0.95,1,2,0,0.14285714285714285,0.029396772384643555,0.602393388748169,0.014890670776367188,0.005074739456176758,0.009430170059204102
