num_events,utilization,reallocations,changes,failures,reallocated_prop,time_compute,time_apply
1,0.9059782608695652,86,94,0,0.48863636363636365,0.016719818115234375,0.5750293731689453
