num_events,utilization,reallocations,changes,failures,reallocated_prop,time_compute,time_apply,time_enum,time_search,time_pp
1,0.65,4,7,0,0.4,0.07266807556152344,2.303395986557007,0.0005033016204833984,0.0004057884216308594,0.07175683975219727
