num_events,utilization,reallocations,changes,failures,reallocated_prop,time_compute,time_apply,time_enum,time_search,time_pp
1,0.11277173913043478,1,0,0,0.0,0.07373905181884766,0.67891526222229,3.62396240234375e-05,0.0003693103790283203,0.07333183288574219
