num_events,utilization,reallocations,changes,failures,reallocated_prop,time_compute,time_apply,time_enum,time_search,time_pp
1,0.44565217391304346,1,0,0,0.0,0.055899620056152344,0.29355692863464355,0.015137910842895508,0.031262874603271484,0.009496212005615234
