num_events,utilization,reallocations,changes,failures,reallocated_prop,time_compute,time_apply,time_enum,time_search,time_pp
1,1.0,46,77,0,0.3150684931506849,0.1072990894317627,0.6455991268157959,0.014631509780883789,0.08316373825073242,0.009500741958618164
