num_events,utilization,reallocations,changes,failures,reallocated_prop,time_compute,time_apply,time_enum,time_search,time_pp
1,0.016304347826086956,1,0,0,0.0,0.018685579299926758,0.15094614028930664,0.00010013580322265625,0.0002567768096923828,0.01832723617553711
