num_events,utilization,reallocations,changes,failures,reallocated_prop,time_compute,time_apply,time_enum,time_search,time_pp
1,0.65,23,43,0,0.41818181818181815,0.037878990173339844,1.2056171894073486,0.0004942417144775391,0.0014362335205078125,0.03594636917114258
