num_events,utilization,reallocations,changes,failures,reallocated_prop,time_compute,time_apply,time_enum,time_search,time_pp
1,0.65,32,52,0,0.08333333333333333,0.01843738555908203,0.3204386234283447,0.0005445480346679688,0.007925748825073242,0.009965658187866211
