num_events,utilization,reallocations,changes,failures,reallocated_prop,time_compute,time_apply,time_enum,time_search,time_pp
1,0.06385869565217392,1,0,0,0.0,0.0808110237121582,0.6171422004699707,3.6716461181640625e-05,0.0002048015594482422,0.0805661678314209
