num_events,utilization,reallocations,changes,failures,reallocated_prop,time_compute,time_apply,time_enum,time_search,time_pp
1,0.65,51,109,0,0.20816326530612245,0.016345739364624023,0.3253612518310547,0.0005297660827636719,0.0054035186767578125,0.010410547256469727
