num_events,utilization,reallocations,changes,failures,reallocated_prop,time_compute,time_apply,time_enum,time_search,time_pp
1,0.7635869565217391,62,113,0,0.4397163120567376,0.013755321502685547,0.48580360412597656,0.00049591064453125,0.003920316696166992,0.009337663650512695
