num_events,utilization,reallocations,changes,failures,reallocated_prop,time_compute,time_apply,time_enum,time_search,time_pp
1,0.6713315217391305,6,5,0,0.5555555555555556,0.018381595611572266,0.9187335968017578,3.409385681152344e-05,6.532669067382812e-05,0.018280744552612305
