num_events,utilization,reallocations,changes,failures,reallocated_prop,time_compute,time_apply,time_enum,time_search,time_pp
1,1.0,22,39,0,0.15942028985507245,0.12324666976928711,0.6484565734863281,0.014664411544799805,0.09901142120361328,0.009568452835083008
