num_events,utilization,reallocations,changes,failures,reallocated_prop,time_compute,time_apply
1,0.9059782608695652,31,49,0,0.37349397590361444,0.015642166137695312,0.5590918064117432
