num_events,utilization,reallocations,changes,failures,reallocated_prop,time_compute,time_apply,time_enum,time_search,time_pp
1,0.65,9,22,0,0.32142857142857145,0.038002729415893555,1.1907284259796143,0.0004916191101074219,0.0008738040924072266,0.036635398864746094
