num_events,utilization,reallocations,changes,failures,reallocated_prop,time_compute,time_apply,time_enum,time_search,time_pp
1,0.65,14,34,0,0.3333333333333333,0.03740739822387695,1.2017362117767334,0.0004980564117431641,0.0011718273162841797,0.035735130310058594
