num_events,utilization,reallocations,changes,failures,reallocated_prop,time_compute,time_apply,time_enum,time_search,time_pp
1,0.65,10,19,0,0.4,0.013110637664794922,0.3634819984436035,0.000682830810546875,0.0008685588836669922,0.011557579040527344
