num_events,utilization,reallocations,changes,failures,reallocated_prop,time_compute,time_apply,time_enum,time_search,time_pp
1,0.65,16,29,0,0.42105263157894735,0.010856389999389648,0.30477023124694824,0.0004878044128417969,0.001149892807006836,0.009217023849487305
