num_events,utilization,reallocations,changes,failures,reallocated_prop,time_compute,time_apply,time_enum,time_search,time_pp
1,0.65,23,56,0,0.323943661971831,0.03859281539916992,1.1543984413146973,0.00049591064453125,0.0017800331115722656,0.036314964294433594
