num_events,utilization,reallocations,changes,failures,reallocated_prop,time_compute,time_apply,time_enum,time_search,time_pp
1,0.7126358695652174,10,10,0,0.4090909090909091,0.020389795303344727,0.9365096092224121,4.172325134277344e-05,0.0001888275146484375,0.0201568603515625
