num_events,utilization,reallocations,changes,failures,reallocated_prop,time_compute,time_apply,time_enum,time_search,time_pp
1,0.37717391304347825,1,0,0,0.0,0.012087583541870117,0.195389986038208,0.00010156631469726562,0.002409219741821289,0.009574651718139648
