num_events,utilization,reallocations,changes,failures,reallocated_prop,time_compute,time_apply
1,0.8769021739130435,10,9,0,0.2647058823529412,0.01036214828491211,0.5394318103790283
