num_events,utilization,reallocations,changes,failures,reallocated_prop,time_compute,time_apply,time_enum,time_search,time_pp
1,0.65,28,68,0,0.3333333333333333,0.020663738250732422,0.6066434383392334,0.0005364418029785156,0.001977205276489258,0.018148183822631836
