num_events,utilization,reallocations,changes,failures,reallocated_prop,time_compute,time_apply,time_enum,time_search,time_pp
1,0.65,53,70,0,0.1853146853146853,0.016183137893676758,0.320453405380249,0.0005064010620117188,0.0060465335845947266,0.0096282958984375
