num_events,utilization,reallocations,changes,failures,reallocated_prop,time_compute,time_apply,time_enum,time_search,time_pp
1,0.65,29,50,0,0.20422535211267606,0.013157367706298828,0.31467771530151367,0.000507354736328125,0.003125905990600586,0.009522199630737305
