num_events,utilization,reallocations,changes,failures,reallocated_prop,time_compute,time_apply,time_enum,time_search,time_pp
1,0.3695652173913043,1,0,0,0.0,0.01212620735168457,0.19221043586730957,9.441375732421875e-05,0.0022780895233154297,0.00975179672241211
