num_events,utilization,reallocations,changes,failures,reallocated_prop,time_compute,time_apply,time_enum,time_search,time_pp
1,0.65,66,141,0,0.15207373271889402,0.018603086471557617,0.3349266052246094,0.000514984130859375,0.008565664291381836,0.00952005386352539
