num_events,utilization,reallocations,changes,failures,reallocated_prop,time_compute,time_apply,time_enum,time_search,time_pp
1,0.65,32,53,0,0.16753926701570682,0.014250755310058594,0.3184661865234375,0.0005106925964355469,0.00394892692565918,0.009789228439331055
