num_events,utilization,reallocations,changes,failures,reallocated_prop,time_compute,time_apply,time_enum,time_search,time_pp
1,0.28369565217391307,1,0,0,0.0,0.2265326976776123,0.2533144950866699,0.018307924270629883,0.19856762886047363,0.009654521942138672
