num_events,utilization,reallocations,changes,failures,reallocated_prop,time_compute,time_apply,time_enum,time_search,time_pp
1,0.15108695652173912,1,0,0,0.0,0.010794639587402344,0.12282705307006836,9.34600830078125e-05,0.001138925552368164,0.009560108184814453
