num_events,utilization,reallocations,changes,failures,reallocated_prop,time_compute,time_apply,time_enum,time_search,time_pp
1,1.0,6,8,0,0.5,0.05878138542175293,0.6017067432403564,0.018399953842163086,0.03115534782409668,0.009223461151123047
