num_events,utilization,reallocations,changes,failures,reallocated_prop,time_compute,time_apply,time_enum,time_search,time_pp
1,0.65,40,66,0,0.273972602739726,0.013365983963012695,0.3191688060760498,0.0005092620849609375,0.0032320022583007812,0.009622335433959961
