num_events,utilization,reallocations,changes,failures,reallocated_prop,time_compute,time_apply,time_enum,time_search,time_pp
1,0.04076086956521739,1,0,0,0.0,0.036260366439819336,0.25455737113952637,3.504753112792969e-05,7.343292236328125e-05,0.036150455474853516
