num_events,utilization,reallocations,changes,failures,reallocated_prop,time_compute,time_apply,time_enum,time_search,time_pp
1,1.0,20,42,0,0.21052631578947367,0.05431556701660156,0.56770920753479,0.014743566513061523,0.030240297317504883,0.009330272674560547
