num_events,utilization,reallocations,changes,failures,reallocated_prop,time_compute,time_apply,time_enum,time_search,time_pp
1,0.5217391304347826,1,0,0,0.0,0.37583041191101074,0.35241174697875977,0.01775383949279785,0.34855055809020996,0.009523868560791016
