num_events,utilization,reallocations,changes,failures,reallocated_prop,time_compute,time_apply
1,0.8929347826086956,22,53,0,0.39285714285714285,0.014189958572387695,0.5492770671844482
