num_events,utilization,reallocations,changes,failures,reallocated_prop,time_compute,time_apply
1,0.7042798913043479,4,4,0,0.5714285714285714,0.0385286808013916,1.9467906951904297
