num_events,utilization,reallocations,changes,failures,reallocated_prop,time_compute,time_apply,time_enum,time_search,time_pp
1,0.3239130434782609,1,0,0,0.0,0.24577784538269043,0.26049065589904785,0.0177154541015625,0.21858429908752441,0.009474992752075195
