num_events,utilization,reallocations,changes,failures,reallocated_prop,time_compute,time_apply,time_enum,time_search,time_pp
1,0.65,7,17,0,0.3181818181818182,0.010953187942504883,0.3076059818267822,0.0005159378051757812,0.0007336139678955078,0.009701967239379883
