num_events,utilization,reallocations,changes,failures,reallocated_prop,time_compute,time_apply
1,0.7222146739130435,15,16,0,0.7777777777777778,0.03751063346862793,1.901853322982788
