num_events,utilization,reallocations,changes,failures,reallocated_prop,time_compute,time_apply,time_enum,time_search,time_pp
1,0.017391304347826087,1,0,0,0.0,0.009960412979125977,0.07866573333740234,0.000102996826171875,0.00018072128295898438,0.009675025939941406
