num_events,utilization,reallocations,changes,failures,reallocated_prop,time_compute,time_apply,time_enum,time_search,time_pp
1,0.022010869565217393,1,0,0,0.0,0.03859090805053711,0.32137036323547363,8.296966552734375e-05,0.0006277561187744141,0.03787827491760254
