num_events,utilization,reallocations,changes,failures,reallocated_prop,time_compute,time_apply,time_enum,time_search,time_pp
1,0.65,26,63,0,0.3333333333333333,0.02101612091064453,0.5991201400756836,0.0004956722259521484,0.001856088638305664,0.018662691116333008
