num_events,utilization,reallocations,changes,failures,reallocated_prop,time_compute,time_apply,time_enum,time_search,time_pp
1,0.6579144021739131,4,10,0,0.2857142857142857,0.07446432113647461,3.522803783416748,0.0005218982696533203,0.0009849071502685547,0.07295513153076172
