num_events,utilization,reallocations,changes,failures,reallocated_prop,time_compute,time_apply,time_enum,time_search,time_pp
1,1.0,21,24,0,0.40384615384615385,0.12357306480407715,0.609320878982544,0.01831197738647461,0.09616804122924805,0.009090423583984375
