num_events,utilization,reallocations,changes,failures,reallocated_prop,time_compute,time_apply,time_enum,time_search,time_pp
1,0.11413043478260869,1,0,0,0.0,0.03524899482727051,0.32694220542907715,3.314018249511719e-05,0.00017976760864257812,0.0350344181060791
