num_events,utilization,reallocations,changes,failures,reallocated_prop,time_compute,time_apply,time_enum,time_search,time_pp
1,0.7024456521739131,2,5,0,0.2857142857142857,0.011678457260131836,0.4723987579345703,0.0006096363067626953,0.0007927417755126953,0.010273933410644531
