num_events,utilization,reallocations,changes,failures,reallocated_prop,time_compute,time_apply,time_enum,time_search,time_pp
1,0.32717391304347826,1,0,0,0.0,0.011952400207519531,0.1787872314453125,0.0001125335693359375,0.002183675765991211,0.00965428352355957
