num_events,utilization,reallocations,changes,failures,reallocated_prop,time_compute,time_apply,time_enum,time_search,time_pp
1,0.02391304347826087,1,0,0,0.0,0.010384559631347656,0.08414006233215332,0.00011944770812988281,0.0002105236053466797,0.010053157806396484
