num_events,utilization,reallocations,changes,failures,reallocated_prop,time_compute,time_apply,time_enum,time_search,time_pp
1,0.2391304347826087,1,0,0,0.0,0.0099029541015625,0.12277913093566895,3.409385681152344e-05,0.00011920928955078125,0.009747982025146484
