num_events,utilization,reallocations,changes,failures,reallocated_prop,time_compute,time_apply,time_enum,time_search,time_pp
1,0.05543478260869565,1,0,0,0.0,0.010066509246826172,0.09511780738830566,9.489059448242188e-05,0.00040411949157714844,0.00956583023071289
