num_events,utilization,reallocations,changes,failures,reallocated_prop,time_compute,time_apply,time_enum,time_search,time_pp
1,0.65,44,78,0,0.11224489795918367,0.018425464630126953,0.31099414825439453,0.0006031990051269531,0.007899999618530273,0.009919881820678711
