num_events,utilization,reallocations,changes,failures,reallocated_prop,time_compute,time_apply,time_enum,time_search,time_pp
1,0.04728260869565217,1,0,0,0.0,0.019003629684448242,0.1729743480682373,9.799003601074219e-05,0.0007300376892089844,0.018173694610595703
