num_events,utilization,reallocations,changes,failures,reallocated_prop,time_compute,time_apply,time_enum,time_search,time_pp
1,0.10869565217391304,1,0,0,0.0,0.010463953018188477,0.10688972473144531,9.489059448242188e-05,0.0007634162902832031,0.009604454040527344
