num_events,utilization,reallocations,changes,failures,reallocated_prop,time_compute,time_apply,time_enum,time_search,time_pp
1,0.035869565217391305,1,0,0,0.0,0.009025096893310547,0.07809281349182129,9.489059448242188e-05,0.0002307891845703125,0.008697986602783203
