num_events,utilization,reallocations,changes,failures,reallocated_prop,time_compute,time_apply,time_enum,time_search,time_pp
1,1.0,9,27,0,0.021634615384615384,0.14368367195129395,0.5713579654693604,0.014679431915283203,0.11914324760437012,0.009859085083007812
