num_events,utilization,reallocations,changes,failures,reallocated_prop,time_compute,time_apply,time_enum,time_search,time_pp
1,0.7567934782608695,21,43,0,0.5121951219512195,0.011687755584716797,0.47048139572143555,0.0005021095275878906,0.0017735958099365234,0.00941014289855957
