num_events,utilization,reallocations,changes,failures,reallocated_prop,time_compute,time_apply,time_enum,time_search,time_pp
1,0.6624320652173913,6,5,0,0.45454545454545453,0.035492897033691406,1.7806687355041504,3.4809112548828125e-05,7.367134094238281e-05,0.035382986068725586
