num_events,utilization,reallocations,changes,failures,reallocated_prop,time_compute,time_apply,time_enum,time_search,time_pp
1,0.10217391304347827,1,0,0,0.0,0.010477542877197266,0.10546231269836426,9.655952453613281e-05,0.0007977485656738281,0.009581565856933594
