num_events,utilization,reallocations,changes,failures,reallocated_prop,time_compute,time_apply
1,0.8940217391304348,24,38,0,0.5714285714285714,0.013644933700561523,0.5743904113769531
