num_events,utilization,reallocations,changes,failures,reallocated_prop,time_compute,time_apply
1,0.8067934782608696,10,10,0,0.8181818181818182,0.009394407272338867,0.5140364170074463
