num_events,utilization,reallocations,changes,failures,reallocated_prop,time_compute,time_apply,time_enum,time_search,time_pp
1,0.07472826086956522,1,0,0,0.0,0.07065081596374512,0.5878725051879883,2.9325485229492188e-05,0.00019741058349609375,0.07042193412780762
