num_events,utilization,reallocations,changes,failures,reallocated_prop,time_compute,time_apply
1,0.7972826086956522,5,4,0,0.5714285714285714,0.06477546691894531,0.5437726974487305
