num_events,utilization,reallocations,changes,failures,reallocated_prop,time_compute,time_apply,time_enum,time_search,time_pp
1,0.65,48,88,0,0.16,0.015745162963867188,0.31868815422058105,0.0005257129669189453,0.005995750427246094,0.009222269058227539
