num_events,utilization,reallocations,changes,failures,reallocated_prop,time_compute,time_apply,time_enum,time_search,time_pp
1,1.0,21,48,0,0.09210526315789473,0.09198999404907227,0.5721449851989746,0.014864921569824219,0.06747698783874512,0.009646177291870117
