num_events,utilization,reallocations,changes,failures,reallocated_prop,time_compute,time_apply,time_enum,time_search,time_pp
1,0.6826766304347827,14,24,0,0.4827586206896552,0.03919172286987305,1.8008928298950195,0.0005223751068115234,0.001615762710571289,0.03705143928527832
