num_events,utilization,reallocations,changes,failures,reallocated_prop,time_compute,time_apply,time_enum,time_search,time_pp
1,1.0,28,63,0,0.16666666666666666,0.07542681694030762,0.5694024562835693,0.015381097793579102,0.050385236740112305,0.009658098220825195
