num_events,utilization,reallocations,changes,failures,reallocated_prop,time_compute,time_apply
1,0.7145040760869565,7,7,0,0.35294117647058826,0.07300901412963867,3.9103915691375732
