num_events,utilization,reallocations,changes,failures,reallocated_prop,time_compute,time_apply,time_enum,time_search,time_pp
1,0.65,17,31,0,0.4146341463414634,0.02019214630126953,0.599294900894165,0.0004978179931640625,0.0011248588562011719,0.018567562103271484
