num_events,utilization,reallocations,changes,failures,reallocated_prop,time_compute,time_apply,time_enum,time_search,time_pp
1,1.0,6,9,0,0.375,0.06727266311645508,0.6014862060546875,0.018311023712158203,0.039696693420410156,0.009262323379516602
