num_events,utilization,reallocations,changes,failures,reallocated_prop,time_compute,time_apply,time_enum,time_search,time_pp
1,0.55,2,2,0,0.2,0.06996321678161621,2.0598230361938477,0.0004994869232177734,0.0003371238708496094,0.06912422180175781
