num_events,utilization,reallocations,changes,failures,reallocated_prop,time_compute,time_apply,time_enum,time_search,time_pp
1,0.65,46,109,0,0.26285714285714284,0.013958454132080078,0.3248581886291504,0.0005037784576416016,0.0038404464721679688,0.009612798690795898
