num_events,utilization,reallocations,changes,failures,reallocated_prop,time_compute,time_apply,time_enum,time_search,time_pp
1,1.0,8,11,0,0.3076923076923077,0.034833431243896484,0.5721018314361572,0.014814615249633789,0.010667800903320312,0.009348630905151367
