num_events,utilization,reallocations,changes,failures,reallocated_prop,time_compute,time_apply,time_enum,time_search,time_pp
1,0.6650135869565217,10,9,0,0.34615384615384615,0.07032990455627441,3.489427328109741,9.918212890625e-05,0.0004608631134033203,0.06976771354675293
