num_events,utilization,reallocations,changes,failures,reallocated_prop,time_compute,time_apply,time_enum,time_search,time_pp
1,1.0,42,70,0,0.21761658031088082,0.08297443389892578,0.583836555480957,0.01481008529663086,0.05844831466674805,0.009714126586914062
