num_events,utilization,reallocations,changes,failures,reallocated_prop,time_compute,time_apply,time_enum,time_search,time_pp
1,1.0,57,99,0,0.25333333333333335,0.09115839004516602,0.5863301753997803,0.014823436737060547,0.06682372093200684,0.009508848190307617
