num_events,utilization,reallocations,changes,failures,reallocated_prop,time_compute,time_apply,time_enum,time_search,time_pp
1,0.65,35,61,0,0.21084337349397592,0.013087272644042969,0.31525230407714844,0.0004987716674804688,0.003431081771850586,0.009155511856079102
