num_events,utilization,reallocations,changes,failures,reallocated_prop,time_compute,time_apply,time_enum,time_search,time_pp
1,0.65,83,134,0,0.20145631067961164,0.018880605697631836,0.3320751190185547,0.0005078315734863281,0.008425474166870117,0.00994563102722168
