num_events,utilization,reallocations,changes,failures,reallocated_prop,time_compute,time_apply,time_enum
1,0.13043478260869565,1,0,0,0.0,0.010597705841064453,0.1415116786956787,0.00014209747314453125
