num_events,utilization,reallocations,changes,failures,reallocated_prop,time_compute,time_apply,time_enum,time_search,time_pp
1,0.27391304347826084,1,0,0,0.0,0.01135563850402832,0.16003084182739258,9.512901306152344e-05,0.0017292499542236328,0.009529829025268555
