num_events,utilization,reallocations,changes,failures,reallocated_prop,time_compute,time_apply,time_enum,time_search,time_pp
1,0.7255434782608695,7,15,0,0.3888888888888889,0.010893106460571289,0.4599015712738037,0.0004956722259521484,0.0010495185852050781,0.009346246719360352
