num_events,utilization,reallocations,changes,failures,reallocated_prop,time_compute,time_apply,time_enum,time_search,time_pp
1,0.65,14,34,0,0.3333333333333333,0.010642051696777344,0.29473376274108887,0.0004227161407470703,0.0010297298431396484,0.009187936782836914
