num_events,utilization,reallocations,changes,failures,reallocated_prop,time_compute,time_apply,time_enum,time_search,time_pp
1,0.65,10,24,0,0.3333333333333333,0.011272192001342773,0.32320380210876465,0.0005052089691162109,0.0009474754333496094,0.00981760025024414
