num_events,utilization,reallocations,changes,failures,reallocated_prop,time_compute,time_apply,time_enum,time_search,time_pp
1,0.03152173913043478,1,0,0,0.0,0.010017871856689453,0.0946359634399414,8.320808410644531e-05,0.0002124309539794922,0.009720563888549805
