num_events,utilization,reallocations,changes,failures,reallocated_prop,time_compute,time_apply,time_enum,time_search,time_pp
1,0.16195652173913044,1,0,0,0.0,0.13826894760131836,0.1936492919921875,0.017632007598876953,0.11137080192565918,0.009263992309570312
