num_events,utilization,reallocations,changes,failures,reallocated_prop,time_compute,time_apply,time_enum,time_search,time_pp
1,0.0,0,0,0,0.0,0.027199745178222656,0.03415060043334961,0.014588117599487305,0.0031087398529052734,0.009500503540039062
