num_events,utilization,reallocations,changes,failures,reallocated_prop,time_compute,time_apply,time_enum,time_search,time_pp
1,0.65,25,47,0,0.15337423312883436,0.016587257385253906,0.378950834274292,0.000682830810546875,0.0036640167236328125,0.012238740921020508
