num_events,utilization,reallocations,changes,failures,reallocated_prop,time_compute,time_apply,time_enum,time_search,time_pp
1,0.39891304347826084,1,0,0,0.0,0.010340690612792969,0.19005870819091797,8.034706115722656e-05,0.0009741783142089844,0.009284734725952148
