num_events,utilization,reallocations,changes,failures,reallocated_prop,time_compute,time_apply,time_enum,time_search,time_pp
1,0.65,12,29,0,0.32432432432432434,0.037487030029296875,1.196852684020996,0.0004956722259521484,0.001094818115234375,0.035894155502319336
