num_events,utilization,reallocations,changes,failures,reallocated_prop,time_compute,time_apply,time_enum,time_search,time_pp
1,0.665421195652174,2,5,0,0.25,0.038893938064575195,1.7878973484039307,0.0005602836608886719,0.0008361339569091797,0.03749561309814453
