num_events,utilization,reallocations,changes,failures,reallocated_prop,time_compute,time_apply,time_enum,time_search,time_pp
1,0.7635869565217391,79,148,0,0.5448275862068965,0.013817548751831055,0.49756836891174316,0.0005049705505371094,0.003992795944213867,0.009318113327026367
