num_events,utilization,reallocations,changes,failures,reallocated_prop,time_compute,time_apply,time_enum,time_search,time_pp
1,0.24456521739130435,1,0,0,0.0,0.011273384094238281,0.1514110565185547,9.226799011230469e-05,0.0015954971313476562,0.00958395004272461
