num_events,utilization,reallocations,changes,failures,reallocated_prop,time_compute,time_apply,time_enum,time_search,time_pp
1,0.65,5,12,0,0.3125,0.01924920082092285,0.6133217811584473,0.0004904270172119141,0.0005900859832763672,0.018166542053222656
