num_events,utilization,reallocations,changes,failures,reallocated_prop,time_compute,time_apply,time_enum,time_search,time_pp
1,0.65,80,128,0,0.19559902200489,0.01885533332824707,0.3306546211242676,0.0005090236663818359,0.00838017463684082,0.0099639892578125
