num_events,utilization,reallocations,changes,failures,reallocated_prop,time_compute,time_apply,time_enum,time_search,time_pp
1,0.021739130434782608,1,0,0,0.0,0.07284998893737793,0.48164796829223633,3.4332275390625e-05,7.581710815429688e-05,0.0727379322052002
