num_events,utilization,reallocations,changes,failures,reallocated_prop,time_compute,time_apply
1,0.7652173913043478,11,10,0,0.5555555555555556,0.00937199592590332,0.4889824390411377
