num_events,utilization,reallocations,changes,failures,reallocated_prop,time_compute,time_apply,time_enum,time_search,time_pp
1,0.65,16,39,0,0.32653061224489793,0.011039257049560547,0.29668474197387695,0.00042939186096191406,0.0013110637664794922,0.009296894073486328
