num_events,utilization,reallocations,changes,failures,reallocated_prop,time_compute,time_apply,time_enum,time_search,time_pp
1,1.0,10,20,0,0.2127659574468085,0.041005611419677734,0.5738205909729004,0.014910459518432617,0.01655101776123047,0.009543180465698242
