num_events,utilization,reallocations,changes,failures,reallocated_prop,time_compute,time_apply,time_enum,time_search,time_pp
1,0.7092391304347826,6,5,0,0.35714285714285715,0.010482549667358398,0.48397326469421387,0.0001068115234375,0.0002562999725341797,0.010117769241333008
