num_events,utilization,reallocations,changes,failures,reallocated_prop,time_compute,time_apply,time_enum,time_search,time_pp
1,1.0,44,132,0,0.11253196930946291,0.13930797576904297,0.5954606533050537,0.01481771469116211,0.11449718475341797,0.009990930557250977
