num_events,utilization,reallocations,changes,failures,reallocated_prop,time_compute,time_apply,time_enum,time_search,time_pp
1,0.65,63,144,0,0.2985781990521327,0.017836809158325195,0.39026403427124023,0.0006825923919677734,0.004750251770019531,0.012402057647705078
