num_events,utilization,reallocations,changes,failures,reallocated_prop,time_compute,time_apply,time_enum,time_search,time_pp
1,1.0,15,45,0,0.0473186119873817,0.11598634719848633,0.5749166011810303,0.014807462692260742,0.09133744239807129,0.00983881950378418
