num_events,utilization,reallocations,changes,failures,reallocated_prop,time_compute,time_apply,time_enum,time_search,time_pp
1,0.012228260869565218,1,0,0,0.0,0.07635116577148438,0.6158370971679688,0.00010061264038085938,0.0007255077362060547,0.07552242279052734
