num_events,utilization,reallocations,changes,failures,reallocated_prop,time_compute,time_apply,time_enum,time_search,time_pp
1,0.6702445652173913,14,15,0,0.48148148148148145,0.07412910461425781,3.5055465698242188,3.504753112792969e-05,0.00023174285888671875,0.07385945320129395
