num_events,utilization,reallocations,changes,failures,reallocated_prop,time_compute,time_apply
1,0.9067934782608695,8,8,0,0.6363636363636364,0.22965312004089355,0.545743465423584
