num_events,utilization,reallocations,changes,failures,reallocated_prop,time_compute,time_apply,time_enum,time_search,time_pp
1,0.004347826086956522,1,0,0,0.0,0.010213613510131836,0.07851457595825195,0.00011324882507324219,7.414817810058594e-05,0.010024547576904297
