num_events,utilization,reallocations,changes,failures,reallocated_prop,time_compute,time_apply,time_enum,time_search,time_pp
1,0.65,20,38,0,0.4166666666666667,0.03804302215576172,1.1984357833862305,0.0005002021789550781,0.0012984275817871094,0.03624272346496582
