num_events,utilization,reallocations,changes,failures,reallocated_prop,time_compute,time_apply,time_enum,time_search,time_pp
1,0.34891304347826085,1,0,0,0.0,0.2758944034576416,0.27898597717285156,0.01944589614868164,0.2466437816619873,0.00980234146118164
