num_events,utilization,reallocations,changes,failures,reallocated_prop,time_compute,time_apply,time_enum,time_search,time_pp
1,0.13695652173913042,1,0,0,0.0,0.12706255912780762,0.18815827369689941,0.021546125411987305,0.0961766242980957,0.009336471557617188
