num_events,utilization,reallocations,changes,failures,reallocated_prop,time_compute,time_apply
1,0.7021739130434783,3,2,0,0.3333333333333333,0.043242454528808594,0.5125999450683594
