num_events,utilization,reallocations,changes,failures,reallocated_prop,time_compute,time_apply
1,0.7638586956521739,9,9,0,0.7272727272727273,0.009152889251708984,0.5260350704193115
