num_events,utilization,reallocations,changes,failures,reallocated_prop,time_compute,time_apply,time_enum,time_search,time_pp
1,0.06195652173913044,1,0,0,0.0,0.010252714157104492,0.09180259704589844,9.512901306152344e-05,0.0004894733428955078,0.009666681289672852
