num_events,utilization,reallocations,changes,failures,reallocated_prop,time_compute,time_apply,time_enum,time_search,time_pp
1,0.6644021739130435,8,8,0,0.5,0.03600645065307617,1.717487096786499,3.504753112792969e-05,9.059906005859375e-05,0.03587818145751953
