num_events,utilization,reallocations,changes,failures,reallocated_prop,time_compute,time_apply,time_enum,time_search,time_pp
1,0.2326086956521739,1,0,0,0.0,0.19367003440856934,0.2380988597869873,0.01837301254272461,0.16554880142211914,0.009745359420776367
