num_events,utilization,reallocations,changes,failures,reallocated_prop,time_compute,time_apply,time_enum,time_search,time_pp
1,0.02391304347826087,1,0,0,0.0,0.048122406005859375,0.14155220985412598,0.01842808723449707,0.020427465438842773,0.009265422821044922
