num_events,utilization,reallocations,changes,failures,reallocated_prop,time_compute,time_apply
1,0.9622282608695653,4,6,0,0.3333333333333333,0.014197826385498047,0.5565586090087891
