num_events,utilization,reallocations,changes,failures,reallocated_prop,time_compute,time_apply,time_enum,time_search,time_pp
1,0.34891304347826085,1,0,0,0.0,0.011892318725585938,0.1866285800933838,9.465217590332031e-05,0.0021920204162597656,0.009603738784790039
