num_events,utilization,reallocations,changes,failures,reallocated_prop,time_compute,time_apply
1,0.7567934782608695,6,6,0,0.3333333333333333,0.0195159912109375,1.0136427879333496
