num_events,utilization,reallocations,changes,failures,reallocated_prop,time_compute,time_apply,time_enum,time_search,time_pp
1,0.10217391304347827,1,0,0,0.0,0.10011005401611328,0.17355632781982422,0.01978921890258789,0.07108759880065918,0.0092315673828125
