num_events,utilization,reallocations,changes,failures,reallocated_prop,time_compute,time_apply,time_enum,time_search,time_pp
1,0.07336956521739131,1,0,0,0.0,0.03692483901977539,0.29758644104003906,3.4332275390625e-05,0.00012302398681640625,0.03676581382751465
