num_events,utilization,reallocations,changes,failures,reallocated_prop,time_compute,time_apply
1,0.9059782608695652,90,110,0,0.6040268456375839,0.015068292617797852,0.5645308494567871
