num_events,utilization,reallocations,changes,failures,reallocated_prop,time_compute,time_apply
1,0.7196671195652173,16,24,0,0.45714285714285713,0.07226014137268066,3.7848422527313232
