num_events,utilization,reallocations,changes,failures,reallocated_prop,time_compute,time_apply,time_enum,time_search,time_pp
1,0.5543478260869565,1,0,0,0.0,0.0671854019165039,0.3410029411315918,0.014276266098022461,0.042172908782958984,0.010733604431152344
