num_events,utilization,reallocations,changes,failures,reallocated_prop,time_compute,time_apply,time_enum,time_search,time_pp
1,0.65,111,213,0,0.24078091106290672,0.02025318145751953,0.34273672103881836,0.0005121231079101562,0.009792804718017578,0.009946107864379883
