num_events,utilization,reallocations,changes,failures,reallocated_prop,time_compute,time_apply
1,0.8432065217391305,7,10,0,0.4117647058823529,0.012933015823364258,0.5533106327056885
