num_events,utilization,reallocations,changes,failures,reallocated_prop,time_compute,time_apply,time_enum,time_search,time_pp
1,0.65,17,27,0,0.04533333333333334,0.018091678619384766,0.316861629486084,0.0005021095275878906,0.007896184921264648,0.009691238403320312
