num_events,utilization,reallocations,changes,failures,reallocated_prop,time_compute,time_apply,time_enum,time_search,time_pp
1,0.02690217391304348,1,0,0,0.0,0.03702259063720703,0.3154008388519287,9.799003601074219e-05,0.0007762908935546875,0.03614640235900879
