num_events,utilization,reallocations,changes,failures,reallocated_prop,time_compute,time_apply,time_enum,time_search,time_pp
1,0.15543478260869564,1,0,0,0.0,0.011110067367553711,0.12261509895324707,0.00010418891906738281,0.0012047290802001953,0.009799480438232422
