num_events,utilization,reallocations,changes,failures,reallocated_prop,time_compute,time_apply,time_enum,time_search,time_pp
1,0.5173913043478261,1,0,0,0.0,0.3686079978942871,0.3520493507385254,0.01959395408630371,0.33921146392822266,0.009800910949707031
