num_events,utilization,reallocations,changes,failures,reallocated_prop,time_compute,time_apply,time_enum,time_search,time_pp
1,1.0,16,17,0,0.1702127659574468,0.16582226753234863,0.6464369297027588,0.018460512161254883,0.13783836364746094,0.009521245956420898
