num_events,utilization,reallocations,changes,failures,reallocated_prop,time_compute,time_apply,time_enum,time_search,time_pp
1,0.65,42,84,0,0.24705882352941178,0.013356447219848633,0.3066248893737793,0.0005080699920654297,0.0036416053771972656,0.009192705154418945
