num_events,utilization,reallocations,changes,failures,reallocated_prop,time_compute,time_apply,time_enum,time_search,time_pp
1,0.7635869565217391,29,56,0,0.4915254237288136,0.01201176643371582,0.49164700508117676,0.0004990100860595703,0.0021762847900390625,0.009335041046142578
