num_events,utilization,reallocations,changes,failures,reallocated_prop,time_compute,time_apply
1,0.7049932065217391,4,4,0,0.5714285714285714,0.07491660118103027,3.730696439743042
