num_events,utilization,reallocations,changes,failures,reallocated_prop,time_compute,time_apply,time_enum,time_search,time_pp
1,1.0,29,66,0,0.19594594594594594,0.06852483749389648,0.5819242000579834,0.014788627624511719,0.044068336486816406,0.009664773941040039
