num_events,utilization,reallocations,changes,failures,reallocated_prop,time_compute,time_apply,time_enum,time_search,time_pp
1,1.0,23,51,0,0.3108108108108108,0.09477376937866211,0.6075248718261719,0.012872695922851562,0.07276248931884766,0.009136199951171875
