num_events,utilization,reallocations,changes,failures,reallocated_prop,time_compute,time_apply,time_enum,time_search,time_pp
1,0.65,17,31,0,0.4358974358974359,0.07107353210449219,2.3398258686065674,0.0005180835723876953,0.0009562969207763672,0.06959772109985352
