num_events,utilization,reallocations,changes,failures,reallocated_prop,time_compute,time_apply,time_enum,time_search,time_pp
1,0.65,23,40,0,0.060526315789473685,0.01828312873840332,0.3207221031188965,0.0005066394805908203,0.007995367050170898,0.009778976440429688
