num_events,utilization,reallocations,changes,failures,reallocated_prop,time_compute,time_apply,time_enum,time_search,time_pp
1,1.0,28,60,0,0.3333333333333333,0.09325265884399414,0.6345772743225098,0.014724016189575195,0.06897711753845215,0.009548664093017578
