num_events,utilization,reallocations,changes,failures,reallocated_prop,time_compute,time_apply,time_enum,time_search,time_pp
1,1.0,22,63,0,0.1527777777777778,0.06563091278076172,0.5578427314758301,0.013600349426269531,0.0429081916809082,0.009120464324951172
