num_events,utilization,reallocations,changes,failures,reallocated_prop,time_compute,time_apply,time_enum,time_search,time_pp
1,0.7464673913043478,8,7,0,0.3684210526315789,0.009468317031860352,0.46123600006103516,3.3855438232421875e-05,0.00012135505676269531,0.009310722351074219
