num_events,utilization,reallocations,changes,failures,reallocated_prop,time_compute,time_apply,time_enum,time_search,time_pp
1,0.34782608695652173,1,0,0,0.0,0.27462148666381836,0.28638672828674316,0.021666765213012695,0.24261689186096191,0.010335445404052734
