num_events,utilization,reallocations,changes,failures,reallocated_prop,time_compute,time_apply,time_enum,time_search,time_pp
1,0.33369565217391306,1,0,0,0.0,0.011883258819580078,0.18010234832763672,9.417533874511719e-05,0.002061128616333008,0.009726524353027344
