num_events,utilization,reallocations,changes,failures,reallocated_prop,time_compute,time_apply,time_enum,time_search,time_pp
1,0.013043478260869565,1,0,0,0.0,0.03632521629333496,0.2999725341796875,8.58306884765625e-05,0.00033855438232421875,0.03589916229248047
