num_events,utilization,reallocations,changes,failures,reallocated_prop,time_compute,time_apply
1,0.9059782608695652,23,40,0,0.17692307692307693,0.015684127807617188,0.5555636882781982
