num_events,utilization,reallocations,changes,failures,reallocated_prop,time_compute,time_apply
1,0.7137907608695652,9,12,0,0.47368421052631576,0.0725553035736084,3.8455615043640137
