num_events,utilization,reallocations,changes,failures,reallocated_prop,time_compute,time_apply,time_enum,time_search,time_pp
1,0.3641304347826087,1,0,0,0.0,0.012192249298095703,0.19099068641662598,9.608268737792969e-05,0.002309083938598633,0.00978541374206543
