num_events,utilization,reallocations,changes,failures,reallocated_prop,time_compute,time_apply,time_enum,time_search,time_pp
1,1.0,27,81,0,0.09310344827586207,0.10998725891113281,0.5798354148864746,0.014705896377563477,0.08540153503417969,0.009877920150756836
