num_events,utilization,reallocations,changes,failures,reallocated_prop,time_compute,time_apply,time_enum,time_search,time_pp
1,0.65,5,9,0,0.38461538461538464,0.01097559928894043,0.3315887451171875,0.0005571842193603516,0.0005748271942138672,0.0098419189453125
