num_events,utilization,reallocations,changes,failures,reallocated_prop,time_compute,time_apply,time_enum,time_search,time_pp
1,0.65,7,17,0,0.3181818181818182,0.07041263580322266,2.2883145809173584,0.0004963874816894531,0.0006606578826904297,0.06925320625305176
