num_events,utilization,reallocations,changes,failures,reallocated_prop,time_compute,time_apply,time_enum,time_search,time_pp
1,0.057608695652173914,1,0,0,0.0,0.07031583786010742,0.15566444396972656,0.018887042999267578,0.04225754737854004,0.00916910171508789
