num_events,utilization,reallocations,changes,failures,reallocated_prop,time_compute,time_apply,time_enum,time_search,time_pp
1,0.6671535326086957,7,6,0,0.2727272727272727,0.06838798522949219,3.4124159812927246,0.00010061264038085938,0.0005104541778564453,0.06777477264404297
