num_events,utilization,reallocations,changes,failures,reallocated_prop,time_compute,time_apply,time_enum,time_search,time_pp
1,0.2418478260869565,1,0,0,0.0,0.03590655326843262,0.48299503326416016,3.0040740966796875e-05,0.0003209114074707031,0.035553693771362305
