num_events,utilization,reallocations,changes,failures,reallocated_prop,time_compute,time_apply,time_enum,time_search,time_pp
1,0.65,7,17,0,0.3333333333333333,0.03695964813232422,1.2095732688903809,0.0005025863647460938,0.0007126331329345703,0.03574180603027344
