num_events,utilization,reallocations,changes,failures,reallocated_prop,time_compute,time_apply,time_enum,time_search,time_pp
1,0.14130434782608695,1,0,0,0.0,0.1277322769165039,0.1923389434814453,0.018170595169067383,0.10011863708496094,0.009441375732421875
