num_events,utilization,reallocations,changes,failures,reallocated_prop,time_compute,time_apply,time_enum,time_search,time_pp
1,0.7635869565217391,49,96,0,0.4152542372881356,0.01325845718383789,0.48636555671691895,0.0005235671997070312,0.003431081771850586,0.009302139282226562
