num_events,utilization,reallocations,changes,failures,reallocated_prop,time_compute,time_apply,time_enum,time_search,time_pp
1,0.03260869565217391,1,0,0,0.0,0.029868602752685547,0.13048624992370605,0.015158653259277344,0.005208730697631836,0.009498834609985352
