num_events,utilization,reallocations,changes,failures,reallocated_prop,time_compute,time_apply,time_enum,time_search,time_pp
1,0.12608695652173912,1,0,0,0.0,0.11468219757080078,0.18601584434509277,0.017826557159423828,0.08759045600891113,0.009262800216674805
