num_events,utilization,reallocations,changes,failures,reallocated_prop,time_compute,time_apply,time_enum,time_search,time_pp
1,0.20652173913043478,1,0,0,0.0,0.03705787658691406,0.45279812812805176,3.4809112548828125e-05,0.0003190040588378906,0.03670191764831543
