num_events,utilization,reallocations,changes,failures,reallocated_prop,time_compute,time_apply
1,0.9146739130434782,94,168,0,0.562874251497006,0.017098188400268555,0.5762612819671631
