num_events,utilization,reallocations,changes,failures,reallocated_prop,time_compute,time_apply,time_enum,time_search,time_pp
1,0.65,37,67,0,0.38144329896907214,0.011973381042480469,0.3018369674682617,0.0004913806915283203,0.002315998077392578,0.009164571762084961
