num_events,utilization,reallocations,changes,failures,reallocated_prop,time_compute,time_apply,time_enum,time_search,time_pp
1,0.3010869565217391,1,0,0,0.0,0.22684216499328613,0.2476663589477539,0.017229557037353516,0.20049142837524414,0.009119033813476562
