num_events,utilization,reallocations,changes,failures,reallocated_prop,time_compute,time_apply,time_enum,time_search,time_pp
1,0.05434782608695652,1,0,0,0.0,0.07293057441711426,0.5356624126434326,3.528594970703125e-05,0.00017642974853515625,0.07271671295166016
