num_events,utilization,reallocations,changes,failures,reallocated_prop,time_compute,time_apply,time_enum,time_search,time_pp
1,1.0,20,29,0,0.0641025641025641,0.1162571907043457,0.5716383457183838,0.014688730239868164,0.09175920486450195,0.009807348251342773
