num_events,utilization,reallocations,changes,failures,reallocated_prop,time_compute,time_apply,time_enum,time_search,time_pp
1,0.015217391304347827,1,0,0,0.0,0.01845526695251465,0.15230894088745117,9.799003601074219e-05,0.00024175643920898438,0.01811385154724121
