num_events,utilization,reallocations,changes,failures,reallocated_prop,time_compute,time_apply
1,0.7064198369565218,4,3,0,0.42857142857142855,0.07405900955200195,3.932713747024536
