num_events,utilization,reallocations,changes,failures,reallocated_prop,time_compute,time_apply,time_enum,time_search,time_pp
1,0.65,22,41,0,0.4230769230769231,0.011367559432983398,0.31573057174682617,0.0005168914794921875,0.001355886459350586,0.009493112564086914
