num_events,utilization,reallocations,changes,failures,reallocated_prop,time_compute,time_apply,time_enum,time_search,time_pp
1,0.7510869565217392,6,5,0,0.3333333333333333,0.009656190872192383,0.47078824043273926,3.528594970703125e-05,0.000125885009765625,0.009493350982666016
