num_events,utilization,reallocations,changes,failures,reallocated_prop,time_compute,time_apply
1,0.9059782608695652,62,149,0,0.4246575342465753,0.016852140426635742,0.5570666790008545
