num_events,utilization,reallocations,changes,failures,reallocated_prop,time_compute,time_apply,time_enum,time_search,time_pp
1,0.02282608695652174,1,0,0,0.0,0.0473783016204834,0.13955378532409668,0.018342256546020508,0.019949674606323242,0.009084224700927734
