num_events,utilization,reallocations,changes,failures,reallocated_prop,time_compute,time_apply,time_enum,time_search,time_pp
1,1.0,50,111,0,0.13123359580052493,0.13388538360595703,0.5865058898925781,0.014832496643066406,0.10885334014892578,0.010197162628173828
