num_events,utilization,reallocations,changes,failures,reallocated_prop,time_compute,time_apply,time_enum,time_search,time_pp
1,0.004347826086956522,1,0,0,0.0,0.03689932823181152,0.2903275489807129,9.894371032714844e-05,0.0001499652862548828,0.03664875030517578
