num_events,utilization,reallocations,changes,failures,reallocated_prop,time_compute,time_apply
1,0.716304347826087,6,6,0,0.7142857142857143,0.008655786514282227,0.490689754486084
