num_events,utilization,reallocations,changes,failures,reallocated_prop,time_compute,time_apply,time_enum,time_search,time_pp
1,0.7332880434782608,7,6,0,0.2222222222222222,0.01955437660217285,0.913985013961792,9.989738464355469e-05,0.0005774497985839844,0.018874168395996094
