num_events,utilization,reallocations,changes,failures,reallocated_prop,time_compute,time_apply,time_enum,time_search,time_pp
1,0.013179347826086957,1,0,0,0.0,0.07762384414672852,0.6315150260925293,9.751319885253906e-05,0.0007750988006591797,0.07674980163574219
