num_events,utilization,reallocations,changes,failures,reallocated_prop,time_compute,time_apply,time_enum,time_search,time_pp
1,0.03260869565217391,1,0,0,0.0,0.01840949058532715,0.12494659423828125,3.3855438232421875e-05,3.814697265625e-05,0.018336057662963867
