num_events,utilization,reallocations,changes,failures,reallocated_prop,time_compute,time_apply,time_enum,time_search,time_pp
1,0.6755434782608696,6,5,0,0.3333333333333333,0.019572973251342773,0.9101772308349609,0.00010800361633300781,0.0002484321594238281,0.019214391708374023
