num_events,utilization,reallocations,changes,failures,reallocated_prop,time_compute,time_apply,time_enum,time_search,time_pp
1,0.7635869565217391,45,75,0,0.5232558139534884,0.012508630752563477,0.48553943634033203,0.0005061626434326172,0.0027589797973632812,0.009241819381713867
