num_events,utilization,reallocations,changes,failures,reallocated_prop,time_compute,time_apply,time_enum,time_search,time_pp
1,0.65,31,57,0,0.3780487804878049,0.012030363082885742,0.3140294551849365,0.0004949569702148438,0.00189971923828125,0.009633302688598633
