num_events,utilization,reallocations,changes,failures,reallocated_prop,time_compute,time_apply,time_enum,time_search,time_pp
1,0.043478260869565216,1,0,0,0.0,0.03573894500732422,0.26184725761413574,3.4809112548828125e-05,7.700920104980469e-05,0.03562593460083008
