num_events,utilization,reallocations,changes,failures,reallocated_prop,time_compute,time_apply,time_enum,time_search,time_pp
1,1.0,30,51,0,0.2542372881355932,0.060727596282958984,0.5719435214996338,0.014871597290039062,0.03627729415893555,0.00957632064819336
