num_events,utilization,reallocations,changes,failures,reallocated_prop,time_compute,time_apply,time_enum,time_search,time_pp
1,0.11956521739130435,1,0,0,0.0,0.018968582153320312,0.17764997482299805,3.5762786865234375e-05,0.00010943412780761719,0.01882147789001465
