num_events,utilization,reallocations,changes,failures,reallocated_prop,time_compute,time_apply
1,0.7123641304347826,12,13,0,0.7857142857142857,0.07280373573303223,3.9121880531311035
