num_events,utilization,reallocations,changes,failures,reallocated_prop,time_compute,time_apply,time_enum,time_search,time_pp
1,0.6743885869565217,9,8,0,0.27586206896551724,0.03662514686584473,1.772890329360962,0.00010061264038085938,0.00046944618225097656,0.03605318069458008
