num_events,utilization,reallocations,changes,failures,reallocated_prop,time_compute,time_apply,time_enum,time_search,time_pp
1,0.09782608695652174,1,0,0,0.0,0.010516881942749023,0.10646629333496094,0.00010514259338378906,0.0007691383361816406,0.009641408920288086
