num_events,utilization,reallocations,changes,failures,reallocated_prop,time_compute,time_apply
1,0.9059782608695652,23,37,0,0.34328358208955223,0.014127492904663086,0.5869693756103516
