num_events,utilization,reallocations,changes,failures,reallocated_prop,time_compute,time_apply,time_enum,time_search,time_pp
1,0.17391304347826086,1,0,0,0.0,0.011689901351928711,0.1348707675933838,0.00010180473327636719,0.001252889633178711,0.010333538055419922
