num_events,utilization,reallocations,changes,failures,reallocated_prop,time_compute,time_apply,time_enum,time_search,time_pp
1,0.689945652173913,7,12,0,0.4666666666666667,0.019194841384887695,0.8805568218231201,0.00043582916259765625,0.0009491443634033203,0.017807722091674805
