num_events,utilization,reallocations,changes,failures,reallocated_prop,time_compute,time_apply,time_enum,time_search,time_pp
1,0.65,35,65,0,0.42168674698795183,0.02084803581237793,0.6081407070159912,0.0005397796630859375,0.0019745826721191406,0.018331527709960938
