num_events,utilization,reallocations,changes,failures,reallocated_prop,time_compute,time_apply,time_enum,time_search,time_pp
1,0.5,1,0,0,0.0,0.05769062042236328,0.32193994522094727,0.012960672378540039,0.035056114196777344,0.00967097282409668
