num_events,utilization,reallocations,changes,failures,reallocated_prop,time_compute,time_apply,time_enum,time_search,time_pp
1,0.10108695652173913,1,0,0,0.0,0.011241912841796875,0.1165304183959961,0.00010538101196289062,0.0008146762847900391,0.010320186614990234
