num_events,utilization,reallocations,changes,failures,reallocated_prop,time_compute,time_apply,time_enum,time_search,time_pp
1,0.44565217391304346,1,0,0,0.0,0.053933143615722656,0.29338741302490234,0.012887239456176758,0.03148603439331055,0.009557247161865234
