num_events,utilization,reallocations,changes,failures,reallocated_prop,time_compute,time_apply,time_enum,time_search,time_pp
1,1.0,25,45,0,0.11961722488038277,0.08806252479553223,0.5856027603149414,0.014900922775268555,0.06334471702575684,0.009815216064453125
