num_events,utilization,reallocations,changes,failures,reallocated_prop,time_compute,time_apply,time_enum,time_search,time_pp
1,0.7567934782608695,59,139,0,0.4796747967479675,0.013295412063598633,0.48829102516174316,0.0004973411560058594,0.0034706592559814453,0.009325742721557617
