num_events,utilization,reallocations,changes,failures,reallocated_prop,time_compute,time_apply,time_enum,time_search,time_pp
1,1.0,9,27,0,0.02158273381294964,0.1458265781402588,0.5815799236297607,0.014687061309814453,0.12091207504272461,0.010225296020507812
