num_events,utilization,reallocations,changes,failures,reallocated_prop,time_compute,time_apply,time_enum,time_search,time_pp
1,0.059782608695652176,1,0,0,0.0,0.018769025802612305,0.1412672996520996,3.62396240234375e-05,6.365776062011719e-05,0.01866769790649414
