num_events,utilization,reallocations,changes,failures,reallocated_prop,time_compute,time_apply,time_enum,time_search,time_pp
1,0.4467391304347826,1,0,0,0.0,0.3345654010772705,0.3316028118133545,0.018456459045410156,0.30611300468444824,0.009994029998779297
