num_events,utilization,reallocations,changes,failures,reallocated_prop,time_compute,time_apply,time_enum,time_search,time_pp
1,0.6552309782608695,2,5,0,0.2857142857142857,0.03818511962890625,1.7644257545471191,0.0005486011505126953,0.0005743503570556641,0.03706002235412598
