num_events,utilization,reallocations,changes,failures,reallocated_prop,time_compute,time_apply
1,0.9578804347826086,5,4,0,0.3333333333333333,0.055526018142700195,0.562993049621582
