num_events,utilization,reallocations,changes,failures,reallocated_prop,time_compute,time_apply,time_enum,time_search,time_pp
1,0.513179347826087,2,2,0,0.25,0.01889824867248535,0.7565016746520996,0.0005156993865966797,0.0004901885986328125,0.017890214920043945
