num_events,utilization,reallocations,changes,failures,reallocated_prop,time_compute,time_apply,time_enum,time_search,time_pp
1,1.0,28,49,0,0.25,0.059371232986450195,0.5826015472412109,0.014673948287963867,0.03512382507324219,0.009571552276611328
