num_events,utilization,reallocations,changes,failures,reallocated_prop,time_compute,time_apply,time_enum,time_search,time_pp
1,0.23478260869565218,1,0,0,0.0,0.011127233505249023,0.14917469024658203,0.00012445449829101562,0.0015933513641357422,0.009407997131347656
