num_events,utilization,reallocations,changes,failures,reallocated_prop,time_compute,time_apply,time_enum
1,0.391304347826087,1,0,0,0.0,0.010326862335205078,0.23203706741333008,0.0001327991485595703
