num_events,utilization,reallocations,changes,failures,reallocated_prop,time_compute,time_apply
1,0.9059782608695652,17,41,0,0.40476190476190477,0.01310110092163086,0.5465161800384521
