num_events,utilization,reallocations,changes,failures,reallocated_prop,time_compute,time_apply,time_enum,time_search,time_pp
1,0.3130434782608696,1,0,0,0.0,0.01087498664855957,0.16851210594177246,8.0108642578125e-05,0.0018007755279541016,0.008992671966552734
