num_events,utilization,reallocations,changes,failures,reallocated_prop,time_compute,time_apply,time_enum,time_search,time_pp
1,0.65,28,68,0,0.32941176470588235,0.08079934120178223,2.49230694770813,0.0005209445953369141,0.0021135807037353516,0.07816243171691895
