num_events,utilization,reallocations,changes,failures,reallocated_prop,time_compute,time_apply
1,0.7697010869565217,15,19,0,0.4838709677419355,0.02077460289001465,0.9711892604827881
