num_events,utilization,reallocations,changes,failures,reallocated_prop,time_compute,time_apply,time_enum,time_search,time_pp
1,1.0,6,15,0,0.16666666666666666,0.03742051124572754,0.5703980922698975,0.014681816101074219,0.013357400894165039,0.009380102157592773
