num_events,utilization,reallocations,changes,failures,reallocated_prop,time_compute,time_apply,time_enum,time_search,time_pp
1,0.03858695652173913,1,0,0,0.0,0.019269704818725586,0.16825437545776367,9.822845458984375e-05,0.0005559921264648438,0.018613576889038086
