num_events,utilization,reallocations,changes,failures,reallocated_prop,time_compute,time_apply
1,0.8277173913043478,12,19,0,0.5217391304347826,0.012438297271728516,0.5426857471466064
