num_events,utilization,reallocations,changes,failures,reallocated_prop,time_compute,time_apply
1,0.6603260869565217,3,2,0,0.3333333333333333,0.03669905662536621,1.948305368423462
