num_events,utilization,reallocations,changes,failures,reallocated_prop,time_compute,time_apply,time_enum,time_search,time_pp
1,1.0,36,108,0,0.12121212121212122,0.11526679992675781,0.5803267955780029,0.014706134796142578,0.09078741073608398,0.009770631790161133
