num_events,utilization,reallocations,changes,failures,reallocated_prop,time_compute,time_apply,time_enum,time_search,time_pp
1,0.27608695652173915,1,0,0,0.0,0.010779142379760742,0.15377402305603027,8.20159912109375e-05,0.0016009807586669922,0.009094715118408203
