num_events,utilization,reallocations,changes,failures,reallocated_prop,time_compute,time_apply,time_enum,time_search,time_pp
1,0.720108695652174,13,14,0,0.35294117647058826,0.018728971481323242,0.9324841499328613,3.4809112548828125e-05,0.0001838207244873047,0.018508195877075195
