num_events,utilization,reallocations,changes,failures,reallocated_prop,time_compute,time_apply,time_enum,time_search,time_pp
1,0.6616847826086957,9,9,0,0.5333333333333333,0.036684274673461914,1.7591643333435059,3.4809112548828125e-05,7.843971252441406e-05,0.03656911849975586
