num_events,utilization,reallocations,changes,failures,reallocated_prop,time_compute,time_apply,time_enum,time_search,time_pp
1,0.0967391304347826,1,0,0,0.0,0.009762048721313477,0.09981322288513184,8.296966552734375e-05,0.0006117820739746094,0.009065866470336914
