num_events,utilization,reallocations,changes,failures,reallocated_prop,time_compute,time_apply,time_enum,time_search,time_pp
1,0.5152173913043478,1,0,0,0.0,0.3832221031188965,0.35410451889038086,0.01811361312866211,0.354874849319458,0.010231494903564453
