num_events,utilization,reallocations,changes,failures,reallocated_prop,time_compute,time_apply,time_enum,time_search,time_pp
1,1.0,33,67,0,0.32673267326732675,0.11208963394165039,0.6332530975341797,0.01534414291381836,0.08680248260498047,0.009939908981323242
