num_events,utilization,reallocations,changes,failures,reallocated_prop,time_compute,time_apply,time_enum,time_search,time_pp
1,0.65,28,68,0,0.3333333333333333,0.011721372604370117,0.3029797077178955,0.0004956722259521484,0.0019669532775878906,0.009257316589355469
