num_events,utilization,reallocations,changes,failures,reallocated_prop,time_compute,time_apply,time_enum,time_search,time_pp
1,0.7567934782608695,34,77,0,0.41975308641975306,0.012295246124267578,0.48006629943847656,0.0005004405975341797,0.0025696754455566406,0.009223461151123047
