num_events,utilization,reallocations,changes,failures,reallocated_prop,time_compute,time_apply,time_enum,time_search,time_pp
1,0.532608695652174,3,2,0,0.5,0.014089584350585938,0.3725852966308594,3.743171691894531e-05,3.9577484130859375e-05,0.014010190963745117
