num_events,utilization,reallocations,changes,failures,reallocated_prop,time_compute,time_apply
1,0.7405570652173913,8,14,0,0.36363636363636365,0.04043412208557129,2.014113187789917
