num_events,utilization,reallocations,changes,failures,reallocated_prop,time_compute,time_apply,time_enum,time_search,time_pp
1,1.0,40,58,0,0.16194331983805668,0.09753227233886719,0.5721909999847412,0.014697551727294922,0.07304668426513672,0.009785652160644531
