num_events,utilization,reallocations,changes,failures,reallocated_prop,time_compute,time_apply,time_enum,time_search,time_pp
1,0.65,71,129,0,0.284,0.017429828643798828,0.3836798667907715,0.0006794929504394531,0.005279541015625,0.011468887329101562
