num_events,utilization,reallocations,changes,failures,reallocated_prop,time_compute,time_apply,time_enum,time_search,time_pp
1,0.011956521739130435,1,0,0,0.0,0.010004997253417969,0.0768289566040039,0.0001232624053955078,0.00012564659118652344,0.009754419326782227
