num_events,utilization,reallocations,changes,failures,reallocated_prop,time_compute,time_apply,time_enum,time_search,time_pp
1,1.0,31,43,0,0.31313131313131315,0.05655622482299805,0.5805544853210449,0.01469111442565918,0.032091379165649414,0.009772300720214844
