num_events,utilization,reallocations,changes,failures,reallocated_prop,time_compute,time_apply,time_enum,time_search,time_pp
1,0.4391304347826087,1,0,0,0.0,0.3321802616119385,0.3262820243835449,0.02171778678894043,0.3005988597869873,0.009861469268798828
