num_events,utilization,reallocations,changes,failures,reallocated_prop,time_compute,time_apply,time_enum,time_search,time_pp
1,1.0,102,151,0,0.2947976878612717,0.1279921531677246,0.5902261734008789,0.014902114868164062,0.10303282737731934,0.010054588317871094
