num_events,utilization,reallocations,changes,failures,reallocated_prop,time_compute,time_apply
1,0.7225883152173913,13,19,0,0.4642857142857143,0.07757735252380371,3.9719302654266357
