num_events,utilization,reallocations,changes,failures,reallocated_prop,time_compute,time_apply,time_enum,time_search,time_pp
1,0.65,28,68,0,0.32558139534883723,0.012095451354980469,0.31652069091796875,0.0005075931549072266,0.002063751220703125,0.009522199630737305
