num_events,utilization,reallocations,changes,failures,reallocated_prop,time_compute,time_apply,time_enum,time_search,time_pp
1,1.0,48,58,0,0.1951219512195122,0.09733438491821289,0.5875260829925537,0.014817237854003906,0.07297754287719727,0.009537220001220703
