num_events,utilization,reallocations,changes,failures,reallocated_prop,time_compute,time_apply,time_enum,time_search,time_pp
1,0.65,75,147,0,0.17162471395881007,0.019948244094848633,0.3244762420654297,0.0005910396575927734,0.00935220718383789,0.010002851486206055
