num_events,utilization,reallocations,changes,failures,reallocated_prop,time_compute,time_apply
1,0.7129415760869565,20,21,0,0.8260869565217391,0.07408857345581055,3.9350016117095947
