num_events,utilization,reallocations,changes,failures,reallocated_prop,time_compute,time_apply,time_enum,time_search,time_pp
1,1.0,11,13,0,0.2,0.14087176322937012,0.6239602565765381,0.018820762634277344,0.11266088485717773,0.009387493133544922
