num_events,utilization,reallocations,changes,failures,reallocated_prop,time_compute,time_apply,time_enum,time_search,time_pp
1,0.11521739130434783,1,0,0,0.0,0.10931992530822754,0.18077611923217773,0.018491029739379883,0.08158159255981445,0.009243965148925781
