num_events,utilization,reallocations,changes,failures,reallocated_prop,time_compute,time_apply,time_enum,time_search,time_pp
1,0.057608695652173914,1,0,0,0.0,0.010765314102172852,0.0979311466217041,0.00010395050048828125,0.0004477500915527344,0.010212182998657227
