num_events,utilization,reallocations,changes,failures,reallocated_prop,time_compute,time_apply,time_enum,time_search,time_pp
1,0.07391304347826087,1,0,0,0.0,0.08017516136169434,0.1621105670928955,0.018300771713256836,0.05249285697937012,0.009379386901855469
