num_events,utilization,reallocations,changes,failures,reallocated_prop,time_compute,time_apply,time_enum,time_search,time_pp
1,0.4434782608695652,1,0,0,0.0,0.3316967487335205,0.32564878463745117,0.018363475799560547,0.3032677173614502,0.01006317138671875
