num_events,utilization,reallocations,changes,failures,reallocated_prop,time_compute,time_apply,time_enum,time_search,time_pp
1,0.042391304347826085,1,0,0,0.0,0.010307550430297852,0.0889277458190918,0.00010585784912109375,0.0003421306610107422,0.009858131408691406
