num_events,utilization,reallocations,changes,failures,reallocated_prop,time_compute,time_apply,time_enum,time_search,time_pp
1,0.65,17,31,0,0.4146341463414634,0.010262489318847656,0.2938070297241211,0.0004253387451171875,0.0010211467742919922,0.008814573287963867
