num_events,utilization,reallocations,changes,failures,reallocated_prop,time_compute,time_apply,time_enum,time_search,time_pp
1,0.4891304347826087,1,0,0,0.0,0.3657529354095459,0.34862494468688965,0.02188730239868164,0.33397388458251953,0.009888648986816406
