num_events,utilization,reallocations,changes,failures,reallocated_prop,time_compute,time_apply,time_enum,time_search,time_pp
1,1.0,54,99,0,0.18430034129692832,0.11034584045410156,0.5792257785797119,0.014748811721801758,0.08584856986999512,0.009746074676513672
