num_events,utilization,reallocations,changes,failures,reallocated_prop,time_compute,time_apply,time_enum,time_search,time_pp
1,0.28804347826086957,1,0,0,0.0,0.23792386054992676,0.2649078369140625,0.021825551986694336,0.20629191398620605,0.009803533554077148
