num_events,utilization,reallocations,changes,failures,reallocated_prop,time_compute,time_apply,time_enum,time_search,time_pp
1,0.015217391304347827,1,0,0,0.0,0.018995046615600586,0.14861845970153809,9.942054748535156e-05,0.0002167224884033203,0.0186769962310791
