num_events,utilization,reallocations,changes,failures,reallocated_prop,time_compute,time_apply,time_enum,time_search,time_pp
1,0.65,40,75,0,0.425531914893617,0.020658016204833984,0.6100785732269287,0.0005309581756591797,0.0022077560424804688,0.017917156219482422
