num_events,utilization,reallocations,changes,failures,reallocated_prop,time_compute,time_apply
1,0.8929347826086956,45,66,0,0.30201342281879195,0.017319679260253906,0.5725297927856445
