num_events,utilization,reallocations,changes,failures,reallocated_prop,time_compute,time_apply
1,0.9059782608695652,31,61,0,0.2672413793103448,0.01566600799560547,0.5470643043518066
