num_events,utilization,reallocations,changes,failures,reallocated_prop,time_compute,time_apply,time_enum,time_search,time_pp
1,0.47391304347826085,1,0,0,0.0,0.34377264976501465,0.3380088806152344,0.017869949340820312,0.3160390853881836,0.009862184524536133
