num_events,utilization,reallocations,changes,failures,reallocated_prop,time_compute,time_apply,time_enum,time_search,time_pp
1,0.04891304347826087,1,0,0,0.0,0.009816408157348633,0.08729815483093262,0.00010442733764648438,0.00038886070251464844,0.009321212768554688
