num_events,utilization,reallocations,changes,failures,reallocated_prop,time_compute,time_apply,time_enum,time_search,time_pp
1,0.1282608695652174,1,0,0,0.0,0.1162867546081543,0.18478631973266602,0.017756938934326172,0.08916711807250977,0.009361028671264648
