num_events,utilization,reallocations,changes,failures,reallocated_prop,time_compute,time_apply,time_enum,time_search,time_pp
1,0.002173913043478261,1,0,0,0.0,0.018552064895629883,0.14249801635742188,9.799003601074219e-05,6.771087646484375e-05,0.018384456634521484
