num_events,utilization,reallocations,changes,failures,reallocated_prop,time_compute,time_apply,time_enum,time_search,time_pp
1,0.6777173913043478,6,5,0,0.45454545454545453,0.018283367156982422,0.9103126525878906,3.4809112548828125e-05,9.965896606445312e-05,0.018146991729736328
