num_events,utilization,reallocations,changes,failures,reallocated_prop,time_compute,time_apply,time_enum,time_search,time_pp
1,0.0641304347826087,1,0,0,0.0,0.009801864624023438,0.09273910522460938,8.249282836914062e-05,0.0004074573516845703,0.009309530258178711
