num_events,utilization,reallocations,changes,failures,reallocated_prop,time_compute,time_apply,time_enum,time_search,time_pp
1,1.0,30,31,0,0.4838709677419355,0.14174962043762207,0.6219146251678467,0.01760077476501465,0.11519265174865723,0.008954286575317383
