num_events,utilization,reallocations,changes,failures,reallocated_prop,time_compute,time_apply,time_enum,time_search,time_pp
1,0.26521739130434785,1,0,0,0.0,0.011559009552001953,0.1600041389465332,9.322166442871094e-05,0.0017554759979248047,0.009708642959594727
