num_events,utilization,reallocations,changes,failures,reallocated_prop,time_compute,time_apply,time_enum,time_search,time_pp
1,0.18478260869565216,1,0,0,0.0,0.010788202285766602,0.13146495819091797,9.679794311523438e-05,0.0012295246124267578,0.009460210800170898
