num_events,utilization,reallocations,changes,failures,reallocated_prop,time_compute,time_apply,time_enum,time_search,time_pp
1,0.175,1,0,0,0.0,0.15497136116027832,0.20531225204467773,0.021457910537719727,0.1241755485534668,0.009335517883300781
