num_events,utilization,reallocations,changes,failures,reallocated_prop,time_compute,time_apply,time_enum,time_search,time_pp
1,0.7567934782608695,24,56,0,0.42857142857142855,0.012386560440063477,0.4913477897644043,0.0004975795745849609,0.0020248889923095703,0.009861230850219727
