num_events,utilization,reallocations,changes,failures,reallocated_prop,time_compute,time_apply,time_enum,time_search,time_pp
1,0.7567934782608695,34,67,0,0.5862068965517241,0.012177467346191406,0.4784083366394043,0.00054168701171875,0.0021190643310546875,0.009515047073364258
