num_events,utilization,reallocations,changes,failures,reallocated_prop,time_compute,time_apply,time_enum,time_search,time_pp
1,0.029347826086956522,1,0,0,0.0,0.018886566162109375,0.1609044075012207,9.679794311523438e-05,0.00043964385986328125,0.01834845542907715
