num_events,utilization,reallocations,changes,failures,reallocated_prop,time_compute,time_apply,time_enum,time_search,time_pp
1,0.35978260869565215,1,0,0,0.0,0.012105703353881836,0.1874401569366455,9.703636169433594e-05,0.002358675003051758,0.00964808464050293
