num_events,utilization,reallocations,changes,failures,reallocated_prop,time_compute,time_apply
1,0.7573369565217392,6,6,0,0.8333333333333334,0.008917570114135742,0.4781932830810547
