num_events,utilization,reallocations,changes,failures,reallocated_prop,time_compute,time_apply,time_enum,time_search,time_pp
1,0.3108695652173913,1,0,0,0.0,0.011792898178100586,0.17428231239318848,0.00010132789611816406,0.002030611038208008,0.009659528732299805
