num_events,utilization,reallocations,changes,failures,reallocated_prop,time_compute,time_apply,time_enum,time_search,time_pp
1,0.65,14,26,0,0.4117647058823529,0.019534826278686523,0.598407506942749,0.0005376338958740234,0.001013040542602539,0.01798248291015625
