num_events,utilization,reallocations,changes,failures,reallocated_prop,time_compute,time_apply,time_enum,time_search,time_pp
1,1.0,25,45,0,0.058823529411764705,0.15520477294921875,0.572643518447876,0.01578378677368164,0.12951421737670898,0.009904623031616211
