num_events,utilization,reallocations,changes,failures,reallocated_prop,time_compute,time_apply,time_enum,time_search,time_pp
1,0.31766304347826085,2,1,0,0.5,0.01757526397705078,0.5253598690032959,9.870529174804688e-05,0.00010538101196289062,0.017369508743286133
