num_events,utilization,reallocations,changes,failures,reallocated_prop,time_compute,time_apply,time_enum,time_search,time_pp
1,0.6701086956521739,4,7,0,0.4444444444444444,0.010490894317626953,0.44353389739990234,0.0005619525909423828,0.0005981922149658203,0.009328842163085938
