num_events,utilization,reallocations,changes,failures,reallocated_prop,time_compute,time_apply
1,0.746195652173913,6,6,0,0.7142857142857143,0.009811639785766602,0.5161547660827637
