num_events,utilization,reallocations,changes,failures,reallocated_prop,time_compute,time_apply,time_enum,time_search,time_pp
1,0.7039402173913043,8,14,0,0.47058823529411764,0.020600557327270508,0.9235713481903076,0.0005197525024414062,0.0013132095336914062,0.018765926361083984
