num_events,utilization,reallocations,changes,failures,reallocated_prop,time_compute,time_apply,time_enum,time_search,time_pp
1,0.65,32,60,0,0.4266666666666667,0.03856253623962402,1.2242748737335205,0.0004956722259521484,0.0018067359924316406,0.036257266998291016
