num_events,utilization,reallocations,changes,failures,reallocated_prop,time_compute,time_apply,time_enum,time_search,time_pp
1,0.6919157608695652,9,8,0,0.26666666666666666,0.03726530075073242,1.8261802196502686,0.00010824203491210938,0.0006918907165527344,0.03646278381347656
