num_events,utilization,reallocations,changes,failures,reallocated_prop,time_compute,time_apply,time_enum,time_search,time_pp
1,1.0,36,66,0,0.24161073825503357,0.06923747062683105,0.5748696327209473,0.014745712280273438,0.04507017135620117,0.00941920280456543
