num_events,utilization,reallocations,changes,failures,reallocated_prop,time_compute,time_apply,time_enum,time_search,time_pp
1,0.65,18,39,0,0.0627177700348432,0.017132997512817383,0.3181028366088867,0.0005452632904052734,0.006315708160400391,0.010269880294799805
