num_events,utilization,reallocations,changes,failures,reallocated_prop,time_compute,time_apply,time_enum,time_search,time_pp
1,0.20108695652173914,1,0,0,0.0,0.03913474082946777,0.442934513092041,4.0531158447265625e-05,0.0003581047058105469,0.03873395919799805
