num_events,utilization,reallocations,changes,failures,reallocated_prop,time_compute,time_apply,time_enum,time_search,time_pp
1,0.22826086956521738,1,0,0,0.0,0.017606496810913086,0.22069287300109863,2.9802322387695312e-05,0.00015044212341308594,0.017424583435058594
