num_events,utilization,reallocations,changes,failures,reallocated_prop,time_compute,time_apply,time_enum,time_search,time_pp
1,0.65,18,39,0,0.0627177700348432,0.01649641990661621,0.3220806121826172,0.0005393028259277344,0.006016254425048828,0.009938955307006836
