num_events,utilization,reallocations,changes,failures,reallocated_prop,time_compute,time_apply,time_enum,time_search,time_pp
1,0.7635869565217391,20,41,0,0.47619047619047616,0.011565923690795898,0.4783964157104492,0.0004916191101074219,0.0018317699432373047,0.009240865707397461
