num_events,utilization,reallocations,changes,failures,reallocated_prop,time_compute,time_apply,time_enum,time_search,time_pp
1,0.6545176630434782,4,10,0,0.2857142857142857,0.07820534706115723,3.4937479496002197,0.0005640983581542969,0.0009021759033203125,0.0767366886138916
