num_events,utilization,reallocations,changes,failures,reallocated_prop,time_compute,time_apply,time_enum,time_search,time_pp
1,0.65,28,46,0,0.27450980392156865,0.012154102325439453,0.3208138942718506,0.0005047321319580078,0.002345561981201172,0.009301900863647461
