num_events,utilization,reallocations,changes,failures,reallocated_prop,time_compute,time_apply
1,0.7473505434782609,15,14,0,0.5185185185185185,0.0446317195892334,2.4086833000183105
