num_events,utilization,reallocations,changes,failures,reallocated_prop,time_compute,time_apply,time_enum,time_search,time_pp
1,0.65,14,34,0,0.3181818181818182,0.01132655143737793,0.29993414878845215,0.0005078315734863281,0.0011725425720214844,0.009644746780395508
