num_events,utilization,reallocations,changes,failures,reallocated_prop,time_compute,time_apply,time_enum,time_search,time_pp
1,1.0,16,48,0,0.0440771349862259,0.13057422637939453,0.578758716583252,0.014706611633300781,0.1057901382446289,0.010075092315673828
