num_events,utilization,reallocations,changes,failures,reallocated_prop,time_compute,time_apply,time_enum,time_search,time_pp
1,0.65,41,77,0,0.4270833333333333,0.039566993713378906,1.168914556503296,0.0005021095275878906,0.002281665802001953,0.03678083419799805
