num_events,utilization,reallocations,changes,failures,reallocated_prop,time_compute,time_apply,time_enum,time_search,time_pp
1,0.26413043478260867,1,0,0,0.0,0.010782718658447266,0.1485764980316162,8.106231689453125e-05,0.0015223026275634766,0.00917816162109375
