num_events,utilization,reallocations,changes,failures,reallocated_prop,time_compute,time_apply,time_enum,time_search,time_pp
1,1.0,8,14,0,0.23529411764705882,0.03461337089538574,0.5721588134765625,0.013020515441894531,0.012544631958007812,0.00904703140258789
