num_events,utilization,reallocations,changes,failures,reallocated_prop,time_compute,time_apply,time_enum,time_search,time_pp
1,0.6929347826086957,3,2,0,0.25,0.008832216262817383,0.4225473403930664,8.320808410644531e-05,0.00018644332885742188,0.008560895919799805
