num_events,utilization,reallocations,changes,failures,reallocated_prop,time_compute,time_apply
1,0.7763586956521739,5,5,0,0.5714285714285714,0.34756994247436523,0.5569820404052734
