num_events,utilization,reallocations,changes,failures,reallocated_prop,time_compute,time_apply,time_enum,time_search,time_pp
1,0.5853260869565218,3,2,0,0.4,0.009013891220092773,0.38129425048828125,8.225440979003906e-05,9.965896606445312e-05,0.008830070495605469
