num_events,utilization,reallocations,changes,failures,reallocated_prop,time_compute,time_apply,time_enum,time_search,time_pp
1,0.65,19,46,0,0.3333333333333333,0.011078357696533203,0.2999694347381592,0.0004916191101074219,0.0014300346374511719,0.009154319763183594
