num_events,utilization,reallocations,changes,failures,reallocated_prop,time_compute,time_apply,time_enum,time_search,time_pp
1,0.6783967391304347,6,12,0,0.375,0.020519733428955078,0.9145417213439941,0.0005536079406738281,0.0009572505950927734,0.019006967544555664
