num_events,utilization,reallocations,changes,failures,reallocated_prop,time_compute,time_apply,time_enum,time_search,time_pp
1,0.08695652173913043,1,0,0,0.0,0.03658413887023926,0.3104431629180908,3.409385681152344e-05,0.0001392364501953125,0.03640937805175781
