num_events,utilization,reallocations,changes,failures,reallocated_prop,time_compute,time_apply,time_enum,time_search,time_pp
1,1.0,46,58,0,0.1678832116788321,0.10661506652832031,0.590909481048584,0.014739751815795898,0.08194422721862793,0.00992894172668457
