num_events,utilization,reallocations,changes,failures,reallocated_prop,time_compute,time_apply
1,0.9146739130434782,39,67,0,0.2532467532467532,0.015070199966430664,0.547072172164917
