num_events,utilization,reallocations,changes,failures,reallocated_prop,time_compute,time_apply,time_enum,time_search,time_pp
1,1.0,20,29,0,0.30303030303030304,0.045963287353515625,0.5792016983032227,0.014667272567749023,0.02182912826538086,0.009464740753173828
