num_events,utilization,reallocations,changes,failures,reallocated_prop,time_compute,time_apply
1,0.7408967391304347,7,8,0,0.5384615384615384,0.01983642578125,0.9482042789459229
