num_events,utilization,reallocations,changes,failures,reallocated_prop,time_compute,time_apply,time_enum,time_search,time_pp
1,0.65,29,50,0,0.20567375886524822,0.013312339782714844,0.31529784202575684,0.0005049705505371094,0.003077268600463867,0.009727954864501953
