num_events,utilization,reallocations,changes,failures,reallocated_prop,time_compute,time_apply,time_enum,time_search,time_pp
1,0.7633152173913044,54,101,0,0.4090909090909091,0.013572454452514648,0.4813816547393799,0.0005066394805908203,0.0037097930908203125,0.009354352951049805
