num_events,utilization,reallocations,changes,failures,reallocated_prop,time_compute,time_apply,time_enum,time_search,time_pp
1,0.65,49,116,0,0.3161290322580645,0.013674497604370117,0.32270240783691406,0.0005030632019042969,0.003353595733642578,0.00981593132019043
