num_events,utilization,reallocations,changes,failures,reallocated_prop,time_compute,time_apply,time_enum,time_search,time_pp
1,0.65,10,19,0,0.4,0.010493040084838867,0.29737401008605957,0.0004894733428955078,0.0007944107055664062,0.009207725524902344
