num_events,utilization,reallocations,changes,failures,reallocated_prop,time_compute,time_apply,time_enum,time_search,time_pp
1,0.6763586956521739,12,13,0,0.4782608695652174,0.03644728660583496,1.7912862300872803,3.3855438232421875e-05,0.00013709068298339844,0.03627419471740723
