num_events,utilization,reallocations,changes,failures,reallocated_prop,time_compute,time_apply,time_enum,time_search,time_pp
1,1.0,36,108,0,0.12121212121212122,0.11150074005126953,0.5807094573974609,0.01468515396118164,0.08704376220703125,0.009769201278686523
