num_events,utilization,reallocations,changes,failures,reallocated_prop,time_compute,time_apply,time_enum,time_search,time_pp
1,0.6785326086956521,12,13,0,0.4782608695652174,0.03658342361450195,1.815486192703247,3.457069396972656e-05,0.00014448165893554688,0.036401987075805664
