num_events,utilization,reallocations,changes,failures,reallocated_prop,time_compute,time_apply,time_enum,time_search,time_pp
1,0.65,75,147,0,0.17162471395881007,0.019183635711669922,0.3335592746734619,0.0004982948303222656,0.008907556533813477,0.009775161743164062
