num_events,utilization,reallocations,changes,failures,reallocated_prop,time_compute,time_apply,time_enum,time_search,time_pp
1,0.002173913043478261,1,0,0,0.0,0.010223865509033203,0.07805228233337402,0.00011229515075683594,5.626678466796875e-05,0.010053873062133789
