num_events,utilization,reallocations,changes,failures,reallocated_prop,time_compute,time_apply,time_enum,time_search,time_pp
1,0.65,13,24,0,0.40625,0.07034659385681152,2.2985689640045166,0.0005130767822265625,0.0008285045623779297,0.06900286674499512
