num_events,utilization,reallocations,changes,failures,reallocated_prop,time_compute,time_apply,time_enum,time_search,time_pp
1,0.005842391304347826,1,0,0,0.0,0.0721430778503418,0.5970215797424316,9.870529174804688e-05,0.00035858154296875,0.07168292999267578
