num_events,utilization,reallocations,changes,failures,reallocated_prop,time_compute,time_apply,time_enum,time_search,time_pp
1,0.7302989130434783,13,24,0,0.48148148148148145,0.02110123634338379,0.9516274929046631,0.0005190372467041016,0.0018453598022460938,0.018735170364379883
