num_events,utilization,reallocations,changes,failures,reallocated_prop,time_compute,time_apply,time_enum,time_search,time_pp
1,0.3815217391304348,1,0,0,0.0,0.012186527252197266,0.1959373950958252,9.393692016601562e-05,0.0023949146270751953,0.009695291519165039
