num_events,utilization,reallocations,changes,failures,reallocated_prop,time_compute,time_apply,time_enum,time_search,time_pp
1,0.65,83,134,0,0.20194647201946472,0.017974138259887695,0.3257436752319336,0.0005273818969726562,0.00801396369934082,0.00943136215209961
