num_events,utilization,reallocations,changes,failures,reallocated_prop,time_compute,time_apply,time_enum,time_search,time_pp
1,1.0,13,22,0,0.25,0.04269218444824219,0.5811910629272461,0.01481485366821289,0.01849508285522461,0.009380340576171875
