num_events,utilization,reallocations,changes,failures,reallocated_prop,time_compute,time_apply,time_enum,time_search,time_pp
1,1.0,21,45,0,0.075,0.10517644882202148,0.5704166889190674,0.014821767807006836,0.0804905891418457,0.00986170768737793
