num_events,utilization,reallocations,changes,failures,reallocated_prop,time_compute,time_apply,time_enum,time_search,time_pp
1,0.051630434782608696,1,0,0,0.0,0.03669476509094238,0.26389098167419434,3.3855438232421875e-05,9.512901306152344e-05,0.03656315803527832
