num_events,utilization,reallocations,changes,failures,reallocated_prop,time_compute,time_apply,time_enum,time_search,time_pp
1,0.3717391304347826,1,0,0,0.0,0.26938343048095703,0.2802717685699463,0.01733088493347168,0.24271297454833984,0.009337663650512695
