num_events,utilization,reallocations,changes,failures,reallocated_prop,time_compute,time_apply
1,0.9057065217391305,30,53,0,0.5769230769230769,0.01343083381652832,0.5723376274108887
