num_events,utilization,reallocations,changes,failures,reallocated_prop,time_compute,time_apply
1,0.8279891304347826,7,7,0,0.2727272727272727,0.009863138198852539,0.5110735893249512
