num_events,utilization,reallocations,changes,failures,reallocated_prop,time_compute,time_apply,time_enum,time_search,time_pp
1,0.1108695652173913,1,0,0,0.0,0.011250972747802734,0.11704707145690918,8.368492126464844e-05,0.0007116794586181641,0.01045370101928711
