num_events,utilization,reallocations,changes,failures,reallocated_prop,time_compute,time_apply,time_enum,time_search,time_pp
1,1.0,55,99,0,0.12359550561797752,0.14722371101379395,0.5682528018951416,0.01324319839477539,0.12457466125488281,0.00940394401550293
