num_events,utilization,reallocations,changes,failures,reallocated_prop,time_compute,time_apply,time_enum,time_search,time_pp
1,0.6707540760869565,15,29,0,0.42857142857142855,0.0720977783203125,3.4877326488494873,0.0005252361297607422,0.0017948150634765625,0.06977629661560059
