num_events,utilization,reallocations,changes,failures,reallocated_prop,time_compute,time_apply
1,0.9059782608695652,80,97,0,0.5369127516778524,0.016358375549316406,0.5665006637573242
