num_events,utilization,reallocations,changes,failures,reallocated_prop,time_compute,time_apply,time_enum,time_search,time_pp
1,0.6228260869565218,3,2,0,0.5,0.028450489044189453,0.5104823112487793,0.012691020965576172,0.0065877437591552734,0.009168386459350586
