num_events,utilization,reallocations,changes,failures,reallocated_prop,time_compute,time_apply,time_enum,time_search,time_pp
1,0.32717391304347826,1,0,0,0.0,0.011162281036376953,0.1678330898284912,0.00010442733764648438,0.0018773078918457031,0.009178876876831055
