num_events,utilization,reallocations,changes,failures,reallocated_prop,time_compute,time_apply,time_enum,time_search,time_pp
1,0.3065217391304348,1,0,0,0.0,0.2314763069152832,0.2574479579925537,0.018468856811523438,0.20374774932861328,0.009257078170776367
