num_events,utilization,reallocations,changes,failures,reallocated_prop,time_compute,time_apply
1,0.7076086956521739,4,3,0,0.3333333333333333,0.06954002380371094,3.729365348815918
