num_events,utilization,reallocations,changes,failures,reallocated_prop,time_compute,time_apply,time_enum,time_search,time_pp
1,0.005978260869565218,1,0,0,0.0,0.037776947021484375,0.30277538299560547,9.965896606445312e-05,0.0002002716064453125,0.037474632263183594
