num_events,utilization,reallocations,changes,failures,reallocated_prop,time_compute,time_apply,time_enum,time_search,time_pp
1,0.029347826086956522,1,0,0,0.0,0.009502649307250977,0.0812985897064209,8.058547973632812e-05,0.00019812583923339844,0.009222269058227539
