num_events,utilization,reallocations,changes,failures,reallocated_prop,time_compute,time_apply,time_enum,time_search,time_pp
1,0.65,29,50,0,0.20567375886524822,0.013297557830810547,0.3137383460998535,0.0005009174346923828,0.0031321048736572266,0.009662389755249023
