num_events,utilization,reallocations,changes,failures,reallocated_prop,time_compute,time_apply
1,0.9059782608695652,28,45,0,0.35443037974683544,0.01374673843383789,0.551018238067627
