num_events,utilization,reallocations,changes,failures,reallocated_prop,time_compute,time_apply,time_enum,time_search,time_pp
1,0.7032608695652174,4,7,0,0.4,0.010593414306640625,0.43465733528137207,0.0005023479461669922,0.0007827281951904297,0.009306192398071289
