num_events,utilization,reallocations,changes,failures,reallocated_prop,time_compute,time_apply
1,0.8315217391304348,16,18,0,0.6818181818181818,0.009919881820678711,0.5200316905975342
