num_events,utilization,reallocations,changes,failures,reallocated_prop,time_compute,time_apply,time_enum,time_search,time_pp
1,0.011277173913043479,1,0,0,0.0,0.07517552375793457,0.6184067726135254,9.942054748535156e-05,0.0006361007690429688,0.07443833351135254
