num_events,utilization,reallocations,changes,failures,reallocated_prop,time_compute,time_apply,time_enum,time_search,time_pp
1,0.65,40,75,0,0.425531914893617,0.038938283920288086,1.213808536529541,0.0005040168762207031,0.0022444725036621094,0.03618741035461426
