num_events,utilization,reallocations,changes,failures,reallocated_prop,time_compute,time_apply
1,0.8972826086956521,20,46,0,0.4166666666666667,0.013334274291992188,0.5481455326080322
