num_events,utilization,reallocations,changes,failures,reallocated_prop,time_compute,time_apply,time_enum,time_search,time_pp
1,0.2619565217391304,1,0,0,0.0,0.2097151279449463,0.2457752227783203,0.018146753311157227,0.18177294731140137,0.009792566299438477
