num_events,utilization,reallocations,changes,failures,reallocated_prop,time_compute,time_apply
1,0.8019021739130435,12,12,0,0.7857142857142857,0.009242534637451172,0.5040233135223389
