num_events,utilization,reallocations,changes,failures,reallocated_prop,time_compute,time_apply,time_enum,time_search,time_pp
1,0.65,57,94,0,0.2864321608040201,0.015010356903076172,0.3117091655731201,0.0005033016204833984,0.004324436187744141,0.01018071174621582
