num_events,utilization,reallocations,changes,failures,reallocated_prop,time_compute,time_apply,time_enum,time_search,time_pp
1,0.20326086956521738,1,0,0,0.0,0.17630720138549805,0.2205827236175537,0.02152872085571289,0.1452014446258545,0.009575366973876953
