num_events,utilization,reallocations,changes,failures,reallocated_prop,time_compute,time_apply,time_enum,time_search,time_pp
1,0.65,61,105,0,0.2,0.015944480895996094,0.3116152286529541,0.0005142688751220703,0.0060272216796875,0.009401321411132812
