num_events,utilization,reallocations,changes,failures,reallocated_prop,time_compute,time_apply,time_enum,time_search,time_pp
1,0.7614130434782609,17,29,0,0.6296296296296297,0.012021541595458984,0.48201656341552734,0.0005078315734863281,0.0016989707946777344,0.009812593460083008
