num_events,utilization,reallocations,changes,failures,reallocated_prop,time_compute,time_apply
1,0.8241847826086957,7,7,0,0.6666666666666666,0.2879469394683838,0.5427553653717041
