num_events,utilization,reallocations,changes,failures,reallocated_prop,time_compute,time_apply,time_enum,time_search,time_pp
1,0.7635869565217391,41,62,0,0.5857142857142857,0.012307405471801758,0.4771561622619629,0.00049591064453125,0.002420186996459961,0.009388923645019531
