num_events,utilization,reallocations,changes,failures,reallocated_prop,time_compute,time_apply,time_enum,time_search,time_pp
1,0.65,76,173,0,0.2857142857142857,0.015822649002075195,0.3330979347229004,0.0005092620849609375,0.005553722381591797,0.009757041931152344
