num_events,utilization,reallocations,changes,failures,reallocated_prop,time_compute,time_apply,time_enum,time_search,time_pp
1,0.65,29,46,0,0.07591623036649214,0.018519878387451172,0.3208894729614258,0.0005052089691162109,0.008064746856689453,0.009948492050170898
