num_events,utilization,reallocations,changes,failures,reallocated_prop,time_compute,time_apply,time_enum,time_search,time_pp
1,0.65,103,197,0,0.3029411764705882,0.01927661895751953,0.38614511489868164,0.0006251335144042969,0.006805419921875,0.011844396591186523
