num_events,utilization,reallocations,changes,failures,reallocated_prop,time_compute,time_apply,time_enum,time_search,time_pp
1,0.08695652173913043,1,0,0,0.0,0.06987881660461426,0.5920605659484863,3.409385681152344e-05,0.0002601146697998047,0.06958317756652832
