num_events,utilization,reallocations,changes,failures,reallocated_prop,time_compute,time_apply,time_enum,time_search,time_pp
1,0.02418478260869565,1,0,0,0.0,0.041762351989746094,0.32375001907348633,0.0001068115234375,0.0007803440093994141,0.040873050689697266
