num_events,utilization,reallocations,changes,failures,reallocated_prop,time_compute,time_apply,time_enum,time_search,time_pp
1,0.15869565217391304,1,0,0,0.0,0.13484907150268555,0.19150257110595703,0.017614126205444336,0.10811996459960938,0.009112834930419922
