num_events,utilization,reallocations,changes,failures,reallocated_prop,time_compute,time_apply,time_enum,time_search,time_pp
1,0.4076086956521739,1,0,0,0.0,0.31107139587402344,0.3093748092651367,0.018334150314331055,0.28235816955566406,0.010376691818237305
