num_events,utilization,reallocations,changes,failures,reallocated_prop,time_compute,time_apply
1,0.8929347826086956,29,45,0,0.21804511278195488,0.01643681526184082,0.5490660667419434
