num_events,utilization,reallocations,changes,failures,reallocated_prop,time_compute,time_apply
1,0.9146739130434782,53,106,0,0.3419354838709677,0.015746593475341797,0.5618066787719727
