num_events,utilization,reallocations,changes,failures,reallocated_prop,time_compute,time_apply,time_enum,time_search,time_pp
1,0.5034646739130435,3,2,0,0.5,0.03791451454162598,1.3751018047332764,3.504753112792969e-05,3.075599670410156e-05,0.03784680366516113
