num_events,utilization,reallocations,changes,failures,reallocated_prop,time_compute,time_apply,time_enum,time_search,time_pp
1,0.11413043478260869,1,0,0,0.0,0.10899639129638672,0.18071651458740234,0.018293380737304688,0.08122658729553223,0.00947427749633789
