num_events,utilization,reallocations,changes,failures,reallocated_prop,time_compute,time_apply,time_enum,time_search,time_pp
1,0.65,26,48,0,0.43333333333333335,0.011137723922729492,0.2998628616333008,0.0004870891571044922,0.0015690326690673828,0.009079933166503906
