num_events,utilization,reallocations,changes,failures,reallocated_prop,time_compute,time_apply
1,0.8440217391304348,14,13,0,0.3939393939393939,0.00991201400756836,0.5343565940856934
