num_events,utilization,reallocations,changes,failures,reallocated_prop,time_compute,time_apply
1,0.7706521739130435,21,21,0,0.6896551724137931,0.019660472869873047,1.0384941101074219
