num_events,utilization,reallocations,changes,failures,reallocated_prop,time_compute,time_apply,time_enum,time_search,time_pp
1,0.08260869565217391,1,0,0,0.0,0.08855247497558594,0.16480016708374023,0.02166914939880371,0.05765795707702637,0.009222030639648438
