num_events,utilization,reallocations,changes,failures,reallocated_prop,time_compute,time_apply,time_enum,time_search,time_pp
1,0.1,1,0,0,0.0,0.010397195816040039,0.11105751991271973,0.0001049041748046875,0.000782012939453125,0.009508371353149414
