num_events,utilization,reallocations,changes,failures,reallocated_prop,time_compute,time_apply,time_enum,time_search,time_pp
1,1.0,68,151,0,0.19596541786743515,0.12312674522399902,0.5926318168640137,0.0146331787109375,0.09848308563232422,0.01000833511352539
