num_events,utilization,reallocations,changes,failures,reallocated_prop,time_compute,time_apply,time_enum,time_search,time_pp
1,0.20652173913043478,1,0,0,0.0,0.018520593643188477,0.22125458717346191,3.409385681152344e-05,0.00017023086547851562,0.018314599990844727
