num_events,utilization,reallocations,changes,failures,reallocated_prop,time_compute,time_apply,time_enum,time_search,time_pp
1,0.6,3,4,0,0.3333333333333333,0.011507272720336914,0.3332188129425049,0.0005624294281005859,0.00037789344787597656,0.01056528091430664
