num_events,utilization,reallocations,changes,failures,reallocated_prop,time_compute,time_apply,time_enum,time_search,time_pp
1,1.0,8,21,0,0.1568627450980392,0.04183387756347656,0.5696167945861816,0.014800548553466797,0.01750016212463379,0.009530782699584961
