num_events,utilization,reallocations,changes,failures,reallocated_prop,time_compute,time_apply,time_enum,time_search,time_pp
1,0.7633152173913044,52,78,0,0.4126984126984127,0.013437271118164062,0.4863870143890381,0.0004937648773193359,0.003595113754272461,0.009346961975097656
