num_events,utilization,reallocations,changes,failures,reallocated_prop,time_compute,time_apply,time_enum,time_search,time_pp
1,0.0016304347826086956,1,0,0,0.0,0.038033485412597656,0.29654860496520996,0.00010848045349121094,8.916854858398438e-05,0.03783369064331055
