num_events,utilization,reallocations,changes,failures,reallocated_prop,time_compute,time_apply,time_enum,time_search,time_pp
1,0.28804347826086957,1,0,0,0.0,0.010602712631225586,0.15637731552124023,7.915496826171875e-05,0.0016546249389648438,0.008867025375366211
