num_events,utilization,reallocations,changes,failures,reallocated_prop,time_compute,time_apply,time_enum,time_search,time_pp
1,0.7633152173913044,56,99,0,0.3373493975903614,0.014151334762573242,0.48104119300842285,0.0004925727844238281,0.004408359527587891,0.009248971939086914
