num_events,utilization,reallocations,changes,failures,reallocated_prop,time_compute,time_apply,time_enum,time_search,time_pp
1,0.09565217391304348,1,0,0,0.0,0.009811878204345703,0.09972620010375977,8.249282836914062e-05,0.0006678104400634766,0.009058952331542969
