num_events,utilization,reallocations,changes,failures,reallocated_prop,time_compute,time_apply,time_enum,time_search,time_pp
1,1.0,16,33,0,0.21333333333333335,0.04892849922180176,0.5696697235107422,0.014675378799438477,0.02471613883972168,0.009534358978271484
