num_events,utilization,reallocations,changes,failures,reallocated_prop,time_compute,time_apply,time_enum,time_search,time_pp
1,0.011956521739130435,1,0,0,0.0,0.03416872024536133,0.11142826080322266,0.01849079132080078,0.006426095962524414,0.009249448776245117
