num_events,utilization,reallocations,changes,failures,reallocated_prop,time_compute,time_apply,time_enum,time_search,time_pp
1,0.65,26,48,0,0.43333333333333335,0.07280349731445312,2.4178903102874756,0.0004904270172119141,0.001508474349975586,0.07080268859863281
