num_events,utilization,reallocations,changes,failures,reallocated_prop,time_compute,time_apply
1,0.7288043478260869,9,9,0,0.7272727272727273,0.017357349395751953,0.9472630023956299
