num_events,utilization,reallocations,changes,failures,reallocated_prop,time_compute,time_apply,time_enum,time_search,time_pp
1,0.65,17,31,0,0.4146341463414634,0.07002091407775879,2.315810441970825,0.0004928112030029297,0.001125335693359375,0.06840062141418457
