num_events,utilization,reallocations,changes,failures,reallocated_prop,time_compute,time_apply,time_enum,time_search,time_pp
1,0.65,141,267,0,0.29436325678496866,0.02043938636779785,0.336742639541626,0.0005025863647460938,0.009932518005371094,0.010002374649047852
