num_events,utilization,reallocations,changes,failures,reallocated_prop,time_compute,time_apply,time_enum,time_search,time_pp
1,0.7567934782608695,42,79,0,0.31343283582089554,0.013782739639282227,0.4758892059326172,0.0005300045013427734,0.0037779808044433594,0.009472846984863281
