num_events,utilization,reallocations,changes,failures,reallocated_prop,time_compute,time_apply,time_enum,time_search,time_pp
1,0.533695652173913,1,0,0,0.0,0.3945908546447754,0.36486196517944336,0.018492698669433594,0.365886926651001,0.010209083557128906
