num_events,utilization,reallocations,changes,failures,reallocated_prop,time_compute,time_apply,time_enum,time_search,time_pp
1,1.0,19,27,0,0.3958333333333333,0.0743703842163086,0.5783169269561768,0.0121917724609375,0.05315518379211426,0.009020805358886719
