num_events,utilization,reallocations,changes,failures,reallocated_prop,time_compute,time_apply,time_enum,time_search,time_pp
1,0.65,56,98,0,0.3236994219653179,0.014013290405273438,0.32231688499450684,0.0005056858062744141,0.0037403106689453125,0.00976419448852539
