num_events,utilization,reallocations,changes,failures,reallocated_prop,time_compute,time_apply,time_enum,time_search,time_pp
1,0.65,40,75,0,0.42105263157894735,0.07668089866638184,2.349088668823242,0.0005381107330322266,0.002293825149536133,0.07384705543518066
