num_events,utilization,reallocations,changes,failures,reallocated_prop,time_compute,time_apply,time_enum,time_search,time_pp
1,0.021739130434782608,1,0,0,0.0,0.029057979583740234,0.1220245361328125,0.01517939567565918,0.004492759704589844,0.009382963180541992
