num_events,utilization,reallocations,changes,failures,reallocated_prop,time_compute,time_apply,time_enum,time_search,time_pp
1,0.65,48,88,0,0.16,0.01654958724975586,0.32424020767211914,0.000514984130859375,0.006231546401977539,0.009801149368286133
