num_events,utilization,reallocations,changes,failures,reallocated_prop,time_compute,time_apply,time_enum,time_search,time_pp
1,0.6113451086956522,4,3,0,0.5,0.03597879409790039,1.7208187580108643,9.775161743164062e-05,0.00017404556274414062,0.035704612731933594
