num_events,utilization,reallocations,changes,failures,reallocated_prop,time_compute,time_apply,time_enum,time_search,time_pp
1,0.2510869565217391,1,0,0,0.0,0.01132059097290039,0.15219759941101074,9.679794311523438e-05,0.0016145706176757812,0.009607791900634766
