num_events,utilization,reallocations,changes,failures,reallocated_prop,time_compute,time_apply,time_enum,time_search,time_pp
1,1.0,17,27,0,0.26153846153846155,0.04584169387817383,0.565039873123169,0.014687776565551758,0.02185201644897461,0.009300708770751953
