num_events,utilization,reallocations,changes,failures,reallocated_prop,time_compute,time_apply,time_enum,time_search,time_pp
1,0.65,67,126,0,0.4267515923566879,0.013534069061279297,0.33398985862731934,0.0005011558532714844,0.0034685134887695312,0.009562492370605469
