num_events,utilization,reallocations,changes,failures,reallocated_prop,time_compute,time_apply,time_enum,time_search,time_pp
1,0.14130434782608695,1,0,0,0.0,0.03792905807495117,0.38167786598205566,3.528594970703125e-05,0.0002219676971435547,0.037670135498046875
