num_events,utilization,reallocations,changes,failures,reallocated_prop,time_compute,time_apply
1,0.8040760869565218,5,5,0,0.5714285714285714,0.43753719329833984,0.5514259338378906
