num_events,utilization,reallocations,changes,failures,reallocated_prop,time_compute,time_apply,time_enum,time_search,time_pp
1,0.5239130434782608,1,0,0,0.0,0.40502285957336426,0.36029601097106934,0.02032613754272461,0.3746936321258545,0.010000228881835938
