num_events,utilization,reallocations,changes,failures,reallocated_prop,time_compute,time_apply,time_enum,time_search,time_pp
1,0.15,0,0,0,0.0,0.010958671569824219,0.08950352668762207,0.0005586147308349609,0.00023984909057617188,0.010158061981201172
