num_events,utilization,reallocations,changes,failures,reallocated_prop,time_compute,time_apply,time_enum,time_search,time_pp
1,1.0,21,23,0,0.3230769230769231,0.15666794776916504,0.6362967491149902,0.018531084060668945,0.12875056266784668,0.0093841552734375
