num_events,utilization,reallocations,changes,failures,reallocated_prop,time_compute,time_apply,time_enum,time_search,time_pp
1,0.2554347826086957,1,0,0,0.0,0.20904016494750977,0.24815964698791504,0.018205881118774414,0.18096542358398438,0.009865999221801758
