num_events,utilization,reallocations,changes,failures,reallocated_prop,time_compute,time_apply,time_enum,time_search,time_pp
1,0.18804347826086956,1,0,0,0.0,0.010732412338256836,0.13917899131774902,7.987022399902344e-05,0.0011684894561767578,0.00948190689086914
