num_events,utilization,reallocations,changes,failures,reallocated_prop,time_compute,time_apply,time_enum,time_search,time_pp
1,0.6526154891304348,2,5,0,0.25,0.0740668773651123,3.491410970687866,0.0005147457122802734,0.0005824565887451172,0.0729670524597168
