num_events,utilization,reallocations,changes,failures,reallocated_prop,time_compute,time_apply,time_enum,time_search,time_pp
1,1.0,25,42,0,0.25510204081632654,0.05011940002441406,0.5452120304107666,0.012479066848754883,0.028613805770874023,0.009024620056152344
