num_events,utilization,reallocations,changes,failures,reallocated_prop,time_compute,time_apply,time_enum,time_search,time_pp
1,0.65,2,5,0,0.2857142857142857,0.018991470336914062,0.5901191234588623,0.0005021095275878906,0.0003807544708251953,0.018106937408447266
