num_events,utilization,reallocations,changes,failures,reallocated_prop,time_compute,time_apply,time_enum,time_search,time_pp
1,0.3,1,0,0,0.0,0.23976993560791016,0.26972079277038574,0.0200958251953125,0.21002507209777832,0.009647369384765625
