num_events,utilization,reallocations,changes,failures,reallocated_prop,time_compute,time_apply,time_enum,time_search,time_pp
1,0.16195652173913044,1,0,0,0.0,0.010489702224731445,0.18266773223876953,0.0007061958312988281,0.00026726722717285156,0.009514570236206055
