num_events,utilization,reallocations,changes,failures,reallocated_prop,time_compute,time_apply,time_enum,time_search,time_pp
1,0.7633152173913044,32,51,0,0.24427480916030533,0.01384425163269043,0.4767420291900635,0.0004968643188476562,0.003806591033935547,0.009538888931274414
