num_events,utilization,reallocations,changes,failures,reallocated_prop,time_compute,time_apply,time_enum,time_search,time_pp
1,1.0,13,14,0,0.22807017543859648,0.12805652618408203,0.6204915046691895,0.01831221580505371,0.10033941268920898,0.00940251350402832
