num_events,utilization,reallocations,changes,failures,reallocated_prop,time_compute,time_apply,time_enum,time_search,time_pp
1,1.0,24,54,0,0.19834710743801653,0.05766892433166504,0.5884594917297363,0.012473106384277344,0.035858154296875,0.009335994720458984
