num_events,utilization,reallocations,changes,failures,reallocated_prop,time_compute,time_apply,time_enum,time_search,time_pp
1,0.2565217391304348,1,0,0,0.0,0.01128077507019043,0.1587841510772705,8.225440979003906e-05,0.0015940666198730469,0.009602069854736328
