num_events,utilization,reallocations,changes,failures,reallocated_prop,time_compute,time_apply,time_enum,time_search,time_pp
1,1.0,24,54,0,0.183206106870229,0.10428500175476074,0.6478292942047119,0.015005111694335938,0.07969093322753906,0.009586811065673828
