num_events,utilization,reallocations,changes,failures,reallocated_prop,time_compute,time_apply
1,0.8972826086956521,40,94,0,0.3669724770642202,0.015335559844970703,0.547234058380127
