num_events,utilization,reallocations,changes,failures,reallocated_prop,time_compute,time_apply
1,0.7758152173913043,8,7,0,0.5384615384615384,0.010248661041259766,0.5288872718811035
