num_events,utilization,reallocations,changes,failures,reallocated_prop,time_compute,time_apply,time_enum,time_search,time_pp
1,0.65,121,231,0,0.25910064239828695,0.021494150161743164,0.345242977142334,0.000576019287109375,0.010328292846679688,0.01058816909790039
