num_events,utilization,reallocations,changes,failures,reallocated_prop,time_compute,time_apply
1,0.8358695652173913,11,10,0,0.2631578947368421,0.010076284408569336,0.5426383018493652
