num_events,utilization,reallocations,changes,failures,reallocated_prop,time_compute,time_apply,time_enum,time_search,time_pp
1,1.0,3,4,0,0.25,0.030782222747802734,0.585099458694458,0.014748096466064453,0.006662130355834961,0.009371042251586914
