num_events,utilization,reallocations,changes,failures,reallocated_prop,time_compute,time_apply,time_enum,time_search,time_pp
1,1.0,28,62,0,0.2828282828282828,0.11376476287841797,0.6310195922851562,0.01552724838256836,0.08790874481201172,0.010326147079467773
