num_events,utilization,reallocations,changes,failures,reallocated_prop,time_compute,time_apply,time_enum,time_search,time_pp
1,0.65,19,40,0,0.2714285714285714,0.011343240737915039,0.29857587814331055,0.0004928112030029297,0.0016663074493408203,0.009182453155517578
