num_events,utilization,reallocations,changes,failures,reallocated_prop,time_compute,time_apply
1,0.7309782608695652,6,6,0,0.8333333333333334,0.00939178466796875,0.5161292552947998
