num_events,utilization,reallocations,changes,failures,reallocated_prop,time_compute,time_apply,time_enum,time_search,time_pp
1,1.0,112,165,0,0.24034334763948498,0.1588883399963379,0.599783182144165,0.014707565307617188,0.1342315673828125,0.00994729995727539
