num_events,utilization,reallocations,changes,failures,reallocated_prop,time_compute,time_apply,time_enum,time_search,time_pp
1,0.65,9,22,0,0.3103448275862069,0.01072239875793457,0.30869317054748535,0.0005156993865966797,0.0008978843688964844,0.009307146072387695
