num_events,utilization,reallocations,changes,failures,reallocated_prop,time_compute,time_apply,time_enum,time_search,time_pp
1,0.725,7,6,0,0.3333333333333333,0.009187698364257812,0.42783021926879883,8.130073547363281e-05,0.0003085136413574219,0.008796215057373047
