num_events,utilization,reallocations,changes,failures,reallocated_prop,time_compute,time_apply,time_enum,time_search,time_pp
1,1.0,10,15,0,0.2631578947368421,0.038907527923583984,0.567094087600708,0.014719724655151367,0.014880180358886719,0.009306192398071289
