num_events,utilization,reallocations,changes,failures,reallocated_prop,time_compute,time_apply,time_enum,time_search,time_pp
1,0.44021739130434784,1,0,0,0.0,0.3346867561340332,0.3259308338165283,0.01971578598022461,0.30492067337036133,0.010047197341918945
