num_events,utilization,reallocations,changes,failures,reallocated_prop,time_compute,time_apply,time_enum,time_search,time_pp
1,0.021739130434782608,1,0,0,0.0,0.045554161071777344,0.26728034019470215,3.4332275390625e-05,4.863739013671875e-05,0.04546856880187988
