num_events,utilization,reallocations,changes,failures,reallocated_prop,time_compute,time_apply,time_enum,time_search,time_pp
1,0.6907608695652174,11,10,0,0.47619047619047616,0.018191814422607422,0.8836495876312256,8.368492126464844e-05,0.00037407875061035156,0.01773238182067871
