num_events,utilization,reallocations,changes,failures,reallocated_prop,time_compute,time_apply,time_enum,time_search,time_pp
1,1.0,34,39,0,0.43037974683544306,0.16277766227722168,0.608649730682373,0.01842331886291504,0.13527560234069824,0.009076595306396484
