num_events,utilization,reallocations,changes,failures,reallocated_prop,time_compute,time_apply,time_enum,time_search,time_pp
1,1.0,10,27,0,0.15625,0.04497528076171875,0.5809049606323242,0.014640331268310547,0.020869731903076172,0.009462356567382812
