num_events,utilization,reallocations,changes,failures,reallocated_prop,time_compute,time_apply,time_enum,time_search,time_pp
1,1.0,37,69,0,0.17289719626168223,0.08782410621643066,0.580927848815918,0.01474618911743164,0.06334996223449707,0.009725809097290039
