num_events,utilization,reallocations,changes,failures,reallocated_prop,time_compute,time_apply,time_enum,time_search,time_pp
1,1.0,19,25,0,0.3220338983050847,0.04396367073059082,0.5672454833984375,0.014778614044189453,0.019770145416259766,0.009412765502929688
