num_events,utilization,reallocations,changes,failures,reallocated_prop,time_compute,time_apply,time_enum,time_search,time_pp
1,1.0,45,78,0,0.25280898876404495,0.0777750015258789,0.578772783279419,0.014536380767822266,0.05360722541809082,0.009629487991333008
