num_events,utilization,reallocations,changes,failures,reallocated_prop,time_compute,time_apply
1,0.7419157608695652,17,23,0,0.5151515151515151,0.040830373764038086,2.0241317749023438
