num_events,utilization,reallocations,changes,failures,reallocated_prop,time_compute,time_apply,time_enum,time_search,time_pp
1,0.057608695652173914,1,0,0,0.0,0.010161638259887695,0.09162783622741699,8.249282836914062e-05,0.0003757476806640625,0.009701967239379883
