num_events,utilization,reallocations,changes,failures,reallocated_prop,time_compute,time_apply,time_enum,time_search,time_pp
1,0.6698369565217391,13,26,0,0.3939393939393939,0.07380795478820801,3.5426177978515625,0.0005197525024414062,0.001947641372680664,0.07133722305297852
