num_events,utilization,reallocations,changes,failures,reallocated_prop,time_compute,time_apply
1,0.8453804347826087,13,12,0,0.36363636363636365,0.01029205322265625,0.5470573902130127
