num_events,utilization,reallocations,changes,failures,reallocated_prop,time_compute,time_apply,time_enum,time_search,time_pp
1,0.42934782608695654,1,0,0,0.0,0.32130956649780273,0.32625389099121094,0.018151521682739258,0.2933351993560791,0.009820938110351562
