num_events,utilization,reallocations,changes,failures,reallocated_prop,time_compute,time_apply,time_enum,time_search,time_pp
1,0.65,68,148,0,0.26877470355731226,0.016431331634521484,0.34013843536376953,0.0005519390106201172,0.005797147750854492,0.010080337524414062
