num_events,utilization,reallocations,changes,failures,reallocated_prop,time_compute,time_apply,time_enum,time_search,time_pp
1,0.5434782608695652,1,0,0,0.0,0.06070661544799805,0.332974910736084,0.012989044189453125,0.038147687911987305,0.009567499160766602
