num_events,utilization,reallocations,changes,failures,reallocated_prop,time_compute,time_apply,time_enum,time_search,time_pp
1,1.0,37,108,0,0.1522633744855967,0.09501314163208008,0.5916550159454346,0.014760017395019531,0.07032227516174316,0.009928703308105469
