num_events,utilization,reallocations,changes,failures,reallocated_prop,time_compute,time_apply,time_enum,time_search,time_pp
1,0.07934782608695652,1,0,0,0.0,0.010644674301147461,0.10471320152282715,0.0001068115234375,0.0005970001220703125,0.009938955307006836
