num_events,utilization,reallocations,changes,failures,reallocated_prop,time_compute,time_apply,time_enum,time_search,time_pp
1,0.09021739130434783,1,0,0,0.0,0.010400772094726562,0.10314416885375977,9.965896606445312e-05,0.0006287097930908203,0.009670734405517578
