num_events,utilization,reallocations,changes,failures,reallocated_prop,time_compute,time_apply,time_enum,time_search,time_pp
1,0.13260869565217392,1,0,0,0.0,0.1238412857055664,0.189039945602417,0.021001100540161133,0.09335732460021973,0.009480714797973633
