num_events,utilization,reallocations,changes,failures,reallocated_prop,time_compute,time_apply,time_enum,time_search,time_pp
1,0.7122282608695653,7,14,0,0.4117647058823529,0.010743379592895508,0.4540598392486572,0.0005035400390625,0.0009520053863525391,0.009286165237426758
