num_events,utilization,reallocations,changes,failures,reallocated_prop,time_compute,time_apply,time_enum,time_search,time_pp
1,1.0,77,85,0,0.15618661257606492,0.1644599437713623,0.5953969955444336,0.0146331787109375,0.1399250030517578,0.009898900985717773
