num_events,utilization,reallocations,changes,failures,reallocated_prop,time_compute,time_apply,time_enum,time_search,time_pp
1,0.65,21,51,0,0.328125,0.04210948944091797,1.2222998142242432,0.0005340576171875,0.0018162727355957031,0.03975677490234375
