num_events,utilization,reallocations,changes,failures,reallocated_prop,time_compute,time_apply
1,0.9016304347826087,30,60,0,0.39473684210526316,0.014167308807373047,0.5538837909698486
