num_events,utilization,reallocations,changes,failures,reallocated_prop,time_compute,time_apply,time_enum,time_search,time_pp
1,0.02391304347826087,1,0,0,0.0,0.009668827056884766,0.07928586006164551,0.00010442733764648438,0.00020837783813476562,0.009354114532470703
