num_events,utilization,reallocations,changes,failures,reallocated_prop,time_compute,time_apply,time_enum,time_search,time_pp
1,0.4771739130434783,1,0,0,0.0,0.35729384422302246,0.34063148498535156,0.018011808395385742,0.32932567596435547,0.009953975677490234
