num_events,utilization,reallocations,changes,failures,reallocated_prop,time_compute,time_apply
1,0.8942934782608696,8,8,0,0.20588235294117646,0.010806083679199219,0.5590643882751465
