num_events,utilization,reallocations,changes,failures,reallocated_prop,time_compute,time_apply,time_enum,time_search,time_pp
1,1.0,76,111,0,0.2857142857142857,0.10410189628601074,0.599114179611206,0.014676809310913086,0.07967972755432129,0.009743213653564453
