num_events,utilization,reallocations,changes,failures,reallocated_prop,time_compute,time_apply,time_enum,time_search,time_pp
1,0.31630434782608696,1,0,0,0.0,0.24490737915039062,0.2608346939086914,0.019467592239379883,0.2158815860748291,0.009556055068969727
