num_events,utilization,reallocations,changes,failures,reallocated_prop,time_compute,time_apply,time_enum,time_search,time_pp
1,0.65,7,17,0,0.3333333333333333,0.03698301315307617,1.1984121799468994,0.0004944801330566406,0.0007185935974121094,0.03576850891113281
