num_events,utilization,reallocations,changes,failures,reallocated_prop,time_compute,time_apply
1,0.8024456521739131,9,16,0,0.42857142857142855,0.011254310607910156,0.5065758228302002
