num_events,utilization,reallocations,changes,failures,reallocated_prop,time_compute,time_apply,time_enum,time_search,time_pp
1,0.65,34,44,0,0.18085106382978725,0.014241456985473633,0.31658029556274414,0.0005023479461669922,0.004113197326660156,0.009624004364013672
