num_events,utilization,reallocations,changes,failures,reallocated_prop,time_compute,time_apply,time_enum,time_search,time_pp
1,1.0,40,68,0,0.23255813953488372,0.0807945728302002,0.5791423320770264,0.015290021896362305,0.05553102493286133,0.009970426559448242
