num_events,utilization,reallocations,changes,failures,reallocated_prop,time_compute,time_apply,time_enum
1,0.45652173913043476,1,0,0,0.0,0.00944828987121582,0.24346518516540527,0.00011563301086425781
