num_events,utilization,reallocations,changes,failures,reallocated_prop,time_compute,time_apply,time_enum,time_search,time_pp
1,0.13260869565217392,1,0,0,0.0,0.12149333953857422,0.1869053840637207,0.018168210983276367,0.09397697448730469,0.00934600830078125
