num_events,utilization,reallocations,changes,failures,reallocated_prop,time_compute,time_apply,time_enum,time_search,time_pp
1,0.2619565217391304,1,0,0,0.0,0.20333528518676758,0.2422947883605957,0.0176849365234375,0.17650270462036133,0.009145975112915039
