num_events,utilization,reallocations,changes,failures,reallocated_prop,time_compute,time_apply
1,0.7796195652173913,4,4,0,0.5714285714285714,0.011266708374023438,0.5163443088531494
