num_events,utilization,reallocations,changes,failures,reallocated_prop,time_compute,time_apply,time_enum,time_search,time_pp
1,0.65,58,109,0,0.4233576642335766,0.014213800430297852,0.3313174247741699,0.0005433559417724609,0.0032532215118408203,0.010415315628051758
