num_events,utilization,reallocations,changes,failures,reallocated_prop,time_compute,time_apply
1,0.8934782608695652,8,7,0,0.22580645161290322,0.010290384292602539,0.5548043251037598
