num_events,utilization,reallocations,changes,failures,reallocated_prop,time_compute,time_apply,time_enum,time_search,time_pp
1,0.65,28,53,0,0.42424242424242425,0.020529508590698242,0.6091122627258301,0.0005345344543457031,0.0016398429870605469,0.01835346221923828
