num_events,utilization,reallocations,changes,failures,reallocated_prop,time_compute,time_apply
1,0.8703804347826087,26,27,0,0.6944444444444444,0.010107994079589844,0.5577445030212402
