num_events,utilization,reallocations,changes,failures,reallocated_prop,time_compute,time_apply,time_enum,time_search,time_pp
1,0.65,37,67,0,0.3854166666666667,0.012224435806274414,0.3059995174407959,0.0004951953887939453,0.0023729801177978516,0.009354591369628906
