num_events,utilization,reallocations,changes,failures,reallocated_prop,time_compute,time_apply,time_enum,time_search,time_pp
1,0.65,29,54,0,0.2283464566929134,0.012865543365478516,0.3148326873779297,0.0005183219909667969,0.002847909927368164,0.009497404098510742
