num_events,utilization,reallocations,changes,failures,reallocated_prop,time_compute,time_apply,time_enum,time_search,time_pp
1,0.7567934782608695,26,50,0,0.5909090909090909,0.011532783508300781,0.47043442726135254,0.0005002021789550781,0.0017635822296142578,0.009267330169677734
