num_events,utilization,reallocations,changes,failures,reallocated_prop,time_compute,time_apply,time_enum,time_search,time_pp
1,0.4206521739130435,1,0,0,0.0,0.31514859199523926,0.32183122634887695,0.018391132354736328,0.2862982749938965,0.010457277297973633
