num_events,utilization,reallocations,changes,failures,reallocated_prop,time_compute,time_apply,time_enum,time_search,time_pp
1,0.7046195652173913,10,19,0,0.43478260869565216,0.02029705047607422,0.9300494194030762,0.0005197525024414062,0.0014238357543945312,0.01835155487060547
