num_events,utilization,reallocations,changes,failures,reallocated_prop,time_compute,time_apply,time_enum,time_search,time_pp
1,1.0,3,3,0,0.3333333333333333,0.040354251861572266,0.5987615585327148,0.014483928680419922,0.016629695892333984,0.009238243103027344
