num_events,utilization,reallocations,changes,failures,reallocated_prop,time_compute,time_apply
1,0.8173913043478261,13,19,0,0.4482758620689655,0.01208806037902832,0.513906717300415
