num_events,utilization,reallocations,changes,failures,reallocated_prop,time_compute,time_apply
1,0.7506793478260869,12,13,0,0.3235294117647059,0.03829336166381836,2.031384229660034
