num_events,utilization,reallocations,changes,failures,reallocated_prop,time_compute,time_apply,time_enum,time_search,time_pp
1,0.5557744565217392,2,2,0,0.2,0.037200927734375,1.6821339130401611,0.0005102157592773438,0.0004684925079345703,0.036220550537109375
