num_events,utilization,reallocations,changes,failures,reallocated_prop,time_compute,time_apply,time_enum,time_search,time_pp
1,0.021739130434782608,1,0,0,0.0,0.01859259605407715,0.11976861953735352,3.3855438232421875e-05,2.9802322387695312e-05,0.018527507781982422
