num_events,utilization,reallocations,changes,failures,reallocated_prop,time_compute,time_apply,time_enum,time_search,time_pp
1,0.65,21,51,0,0.3230769230769231,0.02123570442199707,0.5968508720397949,0.0005688667297363281,0.0017082691192626953,0.018956422805786133
