num_events,utilization,reallocations,changes,failures,reallocated_prop,time_compute,time_apply
1,0.6624320652173913,3,3,0,0.3333333333333333,0.037779808044433594,1.8530704975128174
