num_events,utilization,reallocations,changes,failures,reallocated_prop,time_compute,time_apply,time_enum,time_search,time_pp
1,0.6163722826086957,3,4,0,0.3333333333333333,0.038516998291015625,1.743623971939087,0.0005288124084472656,0.0006854534149169922,0.03730034828186035
