num_events,utilization,reallocations,changes,failures,reallocated_prop,time_compute,time_apply,time_enum,time_search,time_pp
1,0.65,3,7,0,0.3333333333333333,0.019578218460083008,0.5972065925598145,0.0005102157592773438,0.0004286766052246094,0.018637657165527344
