num_events,utilization,reallocations,changes,failures,reallocated_prop,time_compute,time_apply
1,0.8932065217391304,40,68,0,0.39603960396039606,0.016289234161376953,0.5532126426696777
