num_events,utilization,reallocations,changes,failures,reallocated_prop,time_compute,time_apply,time_enum,time_search,time_pp
1,0.65,12,29,0,0.32432432432432434,0.03770327568054199,1.1992602348327637,0.0004909038543701172,0.0011396408081054688,0.03607010841369629
