num_events,utilization,reallocations,changes,failures,reallocated_prop,time_compute,time_apply
1,0.7869565217391304,8,16,0,0.36363636363636365,0.011776924133300781,0.5151355266571045
