num_events,utilization,reallocations,changes,failures,reallocated_prop,time_compute,time_apply,time_enum,time_search,time_pp
1,0.012228260869565218,1,0,0,0.0,0.0729067325592041,0.45285940170288086,3.361701965332031e-05,4.982948303222656e-05,0.07282209396362305
