num_events,utilization,reallocations,changes,failures,reallocated_prop,time_compute,time_apply,time_enum,time_search,time_pp
1,0.65,28,52,0,0.3684210526315789,0.011912822723388672,0.3124208450317383,0.0005025863647460938,0.0018436908721923828,0.009565114974975586
