num_events,utilization,reallocations,changes,failures,reallocated_prop,time_compute,time_apply,time_enum,time_search,time_pp
1,0.6841711956521739,8,7,0,0.3181818181818182,0.03771567344665527,1.8191750049591064,9.965896606445312e-05,0.0005023479461669922,0.037111520767211914
