num_events,utilization,reallocations,changes,failures,reallocated_prop,time_compute,time_apply,time_enum,time_search,time_pp
1,0.65,26,48,0,0.43333333333333335,0.011295795440673828,0.30042099952697754,0.0004949569702148438,0.0016067028045654297,0.009192705154418945
