num_events,utilization,reallocations,changes,failures,reallocated_prop,time_compute,time_apply,time_enum,time_search,time_pp
1,0.65,100,193,0,0.37037037037037035,0.017461061477661133,0.34885668754577637,0.0005407333374023438,0.006325721740722656,0.010592460632324219
