num_events,utilization,reallocations,changes,failures,reallocated_prop,time_compute,time_apply,time_enum,time_search,time_pp
1,1.0,16,21,0,0.2318840579710145,0.16182208061218262,0.6231799125671387,0.018110275268554688,0.13387513160705566,0.00983428955078125
