num_events,utilization,reallocations,changes,failures,reallocated_prop,time_compute,time_apply,time_enum,time_search,time_pp
1,0.6652853260869566,7,12,0,0.4666666666666667,0.03563332557678223,1.7076811790466309,0.0005240440368652344,0.000858306884765625,0.03424978256225586
