num_events,utilization,reallocations,changes,failures,reallocated_prop,time_compute,time_apply,time_enum,time_search,time_pp
1,0.7633152173913044,23,31,0,0.25274725274725274,0.012348413467407227,0.4556560516357422,0.0004203319549560547,0.0027687549591064453,0.009157657623291016
