num_events,utilization,reallocations,changes,failures,reallocated_prop,time_compute,time_apply,time_enum,time_search,time_pp
1,0.65,151,285,0,0.41597796143250687,0.020456314086914062,0.4073200225830078,0.0006852149963378906,0.0074694156646728516,0.01230001449584961
