num_events,utilization,reallocations,changes,failures,reallocated_prop,time_compute,time_apply,time_enum,time_search,time_pp
1,1.0,14,16,0,0.3783783783783784,0.06296944618225098,0.6046733856201172,0.014740705490112305,0.038900136947631836,0.00932621955871582
