num_events,utilization,reallocations,changes,failures,reallocated_prop,time_compute,time_apply,time_enum,time_search,time_pp
1,0.005978260869565218,1,0,0,0.0,0.0381011962890625,0.28701353073120117,0.000118255615234375,0.0002353191375732422,0.03774547576904297
