num_events,utilization,reallocations,changes,failures,reallocated_prop,time_compute,time_apply,time_enum,time_search,time_pp
1,0.04673913043478261,1,0,0,0.0,0.06259322166442871,0.14895033836364746,0.01840829849243164,0.03496289253234863,0.009220361709594727
