num_events,utilization,reallocations,changes,failures,reallocated_prop,time_compute,time_apply
1,0.8972826086956521,44,95,0,0.35772357723577236,0.015519857406616211,0.5645999908447266
