num_events,utilization,reallocations,changes,failures,reallocated_prop,time_compute,time_apply,time_enum,time_search,time_pp
1,0.65,18,44,0,0.32142857142857145,0.011527299880981445,0.3046238422393799,0.0005326271057128906,0.0014417171478271484,0.009551525115966797
