num_events,utilization,reallocations,changes,failures,reallocated_prop,time_compute,time_apply
1,0.9059782608695652,31,72,0,0.36470588235294116,0.014753341674804688,0.5657060146331787
