num_events,utilization,reallocations,changes,failures,reallocated_prop,time_compute,time_apply,time_enum,time_search,time_pp
1,1.0,86,125,0,0.22279792746113988,0.1349332332611084,0.5837435722351074,0.014869928359985352,0.11018753051757812,0.009873390197753906
