num_events,utilization,reallocations,changes,failures,reallocated_prop,time_compute,time_apply,time_enum,time_search,time_pp
1,0.2782608695652174,1,0,0,0.0,0.011469841003417969,0.16296720504760742,9.322166442871094e-05,0.001767873764038086,0.00960683822631836
