num_events,utilization,reallocations,changes,failures,reallocated_prop,time_compute,time_apply,time_enum,time_search,time_pp
1,0.0038043478260869567,1,0,0,0.0,0.04010295867919922,0.30054354667663574,0.00010037422180175781,0.00014400482177734375,0.039856910705566406
