num_events,utilization,reallocations,changes,failures,reallocated_prop,time_compute,time_apply,time_enum,time_search,time_pp
1,0.09239130434782608,1,0,0,0.0,0.010097265243530273,0.10400629043579102,9.560585021972656e-05,0.0006580352783203125,0.009341955184936523
