num_events,utilization,reallocations,changes,failures,reallocated_prop,time_compute,time_apply,time_enum,time_search,time_pp
1,0.11413043478260869,1,0,0,0.0,0.010768890380859375,0.11123919486999512,9.560585021972656e-05,0.0008475780487060547,0.009823799133300781
