num_events,utilization,reallocations,changes,failures,reallocated_prop,time_compute,time_apply,time_enum,time_search,time_pp
1,0.0,0,0,0,0.0,0.018395423889160156,0.08686709403991699,8.273124694824219e-05,3.1948089599609375e-05,0.018279314041137695
