num_events,utilization,reallocations,changes,failures,reallocated_prop,time_compute,time_apply,time_enum,time_search,time_pp
1,0.6617527173913044,5,4,0,0.2222222222222222,0.06936383247375488,3.439379930496216,8.416175842285156e-05,0.0002605915069580078,0.0690164566040039
