num_events,utilization,reallocations,changes,failures,reallocated_prop,time_compute,time_apply,time_enum,time_search,time_pp
1,0.65,29,55,0,0.09931506849315068,0.017722368240356445,0.3523836135864258,0.0005772113800048828,0.005788087844848633,0.011355400085449219
