num_events,utilization,reallocations,changes,failures,reallocated_prop,time_compute,time_apply,time_enum,time_search,time_pp
1,0.024456521739130436,1,0,0,0.0,0.07284307479858398,0.486922025680542,3.4809112548828125e-05,9.059906005859375e-05,0.07271528244018555
