num_events,utilization,reallocations,changes,failures,reallocated_prop,time_compute,time_apply,time_enum,time_search,time_pp
1,1.0,68,153,0,0.17215189873417722,0.1359875202178955,0.5875377655029297,0.01469111442565918,0.11127424240112305,0.010020017623901367
