num_events,utilization,reallocations,changes,failures,reallocated_prop,time_compute,time_apply,time_enum,time_search,time_pp
1,0.06521739130434782,1,0,0,0.0,0.037889957427978516,0.29305148124694824,3.409385681152344e-05,0.00011301040649414062,0.03773999214172363
