num_events,utilization,reallocations,changes,failures,reallocated_prop,time_compute,time_apply,time_enum,time_search,time_pp
1,0.6526834239130435,4,7,0,0.4444444444444444,0.07297778129577637,3.5780446529388428,0.0005331039428710938,0.0006062984466552734,0.07183647155761719
