num_events,utilization,reallocations,changes,failures,reallocated_prop,time_compute,time_apply,time_enum,time_search,time_pp
1,0.65,65,123,0,0.3140096618357488,0.014746665954589844,0.3337516784667969,0.0005042552947998047,0.0045223236083984375,0.009717702865600586
