num_events,utilization,reallocations,changes,failures,reallocated_prop,time_compute,time_apply,time_enum,time_search,time_pp
1,0.17173913043478262,1,0,0,0.0,0.011063814163208008,0.16807866096496582,0.0006010532379150391,0.0002906322479248047,0.010169744491577148
