num_events,utilization,reallocations,changes,failures,reallocated_prop,time_compute,time_apply,time_enum,time_search,time_pp
1,0.33152173913043476,1,0,0,0.0,0.2572295665740967,0.2776327133178711,0.020064115524291992,0.2274487018585205,0.009714365005493164
