num_events,utilization,reallocations,changes,failures,reallocated_prop,time_compute,time_apply,time_enum,time_search,time_pp
1,0.18043478260869567,1,0,0,0.0,0.154280424118042,0.21610260009765625,0.01810932159423828,0.12666082382202148,0.009508848190307617
