num_events,utilization,reallocations,changes,failures,reallocated_prop,time_compute,time_apply
1,0.9019021739130435,51,114,0,0.35664335664335667,0.015551090240478516,0.5581915378570557
