num_events,utilization,reallocations,changes,failures,reallocated_prop,time_compute,time_apply,time_enum,time_search,time_pp
1,0.15108695652173912,1,0,0,0.0,0.13691926002502441,0.19392967224121094,0.02166271209716797,0.10591244697570801,0.009341001510620117
