num_events,utilization,reallocations,changes,failures,reallocated_prop,time_compute,time_apply,time_enum,time_search,time_pp
1,1.0,9,27,0,0.03260869565217391,0.10616779327392578,0.5677518844604492,0.014843225479125977,0.08155107498168945,0.00977182388305664
