num_events,utilization,reallocations,changes,failures,reallocated_prop,time_compute,time_apply,time_enum,time_search,time_pp
1,0.22010869565217392,1,0,0,0.0,0.03714799880981445,0.4584217071533203,3.4332275390625e-05,0.0003478527069091797,0.03676342964172363
