num_events,utilization,reallocations,changes,failures,reallocated_prop,time_compute,time_apply,time_enum,time_search,time_pp
1,0.6766304347826086,3,2,0,0.2222222222222222,0.01864004135131836,0.9060826301574707,9.846687316894531e-05,0.00019073486328125,0.018349170684814453
