num_events,utilization,reallocations,changes,failures,reallocated_prop,time_compute,time_apply,time_enum,time_search,time_pp
1,0.03804347826086957,1,0,0,0.0,0.020020246505737305,0.17847180366516113,8.368492126464844e-05,0.00047326087951660156,0.019461870193481445
