num_events,utilization,reallocations,changes,failures,reallocated_prop,time_compute,time_apply,time_enum,time_search,time_pp
1,1.0,48,116,0,0.39344262295081966,0.11016297340393066,0.6593248844146729,0.014407634735107422,0.08532476425170898,0.010428428649902344
