num_events,utilization,reallocations,changes,failures,reallocated_prop,time_compute,time_apply
1,0.7048913043478261,6,6,0,0.7142857142857143,0.07381296157836914,3.894587278366089
