num_events,utilization,reallocations,changes,failures,reallocated_prop,time_compute,time_apply,time_enum,time_search,time_pp
1,0.6564877717391304,2,5,0,0.2857142857142857,0.07763504981994629,3.683173418045044,0.0005464553833007812,0.0007815361022949219,0.07630467414855957
