num_events,utilization,reallocations,changes,failures,reallocated_prop,time_compute,time_apply,time_enum,time_search,time_pp
1,0.44456521739130433,1,0,0,0.0,0.33589792251586914,0.3275148868560791,0.018227577209472656,0.30733299255371094,0.010334968566894531
