num_events,utilization,reallocations,changes,failures,reallocated_prop,time_compute,time_apply,time_enum,time_search,time_pp
1,0.23695652173913043,1,0,0,0.0,0.011119604110717773,0.14763998985290527,9.34600830078125e-05,0.0015358924865722656,0.009489059448242188
