num_events,utilization,reallocations,changes,failures,reallocated_prop,time_compute,time_apply,time_enum,time_search,time_pp
1,0.7046195652173913,10,19,0,0.45454545454545453,0.020638465881347656,0.92270827293396,0.0005242824554443359,0.0013959407806396484,0.018716096878051758
