num_events,utilization,reallocations,changes,failures,reallocated_prop,time_compute,time_apply
1,0.9146739130434782,25,45,0,0.5681818181818182,0.01353001594543457,0.5805423259735107
