num_events,utilization,reallocations,changes,failures,reallocated_prop,time_compute,time_apply
1,0.46956521739130436,2,1,0,0.3333333333333333,0.03328371047973633,0.44188451766967773
