num_events,utilization,reallocations,changes,failures,reallocated_prop,time_compute,time_apply
1,0.7592391304347826,8,7,0,0.5833333333333334,0.019191741943359375,1.0144052505493164
