num_events,utilization,reallocations,changes,failures,reallocated_prop,time_compute,time_apply
1,0.9059782608695652,56,127,0,0.34146341463414637,0.016849517822265625,0.5862636566162109
