num_events,utilization,reallocations,changes,failures,reallocated_prop,time_compute,time_apply,time_enum,time_search,time_pp
1,0.6874320652173913,14,15,0,0.43333333333333335,0.03666520118713379,1.8302149772644043,3.504753112792969e-05,0.00019216537475585938,0.03643536567687988
