num_events,utilization,reallocations,changes,failures,reallocated_prop,time_compute,time_apply,time_enum,time_search,time_pp
1,1.0,48,108,0,0.1991701244813278,0.095794677734375,0.5792851448059082,0.014913082122802734,0.07120418548583984,0.00967550277709961
