num_events,utilization,reallocations,changes,failures,reallocated_prop,time_compute,time_apply,time_enum,time_search,time_pp
1,0.4673913043478261,2,1,0,0.3333333333333333,0.01010274887084961,0.3171560764312744,3.5762786865234375e-05,2.5987625122070312e-05,0.010039091110229492
