num_events,utilization,reallocations,changes,failures,reallocated_prop,time_compute,time_apply,time_enum,time_search,time_pp
1,0.10978260869565218,1,0,0,0.0,0.10610008239746094,0.17728590965270996,0.01823139190673828,0.07844328880310059,0.009422779083251953
