num_events,utilization,reallocations,changes,failures,reallocated_prop,time_compute,time_apply,time_enum,time_search,time_pp
1,0.7633152173913044,29,57,0,0.58,0.011729240417480469,0.47707343101501465,0.0004987716674804688,0.001996755599975586,0.009231805801391602
