num_events,utilization,reallocations,changes,failures,reallocated_prop,time_compute,time_apply,time_enum,time_search,time_pp
1,0.3695652173913043,1,0,0,0.0,0.278684139251709,0.2892453670501709,0.018340587615966797,0.25052976608276367,0.009811162948608398
