num_events,utilization,reallocations,changes,failures,reallocated_prop,time_compute,time_apply,time_enum,time_search,time_pp
1,0.6689538043478261,8,14,0,0.42105263157894735,0.03657674789428711,1.7289118766784668,0.0004363059997558594,0.0010654926300048828,0.03507351875305176
