num_events,utilization,reallocations,changes,failures,reallocated_prop,time_compute,time_apply,time_enum,time_search,time_pp
1,1.0,28,50,0,0.2857142857142857,0.1001584529876709,0.6484560966491699,0.014498472213745117,0.0762331485748291,0.009424686431884766
