num_events,utilization,reallocations,changes,failures,reallocated_prop,time_compute,time_apply,time_enum,time_search,time_pp
1,0.65,28,46,0,0.27184466019417475,0.01242971420288086,0.31441211700439453,0.0004999637603759766,0.002338409423828125,0.009589195251464844
