num_events,utilization,reallocations,changes,failures,reallocated_prop,time_compute,time_apply,time_enum,time_search,time_pp
1,0.65,34,37,0,0.12318840579710146,0.017690420150756836,0.32428979873657227,0.0005440711975097656,0.006448268890380859,0.0106964111328125
