num_events,utilization,reallocations,changes,failures,reallocated_prop,time_compute,time_apply,time_enum,time_search,time_pp
1,1.0,16,16,0,0.27586206896551724,0.1215665340423584,0.6299684047698975,0.01820087432861328,0.09382796287536621,0.00953531265258789
