num_events,utilization,reallocations,changes,failures,reallocated_prop,time_compute,time_apply,time_enum,time_search,time_pp
1,0.7567934782608695,42,79,0,0.31343283582089554,0.013437032699584961,0.47248339653015137,0.0005002021789550781,0.003654003143310547,0.009281396865844727
