num_events,utilization,reallocations,changes,failures,reallocated_prop,time_compute,time_apply,time_enum,time_search,time_pp
1,0.3,1,0,0,0.0,0.2269120216369629,0.24912357330322266,0.017820358276367188,0.19998431205749512,0.009104251861572266
