num_events,utilization,reallocations,changes,failures,reallocated_prop,time_compute,time_apply,time_enum,time_search,time_pp
1,0.65,19,36,0,0.4222222222222222,0.03791618347167969,1.156557559967041,0.0005013942718505859,0.0011889934539794922,0.0362238883972168
