num_events,utilization,reallocations,changes,failures,reallocated_prop,time_compute,time_apply,time_enum,time_search,time_pp
1,1.0,8,18,0,0.01616161616161616,0.1666884422302246,0.5703413486480713,0.014782190322875977,0.1420290470123291,0.009875059127807617
