num_events,utilization,reallocations,changes,failures,reallocated_prop,time_compute,time_apply,time_enum,time_search,time_pp
1,1.0,15,24,0,0.25862068965517243,0.04414868354797363,0.5768249034881592,0.014902114868164062,0.019797563552856445,0.009447574615478516
