num_events,utilization,reallocations,changes,failures,reallocated_prop,time_compute,time_apply,time_enum,time_search,time_pp
1,0.65,88,171,0,0.19775280898876405,0.01999640464782715,0.33749890327453613,0.0005035400390625,0.009395122528076172,0.010095357894897461
