num_events,utilization,reallocations,changes,failures,reallocated_prop,time_compute,time_apply,time_enum,time_search,time_pp
1,0.65,31,75,0,0.3333333333333333,0.07390642166137695,2.4315147399902344,0.0004901885986328125,0.0022802352905273438,0.07113337516784668
