num_events,utilization,reallocations,changes,failures,reallocated_prop,time_compute,time_apply,time_enum,time_search,time_pp
1,1.0,12,18,0,0.3870967741935484,0.0677940845489502,0.6087853908538818,0.014516353607177734,0.043984174728393555,0.009291648864746094
