num_events,utilization,reallocations,changes,failures,reallocated_prop,time_compute,time_apply
1,0.7494565217391305,11,11,0,0.7692307692307693,0.009505748748779297,0.49764347076416016
