num_events,utilization,reallocations,changes,failures,reallocated_prop,time_compute,time_apply,time_enum,time_search,time_pp
1,0.008695652173913044,1,0,0,0.0,0.019008398056030273,0.14597654342651367,0.00010895729064941406,0.0001277923583984375,0.01876974105834961
