num_events,utilization,reallocations,changes,failures,reallocated_prop,time_compute,time_apply,time_enum,time_search,time_pp
1,1.0,14,17,0,0.5833333333333334,0.0527346134185791,0.5943830013275146,0.015383720397949219,0.028097152709960938,0.009250402450561523
