num_events,utilization,reallocations,changes,failures,reallocated_prop,time_compute,time_apply,time_enum,time_search,time_pp
1,0.6775135869565218,11,11,0,0.5,0.03513336181640625,1.7430529594421387,3.0040740966796875e-05,0.0001251697540283203,0.03497672080993652
