num_events,utilization,reallocations,changes,failures,reallocated_prop,time_compute,time_apply,time_enum,time_search,time_pp
1,1.0,30,65,0,0.20408163265306123,0.06467580795288086,0.5484259128570557,0.012508630752563477,0.04283499717712402,0.009330034255981445
