num_events,utilization,reallocations,changes,failures,reallocated_prop,time_compute,time_apply,time_enum,time_search,time_pp
1,1.0,112,165,0,0.24034334763948498,0.16374850273132324,0.5974617004394531,0.01470947265625,0.13923168182373047,0.009805440902709961
