num_events,utilization,reallocations,changes,failures,reallocated_prop,time_compute,time_apply,time_enum,time_search,time_pp
1,0.65,17,31,0,0.4358974358974359,0.021426677703857422,0.6018385887145996,0.0005297660827636719,0.0011529922485351562,0.01974177360534668
