num_events,utilization,reallocations,changes,failures,reallocated_prop,time_compute,time_apply,time_enum,time_search,time_pp
1,0.65,35,79,0,0.29411764705882354,0.012953042984008789,0.3237173557281494,0.0005028247833251953,0.0027265548706054688,0.009721755981445312
