num_events,utilization,reallocations,changes,failures,reallocated_prop,time_compute,time_apply,time_enum,time_search,time_pp
1,1.0,13,14,0,0.30952380952380953,0.10525250434875488,0.5942864418029785,0.01785755157470703,0.0784761905670166,0.008916378021240234
