num_events,utilization,reallocations,changes,failures,reallocated_prop,time_compute,time_apply,time_enum,time_search,time_pp
1,0.65,28,53,0,0.4117647058823529,0.020543813705444336,0.6079165935516357,0.0005311965942382812,0.0016477108001708984,0.018362760543823242
