num_events,utilization,reallocations,changes,failures,reallocated_prop,time_compute,time_apply,time_enum,time_search,time_pp
1,0.9089673913043478,4,3,0,0.5,0.04240059852600098,0.5781919956207275,0.01906895637512207,0.013926267623901367,0.009403228759765625
