num_events,utilization,reallocations,changes,failures,reallocated_prop,time_compute,time_apply,time_enum,time_search,time_pp
1,0.0891304347826087,1,0,0,0.0,0.010181188583374023,0.10075020790100098,8.273124694824219e-05,0.0005476474761962891,0.009549379348754883
