num_events,utilization,reallocations,changes,failures,reallocated_prop,time_compute,time_apply,time_enum,time_search,time_pp
1,0.044021739130434785,1,0,0,0.0,0.01994490623474121,0.1849973201751709,8.392333984375e-05,0.0005643367767333984,0.019295215606689453
