num_events,utilization,reallocations,changes,failures,reallocated_prop,time_compute,time_apply,time_enum,time_search,time_pp
1,0.020652173913043477,1,0,0,0.0,0.010155200958251953,0.08132386207580566,0.00010633468627929688,0.00018548965454101562,0.00986170768737793
