num_events,utilization,reallocations,changes,failures,reallocated_prop,time_compute,time_apply,time_enum,time_search,time_pp
1,1.0,47,89,0,0.17279411764705882,0.10448360443115234,0.5787990093231201,0.014719486236572266,0.07986783981323242,0.00989389419555664
