num_events,utilization,reallocations,changes,failures,reallocated_prop,time_compute,time_apply,time_enum,time_search,time_pp
1,0.9,2,2,0,0.16666666666666666,0.030588865280151367,0.5615730285644531,0.015624284744262695,0.005202293395996094,0.009760141372680664
