num_events,utilization,reallocations,changes,failures,reallocated_prop,time_compute,time_apply,time_enum,time_search,time_pp
1,1.0,9,27,0,0.025210084033613446,0.13126516342163086,0.6027898788452148,0.014940023422241211,0.10639595985412598,0.009927034378051758
