num_events,utilization,reallocations,changes,failures,reallocated_prop,time_compute,time_apply,time_enum,time_search,time_pp
1,0.0005434782608695652,1,0,0,0.0,0.03824114799499512,0.33054423332214355,0.0005559921264648438,0.0002257823944091797,0.03745722770690918
