num_events,utilization,reallocations,changes,failures,reallocated_prop,time_compute,time_apply,time_enum,time_search,time_pp
1,0.04021739130434782,1,0,0,0.0,0.018804311752319336,0.16556167602539062,8.678436279296875e-05,0.0004963874816894531,0.0182192325592041
