num_events,utilization,reallocations,changes,failures,reallocated_prop,time_compute,time_apply,time_enum,time_search,time_pp
1,0.02717391304347826,1,0,0,0.0,0.07230472564697266,0.47603893280029297,2.9325485229492188e-05,8.416175842285156e-05,0.0721888542175293
