num_events,utilization,reallocations,changes,failures,reallocated_prop,time_compute,time_apply,time_enum,time_search,time_pp
1,0.65,9,22,0,0.3103448275862069,0.01952362060546875,0.5951271057128906,0.0004925727844238281,0.0009098052978515625,0.018119096755981445
