num_events,utilization,reallocations,changes,failures,reallocated_prop,time_compute,time_apply
1,0.9059782608695652,23,36,0,0.323943661971831,0.013435602188110352,0.5400540828704834
