num_events,utilization,reallocations,changes,failures,reallocated_prop,time_compute,time_apply,time_enum,time_search,time_pp
1,0.06521739130434782,1,0,0,0.0,0.042172908782958984,0.32901835441589355,2.9087066650390625e-05,0.00010418891906738281,0.04203677177429199
