num_events,utilization,reallocations,changes,failures,reallocated_prop,time_compute,time_apply,time_enum,time_search,time_pp
1,0.30978260869565216,1,0,0,0.0,0.011647701263427734,0.17264533042907715,0.00010275840759277344,0.002003192901611328,0.009540081024169922
