num_events,utilization,reallocations,changes,failures,reallocated_prop,time_compute,time_apply,time_enum,time_search,time_pp
1,0.7567934782608695,39,52,0,0.2532467532467532,0.013886213302612305,0.4747943878173828,0.0005030632019042969,0.004073619842529297,0.009307622909545898
