num_events,utilization,reallocations,changes,failures,reallocated_prop,time_compute,time_apply,time_enum,time_search,time_pp
1,0.004347826086956522,1,0,0,0.0,0.03695535659790039,0.2857661247253418,9.679794311523438e-05,0.00015091896057128906,0.03670501708984375
