num_events,utilization,reallocations,changes,failures,reallocated_prop,time_compute,time_apply
1,0.7794836956521739,14,14,0,0.5652173913043478,0.018877506256103516,0.9946284294128418
