num_events,utilization,reallocations,changes,failures,reallocated_prop,time_compute,time_apply,time_enum,time_search,time_pp
1,0.65,22,39,0,0.3188405797101449,0.01291513442993164,0.34277868270874023,0.0005173683166503906,0.0018725395202636719,0.010523080825805664
