num_events,utilization,reallocations,changes,failures,reallocated_prop,time_compute,time_apply,time_enum,time_search,time_pp
1,0.65,118,285,0,0.24329896907216494,0.020807743072509766,0.35503387451171875,0.0005052089691162109,0.010144233703613281,0.010156393051147461
