num_events,utilization,reallocations,changes,failures,reallocated_prop,time_compute,time_apply,time_enum,time_search,time_pp
1,0.02092391304347826,1,0,0,0.0,0.03968453407287598,0.3107125759124756,0.00010633468627929688,0.0006608963012695312,0.03891468048095703
