num_events,utilization,reallocations,changes,failures,reallocated_prop,time_compute,time_apply,time_enum,time_search,time_pp
1,0.4434782608695652,1,0,0,0.0,0.3262195587158203,0.325441837310791,0.01825571060180664,0.2981421947479248,0.009819507598876953
