num_events,utilization,reallocations,changes,failures,reallocated_prop,time_compute,time_apply,time_enum,time_search,time_pp
1,0.14130434782608695,1,0,0,0.0,0.12769818305969238,0.19182729721069336,0.018321752548217773,0.09995174407958984,0.009422540664672852
