num_events,utilization,reallocations,changes,failures,reallocated_prop,time_compute,time_apply,time_enum,time_search,time_pp
1,0.6637907608695652,11,19,0,0.4583333333333333,0.07416892051696777,3.5434889793395996,0.0005581378936767578,0.001470804214477539,0.07213807106018066
