num_events,utilization,reallocations,changes,failures,reallocated_prop,time_compute,time_apply,time_enum,time_search,time_pp
1,1.0,13,14,0,0.29545454545454547,0.12918972969055176,0.6206974983215332,0.018506288528442383,0.10123467445373535,0.009446382522583008
