num_events,utilization,reallocations,changes,failures,reallocated_prop,time_compute,time_apply,time_enum,time_search,time_pp
1,1.0,5,6,0,0.5,0.05375409126281738,0.5901265144348145,0.018131732940673828,0.026591777801513672,0.009028434753417969
