num_events,utilization,reallocations,changes,failures,reallocated_prop,time_compute,time_apply,time_enum,time_search,time_pp
1,1.0,60,85,0,0.18404907975460122,0.12479782104492188,0.5866639614105225,0.014753341674804688,0.09969878196716309,0.010343313217163086
