num_events,utilization,reallocations,changes,failures,reallocated_prop,time_compute,time_apply,time_enum,time_search,time_pp
1,0.08423913043478261,1,0,0,0.0,0.0702810287475586,0.6105058193206787,2.8848648071289062e-05,0.0002276897430419922,0.0700225830078125
