num_events,utilization,reallocations,changes,failures,reallocated_prop,time_compute,time_apply,time_enum,time_search,time_pp
1,0.3456521739130435,1,0,0,0.0,0.011133193969726562,0.17214560508728027,7.939338684082031e-05,0.0020389556884765625,0.009012937545776367
