num_events,utilization,reallocations,changes,failures,reallocated_prop,time_compute,time_apply
1,0.9146739130434782,33,66,0,0.4074074074074074,0.014482498168945312,0.5715069770812988
