num_events,utilization,reallocations,changes,failures,reallocated_prop,time_compute,time_apply,time_enum,time_search,time_pp
1,1.0,62,111,0,0.16103896103896104,0.13971400260925293,0.5944702625274658,0.014768838882446289,0.11499500274658203,0.009947776794433594
