num_events,utilization,reallocations,changes,failures,reallocated_prop,time_compute,time_apply,time_enum,time_search,time_pp
1,0.2608695652173913,1,0,0,0.0,0.2084355354309082,0.24244022369384766,0.018407583236694336,0.1804208755493164,0.009604215621948242
