num_events,utilization,reallocations,changes,failures,reallocated_prop,time_compute,time_apply,time_enum,time_search,time_pp
1,0.65,50,62,0,0.17667844522968199,0.016261577606201172,0.32666444778442383,0.0005476474761962891,0.005984306335449219,0.009727954864501953
