num_events,utilization,reallocations,changes,failures,reallocated_prop,time_compute,time_apply,time_enum,time_search,time_pp
1,0.65,61,105,0,0.20065789473684212,0.018551111221313477,0.38975024223327637,0.0006988048553466797,0.006173610687255859,0.011676788330078125
