num_events,utilization,reallocations,changes,failures,reallocated_prop,time_compute,time_apply
1,0.8665760869565218,14,13,0,0.35135135135135137,0.009853839874267578,0.547034502029419
