num_events,utilization,reallocations,changes,failures,reallocated_prop,time_compute,time_apply,time_enum,time_search,time_pp
1,1.0,32,72,0,0.19875776397515527,0.07253646850585938,0.580812931060791,0.014623403549194336,0.04817795753479004,0.009732723236083984
