num_events,utilization,reallocations,changes,failures,reallocated_prop,time_compute,time_apply,time_enum,time_search,time_pp
1,0.65,17,31,0,0.425,0.011159658432006836,0.3180880546569824,0.0005023479461669922,0.0011091232299804688,0.009546041488647461
