num_events,utilization,reallocations,changes,failures,reallocated_prop,time_compute,time_apply,time_enum,time_search,time_pp
1,1.0,21,63,0,0.12280701754385964,0.07641386985778809,0.574420690536499,0.014762163162231445,0.05203747749328613,0.009612560272216797
