num_events,utilization,reallocations,changes,failures,reallocated_prop,time_compute,time_apply,time_enum,time_search,time_pp
1,0.3847826086956522,1,0,0,0.0,0.29126644134521484,0.3022727966308594,0.018237829208374023,0.26329565048217773,0.009730100631713867
