num_events,utilization,reallocations,changes,failures,reallocated_prop,time_compute,time_apply,time_enum,time_search,time_pp
1,0.41956521739130437,1,0,0,0.0,0.3179905414581299,0.31479382514953613,0.018768310546875,0.2894411087036133,0.009778976440429688
