num_events,utilization,reallocations,changes,failures,reallocated_prop,time_compute,time_apply,time_enum,time_search,time_pp
1,1.0,26,58,0,0.3132530120481928,0.09052872657775879,0.6376059055328369,0.014616727828979492,0.06637454032897949,0.009534597396850586
