num_events,utilization,reallocations,changes,failures,reallocated_prop,time_compute,time_apply
1,0.7217391304347827,9,10,0,0.3076923076923077,0.07406806945800781,3.971540927886963
