num_events,utilization,reallocations,changes,failures,reallocated_prop,time_compute,time_apply,time_enum,time_search,time_pp
1,0.65,8,14,0,0.42105263157894735,0.019443035125732422,0.5951859951019287,0.0005321502685546875,0.0007228851318359375,0.018186092376708984
