num_events,utilization,reallocations,changes,failures,reallocated_prop,time_compute,time_apply,time_enum,time_search,time_pp
1,1.0,21,63,0,0.12352941176470589,0.07543325424194336,0.5772666931152344,0.01472163200378418,0.05112814903259277,0.00958108901977539
