num_events,utilization,reallocations,changes,failures,reallocated_prop,time_compute,time_apply,time_enum,time_search,time_pp
1,0.6800271739130435,5,4,0,0.25,0.01784682273864746,0.8800451755523682,8.416175842285156e-05,0.000293731689453125,0.01746678352355957
