num_events,utilization,reallocations,changes,failures,reallocated_prop,time_compute,time_apply,time_enum,time_search,time_pp
1,0.013043478260869565,1,0,0,0.0,0.01934361457824707,0.20228934288024902,0.0005142688751220703,0.0002930164337158203,0.01853466033935547
