num_events,utilization,reallocations,changes,failures,reallocated_prop,time_compute,time_apply,time_enum,time_search,time_pp
1,0.65,23,56,0,0.323943661971831,0.07490348815917969,2.3940672874450684,0.0004987716674804688,0.00177001953125,0.0726320743560791
