num_events,utilization,reallocations,changes,failures,reallocated_prop,time_compute,time_apply,time_enum,time_search,time_pp
1,0.6604619565217391,6,5,0,0.5555555555555556,0.017931699752807617,0.8505430221557617,3.4332275390625e-05,4.5299530029296875e-05,0.01784992218017578
