num_events,utilization,reallocations,changes,failures,reallocated_prop,time_compute,time_apply,time_enum,time_search,time_pp
1,1.0,43,81,0,0.35537190082644626,0.10480451583862305,0.6481940746307373,0.014878273010253906,0.08026456832885742,0.009659051895141602
