num_events,utilization,reallocations,changes,failures,reallocated_prop,time_compute,time_apply
1,0.9059782608695652,49,120,0,0.3983739837398374,0.015511751174926758,0.5747804641723633
