num_events,utilization,reallocations,changes,failures,reallocated_prop,time_compute,time_apply
1,0.7523777173913043,15,15,0,0.4117647058823529,0.03778529167175293,2.0252933502197266
