num_events,utilization,reallocations,changes,failures,reallocated_prop,time_compute,time_apply,time_enum,time_search,time_pp
1,0.017391304347826087,1,0,0,0.0,0.01019906997680664,0.07857918739318848,0.0001087188720703125,0.00016546249389648438,0.009922981262207031
