num_events,utilization,reallocations,changes,failures,reallocated_prop,time_compute,time_apply,time_enum,time_search,time_pp
1,0.03097826086956522,1,0,0,0.0,0.018700122833251953,0.16797399520874023,8.320808410644531e-05,0.0003955364227294922,0.018219947814941406
