num_events,utilization,reallocations,changes,failures,reallocated_prop,time_compute,time_apply,time_enum,time_search,time_pp
1,0.65,118,285,0,0.24380165289256198,0.020673274993896484,0.35010266304016113,0.0005102157592773438,0.009993791580200195,0.010167360305786133
