num_events,utilization,reallocations,changes,failures,reallocated_prop,time_compute,time_apply,time_enum,time_search,time_pp
1,0.65,23,43,0,0.41818181818181815,0.010876655578613281,0.2999305725097656,0.0004973411560058594,0.001390218734741211,0.0089874267578125
