num_events,utilization,reallocations,changes,failures,reallocated_prop,time_compute,time_apply
1,0.8983695652173913,10,9,0,0.2647058823529412,0.010315418243408203,0.565636396408081
