num_events,utilization,reallocations,changes,failures,reallocated_prop,time_compute,time_apply,time_enum,time_search,time_pp
1,0.6692934782608696,3,2,0,0.125,0.03781485557556152,1.8144288063049316,0.00010156631469726562,0.00026154518127441406,0.03744983673095703
