num_events,utilization,reallocations,changes,failures,reallocated_prop,time_compute,time_apply,time_enum,time_search,time_pp
1,0.358695652173913,1,0,0,0.0,0.05048561096191406,0.2617781162261963,0.015499114990234375,0.025394201278686523,0.00958871841430664
