num_events,utilization,reallocations,changes,failures,reallocated_prop,time_compute,time_apply,time_enum,time_search,time_pp
1,0.3,1,0,0,0.0,0.2417585849761963,0.26492953300476074,0.018439292907714844,0.21320867538452148,0.010107994079589844
