num_events,utilization,reallocations,changes,failures,reallocated_prop,time_compute,time_apply,time_enum,time_search,time_pp
1,1.0,7,8,0,0.7,0.03941202163696289,0.588115930557251,0.012824296951293945,0.017338991165161133,0.00924539566040039
