num_events,utilization,reallocations,changes,failures,reallocated_prop,time_compute,time_apply,time_enum,time_search,time_pp
1,0.16182065217391303,1,0,0,0.0,0.01917243003845215,0.3953280448913574,0.0005695819854736328,0.0003247261047363281,0.018276453018188477
