num_events,utilization,reallocations,changes,failures,reallocated_prop,time_compute,time_apply,time_enum,time_search,time_pp
1,0.7633152173913044,55,92,0,0.40145985401459855,0.013637065887451172,0.48121118545532227,0.0004966259002685547,0.0038237571716308594,0.009314537048339844
