num_events,utilization,reallocations,changes,failures,reallocated_prop,time_compute,time_apply,time_enum,time_search,time_pp
1,0.65,14,34,0,0.32558139534883723,0.019931316375732422,0.5999152660369873,0.0005393028259277344,0.0012083053588867188,0.018181800842285156
