num_events,utilization,reallocations,changes,failures,reallocated_prop,time_compute,time_apply,time_enum,time_search,time_pp
1,0.452445652173913,2,2,0,0.3333333333333333,0.07222580909729004,2.868250846862793,0.0005578994750976562,0.0003662109375,0.07129979133605957
