num_events,utilization,reallocations,changes,failures,reallocated_prop,time_compute,time_apply,time_enum,time_search,time_pp
1,1.0,95,171,0,0.2025586353944563,0.15833520889282227,0.5937454700469971,0.01468348503112793,0.13365602493286133,0.009993553161621094
