num_events,utilization,reallocations,changes,failures,reallocated_prop,time_compute,time_apply,time_enum,time_search,time_pp
1,0.5353260869565217,2,1,0,0.25,0.010181903839111328,0.390026330947876,0.00010991096496582031,0.00011754035949707031,0.009952783584594727
