num_events,utilization,reallocations,changes,failures,reallocated_prop,time_compute,time_apply,time_enum,time_search,time_pp
1,1.0,42,70,0,0.21761658031088082,0.08337998390197754,0.5796899795532227,0.014775276184082031,0.05896782875061035,0.009634971618652344
