num_events,utilization,reallocations,changes,failures,reallocated_prop,time_compute,time_apply,time_enum,time_search,time_pp
1,0.65,9,22,0,0.3103448275862069,0.0101165771484375,0.29233717918395996,0.00043272972106933594,0.0007700920104980469,0.008912086486816406
