num_events,utilization,reallocations,changes,failures,reallocated_prop,time_compute,time_apply,time_enum,time_search,time_pp
1,0.65,46,109,0,0.26136363636363635,0.013525247573852539,0.30881214141845703,0.0005049705505371094,0.003751039505004883,0.009267568588256836
