num_events,utilization,reallocations,changes,failures,reallocated_prop,time_compute,time_apply,time_enum,time_search,time_pp
1,1.0,40,57,0,0.09389671361502347,0.14625310897827148,0.57906174659729,0.014640092849731445,0.1216592788696289,0.009951114654541016
