num_events,utilization,reallocations,changes,failures,reallocated_prop,time_compute,time_apply,time_enum,time_search,time_pp
1,1.0,52,93,0,0.1580547112462006,0.1204688549041748,0.5830824375152588,0.014824151992797852,0.0959465503692627,0.009696245193481445
