num_events,utilization,reallocations,changes,failures,reallocated_prop,time_compute,time_apply,time_enum,time_search,time_pp
1,1.0,12,24,0,0.21818181818181817,0.04291057586669922,0.5743210315704346,0.014707803726196289,0.018797636032104492,0.009404182434082031
