num_events,utilization,reallocations,changes,failures,reallocated_prop,time_compute,time_apply,time_enum,time_search,time_pp
1,1.0,10,13,0,0.5882352941176471,0.04327583312988281,0.5788743495941162,0.012771129608154297,0.021229267120361328,0.00927281379699707
