num_events,utilization,reallocations,changes,failures,reallocated_prop,time_compute,time_apply
1,0.8638586956521739,8,19,0,0.34782608695652173,0.011492490768432617,0.5162045955657959
