num_events,utilization,reallocations,changes,failures,reallocated_prop,time_compute,time_apply,time_enum,time_search,time_pp
1,0.7635869565217391,34,66,0,0.4927536231884058,0.01218271255493164,0.479156494140625,0.0004971027374267578,0.002391338348388672,0.009292840957641602
