num_events,utilization,reallocations,changes,failures,reallocated_prop,time_compute,time_apply,time_enum,time_search,time_pp
1,0.7084239130434783,4,3,0,0.42857142857142855,0.010150432586669922,0.43061304092407227,0.00011444091796875,0.00023245811462402344,0.009801149368286133
