num_events,utilization,reallocations,changes,failures,reallocated_prop,time_compute,time_apply,time_enum,time_search,time_pp
1,0.65,2,5,0,0.2857142857142857,0.03901386260986328,1.1929314136505127,0.0005044937133789062,0.0003781318664550781,0.03812885284423828
