num_events,utilization,reallocations,changes,failures,reallocated_prop,time_compute,time_apply
1,0.46657608695652175,2,1,0,0.3333333333333333,0.010505437850952148,0.4094257354736328
