num_events,utilization,reallocations,changes,failures,reallocated_prop,time_compute,time_apply,time_enum,time_search,time_pp
1,0.65,41,77,0,0.422680412371134,0.07644939422607422,2.436513662338257,0.0005133152008056641,0.00237274169921875,0.07356071472167969
