num_events,utilization,reallocations,changes,failures,reallocated_prop,time_compute,time_apply,time_enum,time_search,time_pp
1,1.0,19,38,0,0.3275862068965517,0.08074140548706055,0.6106481552124023,0.013333320617675781,0.058254241943359375,0.00915217399597168
