num_events,utilization,reallocations,changes,failures,reallocated_prop,time_compute,time_apply,time_enum,time_search,time_pp
1,1.0,19,40,0,0.3392857142857143,0.0870053768157959,0.6266334056854248,0.014758586883544922,0.06279754638671875,0.009446144104003906
