num_events,utilization,reallocations,changes,failures,reallocated_prop,time_compute,time_apply,time_enum,time_search,time_pp
1,0.3010869565217391,1,0,0,0.0,0.2383403778076172,0.2602221965789795,0.018406152725219727,0.2102813720703125,0.009650945663452148
