num_events,utilization,reallocations,changes,failures,reallocated_prop,time_compute,time_apply,time_enum,time_search,time_pp
1,1.0,77,135,0,0.25245901639344265,0.11530447006225586,0.5872724056243896,0.01470041275024414,0.09081315994262695,0.009788990020751953
