num_events,utilization,reallocations,changes,failures,reallocated_prop,time_compute,time_apply,time_enum,time_search,time_pp
1,0.65,17,41,0,0.3333333333333333,0.020489931106567383,0.6008787155151367,0.0004944801330566406,0.0014986991882324219,0.018494367599487305
