num_events,utilization,reallocations,changes,failures,reallocated_prop,time_compute,time_apply,time_enum,time_search,time_pp
1,0.65,40,75,0,0.42105263157894735,0.03856348991394043,1.2125623226165771,0.0005056858062744141,0.0022776126861572266,0.03577780723571777
