num_events,utilization,reallocations,changes,failures,reallocated_prop,time_compute,time_apply
1,0.9059782608695652,19,35,0,0.5277777777777778,0.013210535049438477,0.5547544956207275
