num_events,utilization,reallocations,changes,failures,reallocated_prop,time_compute,time_apply,time_enum,time_search,time_pp
1,1.0,5,12,0,0.16666666666666666,0.036036014556884766,0.576951265335083,0.014673709869384766,0.01188206672668457,0.00947880744934082
