num_events,utilization,reallocations,changes,failures,reallocated_prop,time_compute,time_apply
1,0.8214673913043479,13,13,0,0.42857142857142855,0.010102510452270508,0.5356621742248535
