num_events,utilization,reallocations,changes,failures,reallocated_prop,time_compute,time_apply,time_enum,time_search,time_pp
1,0.08369565217391305,1,0,0,0.0,0.00998067855834961,0.09685134887695312,8.225440979003906e-05,0.0005106925964355469,0.009385824203491211
