num_events,utilization,reallocations,changes,failures,reallocated_prop,time_compute,time_apply,time_enum,time_search,time_pp
1,1.0,27,62,0,0.34177215189873417,0.09800457954406738,0.6254346370697021,0.012996435165405273,0.07549834251403809,0.009507417678833008
