num_events,utilization,reallocations,changes,failures,reallocated_prop,time_compute,time_apply
1,0.7722826086956521,11,11,0,0.8333333333333334,0.008947372436523438,0.4885828495025635
