num_events,utilization,reallocations,changes,failures,reallocated_prop,time_compute,time_apply,time_enum,time_search,time_pp
1,0.03260869565217391,1,0,0,0.0,0.008695363998413086,0.058626413345336914,2.9325485229492188e-05,2.288818359375e-05,0.00864100456237793
