num_events,utilization,reallocations,changes,failures,reallocated_prop,time_compute,time_apply
1,0.9059782608695652,28,43,0,0.36363636363636365,0.013759374618530273,0.5342352390289307
