num_events,utilization,reallocations,changes,failures,reallocated_prop,time_compute,time_apply,time_enum,time_search,time_pp
1,1.0,18,32,0,0.3333333333333333,0.08727192878723145,0.6278998851776123,0.014808177947998047,0.0625302791595459,0.009930849075317383
