num_events,utilization,reallocations,changes,failures,reallocated_prop,time_compute,time_apply,time_enum,time_search,time_pp
1,0.65,144,273,0,0.2993762993762994,0.02030158042907715,0.3509676456451416,0.0005033016204833984,0.009930133819580078,0.009865999221801758
