num_events,utilization,reallocations,changes,failures,reallocated_prop,time_compute,time_apply,time_enum,time_search,time_pp
1,0.15760869565217392,1,0,0,0.0,0.1385197639465332,0.19909930229187012,0.018368005752563477,0.11059165000915527,0.009557723999023438
