num_events,utilization,reallocations,changes,failures,reallocated_prop,time_compute,time_apply,time_enum,time_search,time_pp
1,1.0,74,219,0,0.15071283095723015,0.16529059410095215,0.6297674179077148,0.014909029006958008,0.14037418365478516,0.010004758834838867
