num_events,utilization,reallocations,changes,failures,reallocated_prop,time_compute,time_apply,time_enum,time_search,time_pp
1,0.29782608695652174,1,0,0,0.0,0.011702299118041992,0.16848039627075195,9.441375732421875e-05,0.0018630027770996094,0.009743213653564453
