num_events,utilization,reallocations,changes,failures,reallocated_prop,time_compute,time_apply
1,0.8929347826086956,47,94,0,0.32867132867132864,0.01663994789123535,0.5788321495056152
