num_events,utilization,reallocations,changes,failures,reallocated_prop,time_compute,time_apply,time_enum,time_search,time_pp
1,1.0,11,21,0,0.22448979591836735,0.0416407585144043,0.5783629417419434,0.014912128448486328,0.017298460006713867,0.009428977966308594
