num_events,utilization,reallocations,changes,failures,reallocated_prop,time_compute,time_apply,time_enum,time_search,time_pp
1,0.21304347826086956,1,0,0,0.0,0.011269807815551758,0.14596986770629883,9.369850158691406e-05,0.001600027084350586,0.009574174880981445
