num_events,utilization,reallocations,changes,failures,reallocated_prop,time_compute,time_apply,time_enum,time_search,time_pp
1,0.03858695652173913,1,0,0,0.0,0.018895864486694336,0.16533231735229492,8.559226989746094e-05,0.0004832744598388672,0.0183255672454834
