num_events,utilization,reallocations,changes,failures,reallocated_prop,time_compute,time_apply
1,0.8709239130434783,7,6,0,0.2727272727272727,0.010058403015136719,0.5498645305633545
