num_events,utilization,reallocations,changes,failures,reallocated_prop,time_compute,time_apply,time_enum,time_search,time_pp
1,0.65,71,153,0,0.2720306513409962,0.016004085540771484,0.33475208282470703,0.0005054473876953125,0.005594968795776367,0.009901762008666992
