num_events,utilization,reallocations,changes,failures,reallocated_prop,time_compute,time_apply,time_enum,time_search,time_pp
1,1.0,5,7,0,0.5555555555555556,0.03127932548522949,0.5837414264678955,0.012662649154663086,0.009649991989135742,0.00896453857421875
