num_events,utilization,reallocations,changes,failures,reallocated_prop,time_compute,time_apply,time_enum,time_search,time_pp
1,1.0,13,36,0,0.15476190476190477,0.05083608627319336,0.5734262466430664,0.014680624008178711,0.02661275863647461,0.009540557861328125
