num_events,utilization,reallocations,changes,failures,reallocated_prop,time_compute,time_apply,time_enum,time_search,time_pp
1,0.0125,1,0,0,0.0,0.0183107852935791,0.15074801445007324,9.679794311523438e-05,0.0002040863037109375,0.01800847053527832
