num_events,utilization,reallocations,changes,failures,reallocated_prop,time_compute,time_apply,time_enum,time_search,time_pp
1,0.06195652173913044,1,0,0,0.0,0.01067042350769043,0.09554243087768555,0.0001049041748046875,0.0004792213439941406,0.010084152221679688
