num_events,utilization,reallocations,changes,failures,reallocated_prop,time_compute,time_apply,time_enum,time_search,time_pp
1,0.7633152173913044,26,45,0,0.36619718309859156,0.01182699203491211,0.45902109146118164,0.0004220008850097656,0.0024421215057373047,0.008961200714111328
