num_events,utilization,reallocations,changes,failures,reallocated_prop,time_compute,time_apply,time_enum,time_search,time_pp
1,0.6710597826086957,3,2,0,0.125,0.03682351112365723,1.7195026874542236,0.00010013580322265625,0.0003173351287841797,0.03640413284301758
