num_events,utilization,reallocations,changes,failures,reallocated_prop,time_compute,time_apply,time_enum,time_search,time_pp
1,0.65,66,122,0,0.1625615763546798,0.019065380096435547,0.32618212699890137,0.0005028247833251953,0.008435726165771484,0.010124444961547852
