num_events,utilization,reallocations,changes,failures,reallocated_prop,time_compute,time_apply
1,0.8339673913043478,21,23,0,0.7142857142857143,0.009169578552246094,0.5347745418548584
