num_events,utilization,reallocations,changes,failures,reallocated_prop,time_compute,time_apply,time_enum,time_search,time_pp
1,1.0,46,67,0,0.38333333333333336,0.11985635757446289,0.6469936370849609,0.015238285064697266,0.09453439712524414,0.01008152961730957
