num_events,utilization,reallocations,changes,failures,reallocated_prop,time_compute,time_apply,time_enum,time_search,time_pp
1,0.03641304347826087,1,0,0,0.0,0.018924236297607422,0.16844940185546875,8.678436279296875e-05,0.00045371055603027344,0.018381595611572266
