num_events,utilization,reallocations,changes,failures,reallocated_prop,time_compute,time_apply,time_enum,time_search,time_pp
1,0.6842391304347826,13,13,0,0.5,0.036652326583862305,1.7959275245666504,3.457069396972656e-05,0.0001811981201171875,0.03643441200256348
