num_events,utilization,reallocations,changes,failures,reallocated_prop,time_compute,time_apply,time_enum,time_search,time_pp
1,0.10108695652173913,1,0,0,0.0,0.09759354591369629,0.16782474517822266,0.0178680419921875,0.07052898406982422,0.009195089340209961
