num_events,utilization,reallocations,changes,failures,reallocated_prop,time_compute,time_apply
1,0.7918478260869565,17,18,0,0.7272727272727273,0.020073652267456055,1.0566656589508057
