num_events,utilization,reallocations,changes,failures,reallocated_prop,time_compute,time_apply,time_enum,time_search,time_pp
1,0.0020380434782608695,1,0,0,0.0,0.0746161937713623,0.5925374031066895,9.894371032714844e-05,0.00014901161193847656,0.07436656951904297
