num_events,utilization,reallocations,changes,failures,reallocated_prop,time_compute,time_apply,time_enum,time_search,time_pp
1,0.65,21,51,0,0.3333333333333333,0.011656522750854492,0.3020327091217041,0.0005385875701904297,0.0016405582427978516,0.009475469589233398
