num_events,utilization,reallocations,changes,failures,reallocated_prop,time_compute,time_apply,time_enum,time_search,time_pp
1,1.0,25,72,0,0.1524390243902439,0.07331037521362305,0.571742057800293,0.014772653579711914,0.048952579498291016,0.009582757949829102
