num_events,utilization,reallocations,changes,failures,reallocated_prop,time_compute,time_apply,time_enum,time_search,time_pp
1,0.3,1,0,0,0.0,0.2273869514465332,0.24736380577087402,0.017676830291748047,0.20022082328796387,0.009487152099609375
