num_events,utilization,reallocations,changes,failures,reallocated_prop,time_compute,time_apply,time_enum,time_search,time_pp
1,0.65,7,12,0,0.4117647058823529,0.010147571563720703,0.2939882278442383,0.0005052089691162109,0.0005295276641845703,0.00911092758178711
