num_events,utilization,reallocations,changes,failures,reallocated_prop,time_compute,time_apply
1,0.9146739130434782,44,95,0,0.3793103448275862,0.014646768569946289,0.5523126125335693
