num_events,utilization,reallocations,changes,failures,reallocated_prop,time_compute,time_apply,time_enum,time_search,time_pp
1,0.3467391304347826,1,0,0,0.0,0.26677441596984863,0.283353328704834,0.017337560653686523,0.23937559127807617,0.010059833526611328
