num_events,utilization,reallocations,changes,failures,reallocated_prop,time_compute,time_apply,time_enum,time_search,time_pp
1,0.65,13,24,0,0.41935483870967744,0.03918886184692383,1.1889684200286865,0.00049591064453125,0.0009331703186035156,0.037757158279418945
