num_events,utilization,reallocations,changes,failures,reallocated_prop,time_compute,time_apply,time_enum,time_search,time_pp
1,0.65,120,290,0,0.32967032967032966,0.018164634704589844,0.348726749420166,0.0005033016204833984,0.007683753967285156,0.009975433349609375
