num_events,utilization,reallocations,changes,failures,reallocated_prop,time_compute,time_apply,time_enum,time_search,time_pp
1,1.0,8,18,0,0.1951219512195122,0.039055824279785156,0.5653529167175293,0.014704704284667969,0.014800310134887695,0.009549617767333984
