num_events,utilization,reallocations,changes,failures,reallocated_prop,time_compute,time_apply,time_enum,time_search,time_pp
1,0.65,77,130,0,0.24758842443729903,0.01677227020263672,0.32915639877319336,0.0004982948303222656,0.00647735595703125,0.00979471206665039
