num_events,utilization,reallocations,changes,failures,reallocated_prop,time_compute,time_apply
1,0.8972826086956521,29,51,0,0.30851063829787234,0.014314413070678711,0.5595400333404541
