num_events,utilization,reallocations,changes,failures,reallocated_prop,time_compute,time_apply,time_enum,time_search,time_pp
1,0.65,35,61,0,0.21084337349397592,0.013763427734375,0.3190467357635498,0.000507354736328125,0.0036423206329345703,0.009611845016479492
