num_events,utilization,reallocations,changes,failures,reallocated_prop,time_compute,time_apply,time_enum,time_search,time_pp
1,0.7633152173913044,31,62,0,0.5636363636363636,0.011380195617675781,0.45567846298217773,0.00042128562927246094,0.0019283294677734375,0.009029388427734375
