num_events,utilization,reallocations,changes,failures,reallocated_prop,time_compute,time_apply
1,0.9059782608695652,45,100,0,0.41284403669724773,0.014295101165771484,0.548755407333374
