num_events,utilization,reallocations,changes,failures,reallocated_prop,time_compute,time_apply,time_enum,time_search,time_pp
1,0.09891304347826087,1,0,0,0.0,0.10105299949645996,0.1708850860595703,0.018317699432373047,0.07318520545959473,0.009548187255859375
