num_events,utilization,reallocations,changes,failures,reallocated_prop,time_compute,time_apply,time_enum,time_search,time_pp
1,0.4673913043478261,1,0,0,0.0,0.343350887298584,0.33598947525024414,0.018440961837768555,0.3148636817932129,0.01004338264465332
