num_events,utilization,reallocations,changes,failures,reallocated_prop,time_compute,time_apply,time_enum,time_search,time_pp
1,0.6596127717391305,11,11,0,0.5,0.07438778877258301,3.539290428161621,3.528594970703125e-05,0.00011086463928222656,0.07423830032348633
