num_events,utilization,reallocations,changes,failures,reallocated_prop,time_compute,time_apply,time_enum,time_search,time_pp
1,1.0,37,69,0,0.17370892018779344,0.09812521934509277,0.5920524597167969,0.01586127281188965,0.07120060920715332,0.011060476303100586
