num_events,utilization,reallocations,changes,failures,reallocated_prop,time_compute,time_apply,time_enum,time_search,time_pp
1,1.0,12,33,0,0.15584415584415584,0.04951810836791992,0.5824539661407471,0.014724254608154297,0.025041818618774414,0.009750127792358398
