num_events,utilization,reallocations,changes,failures,reallocated_prop,time_compute,time_apply,time_enum,time_search,time_pp
1,1.0,69,85,0,0.5609756097560976,0.10416340827941895,0.6449010372161865,0.014513731002807617,0.07992076873779297,0.009726762771606445
