num_events,utilization,reallocations,changes,failures,reallocated_prop,time_compute,time_apply,time_enum,time_search,time_pp
1,1.0,54,79,0,0.2903225806451613,0.0817263126373291,0.5774574279785156,0.014714956283569336,0.05729985237121582,0.009709596633911133
