num_events,utilization,reallocations,changes,failures,reallocated_prop,time_compute,time_apply,time_enum,time_search,time_pp
1,1.0,8,9,0,0.3333333333333333,0.09389305114746094,0.5948004722595215,0.01840996742248535,0.06617927551269531,0.009300708770751953
