num_events,utilization,reallocations,changes,failures,reallocated_prop,time_compute,time_apply,time_enum,time_search,time_pp
1,1.0,76,111,0,0.2857142857142857,0.1024930477142334,0.5793569087982178,0.014586687088012695,0.0781240463256836,0.009780406951904297
