num_events,utilization,reallocations,changes,failures,reallocated_prop,time_compute,time_apply,time_enum,time_search,time_pp
1,0.6733695652173913,6,5,0,0.4166666666666667,0.01886582374572754,0.8627233505249023,0.00010132789611816406,0.00021910667419433594,0.018543004989624023
