num_events,utilization,reallocations,changes,failures,reallocated_prop,time_compute,time_apply,time_enum,time_search,time_pp
1,0.6562839673913043,4,3,0,0.3,0.07034635543823242,3.397507667541504,8.535385131835938e-05,0.00018143653869628906,0.07007718086242676
