num_events,utilization,reallocations,changes,failures,reallocated_prop,time_compute,time_apply,time_enum,time_search,time_pp
1,0.04782608695652174,1,0,0,0.0,0.00989079475402832,0.0872654914855957,9.751319885253906e-05,0.0003528594970703125,0.00943899154663086
