num_events,utilization,reallocations,changes,failures,reallocated_prop,time_compute,time_apply,time_enum,time_search,time_pp
1,0.12228260869565218,1,0,0,0.0,0.07271695137023926,0.6995584964752197,3.3855438232421875e-05,0.00036787986755371094,0.07231330871582031
