num_events,utilization,reallocations,changes,failures,reallocated_prop,time_compute,time_apply,time_enum,time_search,time_pp
1,0.2391304347826087,1,0,0,0.0,0.02010059356689453,0.25666165351867676,3.5762786865234375e-05,0.0001590251922607422,0.019904136657714844
