num_events,utilization,reallocations,changes,failures,reallocated_prop,time_compute,time_apply,time_enum,time_search,time_pp
1,0.6923913043478261,4,9,0,0.3333333333333333,0.020592689514160156,0.9175968170166016,0.0005559921264648438,0.001149892807006836,0.018885135650634766
