num_events,utilization,reallocations,changes,failures,reallocated_prop,time_compute,time_apply,time_enum,time_search,time_pp
1,0.6651494565217392,6,5,0,0.35714285714285715,0.0365450382232666,1.7997708320617676,0.00010848045349121094,0.0002758502960205078,0.036158084869384766
