num_events,utilization,reallocations,changes,failures,reallocated_prop,time_compute,time_apply,time_enum,time_search,time_pp
1,0.21739130434782608,1,0,0,0.0,0.17914986610412598,0.22499394416809082,0.018317222595214844,0.15132617950439453,0.009503841400146484
