num_events,utilization,reallocations,changes,failures,reallocated_prop,time_compute,time_apply,time_enum,time_search,time_pp
1,0.6919836956521739,14,14,0,0.4642857142857143,0.0358738899230957,1.815157175064087,3.5762786865234375e-05,0.00021457672119140625,0.03562140464782715
