num_events,utilization,reallocations,changes,failures,reallocated_prop,time_compute,time_apply,time_enum,time_search,time_pp
1,0.00625,1,0,0,0.0,0.03705430030822754,0.2912757396697998,9.703636169433594e-05,0.00019884109497070312,0.03675699234008789
