num_events,utilization,reallocations,changes,failures,reallocated_prop,time_compute,time_apply,time_enum,time_search,time_pp
1,0.17717391304347826,1,0,0,0.0,0.15813422203063965,0.2100844383239746,0.01891636848449707,0.12917780876159668,0.010038137435913086
