num_events,utilization,reallocations,changes,failures,reallocated_prop,time_compute,time_apply,time_enum,time_search,time_pp
1,0.65,2,5,0,0.25,0.014125585556030273,0.3810300827026367,0.0007727146148681641,0.00046062469482421875,0.012890338897705078
