num_events,utilization,reallocations,changes,failures,reallocated_prop,time_compute,time_apply,time_enum,time_search,time_pp
1,0.017934782608695653,1,0,0,0.0,0.03658556938171387,0.31800198554992676,8.296966552734375e-05,0.00043964385986328125,0.03606104850769043
