num_events,utilization,reallocations,changes,failures,reallocated_prop,time_compute,time_apply,time_enum,time_search,time_pp
1,0.7567934782608695,14,33,0,0.45161290322580644,0.011561393737792969,0.4770474433898926,0.0005674362182617188,0.00154876708984375,0.00944375991821289
