num_events,utilization,reallocations,changes,failures,reallocated_prop,time_compute,time_apply
1,0.7805706521739131,15,22,0,0.4838709677419355,0.022243499755859375,1.0428059101104736
