num_events,utilization,reallocations,changes,failures,reallocated_prop,time_compute,time_apply,time_enum,time_search,time_pp
1,0.40217391304347827,1,0,0,0.0,0.29925060272216797,0.30479955673217773,0.018446683883666992,0.27101993560791016,0.009781122207641602
