num_events,utilization,reallocations,changes,failures,reallocated_prop,time_compute,time_apply,time_enum,time_search,time_pp
1,0.65,90,207,0,0.19693654266958424,0.022223472595214844,0.39574742317199707,0.0006923675537109375,0.009287595748901367,0.012241840362548828
