num_events,utilization,reallocations,changes,failures,reallocated_prop,time_compute,time_apply,time_enum,time_search,time_pp
1,0.65,5,9,0,0.4166666666666667,0.010801553726196289,0.312528133392334,0.0005590915679931641,0.0005447864532470703,0.009695768356323242
