num_events,utilization,reallocations,changes,failures,reallocated_prop,time_compute,time_apply,time_enum,time_search,time_pp
1,0.45,1,0,0,0.0,0.028350353240966797,0.2638852596282959,0.014735698699951172,0.004122018814086914,0.009491205215454102
