num_events,utilization,reallocations,changes,failures,reallocated_prop,time_compute,time_apply
1,0.9293478260869565,5,5,0,0.36363636363636365,0.014587640762329102,0.5710046291351318
