num_events,utilization,reallocations,changes,failures,reallocated_prop,time_compute,time_apply
1,0.8932065217391304,25,37,0,0.24509803921568626,0.01553034782409668,0.554480791091919
