num_events,utilization,reallocations,changes,failures,reallocated_prop,time_compute,time_apply,time_enum,time_search,time_pp
1,0.65,27,58,0,0.2755102040816326,0.021526575088500977,0.6019084453582764,0.0004892349243164062,0.0025298595428466797,0.018505096435546875
