num_events,utilization,reallocations,changes,failures,reallocated_prop,time_compute,time_apply,time_enum,time_search,time_pp
1,1.0,9,10,0,0.28125,0.1129767894744873,0.6379468441009521,0.01860332489013672,0.0850527286529541,0.00931859016418457
