num_events,utilization,reallocations,changes,failures,reallocated_prop,time_compute,time_apply,time_enum,time_search,time_pp
1,0.65,35,65,0,0.43209876543209874,0.020267009735107422,0.6112394332885742,0.00048828125,0.0018994808197021484,0.01787734031677246
