num_events,utilization,reallocations,changes,failures,reallocated_prop,time_compute,time_apply,time_enum,time_search,time_pp
1,0.6708559782608695,9,8,0,0.26666666666666666,0.07487845420837402,3.5566751956939697,0.00010895729064941406,0.0007011890411376953,0.0740664005279541
