num_events,utilization,reallocations,changes,failures,reallocated_prop,time_compute,time_apply,time_enum,time_search,time_pp
1,1.0,20,45,0,0.06349206349206349,0.1168370246887207,0.5727643966674805,0.014765024185180664,0.09236311912536621,0.009707212448120117
