num_events,utilization,reallocations,changes,failures,reallocated_prop,time_compute,time_apply,time_enum,time_search,time_pp
1,1.0,9,27,0,0.025280898876404494,0.1273655891418457,0.5764977931976318,0.014852285385131836,0.10259413719177246,0.00991678237915039
