num_events,utilization,reallocations,changes,failures,reallocated_prop,time_compute,time_apply,time_enum,time_search,time_pp
1,0.34347826086956523,1,0,0,0.0,0.011845827102661133,0.1845567226409912,9.417533874511719e-05,0.002188444137573242,0.009562015533447266
