num_events,utilization,reallocations,changes,failures,reallocated_prop,time_compute,time_apply,time_enum,time_search,time_pp
1,0.08423913043478261,1,0,0,0.0,0.07080268859863281,0.6118440628051758,3.504753112792969e-05,0.0002760887145996094,0.07048892974853516
