num_events,utilization,reallocations,changes,failures,reallocated_prop,time_compute,time_apply
1,0.8152173913043478,7,7,0,0.2608695652173913,0.009973764419555664,0.5238690376281738
