num_events,utilization,reallocations,changes,failures,reallocated_prop,time_compute,time_apply,time_enum,time_search,time_pp
1,1.0,4,5,0,0.4444444444444444,0.06019997596740723,0.5928332805633545,0.018343687057495117,0.03249859809875488,0.009354829788208008
