num_events,utilization,reallocations,changes,failures,reallocated_prop,time_compute,time_apply
1,0.7796195652173913,5,5,0,0.5714285714285714,0.05546903610229492,0.5356638431549072
