num_events,utilization,reallocations,changes,failures,reallocated_prop,time_compute,time_apply,time_enum,time_search,time_pp
1,0.65,9,22,0,0.32142857142857145,0.010957002639770508,0.3004131317138672,0.0004963874816894531,0.0008895397186279297,0.009569168090820312
