num_events,utilization,reallocations,changes,failures,reallocated_prop,time_compute,time_apply
1,0.8652173913043478,10,9,0,0.32142857142857145,0.010017156600952148,0.5540158748626709
