num_events,utilization,reallocations,changes,failures,reallocated_prop,time_compute,time_apply,time_enum,time_search,time_pp
1,0.023369565217391305,1,0,0,0.0,0.021088361740112305,0.15877318382263184,0.00010728836059570312,0.00037932395935058594,0.020599842071533203
