num_events,utilization,reallocations,changes,failures,reallocated_prop,time_compute,time_apply,time_enum
1,0.30434782608695654,1,0,0,0.0,0.010487556457519531,0.20212221145629883,0.00014448165893554688
