num_events,utilization,reallocations,changes,failures,reallocated_prop,time_compute,time_apply,time_enum,time_search,time_pp
1,0.02391304347826087,1,0,0,0.0,0.0481874942779541,0.1407604217529297,0.018490314483642578,0.02035808563232422,0.009337186813354492
