num_events,utilization,reallocations,changes,failures,reallocated_prop,time_compute,time_apply,time_enum,time_search,time_pp
1,0.04673913043478261,1,0,0,0.0,0.06212902069091797,0.1491396427154541,0.01931595802307129,0.03352665901184082,0.009284496307373047
