num_events,utilization,reallocations,changes,failures,reallocated_prop,time_compute,time_apply,time_enum,time_search,time_pp
1,0.19891304347826086,1,0,0,0.0,0.1676955223083496,0.21517300605773926,0.01807880401611328,0.140106201171875,0.009507894515991211
