num_events,utilization,reallocations,changes,failures,reallocated_prop,time_compute,time_apply,time_enum,time_search,time_pp
1,0.029347826086956522,1,0,0,0.0,0.010460138320922852,0.08618497848510742,0.00010657310485839844,0.0002467632293701172,0.010104894638061523
