num_events,utilization,reallocations,changes,failures,reallocated_prop,time_compute,time_apply,time_enum,time_search,time_pp
1,0.6816576086956522,4,3,0,0.09090909090909091,0.03847956657409668,1.781888723373413,0.00010609626770019531,0.0005288124084472656,0.0378420352935791
