num_events,utilization,reallocations,changes,failures,reallocated_prop,time_compute,time_apply
1,0.7072350543478261,5,4,0,0.36363636363636365,0.07094097137451172,3.7455177307128906
