num_events,utilization,reallocations,changes,failures,reallocated_prop,time_compute,time_apply,time_enum,time_search,time_pp
1,0.65,75,165,0,0.22727272727272727,0.016778230667114258,0.319779634475708,0.0005156993865966797,0.006719112396240234,0.009542465209960938
