num_events,utilization,reallocations,changes,failures,reallocated_prop,time_compute,time_apply
1,0.7855978260869565,15,15,0,0.7777777777777778,0.009454965591430664,0.50185227394104
