num_events,utilization,reallocations,changes,failures,reallocated_prop,time_compute,time_apply
1,0.7953804347826087,11,10,0,0.43478260869565216,0.019256591796875,1.048379898071289
