num_events,utilization,reallocations,changes,failures,reallocated_prop,time_compute,time_apply,time_enum,time_search,time_pp
1,1.0,13,27,0,0.20967741935483872,0.04515576362609863,0.5757098197937012,0.014687776565551758,0.021013498306274414,0.009451866149902344
