num_events,utilization,reallocations,changes,failures,reallocated_prop,time_compute,time_apply,time_enum,time_search,time_pp
1,0.033967391304347824,1,0,0,0.0,0.07069516181945801,0.4933145046234131,3.790855407714844e-05,0.00013017654418945312,0.0705251693725586
