num_events,utilization,reallocations,changes,failures,reallocated_prop,time_compute,time_apply
1,0.9057065217391305,20,46,0,0.40816326530612246,0.01350259780883789,0.5839188098907471
