num_events,utilization,reallocations,changes,failures,reallocated_prop,time_compute,time_apply,time_enum,time_search,time_pp
1,1.0,45,135,0,0.09868421052631579,0.15395522117614746,0.5855982303619385,0.014779806137084961,0.12921786308288574,0.009955883026123047
