num_events,utilization,reallocations,changes,failures,reallocated_prop,time_compute,time_apply,time_enum,time_search,time_pp
1,0.65,23,43,0,0.41818181818181815,0.010935068130493164,0.3003976345062256,0.0004966259002685547,0.001371622085571289,0.009065389633178711
