num_events,utilization,reallocations,changes,failures,reallocated_prop,time_compute,time_apply,time_enum,time_search,time_pp
1,0.11005434782608696,1,0,0,0.0,0.07335996627807617,0.6433961391448975,3.409385681152344e-05,0.000347137451171875,0.07297658920288086
