num_events,utilization,reallocations,changes,failures,reallocated_prop,time_compute,time_apply,time_enum,time_search,time_pp
1,0.11630434782608695,1,0,0,0.0,0.11025333404541016,0.1804673671722412,0.018252849578857422,0.08261227607727051,0.00938558578491211
