num_events,utilization,reallocations,changes,failures,reallocated_prop,time_compute,time_apply,time_enum,time_search,time_pp
1,0.04782608695652174,1,0,0,0.0,0.06326794624328613,0.14829492568969727,0.018197298049926758,0.035860300064086914,0.009208202362060547
