num_events,utilization,reallocations,changes,failures,reallocated_prop,time_compute,time_apply,time_enum,time_search,time_pp
1,0.025,1,0,0,0.0,0.04873824119567871,0.14137673377990723,0.018242597579956055,0.02115607261657715,0.009337902069091797
