num_events,utilization,reallocations,changes,failures,reallocated_prop,time_compute,time_apply,time_enum,time_search,time_pp
1,1.0,39,91,0,0.3786407766990291,0.0955040454864502,0.6428406238555908,0.015893220901489258,0.06983041763305664,0.009777307510375977
