num_events,utilization,reallocations,changes,failures,reallocated_prop,time_compute,time_apply,time_enum,time_search,time_pp
1,1.0,57,171,0,0.12127659574468085,0.15597295761108398,0.5912187099456787,0.01476287841796875,0.13136816024780273,0.009840011596679688
