num_events,utilization,reallocations,changes,failures,reallocated_prop,time_compute,time_apply,time_enum,time_search,time_pp
1,0.1875,1,0,0,0.0,0.037268638610839844,0.4258236885070801,3.4809112548828125e-05,0.00028896331787109375,0.036942481994628906
