num_events,utilization,reallocations,changes,failures,reallocated_prop,time_compute,time_apply,time_enum,time_search,time_pp
1,0.4782608695652174,1,0,0,0.0,0.34986329078674316,0.3396773338317871,0.018311262130737305,0.3214528560638428,0.010096073150634766
