num_events,utilization,reallocations,changes,failures,reallocated_prop,time_compute,time_apply,time_enum,time_search,time_pp
1,0.20652173913043478,1,0,0,0.0,0.010864496231079102,0.13937067985534668,9.512901306152344e-05,0.0013270378112792969,0.009440898895263672
