num_events,utilization,reallocations,changes,failures,reallocated_prop,time_compute,time_apply,time_enum,time_search,time_pp
1,0.45,1,0,0,0.0,0.335674524307251,0.3260338306427002,0.018216848373413086,0.3076143264770508,0.009840965270996094
