num_events,utilization,reallocations,changes,failures,reallocated_prop,time_compute,time_apply,time_enum,time_search,time_pp
1,0.007744565217391305,1,0,0,0.0,0.07926487922668457,0.6030352115631104,9.846687316894531e-05,0.0004649162292480469,0.07869887351989746
