num_events,utilization,reallocations,changes,failures,reallocated_prop,time_compute,time_apply,time_enum,time_search,time_pp
1,0.6927989130434783,7,6,0,0.35294117647058826,0.019025325775146484,0.8830149173736572,9.751319885253906e-05,0.0003390312194824219,0.01858687400817871
