num_events,utilization,reallocations,changes,failures,reallocated_prop,time_compute,time_apply,time_enum,time_search,time_pp
1,0.22282608695652173,1,0,0,0.0,0.018959522247314453,0.2317051887512207,3.409385681152344e-05,0.0002048015594482422,0.018719196319580078
