num_events,utilization,reallocations,changes,failures,reallocated_prop,time_compute,time_apply,time_enum,time_search,time_pp
1,0.12771739130434784,1,0,0,0.0,0.07366228103637695,0.6886394023895264,3.600120544433594e-05,0.0003840923309326172,0.07324004173278809
