num_events,utilization,reallocations,changes,failures,reallocated_prop,time_compute,time_apply,time_enum,time_search,time_pp
1,0.65,71,153,0,0.2720306513409962,0.01722884178161621,0.3834109306335449,0.0006177425384521484,0.005138397216796875,0.011471033096313477
