num_events,utilization,reallocations,changes,failures,reallocated_prop,time_compute,time_apply,time_enum,time_search,time_pp
1,1.0,20,41,0,0.31746031746031744,0.09323000907897949,0.6125726699829102,0.015100717544555664,0.06895852088928223,0.009167671203613281
