num_events,utilization,reallocations,changes,failures,reallocated_prop,time_compute,time_apply,time_enum,time_search,time_pp
1,0.7567934782608695,44,81,0,0.43564356435643564,0.012543678283691406,0.46156978607177734,0.0005192756652832031,0.0029892921447753906,0.009033203125
