num_events,utilization,reallocations,changes,failures,reallocated_prop,time_compute,time_apply,time_enum,time_search,time_pp
1,1.0,34,72,0,0.18888888888888888,0.07876873016357422,0.5808241367340088,0.01483607292175293,0.05432271957397461,0.009607553482055664
