num_events,utilization,reallocations,changes,failures,reallocated_prop,time_compute,time_apply,time_enum,time_search,time_pp
1,0.7048913043478261,9,20,0,0.391304347826087,0.019147872924804688,0.8797380924224854,0.0005116462707519531,0.0012667179107666016,0.017368078231811523
