num_events,utilization,reallocations,changes,failures,reallocated_prop,time_compute,time_apply,time_enum,time_search,time_pp
1,0.65,29,46,0,0.07571801566579635,0.018132925033569336,0.32553601264953613,0.0005049705505371094,0.007839679718017578,0.009786367416381836
