num_events,utilization,reallocations,changes,failures,reallocated_prop,time_compute,time_apply,time_enum,time_search,time_pp
1,0.65,4,7,0,0.4,0.010248184204101562,0.3062863349914551,0.0005080699920654297,0.0004527568817138672,0.009285688400268555
