num_events,utilization,reallocations,changes,failures,reallocated_prop,time_compute,time_apply,time_enum,time_search,time_pp
1,0.25,1,0,0,0.0,0.20552277565002441,0.24387645721435547,0.018375635147094727,0.1774122714996338,0.009732961654663086
