num_events,utilization,reallocations,changes,failures,reallocated_prop,time_compute,time_apply,time_enum,time_search,time_pp
1,1.0,36,108,0,0.12162162162162163,0.10980725288391113,0.5808589458465576,0.014787435531616211,0.0850672721862793,0.009950637817382812
