num_events,utilization,reallocations,changes,failures,reallocated_prop,time_compute,time_apply,time_enum,time_search,time_pp
1,0.27391304347826084,1,0,0,0.0,0.2258143424987793,0.24805784225463867,0.0195462703704834,0.19667291641235352,0.009593009948730469
