num_events,utilization,reallocations,changes,failures,reallocated_prop,time_compute,time_apply,time_enum,time_search,time_pp
1,0.042119565217391304,1,0,0,0.0,0.07762002944946289,0.5235679149627686,3.4332275390625e-05,0.00015044212341308594,0.07743310928344727
