num_events,utilization,reallocations,changes,failures,reallocated_prop,time_compute,time_apply,time_enum,time_search,time_pp
1,0.10326086956521739,1,0,0,0.0,0.03674602508544922,0.3262913227081299,3.2901763916015625e-05,0.00016117095947265625,0.036550283432006836
