num_events,utilization,reallocations,changes,failures,reallocated_prop,time_compute,time_apply,time_enum,time_search,time_pp
1,1.0,50,90,0,0.13227513227513227,0.13326072692871094,0.5979464054107666,0.014996051788330078,0.10821747779846191,0.010043859481811523
