num_events,utilization,reallocations,changes,failures,reallocated_prop,time_compute,time_apply,time_enum,time_search,time_pp
1,1.0,4,7,0,0.4444444444444444,0.04373931884765625,0.5795378684997559,0.01929926872253418,0.015225648880004883,0.00921177864074707
