num_events,utilization,reallocations,changes,failures,reallocated_prop,time_compute,time_apply,time_enum,time_search,time_pp
1,0.7375,5,9,0,0.5,0.010894775390625,0.46181178092956543,0.0005643367767333984,0.0008985996246337891,0.009429931640625
