num_events,utilization,reallocations,changes,failures,reallocated_prop,time_compute,time_apply,time_enum,time_search,time_pp
1,1.0,23,69,0,0.062162162162162166,0.131272554397583,0.6035037040710449,0.014620065689086914,0.10699105262756348,0.009659528732299805
