num_events,utilization,reallocations,changes,failures,reallocated_prop,time_compute,time_apply,time_enum,time_search,time_pp
1,0.20923913043478262,1,0,0,0.0,0.03811478614807129,0.44844627380371094,3.814697265625e-05,0.00035452842712402344,0.037720441818237305
