num_events,utilization,reallocations,changes,failures,reallocated_prop,time_compute,time_apply
1,0.7193274456521739,14,13,0,0.5652173913043478,0.07133316993713379,3.8121132850646973
