num_events,utilization,reallocations,changes,failures,reallocated_prop,time_compute,time_apply,time_enum,time_search,time_pp
1,0.3217391304347826,1,0,0,0.0,0.011663675308227539,0.1754927635192871,9.822845458984375e-05,0.0020389556884765625,0.009525299072265625
