num_events,utilization,reallocations,changes,failures,reallocated_prop,time_compute,time_apply,time_enum,time_search,time_pp
1,1.0,5,12,0,0.17857142857142858,0.035462379455566406,0.5710153579711914,0.014800071716308594,0.011034488677978516,0.009625911712646484
