num_events,utilization,reallocations,changes,failures,reallocated_prop,time_compute,time_apply,time_enum,time_search,time_pp
1,0.65,28,52,0,0.37333333333333335,0.011636018753051758,0.30384397506713867,0.0005238056182861328,0.001924276351928711,0.009186506271362305
