num_events,utilization,reallocations,changes,failures,reallocated_prop,time_compute,time_apply,time_enum,time_search,time_pp
1,0.65,67,126,0,0.4240506329113924,0.013683795928955078,0.32646727561950684,0.0005033016204833984,0.003511667251586914,0.00966644287109375
