num_events,utilization,reallocations,changes,failures,reallocated_prop,time_compute,time_apply
1,0.8339673913043478,10,21,0,0.38461538461538464,0.011880874633789062,0.514582633972168
