num_events,utilization,reallocations,changes,failures,reallocated_prop,time_compute,time_apply,time_enum,time_search,time_pp
1,0.9608695652173913,4,4,0,0.5714285714285714,0.04862642288208008,0.5965943336486816,0.018244266510009766,0.020128726959228516,0.010251283645629883
