num_events,utilization,reallocations,changes,failures,reallocated_prop,time_compute,time_apply,time_enum,time_search,time_pp
1,0.65,31,69,0,0.29245283018867924,0.012411117553710938,0.3154151439666748,0.0005071163177490234,0.0023970603942871094,0.009504556655883789
