num_events,utilization,reallocations,changes,failures,reallocated_prop,time_compute,time_apply
1,0.7255434782608695,4,4,0,0.5714285714285714,0.02026677131652832,0.9937455654144287
