num_events,utilization,reallocations,changes,failures,reallocated_prop,time_compute,time_apply,time_enum,time_search,time_pp
1,1.0,8,10,0,0.32,0.053053855895996094,0.5879616737365723,0.014662981033325195,0.029119253158569336,0.009268999099731445
