num_events,utilization,reallocations,changes,failures,reallocated_prop,time_compute,time_apply
1,0.7362092391304348,8,14,0,0.36363636363636365,0.03994894027709961,2.003962993621826
