num_events,utilization,reallocations,changes,failures,reallocated_prop,time_compute,time_apply,time_enum,time_search,time_pp
1,0.2467391304347826,1,0,0,0.0,0.011431694030761719,0.15201401710510254,0.00010251998901367188,0.001695871353149414,0.009631633758544922
