num_events,utilization,reallocations,changes,failures,reallocated_prop,time_compute,time_apply,time_enum,time_search,time_pp
1,0.6728260869565217,3,5,0,0.42857142857142855,0.010415077209472656,0.4424629211425781,0.0005929470062255859,0.0005640983581542969,0.009256124496459961
