num_events,utilization,reallocations,changes,failures,reallocated_prop,time_compute,time_apply,time_enum
1,0.010869565217391304,0,0,0,0.0,0.031357765197753906,0.09467911720275879,0.01758408546447754
