num_events,utilization,reallocations,changes,failures,reallocated_prop,time_compute,time_apply,time_enum,time_search,time_pp
1,1.0,28,56,0,0.3783783783783784,0.09988999366760254,0.6259794235229492,0.014673709869384766,0.07573270797729492,0.009481430053710938
