num_events,utilization,reallocations,changes,failures,reallocated_prop,time_compute,time_apply
1,0.7144701086956522,5,4,0,0.36363636363636365,0.037670135498046875,1.873464584350586
