num_events,utilization,reallocations,changes,failures,reallocated_prop,time_compute,time_apply,time_enum,time_search,time_pp
1,0.65,157,296,0,0.42779291553133514,0.018146038055419922,0.35033464431762695,0.0005128383636474609,0.007745981216430664,0.009885311126708984
