num_events,utilization,reallocations,changes,failures,reallocated_prop,time_compute,time_apply,time_enum,time_search,time_pp
1,0.19021739130434784,1,0,0,0.0,0.010804891586303711,0.13230609893798828,0.00010228157043457031,0.0012438297271728516,0.009456872940063477
