num_events,utilization,reallocations,changes,failures,reallocated_prop,time_compute,time_apply,time_enum,time_search,time_pp
1,0.33369565217391306,1,0,0,0.0,0.011141777038574219,0.1730029582977295,8.034706115722656e-05,0.0019261837005615234,0.009133338928222656
