num_events,utilization,reallocations,changes,failures,reallocated_prop,time_compute,time_apply
1,0.769429347826087,9,9,0,0.3333333333333333,0.01866602897644043,0.987241268157959
