num_events,utilization,reallocations,changes,failures,reallocated_prop,time_compute,time_apply,time_enum,time_search,time_pp
1,0.6693614130434783,13,14,0,0.48,0.07175874710083008,3.541492462158203,3.457069396972656e-05,0.00021958351135253906,0.0715024471282959
