num_events,utilization,reallocations,changes,failures,reallocated_prop,time_compute,time_apply,time_enum,time_search,time_pp
1,0.65,23,43,0,0.41818181818181815,0.011243581771850586,0.31203532218933105,0.0005071163177490234,0.0014636516571044922,0.009270668029785156
