num_events,utilization,reallocations,changes,failures,reallocated_prop,time_compute,time_apply,time_enum,time_search,time_pp
1,0.023641304347826086,1,0,0,0.0,0.03678774833679199,0.32729363441467285,8.463859558105469e-05,0.0006015300750732422,0.03609943389892578
