num_events,utilization,reallocations,changes,failures,reallocated_prop,time_compute,time_apply,time_enum,time_search,time_pp
1,0.10869565217391304,1,0,0,0.0,0.010461568832397461,0.09339547157287598,3.743171691894531e-05,5.6743621826171875e-05,0.010365724563598633
