num_events,utilization,reallocations,changes,failures,reallocated_prop,time_compute,time_apply,time_enum,time_search,time_pp
1,0.65,68,109,0,0.1687344913151365,0.017491817474365234,0.3295722007751465,0.0005087852478027344,0.007717609405517578,0.009263753890991211
