num_events,utilization,reallocations,changes,failures,reallocated_prop,time_compute,time_apply
1,0.689945652173913,3,2,0,0.3333333333333333,0.013291120529174805,0.510908842086792
