num_events,utilization,reallocations,changes,failures,reallocated_prop,time_compute,time_apply
1,0.9146739130434782,23,38,0,0.20909090909090908,0.015488862991333008,0.561898946762085
