num_events,utilization,reallocations,changes,failures,reallocated_prop,time_compute,time_apply
1,0.4785326086956522,3,3,0,0.6666666666666666,0.2715766429901123,0.4602799415588379
