num_events,utilization,reallocations,changes,failures,reallocated_prop,time_compute,time_apply,time_enum,time_search,time_pp
1,0.65,44,71,0,0.11253196930946291,0.01855158805847168,0.3236360549926758,0.0005064010620117188,0.008094072341918945,0.009949207305908203
