num_events,utilization,reallocations,changes,failures,reallocated_prop,time_compute,time_apply,time_enum,time_search,time_pp
1,1.0,25,57,0,0.1953125,0.06443524360656738,0.5744016170501709,0.014633417129516602,0.040284156799316406,0.009515523910522461
