num_events,utilization,reallocations,changes,failures,reallocated_prop,time_compute,time_apply,time_enum,time_search,time_pp
1,0.14945652173913043,1,0,0,0.0,0.03681826591491699,0.38155603408813477,3.4809112548828125e-05,0.000232696533203125,0.03654837608337402
