num_events,utilization,reallocations,changes,failures,reallocated_prop,time_compute,time_apply,time_enum,time_search,time_pp
1,0.21956521739130436,1,0,0,0.0,0.1841599941253662,0.2251596450805664,0.018357515335083008,0.1561272144317627,0.009673595428466797
