num_events,utilization,reallocations,changes,failures,reallocated_prop,time_compute,time_apply,time_enum,time_search,time_pp
1,1.0,45,78,0,0.25280898876404495,0.07863664627075195,0.5519182682037354,0.014849662780761719,0.054193735122680664,0.009591102600097656
