num_events,utilization,reallocations,changes,failures,reallocated_prop,time_compute,time_apply,time_enum,time_search,time_pp
1,0.65,17,31,0,0.4146341463414634,0.010247468948364258,0.29613590240478516,0.0004248619079589844,0.0010190010070800781,0.008802175521850586
