num_events,utilization,reallocations,changes,failures,reallocated_prop,time_compute,time_apply,time_enum,time_search,time_pp
1,0.017391304347826087,1,0,0,0.0,0.010276317596435547,0.07837104797363281,0.00011229515075683594,0.00016355514526367188,0.009998798370361328
