num_events,utilization,reallocations,changes,failures,reallocated_prop,time_compute,time_apply,time_enum,time_search,time_pp
1,0.41304347826086957,1,0,0,0.0,0.31434011459350586,0.3127105236053467,0.02151942253112793,0.28282666206359863,0.009990930557250977
