num_events,utilization,reallocations,changes,failures,reallocated_prop,time_compute,time_apply,time_enum,time_search,time_pp
1,1.0,19,26,0,0.4523809523809524,0.06642675399780273,0.5812413692474365,0.011963129043579102,0.045439720153808594,0.009021520614624023
