num_events,utilization,reallocations,changes,failures,reallocated_prop,time_compute,time_apply,time_enum,time_search,time_pp
1,0.6722826086956522,2,5,0,0.25,0.019483089447021484,0.9099206924438477,0.0005204677581787109,0.0007154941558837891,0.018245220184326172
