num_events,utilization,reallocations,changes,failures,reallocated_prop,time_compute,time_apply,time_enum,time_search,time_pp
1,0.7578804347826087,10,17,0,0.5555555555555556,0.011216402053833008,0.49535536766052246,0.0005238056182861328,0.0013365745544433594,0.009354591369628906
