num_events,utilization,reallocations,changes,failures,reallocated_prop,time_compute,time_apply,time_enum,time_search,time_pp
1,0.25217391304347825,1,0,0,0.0,0.011268138885498047,0.15305614471435547,9.560585021972656e-05,0.001596212387084961,0.009573936462402344
