num_events,utilization,reallocations,changes,failures,reallocated_prop,time_compute,time_apply,time_enum,time_search,time_pp
1,0.5260869565217391,1,0,0,0.0,0.3789851665496826,0.35648632049560547,0.017556190490722656,0.35189056396484375,0.009536266326904297
