num_events,utilization,reallocations,changes,failures,reallocated_prop,time_compute,time_apply,time_enum,time_search,time_pp
1,0.002717391304347826,0,0,0,0.0,0.03625893592834473,0.21636319160461426,3.2901763916015625e-05,1.8835067749023438e-05,0.03620576858520508
