num_events,utilization,reallocations,changes,failures,reallocated_prop,time_compute,time_apply,time_enum,time_search,time_pp
1,1.0,62,183,0,0.15121951219512195,0.14912772178649902,0.5993287563323975,0.01473379135131836,0.12397551536560059,0.010416030883789062
