num_events,utilization,reallocations,changes,failures,reallocated_prop,time_compute,time_apply,time_enum,time_search,time_pp
1,0.65,29,55,0,0.42028985507246375,0.03640246391296387,1.1529734134674072,0.0004947185516357422,0.0015838146209716797,0.03432202339172363
