num_events,utilization,reallocations,changes,failures,reallocated_prop,time_compute,time_apply
1,0.8929347826086956,35,71,0,0.36082474226804123,0.014737129211425781,0.5598559379577637
