num_events,utilization,reallocations,changes,failures,reallocated_prop,time_compute,time_apply
1,0.7102241847826087,7,8,0,0.5384615384615384,0.071929931640625,3.7813756465911865
