num_events,utilization,reallocations,changes,failures,reallocated_prop,time_compute,time_apply,time_enum,time_search,time_pp
1,0.2391304347826087,1,0,0,0.0,0.018676042556762695,0.2384357452392578,3.361701965332031e-05,0.0001900196075439453,0.01845073699951172
