num_events,utilization,reallocations,changes,failures,reallocated_prop,time_compute,time_apply,time_enum,time_search,time_pp
1,1.0,9,27,0,0.025280898876404494,0.12660884857177734,0.5797994136810303,0.014663219451904297,0.10213494300842285,0.009808778762817383
