num_events,utilization,reallocations,changes,failures,reallocated_prop,time_compute,time_apply,time_enum,time_search,time_pp
1,0.42934782608695654,1,0,0,0.0,0.32642126083374023,0.32424354553222656,0.018158435821533203,0.2982778549194336,0.009982109069824219
