num_events,utilization,reallocations,changes,failures,reallocated_prop,time_compute,time_apply,time_enum,time_search,time_pp
1,0.14130434782608695,1,0,0,0.0,0.010225057601928711,0.11895275115966797,9.34600830078125e-05,0.0009698867797851562,0.009160280227661133
