num_events,utilization,reallocations,changes,failures,reallocated_prop,time_compute,time_apply,time_enum,time_search,time_pp
1,0.65,16,29,0,0.42105263157894735,0.019690752029418945,0.6020493507385254,0.0005328655242919922,0.0010907649993896484,0.01806497573852539
