num_events,utilization,reallocations,changes,failures,reallocated_prop,time_compute,time_apply
1,0.8271739130434783,6,6,0,0.29411764705882354,0.00950479507446289,0.5036563873291016
