num_events,utilization,reallocations,changes,failures,reallocated_prop,time_compute,time_apply,time_enum,time_search,time_pp
1,0.29891304347826086,1,0,0,0.0,0.011564970016479492,0.16873955726623535,9.465217590332031e-05,0.001983165740966797,0.009485244750976562
