num_events,utilization,reallocations,changes,failures,reallocated_prop,time_compute,time_apply,time_enum,time_search,time_pp
1,0.6722146739130435,3,2,0,0.1111111111111111,0.03708767890930176,1.7153363227844238,0.00010037422180175781,0.0002818107604980469,0.036702632904052734
