num_events,utilization,reallocations,changes,failures,reallocated_prop,time_compute,time_apply,time_enum,time_search,time_pp
1,0.3673913043478261,1,0,0,0.0,0.2847907543182373,0.2875330448150635,0.018692970275878906,0.25677990913391113,0.009316444396972656
