num_events,utilization,reallocations,changes,failures,reallocated_prop,time_compute,time_apply,time_enum,time_search,time_pp
1,0.4217391304347826,1,0,0,0.0,0.3297080993652344,0.3229081630706787,0.022355079650878906,0.2972688674926758,0.010081291198730469
