num_events,utilization,reallocations,changes,failures,reallocated_prop,time_compute,time_apply,time_enum,time_search,time_pp
1,0.65,3,7,0,0.3333333333333333,0.011151552200317383,0.33995652198791504,0.0005660057067871094,0.0004601478576660156,0.010123729705810547
