num_events,utilization,reallocations,changes,failures,reallocated_prop,time_compute,time_apply,time_enum,time_search,time_pp
1,1.0,15,18,0,0.2830188679245283,0.15492486953735352,0.6253135204315186,0.01917243003845215,0.1262054443359375,0.009543895721435547
