num_events,utilization,reallocations,changes,failures,reallocated_prop,time_compute,time_apply
1,0.8807065217391304,15,21,0,0.4166666666666667,0.013576030731201172,0.5488460063934326
