num_events,utilization,reallocations,changes,failures,reallocated_prop,time_compute,time_apply,time_enum,time_search,time_pp
1,0.7633152173913044,79,89,0,0.5642857142857143,0.013894081115722656,0.48288750648498535,0.0004930496215820312,0.0040972232818603516,0.009302139282226562
