num_events,utilization,reallocations,changes,failures,reallocated_prop,time_compute,time_apply,time_enum,time_search,time_pp
1,1.0,15,45,0,0.03537735849056604,0.14519906044006348,0.5746357440948486,0.014642953872680664,0.12065696716308594,0.00989675521850586
