num_events,utilization,reallocations,changes,failures,reallocated_prop,time_compute,time_apply
1,0.7301630434782609,9,8,0,0.5333333333333333,0.037541866302490234,2.010113477706909
