num_events,utilization,reallocations,changes,failures,reallocated_prop,time_compute,time_apply,time_enum,time_search,time_pp
1,0.7567934782608695,20,47,0,0.4878048780487805,0.012060880661010742,0.4879755973815918,0.0005385875701904297,0.001695394515991211,0.009824991226196289
