num_events,utilization,reallocations,changes,failures,reallocated_prop,time_compute,time_apply
1,0.8929347826086956,36,59,0,0.3333333333333333,0.015229225158691406,0.5456452369689941
