num_events,utilization,reallocations,changes,failures,reallocated_prop,time_compute,time_apply,time_enum,time_search,time_pp
1,0.1826086956521739,1,0,0,0.0,0.010630369186401367,0.1308119297027588,9.417533874511719e-05,0.001218557357788086,0.009315967559814453
