num_events,utilization,reallocations,changes,failures,reallocated_prop,time_compute,time_apply,time_enum,time_search,time_pp
1,0.5,2,2,0,0.25,0.07121157646179199,1.8590352535247803,0.0005128383636474609,0.0003056526184082031,0.07039046287536621
