num_events,utilization,reallocations,changes,failures,reallocated_prop,time_compute,time_apply,time_enum,time_search,time_pp
1,1.0,51,153,0,0.10991379310344827,0.15852904319763184,0.5947487354278564,0.014672994613647461,0.13384509086608887,0.010008573532104492
