num_events,utilization,reallocations,changes,failures,reallocated_prop,time_compute,time_apply,time_enum,time_search,time_pp
1,1.0,40,73,0,0.22988505747126436,0.07826352119445801,0.5858042240142822,0.014736413955688477,0.053652048110961914,0.009873390197753906
