num_events,utilization,reallocations,changes,failures,reallocated_prop,time_compute,time_apply,time_enum,time_search,time_pp
1,0.10869565217391304,1,0,0,0.0,0.03228950500488281,0.16925525665283203,0.012917280197143555,0.009943962097167969,0.009425878524780273
