num_events,utilization,reallocations,changes,failures,reallocated_prop,time_compute,time_apply,time_enum,time_search,time_pp
1,0.4537703804347826,2,1,0,0.3333333333333333,0.07640314102172852,2.8451733589172363,0.00010085105895996094,0.0001270771026611328,0.0761728286743164
