num_events,utilization,reallocations,changes,failures,reallocated_prop,time_compute,time_apply,time_enum,time_search,time_pp
1,0.18369565217391304,1,0,0,0.0,0.010851860046386719,0.13146138191223145,9.465217590332031e-05,0.0012044906616210938,0.009550809860229492
