num_events,utilization,reallocations,changes,failures,reallocated_prop,time_compute,time_apply,time_enum,time_search,time_pp
1,0.7298913043478261,13,24,0,0.5,0.02047133445739746,0.9449560642242432,0.0005118846893310547,0.0018153190612792969,0.01814126968383789
