num_events,utilization,reallocations,changes,failures,reallocated_prop,time_compute,time_apply,time_enum,time_search,time_pp
1,0.65,5,12,0,0.3333333333333333,0.01034092903137207,0.2957267761230469,0.0004911422729492188,0.0005753040313720703,0.009273052215576172
