num_events,utilization,reallocations,changes,failures,reallocated_prop,time_compute,time_apply,time_enum,time_search,time_pp
1,0.4641304347826087,2,1,0,0.3333333333333333,0.018285512924194336,0.7224137783050537,3.409385681152344e-05,3.2901763916015625e-05,0.018216848373413086
