num_events,utilization,reallocations,changes,failures,reallocated_prop,time_compute,time_apply,time_enum,time_search,time_pp
1,1.0,9,27,0,0.032490974729241874,0.11069893836975098,0.5807709693908691,0.014687776565551758,0.08601975440979004,0.009989261627197266
