num_events,utilization,reallocations,changes,failures,reallocated_prop,time_compute,time_apply,time_enum,time_search,time_pp
1,0.7176630434782608,4,9,0,0.36363636363636365,0.010907173156738281,0.4550948143005371,0.0005600452423095703,0.0009167194366455078,0.00942850112915039
