num_events,utilization,reallocations,changes,failures,reallocated_prop,time_compute,time_apply,time_enum,time_search,time_pp
1,0.6896739130434782,13,12,0,0.35294117647058826,0.03765273094177246,1.8023436069488525,0.0001010894775390625,0.0005514621734619141,0.03699755668640137
