num_events,utilization,reallocations,changes,failures,reallocated_prop,time_compute,time_apply,time_enum,time_search,time_pp
1,0.7192934782608695,7,6,0,0.46153846153846156,0.009023427963256836,0.44724369049072266,8.273124694824219e-05,0.0002410411834716797,0.008697748184204102
