num_events,utilization,reallocations,changes,failures,reallocated_prop,time_compute,time_apply
1,0.7217051630434783,13,20,0,0.43333333333333335,0.07209587097167969,3.8574187755584717
