num_events,utilization,reallocations,changes,failures,reallocated_prop,time_compute,time_apply,time_enum,time_search,time_pp
1,0.65,28,68,0,0.32558139534883723,0.07523894309997559,2.437948226928711,0.0005426406860351562,0.002167224884033203,0.07252669334411621
