num_events,utilization,reallocations,changes,failures,reallocated_prop,time_compute,time_apply
1,0.7171195652173913,4,4,0,0.5714285714285714,0.0113372802734375,0.519927978515625
