num_events,utilization,reallocations,changes,failures,reallocated_prop,time_compute,time_apply,time_enum,time_search,time_pp
1,1.0,132,195,0,0.2755741127348643,0.1596066951751709,0.6257321834564209,0.014715433120727539,0.13465070724487305,0.010237932205200195
