num_events,utilization,reallocations,changes,failures,reallocated_prop,time_compute,time_apply,time_enum,time_search,time_pp
1,1.0,34,99,0,0.15178571428571427,0.0910954475402832,0.5775346755981445,0.014789819717407227,0.06650900840759277,0.009794473648071289
