num_events,utilization,reallocations,changes,failures,reallocated_prop,time_compute,time_apply,time_enum,time_search,time_pp
1,0.09782608695652174,1,0,0,0.0,0.03174543380737305,0.1631319522857666,0.012903213500976562,0.009403705596923828,0.009436368942260742
