num_events,utilization,reallocations,changes,failures,reallocated_prop,time_compute,time_apply,time_enum,time_search,time_pp
1,0.65,19,46,0,0.3333333333333333,0.0750589370727539,2.341761827468872,0.0004940032958984375,0.001478433609008789,0.07308387756347656
