num_events,utilization,reallocations,changes,failures,reallocated_prop,time_compute,time_apply,time_enum,time_search,time_pp
1,0.65,23,40,0,0.06068601583113457,0.018430709838867188,0.3189048767089844,0.0005047321319580078,0.00795125961303711,0.009972572326660156
