num_events,utilization,reallocations,changes,failures,reallocated_prop,time_compute,time_apply,time_enum,time_search,time_pp
1,1.0,13,14,0,0.43333333333333335,0.09897017478942871,0.6056313514709473,0.018436431884765625,0.07133007049560547,0.009200572967529297
