num_events,utilization,reallocations,changes,failures,reallocated_prop,time_compute,time_apply
1,0.8942934782608696,10,10,0,0.20930232558139536,0.010299205780029297,0.5649759769439697
