num_events,utilization,reallocations,changes,failures,reallocated_prop,time_compute,time_apply,time_enum,time_search,time_pp
1,0.6580842391304348,6,14,0,0.3333333333333333,0.0759425163269043,3.4444382190704346,0.0005164146423339844,0.001093149185180664,0.07433009147644043
