num_events,utilization,reallocations,changes,failures,reallocated_prop,time_compute,time_apply,time_enum,time_search,time_pp
1,0.041304347826086954,1,0,0,0.0,0.010503053665161133,0.08832836151123047,0.00011110305786132812,0.00033545494079589844,0.010054826736450195
