num_events,utilization,reallocations,changes,failures,reallocated_prop,time_compute,time_apply,time_enum,time_search,time_pp
1,0.006521739130434782,1,0,0,0.0,0.03584742546081543,0.12827587127685547,0.018105745315551758,0.00868988037109375,0.00904989242553711
