num_events,utilization,reallocations,changes,failures,reallocated_prop,time_compute,time_apply
1,0.9057065217391305,32,50,0,0.5423728813559322,0.013735532760620117,0.5732071399688721
