num_events,utilization,reallocations,changes,failures,reallocated_prop,time_compute,time_apply
1,0.7423913043478261,4,4,0,0.42857142857142855,0.013844013214111328,0.5379054546356201
