num_events,utilization,reallocations,changes,failures,reallocated_prop,time_compute,time_apply,time_enum,time_search,time_pp
1,0.65,139,327,0,0.2785571142284569,0.02091813087463379,0.35915589332580566,0.000499725341796875,0.010328054428100586,0.010087966918945312
