num_events,utilization,reallocations,changes,failures,reallocated_prop,time_compute,time_apply,time_enum,time_search,time_pp
1,0.65,65,123,0,0.3125,0.01704573631286621,0.3921372890472412,0.0006833076477050781,0.004479169845581055,0.011881589889526367
