num_events,utilization,reallocations,changes,failures,reallocated_prop,time_compute,time_apply,time_enum,time_search,time_pp
1,0.6845108695652173,7,7,0,0.46153846153846156,0.010204315185546875,0.4490518569946289,3.647804260253906e-05,6.0558319091796875e-05,0.010105371475219727
