num_events,utilization,reallocations,changes,failures,reallocated_prop,time_compute,time_apply,time_enum,time_search,time_pp
1,0.65,71,129,0,0.285140562248996,0.015395879745483398,0.3285408020019531,0.0004971027374267578,0.005323171615600586,0.009573221206665039
