num_events,utilization,reallocations,changes,failures,reallocated_prop,time_compute,time_apply,time_enum,time_search,time_pp
1,0.05543478260869565,1,0,0,0.0,0.06789946556091309,0.15249872207641602,0.018090248107910156,0.04057788848876953,0.009229898452758789
