num_events,utilization,reallocations,changes,failures,reallocated_prop,time_compute,time_apply,time_enum,time_search,time_pp
1,1.0,25,35,0,0.16339869281045752,0.10101628303527832,0.639075517654419,0.013124465942382812,0.07874202728271484,0.009147405624389648
