num_events,utilization,reallocations,changes,failures,reallocated_prop,time_compute,time_apply,time_enum,time_search,time_pp
1,1.0,31,43,0,0.31313131313131315,0.05530524253845215,0.5665297508239746,0.014778852462768555,0.03111863136291504,0.009406089782714844
