num_events,utilization,reallocations,changes,failures,reallocated_prop,time_compute,time_apply
1,0.960054347826087,7,9,0,0.5833333333333334,0.35840439796447754,0.570897102355957
