num_events,utilization,reallocations,changes,failures,reallocated_prop,time_compute,time_apply,time_enum,time_search,time_pp
1,0.738179347826087,22,39,0,0.55,0.0214691162109375,0.9633383750915527,0.0005168914794921875,0.002127408981323242,0.018822669982910156
