num_events,utilization,reallocations,changes,failures,reallocated_prop,time_compute,time_apply,time_enum,time_search,time_pp
1,0.7635869565217391,58,100,0,0.3815789473684211,0.014297246932983398,0.4857485294342041,0.0005042552947998047,0.00438380241394043,0.009407281875610352
