num_events,utilization,reallocations,changes,failures,reallocated_prop,time_compute,time_apply,time_enum,time_search,time_pp
1,0.02092391304347826,1,0,0,0.0,0.03794074058532715,0.3141803741455078,9.846687316894531e-05,0.0006041526794433594,0.03723573684692383
