num_events,utilization,reallocations,changes,failures,reallocated_prop,time_compute,time_apply,time_enum,time_search,time_pp
1,1.0,21,63,0,0.12280701754385964,0.0762939453125,0.5745012760162354,0.015133857727050781,0.05158567428588867,0.009572267532348633
