num_events,utilization,reallocations,changes,failures,reallocated_prop,time_compute,time_apply,time_enum,time_search,time_pp
1,0.2184782608695652,1,0,0,0.0,0.010885477066040039,0.14266657829284668,9.584426879882812e-05,0.001401662826538086,0.00938558578491211
