num_events,utilization,reallocations,changes,failures,reallocated_prop,time_compute,time_apply,time_enum,time_search,time_pp
1,1.0,32,59,0,0.24060150375939848,0.06589484214782715,0.5810270309448242,0.014748573303222656,0.04157304763793945,0.009571313858032227
