num_events,utilization,reallocations,changes,failures,reallocated_prop,time_compute,time_apply,time_enum,time_search,time_pp
1,0.34347826086956523,1,0,0,0.0,0.011988401412963867,0.18044734001159668,8.082389831542969e-05,0.0020329952239990234,0.009872913360595703
