num_events,utilization,reallocations,changes,failures,reallocated_prop,time_compute,time_apply,time_enum,time_search,time_pp
1,0.716304347826087,8,14,0,0.47058823529411764,0.010754823684692383,0.45861268043518066,0.0005447864532470703,0.0010068416595458984,0.0092010498046875
