num_events,utilization,reallocations,changes,failures,reallocated_prop,time_compute,time_apply,time_enum,time_search,time_pp
1,0.65,9,22,0,0.3103448275862069,0.07095551490783691,2.354156017303467,0.0005309581756591797,0.0007615089416503906,0.06966090202331543
