num_events,utilization,reallocations,changes,failures,reallocated_prop,time_compute,time_apply,time_enum,time_search,time_pp
1,1.0,29,53,0,0.11462450592885376,0.09761810302734375,0.5894229412078857,0.014740705490112305,0.07311630249023438,0.009758949279785156
