num_events,utilization,reallocations,changes,failures,reallocated_prop,time_compute,time_apply,time_enum,time_search,time_pp
1,0.6804347826086956,11,22,0,0.3548387096774194,0.0383608341217041,1.8075335025787354,0.0005102157592773438,0.0016705989837646484,0.0361783504486084
