num_events,utilization,reallocations,changes,failures,reallocated_prop,time_compute,time_apply,time_enum,time_search,time_pp
1,0.7567934782608695,22,43,0,0.3283582089552239,0.01212310791015625,0.4938850402832031,0.0005309581756591797,0.002242565155029297,0.00934743881225586
