num_events,utilization,reallocations,changes,failures,reallocated_prop,time_compute,time_apply,time_enum,time_search,time_pp
1,0.65,115,187,0,0.26744186046511625,0.02069091796875,0.3902897834777832,0.0006315708160400391,0.008292198181152344,0.011765718460083008
