num_events,utilization,reallocations,changes,failures,reallocated_prop,time_compute,time_apply
1,0.8021739130434783,6,10,0,0.42857142857142855,0.010996103286743164,0.52597975730896
