num_events,utilization,reallocations,changes,failures,reallocated_prop,time_compute,time_apply,time_enum,time_search,time_pp
1,0.022282608695652174,1,0,0,0.0,0.03642153739929199,0.3070962429046631,0.00011110305786132812,0.0006246566772460938,0.03568387031555176
