num_events,utilization,reallocations,changes,failures,reallocated_prop,time_compute,time_apply,time_enum,time_search,time_pp
1,0.035869565217391305,1,0,0,0.0,0.05515623092651367,0.15036845207214355,0.01813960075378418,0.027781963348388672,0.009233236312866211
