num_events,utilization,reallocations,changes,failures,reallocated_prop,time_compute,time_apply,time_enum,time_search,time_pp
1,0.65,45,80,0,0.1505016722408027,0.01648402214050293,0.32222604751586914,0.000507354736328125,0.006205081939697266,0.009769678115844727
