num_events,utilization,reallocations,changes,failures,reallocated_prop,time_compute,time_apply
1,0.7604619565217391,9,16,0,0.391304347826087,0.021341800689697266,1.0237884521484375
