num_events,utilization,reallocations,changes,failures,reallocated_prop,time_compute,time_apply
1,0.8991847826086956,8,7,0,0.2916666666666667,0.01003408432006836,0.5628118515014648
