num_events,utilization,reallocations,changes,failures,reallocated_prop,time_compute,time_apply,time_enum,time_search,time_pp
1,0.6583559782608696,9,9,0,0.5333333333333333,0.07434940338134766,3.551306962966919,3.528594970703125e-05,0.00013375282287597656,0.07417845726013184
