num_events,utilization,reallocations,changes,failures,reallocated_prop,time_compute,time_apply,time_enum,time_search,time_pp
1,0.2619565217391304,1,0,0,0.0,0.21219205856323242,0.24527812004089355,0.018270492553710938,0.18432068824768066,0.009598255157470703
