num_events,utilization,reallocations,changes,failures,reallocated_prop,time_compute,time_apply,time_enum,time_search,time_pp
1,1.0,22,24,0,0.38596491228070173,0.14184021949768066,0.6203482151031494,0.01852893829345703,0.11396074295043945,0.009348154067993164
