num_events,utilization,reallocations,changes,failures,reallocated_prop,time_compute,time_apply,time_enum,time_search,time_pp
1,0.16847826086956522,1,0,0,0.0,0.03710532188415527,0.4117448329925537,3.4332275390625e-05,0.0002727508544921875,0.03679609298706055
