num_events,utilization,reallocations,changes,failures,reallocated_prop,time_compute,time_apply,time_enum,time_search,time_pp
1,0.65,25,61,0,0.3246753246753247,0.038303375244140625,1.2061595916748047,0.0004944801330566406,0.0019676685333251953,0.035839080810546875
