num_events,utilization,reallocations,changes,failures,reallocated_prop,time_compute,time_apply,time_enum,time_search,time_pp
1,0.65,23,43,0,0.42592592592592593,0.01110386848449707,0.29928064346313477,0.00049591064453125,0.0013723373413085938,0.009233713150024414
