num_events,utilization,reallocations,changes,failures,reallocated_prop,time_compute,time_apply,time_enum,time_search,time_pp
1,0.01657608695652174,1,0,0,0.0,0.036844730377197266,0.3018679618835449,9.72747802734375e-05,0.0004742145538330078,0.03627181053161621
