num_events,utilization,reallocations,changes,failures,reallocated_prop,time_compute,time_apply,time_enum,time_search,time_pp
1,0.1391304347826087,1,0,0,0.0,0.1266343593597412,0.19807839393615723,0.01846027374267578,0.0985574722290039,0.009613990783691406
