num_events,utilization,reallocations,changes,failures,reallocated_prop,time_compute,time_apply
1,0.7152173913043478,11,10,0,0.5555555555555556,0.06951045989990234,3.8686351776123047
