num_events,utilization,reallocations,changes,failures,reallocated_prop,time_compute,time_apply
1,0.8089673913043478,9,12,0,0.391304347826087,0.011213302612304688,0.5144357681274414
