num_events,utilization,reallocations,changes,failures,reallocated_prop,time_compute,time_apply,time_enum,time_search,time_pp
1,0.7008152173913044,6,5,0,0.3333333333333333,0.01030111312866211,0.45326900482177734,9.465217590332031e-05,0.00029540061950683594,0.009908914566040039
