num_events,utilization,reallocations,changes,failures,reallocated_prop,time_compute,time_apply,time_enum,time_search,time_pp
1,1.0,8,18,0,0.01616161616161616,0.16310811042785645,0.570458173751831,0.014930486679077148,0.13825273513793945,0.009922027587890625
