num_events,utilization,reallocations,changes,failures,reallocated_prop,time_compute,time_apply,time_enum,time_search,time_pp
1,0.19130434782608696,1,0,0,0.0,0.17115283012390137,0.22092509269714355,0.021639108657836914,0.1393146514892578,0.010196924209594727
