num_events,utilization,reallocations,changes,failures,reallocated_prop,time_compute,time_apply,time_enum,time_search,time_pp
1,0.65,16,29,0,0.42105263157894735,0.018963336944580078,0.5953652858734131,0.00042247772216796875,0.0009396076202392578,0.01759934425354004
