num_events,utilization,reallocations,changes,failures,reallocated_prop,time_compute,time_apply,time_enum,time_search,time_pp
1,1.0,6,12,0,0.20689655172413793,0.03646564483642578,0.5693094730377197,0.015324831008911133,0.011786222457885742,0.0093536376953125
