num_events,utilization,reallocations,changes,failures,reallocated_prop,time_compute,time_apply,time_enum,time_search,time_pp
1,0.6766304347826086,4,9,0,0.3333333333333333,0.01088404655456543,0.45920228958129883,0.0005805492401123047,0.0007412433624267578,0.009560823440551758
