num_events,utilization,reallocations,changes,failures,reallocated_prop,time_compute,time_apply,time_enum,time_search,time_pp
1,0.65,35,65,0,0.09043927648578812,0.01828932762145996,0.3229665756225586,0.0005037784576416016,0.007930994033813477,0.009852409362792969
