num_events,utilization,reallocations,changes,failures,reallocated_prop,time_compute,time_apply,time_enum,time_search,time_pp
1,0.19021739130434784,1,0,0,0.0,0.03962135314941406,0.4309568405151367,3.62396240234375e-05,0.0003039836883544922,0.03927922248840332
