num_events,utilization,reallocations,changes,failures,reallocated_prop,time_compute,time_apply,time_enum,time_search,time_pp
1,0.32608695652173914,1,0,0,0.0,0.011899471282958984,0.18053698539733887,9.655952453613281e-05,0.002028942108154297,0.009772300720214844
