num_events,utilization,reallocations,changes,failures,reallocated_prop,time_compute,time_apply,time_enum,time_search,time_pp
1,0.08967391304347826,1,0,0,0.0,0.03633594512939453,0.3079335689544678,3.457069396972656e-05,0.00014734268188476562,0.036151885986328125
