num_events,utilization,reallocations,changes,failures,reallocated_prop,time_compute,time_apply,time_enum,time_search,time_pp
1,1.0,9,21,0,0.1875,0.041738271713256836,0.5698394775390625,0.015001296997070312,0.017208099365234375,0.00952768325805664
