num_events,utilization,reallocations,changes,failures,reallocated_prop,time_compute,time_apply,time_enum,time_search,time_pp
1,0.65,111,267,0,0.23221757322175732,0.020556926727294922,0.35814976692199707,0.0005021095275878906,0.010006427764892578,0.010046243667602539
