num_events,utilization,reallocations,changes,failures,reallocated_prop,time_compute,time_apply,time_enum,time_search,time_pp
1,0.7633152173913044,49,84,0,0.32450331125827814,0.01397085189819336,0.4829416275024414,0.0005040168762207031,0.004111766815185547,0.009353399276733398
