num_events,utilization,reallocations,changes,failures,reallocated_prop,time_compute,time_apply,time_enum,time_search,time_pp
1,0.65,147,277,0,0.40607734806629836,0.0182492733001709,0.3470451831817627,0.0005080699920654297,0.007570981979370117,0.010168075561523438
