num_events,utilization,reallocations,changes,failures,reallocated_prop,time_compute,time_apply,time_enum,time_search,time_pp
1,0.0,0,0,0,0.0,0.010399103164672852,0.0606694221496582,3.7670135498046875e-05,1.9073486328125e-05,0.010340213775634766
