num_events,utilization,reallocations,changes,failures,reallocated_prop,time_compute,time_apply,time_enum,time_search,time_pp
1,0.10326086956521739,1,0,0,0.0,0.010083198547363281,0.10319781303405762,8.225440979003906e-05,0.0007169246673583984,0.009282588958740234
