num_events,utilization,reallocations,changes,failures,reallocated_prop,time_compute,time_apply,time_enum,time_search,time_pp
1,0.65,96,163,0,0.3,0.019546031951904297,0.36994385719299316,0.0006821155548095703,0.006649494171142578,0.012212753295898438
