num_events,utilization,reallocations,changes,failures,reallocated_prop,time_compute,time_apply,time_enum,time_search,time_pp
1,1.0,71,129,0,0.15673289183222958,0.15175580978393555,0.6063556671142578,0.014803409576416016,0.12711191177368164,0.009837865829467773
