num_events,utilization,reallocations,changes,failures,reallocated_prop,time_compute,time_apply,time_enum,time_search,time_pp
1,0.03125,1,0,0,0.0,0.07553696632385254,0.49617481231689453,3.719329833984375e-05,0.00011444091796875,0.07538318634033203
