num_events,utilization,reallocations,changes,failures,reallocated_prop,time_compute,time_apply,time_enum,time_search,time_pp
1,0.65,4,7,0,0.36363636363636365,0.07307124137878418,2.393397569656372,0.0005013942718505859,0.00048828125,0.07207918167114258
