num_events,utilization,reallocations,changes,failures,reallocated_prop,time_compute,time_apply,time_enum,time_search,time_pp
1,1.0,38,70,0,0.1630901287553648,0.0939178466796875,0.5736157894134521,0.014796018600463867,0.06942582130432129,0.009693145751953125
