num_events,utilization,reallocations,changes,failures,reallocated_prop,time_compute,time_apply,time_enum,time_search,time_pp
1,1.0,30,33,0,0.5084745762711864,0.06577229499816895,0.6222729682922363,0.012217044830322266,0.04456591606140137,0.008986711502075195
