num_events,utilization,reallocations,changes,failures,reallocated_prop,time_compute,time_apply,time_enum,time_search,time_pp
1,1.0,13,36,0,0.1566265060240964,0.05084109306335449,0.5712735652923584,0.01501011848449707,0.0264129638671875,0.009415149688720703
