num_events,utilization,reallocations,changes,failures,reallocated_prop,time_compute,time_apply,time_enum,time_search,time_pp
1,0.09565217391304348,1,0,0,0.0,0.010582447052001953,0.10455703735351562,0.0001068115234375,0.000762939453125,0.009709835052490234
