num_events,utilization,reallocations,changes,failures,reallocated_prop,time_compute,time_apply,time_enum,time_search,time_pp
1,0.11739130434782609,1,0,0,0.0,0.1144716739654541,0.175201416015625,0.01888751983642578,0.08628416061401367,0.009297609329223633
