num_events,utilization,reallocations,changes,failures,reallocated_prop,time_compute,time_apply,time_enum,time_search,time_pp
1,0.6650135869565217,7,12,0,0.4666666666666667,0.03587651252746582,1.7151529788970947,0.0005176067352294922,0.0009014606475830078,0.034455299377441406
