num_events,utilization,reallocations,changes,failures,reallocated_prop,time_compute,time_apply,time_enum,time_search,time_pp
1,0.1815217391304348,1,0,0,0.0,0.15645098686218262,0.21771860122680664,0.018365859985351562,0.1283578872680664,0.009724855422973633
