num_events,utilization,reallocations,changes,failures,reallocated_prop,time_compute,time_apply,time_enum,time_search,time_pp
1,0.1793478260869565,1,0,0,0.0,0.01846623420715332,0.21021175384521484,3.457069396972656e-05,0.0001456737518310547,0.018284082412719727
