num_events,utilization,reallocations,changes,failures,reallocated_prop,time_compute,time_apply,time_enum,time_search,time_pp
1,0.10869565217391304,1,0,0,0.0,0.07038688659667969,0.6550836563110352,3.528594970703125e-05,0.00034046173095703125,0.07000899314880371
