num_events,utilization,reallocations,changes,failures,reallocated_prop,time_compute,time_apply,time_enum,time_search,time_pp
1,0.0005434782608695652,1,0,0,0.0,0.03629612922668457,0.27298784255981445,0.00010609626770019531,5.793571472167969e-05,0.03613018989562988
