num_events,utilization,reallocations,changes,failures,reallocated_prop,time_compute,time_apply,time_enum,time_search,time_pp
1,0.7567934782608695,22,43,0,0.3283582089552239,0.012124061584472656,0.4768683910369873,0.0004963874816894531,0.002248048782348633,0.009377241134643555
