num_events,utilization,reallocations,changes,failures,reallocated_prop,time_compute,time_apply
1,0.7428668478260869,11,10,0,0.38461538461538464,0.037700653076171875,2.020639419555664
