num_events,utilization,reallocations,changes,failures,reallocated_prop,time_compute,time_apply,time_enum,time_search,time_pp
1,0.0,0,0,0,0.0,0.07254981994628906,0.2694520950317383,0.0004878044128417969,0.0001888275146484375,0.07187080383300781
