num_events,utilization,reallocations,changes,failures,reallocated_prop,time_compute,time_apply,time_enum,time_search,time_pp
1,0.04565217391304348,1,0,0,0.0,0.012517213821411133,0.11093878746032715,0.00012445449829101562,0.000335693359375,0.012055397033691406
