num_events,utilization,reallocations,changes,failures,reallocated_prop,time_compute,time_apply,time_enum,time_search,time_pp
1,0.7635869565217391,75,145,0,0.5357142857142857,0.01413106918334961,0.49635982513427734,0.0004935264587402344,0.004237174987792969,0.009398698806762695
