num_events,utilization,reallocations,changes,failures,reallocated_prop,time_compute,time_apply,time_enum,time_search,time_pp
1,0.22826086956521738,1,0,0,0.0,0.037499189376831055,0.46755075454711914,3.361701965332031e-05,0.00034308433532714844,0.03712105751037598
