num_events,utilization,reallocations,changes,failures,reallocated_prop,time_compute,time_apply
1,0.8043478260869565,7,6,0,0.3333333333333333,0.010167598724365234,0.5230355262756348
