num_events,utilization,reallocations,changes,failures,reallocated_prop,time_compute,time_apply,time_enum,time_search,time_pp
1,0.65,5,9,0,0.4166666666666667,0.010458707809448242,0.3306586742401123,0.00047135353088378906,0.0004341602325439453,0.009551286697387695
