num_events,utilization,reallocations,changes,failures,reallocated_prop,time_compute,time_apply
1,0.7903532608695653,11,17,0,0.3793103448275862,0.022489309310913086,1.0490801334381104
