num_events,utilization,reallocations,changes,failures,reallocated_prop,time_compute,time_apply,time_enum,time_search,time_pp
1,0.65,56,98,0,0.32748538011695905,0.013787984848022461,0.3090553283691406,0.0005044937133789062,0.0037202835083007812,0.009561538696289062
