num_events,utilization,reallocations,changes,failures,reallocated_prop,time_compute,time_apply,time_enum,time_search,time_pp
1,0.002173913043478261,1,0,0,0.0,0.012910604476928711,0.09841537475585938,0.00014495849609375,5.793571472167969e-05,0.012705802917480469
