num_events,utilization,reallocations,changes,failures,reallocated_prop,time_compute,time_apply,time_enum,time_search,time_pp
1,0.7633152173913044,24,55,0,0.42857142857142855,0.011824607849121094,0.47297048568725586,0.0004987716674804688,0.0021135807037353516,0.009209632873535156
