num_events,utilization,reallocations,changes,failures,reallocated_prop,time_compute,time_apply,time_enum,time_search,time_pp
1,0.7567934782608695,52,124,0,0.48598130841121495,0.01384115219116211,0.4899277687072754,0.000560760498046875,0.0031957626342773438,0.01008296012878418
