num_events,utilization,reallocations,changes,failures,reallocated_prop,time_compute,time_apply,time_enum,time_search,time_pp
1,0.6891304347826087,9,9,0,0.4444444444444444,0.018563508987426758,0.9090003967285156,3.5762786865234375e-05,0.00010776519775390625,0.018418073654174805
