num_events,utilization,reallocations,changes,failures,reallocated_prop,time_compute,time_apply,time_enum,time_search,time_pp
1,0.16195652173913044,1,0,0,0.0,0.01069331169128418,0.12334346771240234,0.00010037422180175781,0.0011451244354248047,0.009446144104003906
