num_events,utilization,reallocations,changes,failures,reallocated_prop,time_compute,time_apply,time_enum,time_search,time_pp
1,0.65,41,77,0,0.4270833333333333,0.03868532180786133,1.2130155563354492,0.0005197525024414062,0.0022797584533691406,0.03588366508483887
