num_events,utilization,reallocations,changes,failures,reallocated_prop,time_compute,time_apply,time_enum,time_search,time_pp
1,0.3347826086956522,1,0,0,0.0,0.24393820762634277,0.26200175285339355,0.01739335060119629,0.21730470657348633,0.009238004684448242
