num_events,utilization,reallocations,changes,failures,reallocated_prop,time_compute,time_apply,time_enum,time_search,time_pp
1,0.7635869565217391,28,61,0,0.4745762711864407,0.012111425399780273,0.48073363304138184,0.0005395412445068359,0.002197265625,0.009372949600219727
