num_events,utilization,reallocations,changes,failures,reallocated_prop,time_compute,time_apply,time_enum,time_search,time_pp
1,1.0,31,69,0,0.17032967032967034,0.08712911605834961,0.5785224437713623,0.015849828720092773,0.06086540222167969,0.010411739349365234
