num_events,utilization,reallocations,changes,failures,reallocated_prop,time_compute,time_apply,time_enum,time_search,time_pp
1,0.7567934782608695,74,146,0,0.5873015873015873,0.013428688049316406,0.48445796966552734,0.0004963874816894531,0.003599882125854492,0.009330511093139648
