num_events,utilization,reallocations,changes,failures,reallocated_prop,time_compute,time_apply,time_enum,time_search,time_pp
1,0.7635869565217391,76,148,0,0.5547445255474452,0.013767004013061523,0.4920487403869629,0.0004987716674804688,0.003842592239379883,0.00942373275756836
