num_events,utilization,reallocations,changes,failures,reallocated_prop,time_compute,time_apply,time_enum,time_search,time_pp
1,1.0,39,97,0,0.28888888888888886,0.1101522445678711,0.6441445350646973,0.014595985412597656,0.0858621597290039,0.009691715240478516
