num_events,utilization,reallocations,changes,failures,reallocated_prop,time_compute,time_apply,time_enum,time_search,time_pp
1,0.22826086956521738,1,0,0,0.0,0.0203702449798584,0.25545477867126465,4.2438507080078125e-05,0.00020313262939453125,0.020122528076171875
