num_events,utilization,reallocations,changes,failures,reallocated_prop,time_compute,time_apply,time_enum,time_search,time_pp
1,0.15217391304347827,1,0,0,0.0,0.018864154815673828,0.1930103302001953,3.6716461181640625e-05,0.00014495849609375,0.018681049346923828
