num_events,utilization,reallocations,changes,failures,reallocated_prop,time_compute,time_apply,time_enum,time_search,time_pp
1,0.65,83,189,0,0.24702380952380953,0.0166928768157959,0.3224523067474365,0.0005106925964355469,0.006520271301269531,0.009660482406616211
