num_events,utilization,reallocations,changes,failures,reallocated_prop,time_compute,time_apply,time_enum,time_search,time_pp
1,0.65,54,84,0,0.13670886075949368,0.018642663955688477,0.32504701614379883,0.0004966259002685547,0.0083770751953125,0.009766817092895508
