num_events,utilization,reallocations,changes,failures,reallocated_prop,time_compute,time_apply,time_enum,time_search,time_pp
1,0.6854619565217391,14,14,0,0.5,0.01843714714050293,0.8962321281433105,3.504753112792969e-05,0.00010943412780761719,0.01829075813293457
