num_events,utilization,reallocations,changes,failures,reallocated_prop,time_compute,time_apply
1,0.803804347826087,12,13,0,0.7333333333333333,0.010061264038085938,0.5442342758178711
