num_events,utilization,reallocations,changes,failures,reallocated_prop,time_compute,time_apply,time_enum,time_search,time_pp
1,0.15,0,0,0,0.0,0.06909584999084473,0.6663269996643066,0.0004489421844482422,0.00022339820861816406,0.06842207908630371
