num_events,utilization,reallocations,changes,failures,reallocated_prop,time_compute,time_apply,time_enum,time_search,time_pp
1,0.19021739130434784,1,0,0,0.0,0.03853344917297363,0.4315342903137207,3.6716461181640625e-05,0.0003132820129394531,0.03818154335021973
