num_events,utilization,reallocations,changes,failures,reallocated_prop,time_compute,time_apply,time_enum,time_search,time_pp
1,0.22826086956521738,1,0,0,0.0,0.03646421432495117,0.46352577209472656,5.364418029785156e-05,0.00035190582275390625,0.0360562801361084
