num_events,utilization,reallocations,changes,failures,reallocated_prop,time_compute,time_apply,time_enum,time_search,time_pp
1,0.65,41,77,0,0.422680412371134,0.07260608673095703,2.3727200031280518,0.0004978179931640625,0.0022211074829101562,0.0698847770690918
