num_events,utilization,reallocations,changes,failures,reallocated_prop,time_compute,time_apply,time_enum,time_search,time_pp
1,0.6294836956521739,4,3,0,0.5,0.018779277801513672,0.8750722408294678,3.4809112548828125e-05,6.532669067382812e-05,0.0186769962310791
