num_events,utilization,reallocations,changes,failures,reallocated_prop,time_compute,time_apply,time_enum,time_search,time_pp
1,0.7328804347826087,11,13,0,0.30303030303030304,0.00954127311706543,0.45879340171813965,3.2901763916015625e-05,0.00011157989501953125,0.009394407272338867
