num_events,utilization,reallocations,changes,failures,reallocated_prop,time_compute,time_apply,time_enum,time_search,time_pp
1,0.65,30,54,0,0.33707865168539325,0.01183629035949707,0.30098962783813477,0.0004963874816894531,0.0021190643310546875,0.009218692779541016
