num_events,utilization,reallocations,changes,failures,reallocated_prop,time_compute,time_apply,time_enum,time_search,time_pp
1,1.0,39,93,0,0.291044776119403,0.11244058609008789,0.6520307064056396,0.014776468276977539,0.08819985389709473,0.009462118148803711
