num_events,utilization,reallocations,changes,failures,reallocated_prop,time_compute,time_apply,time_enum,time_search,time_pp
1,0.10869565217391304,1,0,0,0.0,0.0728762149810791,0.6664383411407471,3.314018249511719e-05,0.00033664703369140625,0.07250452041625977
