num_events,utilization,reallocations,changes,failures,reallocated_prop,time_compute,time_apply,time_enum,time_search,time_pp
1,1.0,86,125,0,0.22279792746113988,0.13312315940856934,0.5832345485687256,0.014789819717407227,0.10859203338623047,0.009738922119140625
