num_events,utilization,reallocations,changes,failures,reallocated_prop,time_compute,time_apply,time_enum,time_search,time_pp
1,1.0,21,48,0,0.19444444444444445,0.06244540214538574,0.5530133247375488,0.015659809112548828,0.03621482849121094,0.010568380355834961
