num_events,utilization,reallocations,changes,failures,reallocated_prop,time_compute,time_apply,time_enum,time_search,time_pp
1,0.7364130434782609,9,21,0,0.391304347826087,0.011301279067993164,0.47905731201171875,0.0005130767822265625,0.001430511474609375,0.009356021881103516
