num_events,utilization,reallocations,changes,failures,reallocated_prop,time_compute,time_apply,time_enum,time_search,time_pp
1,1.0,44,132,0,0.11253196930946291,0.13716506958007812,0.5825927257537842,0.01479339599609375,0.11246967315673828,0.009899377822875977
