num_events,utilization,reallocations,changes,failures,reallocated_prop,time_compute,time_apply,time_enum,time_search,time_pp
1,0.09130434782608696,1,0,0,0.0,0.09079575538635254,0.17278122901916504,0.018420934677124023,0.06308650970458984,0.009285688400268555
