num_events,utilization,reallocations,changes,failures,reallocated_prop,time_compute,time_apply,time_enum,time_search,time_pp
1,0.65,139,327,0,0.2785571142284569,0.022022724151611328,0.3659074306488037,0.0005049705505371094,0.011137962341308594,0.010378122329711914
