num_events,utilization,reallocations,changes,failures,reallocated_prop,time_compute,time_apply,time_enum,time_search,time_pp
1,0.20217391304347826,1,0,0,0.0,0.011200189590454102,0.13906383514404297,0.00010251998901367188,0.0014195442199707031,0.009676694869995117
