num_events,utilization,reallocations,changes,failures,reallocated_prop,time_compute,time_apply,time_enum,time_search,time_pp
1,0.020380434782608696,1,0,0,0.0,0.07310748100280762,0.4757709503173828,3.4809112548828125e-05,7.653236389160156e-05,0.07299423217773438
