num_events,utilization,reallocations,changes,failures,reallocated_prop,time_compute,time_apply,time_enum,time_search,time_pp
1,0.65,47,97,0,0.15614617940199335,0.01710677146911621,0.3141012191772461,0.0005507469177246094,0.006626129150390625,0.009928226470947266
