num_events,utilization,reallocations,changes,failures,reallocated_prop,time_compute,time_apply,time_enum,time_search,time_pp
1,0.11413043478260869,1,0,0,0.0,0.03565549850463867,0.3257732391357422,3.337860107421875e-05,0.00017595291137695312,0.035444021224975586
