num_events,utilization,reallocations,changes,failures,reallocated_prop,time_compute,time_apply,time_enum,time_search,time_pp
1,0.65,103,197,0,0.30383480825958703,0.017645835876464844,0.3380873203277588,0.0005021095275878906,0.007141590118408203,0.009999990463256836
