num_events,utilization,reallocations,changes,failures,reallocated_prop,time_compute,time_apply,time_enum,time_search,time_pp
1,0.5206521739130435,1,0,0,0.0,0.37967848777770996,0.3451969623565674,0.017685413360595703,0.3522763252258301,0.009714365005493164
