num_events,utilization,reallocations,changes,failures,reallocated_prop,time_compute,time_apply
1,0.7664402173913043,15,16,0,0.5833333333333334,0.01873040199279785,1.0312869548797607
