num_events,utilization,reallocations,changes,failures,reallocated_prop,time_compute,time_apply
1,0.7134510869565217,11,12,0,0.7692307692307693,0.03439021110534668,1.8825688362121582
