num_events,utilization,reallocations,changes,failures,reallocated_prop,time_compute,time_apply,time_enum
1,0.41304347826086957,1,0,0,0.0,0.01041722297668457,0.2397775650024414,0.00015544891357421875
