num_events,utilization,reallocations,changes,failures,reallocated_prop,time_compute,time_apply,time_enum
1,0.10869565217391304,1,0,0,0.0,0.009216547012329102,0.12514519691467285,0.00011706352233886719
