num_events,utilization,reallocations,changes,failures,reallocated_prop,time_compute,time_apply,time_enum,time_search,time_pp
1,0.23478260869565218,1,0,0,0.0,0.011193275451660156,0.1484675407409668,0.00010275840759277344,0.0015399456024169922,0.009548425674438477
