num_events,utilization,reallocations,changes,failures,reallocated_prop,time_compute,time_apply,time_enum,time_search,time_pp
1,1.0,43,60,0,0.4942528735632184,0.10137081146240234,0.634587287902832,0.015443801879882812,0.07628440856933594,0.009639501571655273
