num_events,utilization,reallocations,changes,failures,reallocated_prop,time_compute,time_apply,time_enum,time_search,time_pp
1,0.37717391304347825,1,0,0,0.0,0.012390851974487305,0.20273828506469727,9.5367431640625e-05,0.0023496150970458984,0.009943723678588867
