num_events,utilization,reallocations,changes,failures,reallocated_prop,time_compute,time_apply,time_enum,time_search,time_pp
1,0.7635869565217391,40,52,0,0.2564102564102564,0.014285564422607422,0.4766857624053955,0.0005018711090087891,0.0042340755462646484,0.009548187255859375
