num_events,utilization,reallocations,changes,failures,reallocated_prop,time_compute,time_apply
1,0.7393342391304348,14,26,0,0.3783783783783784,0.03797292709350586,1.9206454753875732
