num_events,utilization,reallocations,changes,failures,reallocated_prop,time_compute,time_apply,time_enum,time_search,time_pp
1,0.65,63,133,0,0.19504643962848298,0.017229557037353516,0.33155155181884766,0.0005061626434326172,0.006777286529541016,0.009943962097167969
