num_events,utilization,reallocations,changes,failures,reallocated_prop,time_compute,time_apply,time_enum,time_search,time_pp
1,0.09782608695652174,1,0,0,0.0,0.00989389419555664,0.08196115493774414,3.409385681152344e-05,6.604194641113281e-05,0.009792089462280273
