num_events,utilization,reallocations,changes,failures,reallocated_prop,time_compute,time_apply,time_enum,time_search,time_pp
1,0.014945652173913044,1,0,0,0.0,0.03953838348388672,0.3033754825592041,0.00010776519775390625,0.00047278404235839844,0.0389554500579834
