num_events,utilization,reallocations,changes,failures,reallocated_prop,time_compute,time_apply
1,0.7516304347826087,8,16,0,0.36363636363636365,0.021172761917114258,1.0142512321472168
