num_events,utilization,reallocations,changes,failures,reallocated_prop,time_compute,time_apply,time_enum,time_search,time_pp
1,0.07065217391304347,1,0,0,0.0,0.08031010627746582,0.6342360973358154,3.0040740966796875e-05,0.00019621849060058594,0.08008217811584473
