num_events,utilization,reallocations,changes,failures,reallocated_prop,time_compute,time_apply,time_enum,time_search,time_pp
1,0.65,28,68,0,0.32558139534883723,0.011322975158691406,0.2961411476135254,0.0005002021789550781,0.0019235610961914062,0.008897542953491211
