num_events,utilization,reallocations,changes,failures,reallocated_prop,time_compute,time_apply,time_enum,time_search,time_pp
1,1.0,71,123,0,0.1570796460176991,0.147538423538208,0.5724601745605469,0.013510942459106445,0.12462377548217773,0.009401321411132812
