num_events,utilization,reallocations,changes,failures,reallocated_prop,time_compute,time_apply
1,0.8972826086956521,19,30,0,0.37254901960784315,0.013715505599975586,0.5337376594543457
