num_events,utilization,reallocations,changes,failures,reallocated_prop,time_compute,time_apply,time_enum,time_search,time_pp
1,1.0,16,48,0,0.04395604395604396,0.12843656539916992,0.5967700481414795,0.014677286148071289,0.10374593734741211,0.010011434555053711
