num_events,utilization,reallocations,changes,failures,reallocated_prop,time_compute,time_apply,time_enum,time_search,time_pp
1,0.4391304347826087,1,0,0,0.0,0.333420991897583,0.32915449142456055,0.018359899520874023,0.30489373207092285,0.010164737701416016
