num_events,utilization,reallocations,changes,failures,reallocated_prop,time_compute,time_apply,time_enum,time_search,time_pp
1,1.0,3,3,0,0.2727272727272727,0.0359797477722168,0.5754745006561279,0.01473236083984375,0.012122869491577148,0.009121894836425781
