num_events,utilization,reallocations,changes,failures,reallocated_prop,time_compute,time_apply,time_enum,time_search,time_pp
1,0.03125,1,0,0,0.0,0.07315492630004883,0.4927632808685303,3.504753112792969e-05,0.00011348724365234375,0.07300448417663574
