num_events,utilization,reallocations,changes,failures,reallocated_prop,time_compute,time_apply
1,0.8929347826086956,37,57,0,0.3008130081300813,0.016254901885986328,0.5742850303649902
