num_events,utilization,reallocations,changes,failures,reallocated_prop,time_compute,time_apply
1,0.8480978260869565,20,22,0,0.6129032258064516,0.009932994842529297,0.5555853843688965
