num_events,utilization,reallocations,changes,failures,reallocated_prop,time_compute,time_apply,time_enum,time_search,time_pp
1,0.015217391304347827,1,0,0,0.0,0.009842872619628906,0.07445693016052246,8.130073547363281e-05,0.00014400482177734375,0.009615898132324219
