num_events,utilization,reallocations,changes,failures,reallocated_prop,time_compute,time_apply
1,0.766983695652174,15,16,0,0.5384615384615384,0.01870441436767578,1.0288903713226318
