num_events,utilization,reallocations,changes,failures,reallocated_prop,time_compute,time_apply,time_enum,time_search,time_pp
1,0.03260869565217391,1,0,0,0.0,0.012605667114257812,0.08380389213562012,4.9114227294921875e-05,3.266334533691406e-05,0.012521982192993164
