num_events,utilization,reallocations,changes,failures,reallocated_prop,time_compute,time_apply,time_enum,time_search,time_pp
1,0.7567934782608695,59,137,0,0.4125874125874126,0.013603925704956055,0.48897433280944824,0.0005006790161132812,0.0038220882415771484,0.009279012680053711
