num_events,utilization,reallocations,changes,failures,reallocated_prop,time_compute,time_apply,time_enum,time_search,time_pp
1,0.05434782608695652,1,0,0,0.0,0.0189361572265625,0.14146685600280762,3.6716461181640625e-05,5.602836608886719e-05,0.01884150505065918
