num_events,utilization,reallocations,changes,failures,reallocated_prop,time_compute,time_apply
1,0.7158288043478261,7,11,0,0.3888888888888889,0.07672595977783203,3.9345548152923584
