num_events,utilization,reallocations,changes,failures,reallocated_prop,time_compute,time_apply,time_enum,time_search,time_pp
1,1.0,19,41,0,0.05277777777777778,0.12748980522155762,0.5733892917633057,0.014823675155639648,0.10270214080810547,0.009961366653442383
