num_events,utilization,reallocations,changes,failures,reallocated_prop,time_compute,time_apply,time_enum,time_search,time_pp
1,0.03858695652173913,1,0,0,0.0,0.0226290225982666,0.19694995880126953,0.00011301040649414062,0.0004756450653076172,0.02203845977783203
