num_events,utilization,reallocations,changes,failures,reallocated_prop,time_compute,time_apply
1,0.8497282608695652,18,19,0,0.6071428571428571,0.009251117706298828,0.5191891193389893
