num_events,utilization,reallocations,changes,failures,reallocated_prop,time_compute,time_apply,time_enum,time_search,time_pp
1,0.042391304347826085,1,0,0,0.0,0.05944538116455078,0.14845800399780273,0.018030405044555664,0.032212018966674805,0.009201288223266602
