num_events,utilization,reallocations,changes,failures,reallocated_prop,time_compute,time_apply,time_enum,time_search,time_pp
1,0.65,34,72,0,0.1152542372881356,0.017414569854736328,0.3132786750793457,0.0005519390106201172,0.006469249725341797,0.010390996932983398
