num_events,utilization,reallocations,changes,failures,reallocated_prop,time_compute,time_apply,time_enum,time_search,time_pp
1,0.6644021739130435,3,2,0,0.2857142857142857,0.018798351287841797,0.8904190063476562,0.00010037422180175781,0.0001266002655029297,0.0185697078704834
