num_events,utilization,reallocations,changes,failures,reallocated_prop,time_compute,time_apply,time_enum,time_search,time_pp
1,0.11005434782608696,1,0,0,0.0,0.0727992057800293,0.6714415550231934,3.2901763916015625e-05,0.0003390312194824219,0.07242560386657715
