num_events,utilization,reallocations,changes,failures,reallocated_prop,time_compute,time_apply,time_enum,time_search,time_pp
1,0.20326086956521738,1,0,0,0.0,0.17322158813476562,0.21707653999328613,0.018549203872680664,0.14505958557128906,0.009610176086425781
