num_events,utilization,reallocations,changes,failures,reallocated_prop,time_compute,time_apply,time_enum,time_search,time_pp
1,1.0,28,50,0,0.24561403508771928,0.05416464805603027,0.5713918209075928,0.012316226959228516,0.03286480903625488,0.008981943130493164
