num_events,utilization,reallocations,changes,failures,reallocated_prop,time_compute,time_apply,time_enum,time_search,time_pp
1,0.01875,1,0,0,0.0,0.03699898719787598,0.3043539524078369,9.775161743164062e-05,0.0005328655242919922,0.036366939544677734
