num_events,utilization,reallocations,changes,failures,reallocated_prop,time_compute,time_apply,time_enum,time_search,time_pp
1,1.0,52,117,0,0.15522388059701492,0.12427926063537598,0.5933976173400879,0.014753103256225586,0.09966659545898438,0.009857654571533203
