num_events,utilization,reallocations,changes,failures,reallocated_prop,time_compute,time_apply
1,0.841304347826087,16,17,0,0.5172413793103449,0.009844064712524414,0.5449628829956055
