num_events,utilization,reallocations,changes,failures,reallocated_prop,time_compute,time_apply,time_enum,time_search,time_pp
1,0.65,5,9,0,0.4166666666666667,0.037352561950683594,1.1970481872558594,0.0004963874816894531,0.00049591064453125,0.03635835647583008
