num_events,utilization,reallocations,changes,failures,reallocated_prop,time_compute,time_apply,time_enum,time_search,time_pp
1,0.00923913043478261,1,0,0,0.0,0.07555770874023438,0.6206033229827881,9.775161743164062e-05,0.0005402565002441406,0.07491707801818848
