num_events,utilization,reallocations,changes,failures,reallocated_prop,time_compute,time_apply,time_enum,time_search,time_pp
1,0.65,25,33,0,0.18115942028985507,0.013072729110717773,0.3130459785461426,0.0005021095275878906,0.0030143260955810547,0.009554386138916016
