num_events,utilization,reallocations,changes,failures,reallocated_prop,time_compute,time_apply,time_enum,time_search,time_pp
1,0.65,30,73,0,0.32967032967032966,0.03843283653259277,1.173241138458252,0.0004942417144775391,0.002206087112426758,0.03573012351989746
