num_events,utilization,reallocations,changes,failures,reallocated_prop,time_compute,time_apply
1,0.7189538043478261,8,7,0,0.5384615384615384,0.036963462829589844,1.9361522197723389
