num_events,utilization,reallocations,changes,failures,reallocated_prop,time_compute,time_apply,time_enum,time_search,time_pp
1,0.035326086956521736,1,0,0,0.0,0.040904998779296875,0.30733561515808105,2.9802322387695312e-05,5.91278076171875e-05,0.04081463813781738
