num_events,utilization,reallocations,changes,failures,reallocated_prop,time_compute,time_apply,time_enum,time_search,time_pp
1,0.006793478260869565,1,0,0,0.0,0.03618669509887695,0.29254961013793945,8.559226989746094e-05,0.0001895427703857422,0.03590893745422363
