num_events,utilization,reallocations,changes,failures,reallocated_prop,time_compute,time_apply,time_enum,time_search,time_pp
1,0.65,10,19,0,0.4166666666666667,0.009879112243652344,0.2982826232910156,0.00047469139099121094,0.00066375732421875,0.008738517761230469
