num_events,utilization,reallocations,changes,failures,reallocated_prop,time_compute,time_apply,time_enum,time_search,time_pp
1,0.6037024456521739,3,4,0,0.3333333333333333,0.07488584518432617,3.4385440349578857,0.0005517005920410156,0.0005497932434082031,0.07378172874450684
