num_events,utilization,reallocations,changes,failures,reallocated_prop,time_compute,time_apply
1,0.7176630434782608,6,6,0,0.3333333333333333,0.0356135368347168,1.9005935192108154
