num_events,utilization,reallocations,changes,failures,reallocated_prop,time_compute,time_apply,time_enum,time_search,time_pp
1,1.0,35,63,0,0.17676767676767677,0.08356356620788574,0.572967529296875,0.014680147171020508,0.05912041664123535,0.009760856628417969
