num_events,utilization,reallocations,changes,failures,reallocated_prop,time_compute,time_apply,time_enum,time_search,time_pp
1,0.65,110,178,0,0.25821596244131456,0.01864314079284668,0.3224334716796875,0.0005006790161132812,0.008710145950317383,0.009430408477783203
