num_events,utilization,reallocations,changes,failures,reallocated_prop,time_compute,time_apply,time_enum,time_search,time_pp
1,1.0,6,18,0,0.012096774193548387,0.16485857963562012,0.5707113742828369,0.014747142791748047,0.13997817039489746,0.010131597518920898
