num_events,utilization,reallocations,changes,failures,reallocated_prop,time_compute,time_apply,time_enum,time_search,time_pp
1,0.65,37,70,0,0.4157303370786517,0.01991415023803711,0.5973000526428223,0.00041937828063964844,0.0020627975463867188,0.017429828643798828
