num_events,utilization,reallocations,changes,failures,reallocated_prop,time_compute,time_apply,time_enum
1,0.31521739130434784,1,0,0,0.0,0.05644369125366211,0.2571136951446533,0.017163753509521484
