num_events,utilization,reallocations,changes,failures,reallocated_prop,time_compute,time_apply
1,0.9005434782608696,21,23,0,0.7142857142857143,0.009894847869873047,0.5586259365081787
