num_events,utilization,reallocations,changes,failures,reallocated_prop,time_compute,time_apply,time_enum,time_search,time_pp
1,0.006793478260869565,1,0,0,0.0,0.08684062957763672,0.5281951427459717,4.076957702636719e-05,3.457069396972656e-05,0.08676385879516602
