num_events,utilization,reallocations,changes,failures,reallocated_prop,time_compute,time_apply,time_enum,time_search,time_pp
1,0.07608695652173914,1,0,0,0.0,0.010859012603759766,0.10292577743530273,0.00010514259338378906,0.0005915164947509766,0.010160207748413086
