num_events,utilization,reallocations,changes,failures,reallocated_prop,time_compute,time_apply
1,0.7554347826086957,4,4,0,0.5714285714285714,0.01213836669921875,0.5108883380889893
