num_events,utilization,reallocations,changes,failures,reallocated_prop,time_compute,time_apply,time_enum,time_search,time_pp
1,0.21195652173913043,1,0,0,0.0,0.01096653938293457,0.14010310173034668,9.560585021972656e-05,0.0015063285827636719,0.00936269760131836
