num_events,utilization,reallocations,changes,failures,reallocated_prop,time_compute,time_apply,time_enum,time_search,time_pp
1,0.06385869565217392,1,0,0,0.0,0.07322311401367188,0.5691390037536621,3.409385681152344e-05,0.00019502639770507812,0.07299208641052246
