num_events,utilization,reallocations,changes,failures,reallocated_prop,time_compute,time_apply,time_enum,time_search,time_pp
1,0.0125,1,0,0,0.0,0.02055525779724121,0.16115212440490723,8.344650268554688e-05,0.00017762184143066406,0.020292282104492188
