num_events,utilization,reallocations,changes,failures,reallocated_prop,time_compute,time_apply,time_enum,time_search,time_pp
1,0.6809782608695653,8,7,0,0.5,0.017915725708007812,0.8626081943511963,8.416175842285156e-05,0.00022840499877929688,0.017601490020751953
