num_events,utilization,reallocations,changes,failures,reallocated_prop,time_compute,time_apply,time_enum,time_search,time_pp
1,0.6640285326086957,8,14,0,0.4,0.07236933708190918,3.4112837314605713,0.0005223751068115234,0.0014166831970214844,0.07042789459228516
