num_events,utilization,reallocations,changes,failures,reallocated_prop,time_compute,time_apply,time_enum,time_search,time_pp
1,0.65,105,249,0,0.2229299363057325,0.019010066986083984,0.330902099609375,0.0005159378051757812,0.009021282196044922,0.009470939636230469
