num_events,utilization,reallocations,changes,failures,reallocated_prop,time_compute,time_apply,time_enum,time_search,time_pp
1,1.0,32,75,0,0.23357664233576642,0.10999131202697754,0.6474342346191406,0.014541149139404297,0.0856940746307373,0.00975346565246582
