num_events,utilization,reallocations,changes,failures,reallocated_prop,time_compute,time_apply,time_enum,time_search,time_pp
1,0.65,35,65,0,0.43209876543209874,0.07488870620727539,2.4394867420196533,0.0005009174346923828,0.0019750595092773438,0.07241034507751465
