num_events,utilization,reallocations,changes,failures,reallocated_prop,time_compute,time_apply,time_enum
1,0.40217391304347827,1,0,0,0.0,0.06652188301086426,0.28611302375793457,0.018320322036743164
