num_events,utilization,reallocations,changes,failures,reallocated_prop,time_compute,time_apply,time_enum,time_search,time_pp
1,0.65,95,153,0,0.22673031026252982,0.019113779067993164,0.3351116180419922,0.0004963874816894531,0.008732318878173828,0.009883403778076172
