num_events,utilization,reallocations,changes,failures,reallocated_prop,time_compute,time_apply
1,0.7364130434782609,4,6,0,0.36363636363636365,0.011848211288452148,0.5035271644592285
