num_events,utilization,reallocations,changes,failures,reallocated_prop,time_compute,time_apply,time_enum,time_search,time_pp
1,0.043478260869565216,1,0,0,0.0,0.06047511100769043,0.14638710021972656,0.018535137176513672,0.03269481658935547,0.009243249893188477
