num_events,utilization,reallocations,changes,failures,reallocated_prop,time_compute,time_apply,time_enum,time_search,time_pp
1,1.0,22,41,0,0.23655913978494625,0.0492250919342041,0.5440239906311035,0.012624263763427734,0.02765679359436035,0.008941650390625
