num_events,utilization,reallocations,changes,failures,reallocated_prop,time_compute,time_apply
1,0.9059782608695652,73,153,0,0.41954022988505746,0.016947507858276367,0.5928752422332764
