num_events,utilization,reallocations,changes,failures,reallocated_prop,time_compute,time_apply,time_enum,time_search,time_pp
1,0.0,0,0,0,0.0,0.07465958595275879,0.3555412292480469,8.273124694824219e-05,3.075599670410156e-05,0.07454419136047363
