num_events,utilization,reallocations,changes,failures,reallocated_prop,time_compute,time_apply
1,0.811141304347826,8,7,0,0.4117647058823529,0.010596990585327148,0.5432054996490479
