num_events,utilization,reallocations,changes,failures,reallocated_prop,time_compute,time_apply
1,0.8269021739130434,20,21,0,0.6129032258064516,0.009709358215332031,0.5371432304382324
