num_events,utilization,reallocations,changes,failures,reallocated_prop,time_compute,time_apply,time_enum,time_search,time_pp
1,1.0,112,165,0,0.24034334763948498,0.1581721305847168,0.5930709838867188,0.014814615249633789,0.13339900970458984,0.009955883026123047
