num_events,utilization,reallocations,changes,failures,reallocated_prop,time_compute,time_apply,time_enum,time_search,time_pp
1,0.65,10,19,0,0.4,0.04158949851989746,1.204261064529419,0.0004973411560058594,0.0008018016815185547,0.04028749465942383
