num_events,utilization,reallocations,changes,failures,reallocated_prop,time_compute,time_apply,time_enum,time_search,time_pp
1,0.034782608695652174,1,0,0,0.0,0.010429620742797852,0.0867147445678711,0.00010466575622558594,0.00028514862060546875,0.010037899017333984
