num_events,utilization,reallocations,changes,failures,reallocated_prop,time_compute,time_apply,time_enum,time_search,time_pp
1,0.13043478260869565,1,0,0,0.0,0.010336637496948242,0.09505963325500488,3.600120544433594e-05,6.437301635742188e-05,0.010234832763671875
