num_events,utilization,reallocations,changes,failures,reallocated_prop,time_compute,time_apply,time_enum,time_search,time_pp
1,0.0,0,0,0,0.0,0.027568578720092773,0.05571722984313965,0.015054941177368164,0.002976655960083008,0.009534597396850586
