num_events,utilization,reallocations,changes,failures,reallocated_prop,time_compute,time_apply,time_enum,time_search,time_pp
1,0.0391304347826087,1,0,0,0.0,0.019284963607788086,0.16728568077087402,9.822845458984375e-05,0.0005893707275390625,0.018595218658447266
