num_events,utilization,reallocations,changes,failures,reallocated_prop,time_compute,time_apply,time_enum,time_search,time_pp
1,0.0,0,0,0,0.0,0.036661624908447266,0.2181689739227295,2.9802322387695312e-05,1.1682510375976562e-05,0.03661799430847168
