num_events,utilization,reallocations,changes,failures,reallocated_prop,time_compute,time_apply,time_enum,time_search,time_pp
1,0.7633152173913044,38,71,0,0.42696629213483145,0.012337684631347656,0.4614269733428955,0.0005104541778564453,0.002725839614868164,0.009099721908569336
