num_events,utilization,reallocations,changes,failures,reallocated_prop,time_compute,time_apply,time_enum,time_search,time_pp
1,0.24891304347826088,1,0,0,0.0,0.2005445957183838,0.23729515075683594,0.0180819034576416,0.17290520668029785,0.009554624557495117
