num_events,utilization,reallocations,changes,failures,reallocated_prop,time_compute,time_apply,time_enum
1,0.10869565217391304,1,0,0,0.0,0.04112434387207031,0.17203521728515625,0.01822805404663086
