num_events,utilization,reallocations,changes,failures,reallocated_prop,time_compute,time_apply,time_enum,time_search,time_pp
1,0.3630434782608696,1,0,0,0.0,0.2713305950164795,0.2872922420501709,0.019171476364135742,0.2425997257232666,0.009557247161865234
