num_events,utilization,reallocations,changes,failures,reallocated_prop,time_compute,time_apply,time_enum,time_search,time_pp
1,0.39891304347826084,1,0,0,0.0,0.010965585708618164,0.20152997970581055,0.000102996826171875,0.0011320114135742188,0.00972890853881836
