num_events,utilization,reallocations,changes,failures,reallocated_prop,time_compute,time_apply,time_enum,time_search,time_pp
1,0.65,26,63,0,0.3291139240506329,0.011731624603271484,0.3028597831726074,0.0004887580871582031,0.0018939971923828125,0.009346961975097656
