num_events,utilization,reallocations,changes,failures,reallocated_prop,time_compute,time_apply,time_enum,time_search,time_pp
1,0.65,31,57,0,0.3780487804878049,0.011943817138671875,0.31638526916503906,0.0005044937133789062,0.0019037723541259766,0.00953364372253418
