num_events,utilization,reallocations,changes,failures,reallocated_prop,time_compute,time_apply,time_enum,time_search,time_pp
1,1.0,42,70,0,0.21649484536082475,0.08448672294616699,0.5807077884674072,0.014758110046386719,0.06001853942871094,0.009708404541015625
