num_events,utilization,reallocations,changes,failures,reallocated_prop,time_compute,time_apply,time_enum,time_search,time_pp
1,1.0,25,42,0,0.25510204081632654,0.05576610565185547,0.5723593235015869,0.014889717102050781,0.03134608268737793,0.009529352188110352
