num_events,utilization,reallocations,changes,failures,reallocated_prop,time_compute,time_apply,time_enum,time_search,time_pp
1,0.657710597826087,4,7,0,0.4,0.07089638710021973,3.442324638366699,0.0004298686981201172,0.0007715225219726562,0.06969308853149414
