num_events,utilization,reallocations,changes,failures,reallocated_prop,time_compute,time_apply,time_enum,time_search,time_pp
1,0.19891304347826086,1,0,0,0.0,0.17895936965942383,0.22170138359069824,0.02159261703491211,0.1473240852355957,0.010041236877441406
