num_events,utilization,reallocations,changes,failures,reallocated_prop,time_compute,time_apply,time_enum
1,0.2608695652173913,1,0,0,0.0,0.010544538497924805,0.1862032413482666,0.0001456737518310547
