num_events,utilization,reallocations,changes,failures,reallocated_prop,time_compute,time_apply,time_enum,time_search,time_pp
1,1.0,10,15,0,0.45454545454545453,0.04277968406677246,0.5727822780609131,0.012672901153564453,0.02053093910217285,0.009573698043823242
