num_events,utilization,reallocations,changes,failures,reallocated_prop,time_compute,time_apply,time_enum,time_search,time_pp
1,0.4076086956521739,1,0,0,0.0,0.31250691413879395,0.3069009780883789,0.01852869987487793,0.2842390537261963,0.009736776351928711
