num_events,utilization,reallocations,changes,failures,reallocated_prop,time_compute,time_apply,time_enum,time_search,time_pp
1,0.3423913043478261,1,0,0,0.0,0.26157402992248535,0.2846221923828125,0.01815938949584961,0.23382234573364258,0.009590387344360352
