num_events,utilization,reallocations,changes,failures,reallocated_prop,time_compute,time_apply,time_enum,time_search,time_pp
1,0.03260869565217391,1,0,0,0.0,0.052928924560546875,0.14420223236083984,0.01813483238220215,0.02550530433654785,0.009286880493164062
