num_events,utilization,reallocations,changes,failures,reallocated_prop,time_compute,time_apply
1,0.6566915760869565,6,6,0,0.8333333333333334,0.06849908828735352,3.692199945449829
