num_events,utilization,reallocations,changes,failures,reallocated_prop,time_compute,time_apply,time_enum,time_search,time_pp
1,0.660054347826087,5,4,0,0.5,0.038954734802246094,1.7665574550628662,3.8623809814453125e-05,6.818771362304688e-05,0.03884601593017578
