num_events,utilization,reallocations,changes,failures,reallocated_prop,time_compute,time_apply,time_enum,time_search,time_pp
1,0.3576086956521739,1,0,0,0.0,0.011986494064331055,0.1910548210144043,9.369850158691406e-05,0.002237081527709961,0.009654045104980469
