num_events,utilization,reallocations,changes,failures,reallocated_prop,time_compute,time_apply,time_enum,time_search,time_pp
1,0.35978260869565215,1,0,0,0.0,0.011807918548583984,0.18530607223510742,8.225440979003906e-05,0.0021708011627197266,0.009552717208862305
