num_events,utilization,reallocations,changes,failures,reallocated_prop,time_compute,time_apply,time_enum
1,0.40217391304347827,1,0,0,0.0,0.06598639488220215,0.28725314140319824,0.01824474334716797
