num_events,utilization,reallocations,changes,failures,reallocated_prop,time_compute,time_apply
1,0.7497282608695652,4,4,0,0.5714285714285714,0.010149478912353516,0.46351194381713867
