num_events,utilization,reallocations,changes,failures,reallocated_prop,time_compute,time_apply,time_enum,time_search,time_pp
1,0.6677989130434783,8,14,0,0.42105263157894735,0.037950754165649414,1.8009271621704102,0.0005142688751220703,0.0011780261993408203,0.03625655174255371
