num_events,utilization,reallocations,changes,failures,reallocated_prop,time_compute,time_apply,time_enum,time_search,time_pp
1,1.0,96,141,0,0.20915032679738563,0.1574399471282959,0.5884833335876465,0.014569759368896484,0.1330275535583496,0.00984048843383789
