num_events,utilization,reallocations,changes,failures,reallocated_prop,time_compute,time_apply,time_enum,time_search,time_pp
1,0.65,33,80,0,0.3333333333333333,0.07519173622131348,2.4437942504882812,0.0004973411560058594,0.0024569034576416016,0.072235107421875
