num_events,utilization,reallocations,changes,failures,reallocated_prop,time_compute,time_apply,time_enum,time_search,time_pp
1,0.1608695652173913,1,0,0,0.0,0.13748693466186523,0.1916952133178711,0.017891407012939453,0.11010909080505371,0.009484052658081055
