num_events,utilization,reallocations,changes,failures,reallocated_prop,time_compute,time_apply,time_enum,time_search,time_pp
1,0.00923913043478261,1,0,0,0.0,0.01872730255126953,0.14702391624450684,8.296966552734375e-05,0.0001361370086669922,0.018506288528442383
