num_events,utilization,reallocations,changes,failures,reallocated_prop,time_compute,time_apply,time_enum,time_search,time_pp
1,0.43369565217391304,1,0,0,0.0,0.328355073928833,0.3202836513519287,0.021831750869750977,0.2965855598449707,0.009935379028320312
