num_events,utilization,reallocations,changes,failures,reallocated_prop,time_compute,time_apply
1,0.7185461956521739,4,5,0,0.4444444444444444,0.0375216007232666,1.9203150272369385
