num_events,utilization,reallocations,changes,failures,reallocated_prop,time_compute,time_apply,time_enum,time_search,time_pp
1,1.0,13,14,0,0.325,0.11566543579101562,0.6055824756622314,0.019034862518310547,0.0868840217590332,0.009743690490722656
