num_events,utilization,reallocations,changes,failures,reallocated_prop,time_compute,time_apply,time_enum,time_search,time_pp
1,0.660258152173913,2,5,0,0.25,0.03720903396606445,1.726970911026001,0.0005147457122802734,0.0006992816925048828,0.03599286079406738
