num_events,utilization,reallocations,changes,failures,reallocated_prop,time_compute,time_apply,time_enum,time_search,time_pp
1,0.3,1,0,0,0.0,0.011511802673339844,0.1763780117034912,0.0006601810455322266,0.0002951622009277344,0.01055455207824707
