num_events,utilization,reallocations,changes,failures,reallocated_prop,time_compute,time_apply
1,0.7385869565217391,4,4,0,0.5714285714285714,0.011232376098632812,0.5138037204742432
