num_events,utilization,reallocations,changes,failures,reallocated_prop,time_compute,time_apply,time_enum,time_search,time_pp
1,0.003260869565217391,1,0,0,0.0,0.037099599838256836,0.30013298988342285,9.72747802734375e-05,0.00013113021850585938,0.03686857223510742
