num_events,utilization,reallocations,changes,failures,reallocated_prop,time_compute,time_apply,time_enum,time_search,time_pp
1,1.0,13,22,0,0.25,0.042412757873535156,0.5731501579284668,0.014899730682373047,0.01806950569152832,0.009441614151000977
