num_events,utilization,reallocations,changes,failures,reallocated_prop,time_compute,time_apply,time_enum,time_search,time_pp
1,0.014130434782608696,1,0,0,0.0,0.0416567325592041,0.1358950138092041,0.01840376853942871,0.014109134674072266,0.009141683578491211
