num_events,utilization,reallocations,changes,failures,reallocated_prop,time_compute,time_apply,time_enum,time_search,time_pp
1,0.007336956521739131,1,0,0,0.0,0.03695416450500488,0.29176950454711914,9.846687316894531e-05,0.00023984909057617188,0.03661394119262695
