num_events,utilization,reallocations,changes,failures,reallocated_prop,time_compute,time_apply,time_enum,time_search,time_pp
1,0.6862771739130434,11,11,0,0.5,0.018383502960205078,0.9374396800994873,3.790855407714844e-05,0.00011277198791503906,0.01823115348815918
