num_events,utilization,reallocations,changes,failures,reallocated_prop,time_compute,time_apply,time_enum,time_search,time_pp
1,0.65,13,24,0,0.41935483870967744,0.019403696060180664,0.6013693809509277,0.0004982948303222656,0.0009114742279052734,0.01799178123474121
