num_events,utilization,reallocations,changes,failures,reallocated_prop,time_compute,time_apply,time_enum,time_search,time_pp
1,0.008152173913043478,1,0,0,0.0,0.03693222999572754,0.29193115234375,9.560585021972656e-05,0.0002620220184326172,0.036572933197021484
