num_events,utilization,reallocations,changes,failures,reallocated_prop,time_compute,time_apply,time_enum,time_search,time_pp
1,0.2217391304347826,1,0,0,0.0,0.18189263343811035,0.2261953353881836,0.0182802677154541,0.15411067008972168,0.009499073028564453
