num_events,utilization,reallocations,changes,failures,reallocated_prop,time_compute,time_apply,time_enum,time_search,time_pp
1,0.29891304347826086,1,0,0,0.0,0.011047601699829102,0.16247963905334473,8.082389831542969e-05,0.0017244815826416016,0.009240865707397461
