num_events,utilization,reallocations,changes,failures,reallocated_prop,time_compute,time_apply,time_enum,time_search,time_pp
1,0.65,63,144,0,0.3,0.014984607696533203,0.32989931106567383,0.0005612373352050781,0.004720926284790039,0.009701013565063477
