num_events,utilization,reallocations,changes,failures,reallocated_prop,time_compute,time_apply,time_enum,time_search,time_pp
1,0.09103260869565218,1,0,0,0.0,0.0865931510925293,0.7478878498077393,4.00543212890625e-05,0.0002810955047607422,0.08626985549926758
