num_events,utilization,reallocations,changes,failures,reallocated_prop,time_compute,time_apply,time_enum,time_search,time_pp
1,0.10543478260869565,1,0,0,0.0,0.10261321067810059,0.17180800437927246,0.019837617874145508,0.0738687515258789,0.008905172348022461
