num_events,utilization,reallocations,changes,failures,reallocated_prop,time_compute,time_apply,time_enum,time_search,time_pp
1,0.65,95,221,0,0.2753623188405797,0.016408681869506836,0.32298922538757324,0.0004296302795410156,0.006860256195068359,0.009116888046264648
