num_events,utilization,reallocations,changes,failures,reallocated_prop,time_compute,time_apply
1,0.7307065217391304,11,12,0,0.7692307692307693,0.009136199951171875,0.4698781967163086
