num_events,utilization,reallocations,changes,failures,reallocated_prop,time_compute,time_apply,time_enum,time_search,time_pp
1,0.65,47,62,0,0.16666666666666666,0.01634049415588379,0.324923038482666,0.0005037784576416016,0.005883455276489258,0.009951114654541016
