num_events,utilization,reallocations,changes,failures,reallocated_prop,time_compute,time_apply,time_enum,time_search,time_pp
1,0.65,8,14,0,0.42105263157894735,0.06960225105285645,2.3344779014587402,0.0005195140838623047,0.0005674362182617188,0.06851339340209961
