num_events,utilization,reallocations,changes,failures,reallocated_prop,time_compute,time_apply,time_enum,time_search,time_pp
1,0.4826086956521739,1,0,0,0.0,0.346271276473999,0.33754777908325195,0.018368959426879883,0.3182973861694336,0.009602785110473633
