num_events,utilization,reallocations,changes,failures,reallocated_prop,time_compute,time_apply,time_enum,time_search,time_pp
1,1.0,60,109,0,0.18018018018018017,0.12464046478271484,0.5897715091705322,0.015038013458251953,0.0995936393737793,0.010007143020629883
