num_events,utilization,reallocations,changes,failures,reallocated_prop,time_compute,time_apply
1,0.8103260869565218,3,6,0,0.3333333333333333,0.011544227600097656,0.5473580360412598
