num_events,utilization,reallocations,changes,failures,reallocated_prop,time_compute,time_apply,time_enum,time_search,time_pp
1,0.005978260869565218,1,0,0,0.0,0.07671618461608887,0.6061043739318848,0.0001010894775390625,0.0003752708435058594,0.07623720169067383
