num_events,utilization,reallocations,changes,failures,reallocated_prop,time_compute,time_apply,time_enum,time_search,time_pp
1,0.0016304347826086956,1,0,0,0.0,0.03815054893493652,0.29833388328552246,0.00011873245239257812,8.463859558105469e-05,0.037944793701171875
