num_events,utilization,reallocations,changes,failures,reallocated_prop,time_compute,time_apply,time_enum,time_search,time_pp
1,0.7567934782608695,23,43,0,0.575,0.011886119842529297,0.48648691177368164,0.0005154609680175781,0.0018372535705566406,0.009531497955322266
