num_events,utilization,reallocations,changes,failures,reallocated_prop,time_compute,time_apply,time_enum,time_search,time_pp
1,0.9135869565217392,2,4,0,0.3333333333333333,0.04433631896972656,0.5814099311828613,0.018186569213867188,0.016976118087768555,0.009171485900878906
