num_events,utilization,reallocations,changes,failures,reallocated_prop,time_compute,time_apply
1,0.717289402173913,10,9,0,0.42857142857142855,0.07357048988342285,3.9251527786254883
