num_events,utilization,reallocations,changes,failures,reallocated_prop,time_compute,time_apply,time_enum,time_search,time_pp
1,0.6986413043478261,4,3,0,0.42857142857142855,0.009530067443847656,0.45382046699523926,0.0001049041748046875,0.00012969970703125,0.009293317794799805
