num_events,utilization,reallocations,changes,failures,reallocated_prop,time_compute,time_apply
1,0.8391304347826087,14,26,0,0.4666666666666667,0.012189865112304688,0.5211772918701172
