num_events,utilization,reallocations,changes,failures,reallocated_prop,time_compute,time_apply,time_enum,time_search,time_pp
1,0.010869565217391304,1,0,0,0.0,0.01842045783996582,0.11290764808654785,3.361701965332031e-05,2.3126602172851562e-05,0.01836228370666504
