num_events,utilization,reallocations,changes,failures,reallocated_prop,time_compute,time_apply,time_enum,time_search,time_pp
1,1.0,13,23,0,0.24074074074074073,0.04312419891357422,0.5988240242004395,0.014757394790649414,0.01878643035888672,0.009578704833984375
