num_events,utilization,reallocations,changes,failures,reallocated_prop,time_compute,time_apply,time_enum,time_search,time_pp
1,0.65,121,231,0,0.259656652360515,0.01890110969543457,0.32965087890625,0.0005016326904296875,0.008931159973144531,0.009466409683227539
