num_events,utilization,reallocations,changes,failures,reallocated_prop,time_compute,time_apply,time_enum,time_search,time_pp
1,0.6,1,0,0,0.0,0.028441429138183594,0.3865244388580322,0.014647722244262695,0.0044062137603759766,0.009385108947753906
