num_events,utilization,reallocations,changes,failures,reallocated_prop,time_compute,time_apply,time_enum,time_search,time_pp
1,0.65,66,143,0,0.25384615384615383,0.01602649688720703,0.3297843933105469,0.0005457401275634766,0.005483865737915039,0.009994983673095703
