num_events,utilization,reallocations,changes,failures,reallocated_prop,time_compute,time_apply,time_enum,time_search,time_pp
1,0.7532608695652174,10,10,0,0.3103448275862069,0.009883642196655273,0.46750783920288086,3.552436828613281e-05,0.00014328956604003906,0.009702682495117188
