num_events,utilization,reallocations,changes,failures,reallocated_prop,time_compute,time_apply,time_enum,time_search,time_pp
1,0.65,28,53,0,0.42424242424242425,0.037001609802246094,1.1791117191314697,0.0004916191101074219,0.001707315444946289,0.03480100631713867
