num_events,utilization,reallocations,changes,failures,reallocated_prop,time_compute,time_apply,time_enum,time_search,time_pp
1,0.7567934782608695,66,126,0,0.4647887323943662,0.014099836349487305,0.4818100929260254,0.0005402565002441406,0.003932952880859375,0.009624719619750977
