num_events,utilization,reallocations,changes,failures,reallocated_prop,time_compute,time_apply,time_enum,time_search,time_pp
1,0.23043478260869565,1,0,0,0.0,0.011511802673339844,0.14606499671936035,9.679794311523438e-05,0.0016164779663085938,0.009796857833862305
