num_events,utilization,reallocations,changes,failures,reallocated_prop,time_compute,time_apply,time_enum,time_search,time_pp
1,0.003260869565217391,1,0,0,0.0,0.03724241256713867,0.286956787109375,9.918212890625e-05,0.00012493133544921875,0.03701591491699219
