num_events,utilization,reallocations,changes,failures,reallocated_prop,time_compute,time_apply,time_enum,time_search,time_pp
1,0.6086956521739131,1,0,0,0.0,0.047805070877075195,0.35729503631591797,0.015364646911621094,0.02281808853149414,0.009619712829589844
