num_events,utilization,reallocations,changes,failures,reallocated_prop,time_compute,time_apply,time_enum,time_search,time_pp
1,0.65,23,56,0,0.32857142857142857,0.03861117362976074,1.227590560913086,0.0005013942718505859,0.0016984939575195312,0.03640913963317871
