num_events,utilization,reallocations,changes,failures,reallocated_prop,time_compute,time_apply
1,0.8972826086956521,36,61,0,0.4931506849315068,0.014121770858764648,0.561884880065918
