num_events,utilization,reallocations,changes,failures,reallocated_prop,time_compute,time_apply,time_enum,time_search,time_pp
1,0.6052309782608696,3,4,0,0.3333333333333333,0.0749349594116211,3.466550588607788,0.0005574226379394531,0.0005409717559814453,0.07383418083190918
