num_events,utilization,reallocations,changes,failures,reallocated_prop,time_compute,time_apply,time_enum,time_search,time_pp
1,0.28043478260869564,1,0,0,0.0,0.2274341583251953,0.2603001594543457,0.01827692985534668,0.19913458824157715,0.010020732879638672
