num_events,utilization,reallocations,changes,failures,reallocated_prop,time_compute,time_apply,time_enum,time_search,time_pp
1,1.0,10,12,0,0.37037037037037035,0.053578853607177734,0.5867874622344971,0.01456761360168457,0.029719114303588867,0.00928950309753418
