num_events,utilization,reallocations,changes,failures,reallocated_prop,time_compute,time_apply,time_enum,time_search,time_pp
1,0.65,31,75,0,0.3333333333333333,0.0209503173828125,0.6172397136688232,0.0004935264587402344,0.0022330284118652344,0.018221378326416016
