num_events,utilization,reallocations,changes,failures,reallocated_prop,time_compute,time_apply,time_enum,time_search,time_pp
1,0.65,79,153,0,0.30038022813688214,0.015983104705810547,0.34026503562927246,0.0005466938018798828,0.005609035491943359,0.009825706481933594
