num_events,utilization,reallocations,changes,failures,reallocated_prop,time_compute,time_apply,time_enum,time_search,time_pp
1,0.0016304347826086956,1,0,0,0.0,0.036556243896484375,0.2851378917694092,0.00010013580322265625,8.153915405273438e-05,0.03637242317199707
