num_events,utilization,reallocations,changes,failures,reallocated_prop,time_compute,time_apply
1,0.8201086956521739,9,15,0,0.34615384615384615,0.012220621109008789,0.5441043376922607
