num_events,utilization,reallocations,changes,failures,reallocated_prop,time_compute,time_apply,time_enum,time_search,time_pp
1,0.08695652173913043,1,0,0,0.0,0.009743213653564453,0.09699130058288574,8.344650268554688e-05,0.0006191730499267578,0.009039163589477539
