num_events,utilization,reallocations,changes,failures,reallocated_prop,time_compute,time_apply,time_enum,time_search,time_pp
1,0.65,40,66,0,0.2777777777777778,0.01336216926574707,0.3188812732696533,0.0005388259887695312,0.0032351016998291016,0.009586811065673828
