num_events,utilization,reallocations,changes,failures,reallocated_prop,time_compute,time_apply
1,0.9146739130434782,53,106,0,0.33974358974358976,0.01594400405883789,0.5533750057220459
