num_events,utilization,reallocations,changes,failures,reallocated_prop,time_compute,time_apply,time_enum,time_search,time_pp
1,0.7633152173913044,62,125,0,0.5688073394495413,0.01259756088256836,0.47546958923339844,0.0004184246063232422,0.0030755996704101562,0.00910186767578125
