num_events,utilization,reallocations,changes,failures,reallocated_prop,time_compute,time_apply,time_enum,time_search,time_pp
1,0.7633152173913044,47,80,0,0.34814814814814815,0.013745307922363281,0.4881570339202881,0.0004966259002685547,0.0037713050842285156,0.009475469589233398
