num_events,utilization,reallocations,changes,failures,reallocated_prop,time_compute,time_apply
1,0.7158288043478261,10,9,0,0.391304347826087,0.06933975219726562,3.756962776184082
