num_events,utilization,reallocations,changes,failures,reallocated_prop,time_compute,time_apply
1,0.7286684782608696,9,10,0,0.7272727272727273,0.017671585083007812,0.9325017929077148
