num_events,utilization,reallocations,changes,failures,reallocated_prop,time_compute,time_apply,time_enum,time_search,time_pp
1,0.3423913043478261,1,0,0,0.0,0.013473033905029297,0.19138121604919434,0.0001068115234375,0.002389192581176758,0.010975122451782227
