num_events,utilization,reallocations,changes,failures,reallocated_prop,time_compute,time_apply,time_enum,time_search,time_pp
1,0.65,8,14,0,0.4444444444444444,0.010816574096679688,0.30951833724975586,0.0005092620849609375,0.0006363391876220703,0.009669065475463867
