num_events,utilization,reallocations,changes,failures,reallocated_prop,time_compute,time_apply
1,0.7203804347826087,6,6,0,0.7142857142857143,0.24285340309143066,0.52642822265625
