num_events,utilization,reallocations,changes,failures,reallocated_prop,time_compute,time_apply
1,0.9059782608695652,20,32,0,0.2247191011235955,0.014986038208007812,0.5806331634521484
