num_events,utilization,reallocations,changes,failures,reallocated_prop,time_compute,time_apply,time_enum,time_search,time_pp
1,0.20380434782608695,1,0,0,0.0,0.03708291053771973,0.4411904811859131,3.337860107421875e-05,0.000308990478515625,0.03673863410949707
