num_events,utilization,reallocations,changes,failures,reallocated_prop,time_compute,time_apply,time_enum,time_search,time_pp
1,1.0,8,14,0,0.23529411764705882,0.03383612632751465,0.554163932800293,0.012750387191772461,0.012128829956054688,0.008955717086791992
