num_events,utilization,reallocations,changes,failures,reallocated_prop,time_compute,time_apply,time_enum
1,0.043478260869565216,1,0,0,0.0,0.035413265228271484,0.14127826690673828,0.018254518508911133
