num_events,utilization,reallocations,changes,failures,reallocated_prop,time_compute,time_apply,time_enum,time_search,time_pp
1,1.0,35,60,0,0.2536231884057971,0.06643366813659668,0.5710854530334473,0.01474142074584961,0.042093753814697266,0.00959634780883789
