num_events,utilization,reallocations,changes,failures,reallocated_prop,time_compute,time_apply,time_enum,time_search,time_pp
1,0.65,47,97,0,0.15562913907284767,0.015909671783447266,0.3097066879272461,0.0005140304565429688,0.0059490203857421875,0.0094451904296875
