num_events,utilization,reallocations,changes,failures,reallocated_prop,time_compute,time_apply,time_enum,time_search,time_pp
1,1.0,4,9,0,0.17391304347826086,0.034223079681396484,0.5879693031311035,0.014661073684692383,0.010030508041381836,0.00952911376953125
