num_events,utilization,reallocations,changes,failures,reallocated_prop,time_compute,time_apply,time_enum,time_search,time_pp
1,1.0,17,18,0,0.4358974358974359,0.07401561737060547,0.6171009540557861,0.014476776123046875,0.05005764961242676,0.009478330612182617
