num_events,utilization,reallocations,changes,failures,reallocated_prop,time_compute,time_apply,time_enum,time_search,time_pp
1,0.23152173913043478,1,0,0,0.0,0.011143922805786133,0.14687514305114746,9.417533874511719e-05,0.0015099048614501953,0.009538412094116211
