num_events,utilization,reallocations,changes,failures,reallocated_prop,time_compute,time_apply,time_enum,time_search,time_pp
1,1.0,76,171,0,0.1623931623931624,0.16162824630737305,0.606320858001709,0.014890193939208984,0.13632488250732422,0.010411262512207031
