num_events,utilization,reallocations,changes,failures,reallocated_prop,time_compute,time_apply
1,0.9059782608695652,39,63,0,0.5571428571428572,0.013525962829589844,0.5698108673095703
