num_events,utilization,reallocations,changes,failures,reallocated_prop,time_compute,time_apply,time_enum,time_search,time_pp
1,0.65,118,193,0,0.27314814814814814,0.01852273941040039,0.3325653076171875,0.0005061626434326172,0.008600234985351562,0.009414434432983398
