num_events,utilization,reallocations,changes,failures,reallocated_prop,time_compute,time_apply,time_enum,time_search,time_pp
1,0.65,25,35,0,0.20161290322580644,0.012956857681274414,0.31512975692749023,0.0004968643188476562,0.0028150081634521484,0.009642839431762695
