num_events,utilization,reallocations,changes,failures,reallocated_prop,time_compute,time_apply,time_enum,time_search,time_pp
1,0.27391304347826084,1,0,0,0.0,0.21814727783203125,0.24913382530212402,0.01854395866394043,0.18977093696594238,0.00982975959777832
