num_events,utilization,reallocations,changes,failures,reallocated_prop,time_compute,time_apply,time_enum,time_search,time_pp
1,0.65,31,58,0,0.4189189189189189,0.07614445686340332,2.3877439498901367,0.0005345344543457031,0.0017504692077636719,0.07385754585266113
