num_events,utilization,reallocations,changes,failures,reallocated_prop,time_compute,time_apply,time_enum,time_search,time_pp
1,0.2391304347826087,1,0,0,0.0,0.037222862243652344,0.47710490226745605,3.409385681152344e-05,0.00035309791564941406,0.03683328628540039
