num_events,utilization,reallocations,changes,failures,reallocated_prop,time_compute,time_apply,time_enum,time_search,time_pp
1,0.0,0,0,0,0.0,0.07355761528015137,0.2698025703430176,0.0005054473876953125,0.00019860267639160156,0.07285189628601074
