num_events,utilization,reallocations,changes,failures,reallocated_prop,time_compute,time_apply,time_enum,time_search,time_pp
1,0.5055706521739131,2,2,0,0.25,0.038036346435546875,1.5672807693481445,0.0005233287811279297,0.00042891502380371094,0.03708219528198242
