num_events,utilization,reallocations,changes,failures,reallocated_prop,time_compute,time_apply,time_enum,time_search,time_pp
1,0.11548913043478261,1,0,0,0.0,0.07306289672851562,0.6850919723510742,3.361701965332031e-05,0.00034308433532714844,0.07268476486206055
