num_events,utilization,reallocations,changes,failures,reallocated_prop,time_compute,time_apply,time_enum,time_search,time_pp
1,0.4097826086956522,1,0,0,0.0,0.31284308433532715,0.3177309036254883,0.018259525299072266,0.28442978858947754,0.010150671005249023
