num_events,utilization,reallocations,changes,failures,reallocated_prop,time_compute,time_apply,time_enum,time_search,time_pp
1,1.0,36,79,0,0.1925133689839572,0.07671666145324707,0.5559332370758057,0.01305246353149414,0.05426812171936035,0.009394168853759766
