num_events,utilization,reallocations,changes,failures,reallocated_prop,time_compute,time_apply,time_enum,time_search,time_pp
1,0.22608695652173913,1,0,0,0.0,0.01107478141784668,0.15201759338378906,9.584426879882812e-05,0.0014677047729492188,0.009510040283203125
