num_events,utilization,reallocations,changes,failures,reallocated_prop,time_compute,time_apply,time_enum,time_search,time_pp
1,0.65,38,72,0,0.4222222222222222,0.036284446716308594,1.1835434436798096,0.0004966259002685547,0.0019676685333251953,0.03381848335266113
