num_events,utilization,reallocations,changes,failures,reallocated_prop,time_compute,time_apply,time_enum,time_search,time_pp
1,0.65,99,237,0,0.28285714285714286,0.017894268035888672,0.3423428535461426,0.0005104541778564453,0.007285118103027344,0.010096073150634766
