num_events,utilization,reallocations,changes,failures,reallocated_prop,time_compute,time_apply,time_enum,time_search,time_pp
1,0.01141304347826087,1,0,0,0.0,0.018399477005004883,0.14831042289733887,8.58306884765625e-05,0.0001628398895263672,0.018149137496948242
