num_events,utilization,reallocations,changes,failures,reallocated_prop,time_compute,time_apply,time_enum,time_search,time_pp
1,1.0,33,66,0,0.3548387096774194,0.10387182235717773,0.644615650177002,0.014588594436645508,0.07987666130065918,0.009404420852661133
