num_events,utilization,reallocations,changes,failures,reallocated_prop,time_compute,time_apply,time_enum,time_search,time_pp
1,0.057608695652173914,1,0,0,0.0,0.009559869766235352,0.08847188949584961,8.440017700195312e-05,0.00036525726318359375,0.009109020233154297
