num_events,utilization,reallocations,changes,failures,reallocated_prop,time_compute,time_apply,time_enum,time_search,time_pp
1,0.48043478260869565,1,0,0,0.0,0.3595750331878662,0.34123802185058594,0.0184175968170166,0.3311624526977539,0.009992599487304688
