num_events,utilization,reallocations,changes,failures,reallocated_prop,time_compute,time_apply,time_enum,time_search,time_pp
1,0.65,78,153,0,0.1776765375854214,0.01950812339782715,0.3341953754425049,0.0005035400390625,0.009208202362060547,0.009794235229492188
