num_events,utilization,reallocations,changes,failures,reallocated_prop,time_compute,time_apply,time_enum,time_search,time_pp
1,1.0,17,48,0,0.15454545454545454,0.05963420867919922,0.571481466293335,0.015111923217773438,0.03476405143737793,0.00975656509399414
