num_events,utilization,reallocations,changes,failures,reallocated_prop,time_compute,time_apply,time_enum,time_search,time_pp
1,0.7024456521739131,5,4,0,0.5,0.009684085845947266,0.4713892936706543,3.409385681152344e-05,7.462501525878906e-05,0.00957345962524414
