num_events,utilization,reallocations,changes,failures,reallocated_prop,time_compute,time_apply,time_enum,time_search,time_pp
1,0.65,25,35,0,0.2032520325203252,0.012730836868286133,0.31213951110839844,0.0005049705505371094,0.0027451515197753906,0.00947880744934082
