num_events,utilization,reallocations,changes,failures,reallocated_prop,time_compute,time_apply,time_enum,time_search,time_pp
1,0.00842391304347826,1,0,0,0.0,0.07705879211425781,0.6042032241821289,9.894371032714844e-05,0.0005037784576416016,0.07645368576049805
