num_events,utilization,reallocations,changes,failures,reallocated_prop,time_compute,time_apply,time_enum,time_search,time_pp
1,0.65,71,129,0,0.284,0.015511274337768555,0.3374302387237549,0.0005102157592773438,0.005239009857177734,0.009759902954101562
