num_events,utilization,reallocations,changes,failures,reallocated_prop,time_compute,time_apply,time_enum,time_search,time_pp
1,0.10733695652173914,1,0,0,0.0,0.07041144371032715,0.6464526653289795,2.9087066650390625e-05,0.0002830028533935547,0.07009744644165039
