num_events,utilization,reallocations,changes,failures,reallocated_prop,time_compute,time_apply
1,0.7959239130434783,4,8,0,0.3333333333333333,0.011330604553222656,0.5253996849060059
