num_events,utilization,reallocations,changes,failures,reallocated_prop,time_compute,time_apply
1,0.8972826086956521,45,104,0,0.31690140845070425,0.016890287399291992,0.5692188739776611
