num_events,utilization,reallocations,changes,failures,reallocated_prop,time_compute,time_apply,time_enum,time_search,time_pp
1,0.38913043478260867,1,0,0,0.0,0.012212038040161133,0.2017812728881836,9.584426879882812e-05,0.0024220943450927734,0.009692192077636719
