num_events,utilization,reallocations,changes,failures,reallocated_prop,time_compute,time_apply,time_enum,time_search,time_pp
1,0.65,29,50,0,0.20422535211267606,0.01325368881225586,0.3137185573577881,0.0005044937133789062,0.0031299591064453125,0.009617090225219727
