num_events,utilization,reallocations,changes,failures,reallocated_prop,time_compute,time_apply,time_enum
1,0.30434782608695654,1,0,0,0.0,0.05728960037231445,0.24828386306762695,0.018158912658691406
