num_events,utilization,reallocations,changes,failures,reallocated_prop,time_compute,time_apply,time_enum,time_search,time_pp
1,1.0,3,5,0,0.21428571428571427,0.034485578536987305,0.6318025588989258,0.012467622756958008,0.009177923202514648,0.012837886810302734
