num_events,utilization,reallocations,changes,failures,reallocated_prop,time_compute,time_apply,time_enum,time_search,time_pp
1,1.0,12,27,0,0.19672131147540983,0.04467296600341797,0.5684235095977783,0.014716386795043945,0.020493507385253906,0.00946187973022461
