num_events,utilization,reallocations,changes,failures,reallocated_prop,time_compute,time_apply,time_enum,time_search,time_pp
1,0.33152173913043476,1,0,0,0.0,0.25742006301879883,0.28365373611450195,0.018159151077270508,0.22957682609558105,0.009682178497314453
