num_events,utilization,reallocations,changes,failures,reallocated_prop,time_compute,time_apply
1,0.8502717391304347,15,16,0,0.42424242424242425,0.009813308715820312,0.5441994667053223
