num_events,utilization,reallocations,changes,failures,reallocated_prop,time_compute,time_apply
1,0.7580163043478261,6,6,0,0.29411764705882354,0.020130395889282227,1.017786979675293
