num_events,utilization,reallocations,changes,failures,reallocated_prop,time_compute,time_apply,time_enum,time_search,time_pp
1,0.011956521739130435,1,0,0,0.0,0.009840250015258789,0.07612109184265137,0.00010204315185546875,0.00012683868408203125,0.009609699249267578
