num_events,utilization,reallocations,changes,failures,reallocated_prop,time_compute,time_apply,time_enum,time_search,time_pp
1,0.07880434782608696,1,0,0,0.0,0.07242608070373535,0.5814709663391113,3.4809112548828125e-05,0.00024056434631347656,0.07214879989624023
