num_events,utilization,reallocations,changes,failures,reallocated_prop,time_compute,time_apply,time_enum,time_search,time_pp
1,0.65,57,94,0,0.2864321608040201,0.015018463134765625,0.3297429084777832,0.0005354881286621094,0.004506349563598633,0.009974956512451172
