num_events,utilization,reallocations,changes,failures,reallocated_prop,time_compute,time_apply,time_enum,time_search,time_pp
1,0.10108695652173913,1,0,0,0.0,0.010473489761352539,0.1056973934173584,9.441375732421875e-05,0.0007665157318115234,0.009611368179321289
