num_events,utilization,reallocations,changes,failures,reallocated_prop,time_compute,time_apply,time_enum,time_search,time_pp
1,0.06847826086956521,1,0,0,0.0,0.0773317813873291,0.16568899154663086,0.01842045783996582,0.04939126968383789,0.00951695442199707
