num_events,utilization,reallocations,changes,failures,reallocated_prop,time_compute,time_apply,time_enum,time_search,time_pp
1,0.65,41,59,0,0.17982456140350878,0.015351057052612305,0.3175666332244873,0.0004956722259521484,0.004961252212524414,0.009892702102661133
