num_events,utilization,reallocations,changes,failures,reallocated_prop,time_compute,time_apply,time_enum,time_search,time_pp
1,0.009782608695652175,1,0,0,0.0,0.010413408279418945,0.0810389518737793,0.000102996826171875,0.00010991096496582031,0.010198593139648438
