num_events,utilization,reallocations,changes,failures,reallocated_prop,time_compute,time_apply
1,0.9057065217391305,33,76,0,0.4074074074074074,0.013564825057983398,0.5543558597564697
