num_events,utilization,reallocations,changes,failures,reallocated_prop,time_compute,time_apply,time_enum,time_search,time_pp
1,0.23804347826086958,1,0,0,0.0,0.1942911148071289,0.23436236381530762,0.018388748168945312,0.16631364822387695,0.009585380554199219
