num_events,utilization,reallocations,changes,failures,reallocated_prop,time_compute,time_apply,time_enum,time_search,time_pp
1,0.6716032608695652,3,2,0,0.06060606060606061,0.0759577751159668,3.4523680210113525,9.942054748535156e-05,0.0006473064422607422,0.07520890235900879
