num_events,utilization,reallocations,changes,failures,reallocated_prop,time_compute,time_apply,time_enum,time_search,time_pp
1,1.0,25,57,0,0.1953125,0.0633699893951416,0.57354736328125,0.01462411880493164,0.038999080657958984,0.009744882583618164
