num_events,utilization,reallocations,changes,failures,reallocated_prop,time_compute,time_apply,time_enum,time_search,time_pp
1,0.3782608695652174,1,0,0,0.0,0.2793715000152588,0.28687334060668945,0.017605066299438477,0.2523648738861084,0.009399652481079102
