num_events,utilization,reallocations,changes,failures,reallocated_prop,time_compute,time_apply,time_enum,time_search,time_pp
1,0.65,10,24,0,0.3333333333333333,0.07010388374328613,2.3456850051879883,0.0004990100860595703,0.0008070468902587891,0.06879496574401855
