num_events,utilization,reallocations,changes,failures,reallocated_prop,time_compute,time_apply
1,0.7160326086956522,7,6,0,0.5454545454545454,0.039092302322387695,1.9899532794952393
