num_events,utilization,reallocations,changes,failures,reallocated_prop,time_compute,time_apply,time_enum,time_search,time_pp
1,0.65,32,60,0,0.42105263157894735,0.03937363624572754,1.1799521446228027,0.0004990100860595703,0.0018448829650878906,0.037027597427368164
