num_events,utilization,reallocations,changes,failures,reallocated_prop,time_compute,time_apply,time_enum,time_search,time_pp
1,0.7567934782608695,15,34,0,0.45454545454545453,0.010937690734863281,0.4656686782836914,0.0004336833953857422,0.0015065670013427734,0.008994817733764648
