num_events,utilization,reallocations,changes,failures,reallocated_prop,time_compute,time_apply,time_enum,time_search,time_pp
1,0.65,41,65,0,0.21243523316062177,0.014433145523071289,0.3175787925720215,0.0005035400390625,0.004213094711303711,0.009714126586914062
