num_events,utilization,reallocations,changes,failures,reallocated_prop,time_compute,time_apply,time_enum,time_search,time_pp
1,0.21195652173913043,1,0,0,0.0,0.175004243850708,0.21973180770874023,0.018178701400756836,0.14731478691101074,0.009508609771728516
