num_events,utilization,reallocations,changes,failures,reallocated_prop,time_compute,time_apply,time_enum,time_search,time_pp
1,0.65,19,46,0,0.3275862068965517,0.07018661499023438,2.3142542839050293,0.000499725341796875,0.0015285015106201172,0.06815671920776367
