num_events,utilization,reallocations,changes,failures,reallocated_prop,time_compute,time_apply,time_enum,time_search,time_pp
1,1.0,9,10,0,0.17647058823529413,0.15418457984924316,0.6364438533782959,0.01824212074279785,0.1263141632080078,0.009626150131225586
