num_events,utilization,reallocations,changes,failures,reallocated_prop,time_compute,time_apply,time_enum,time_search,time_pp
1,0.33369565217391306,1,0,0,0.0,0.25577616691589355,0.27731966972351074,0.018590927124023438,0.22721028327941895,0.009972095489501953
