num_events,utilization,reallocations,changes,failures,reallocated_prop,time_compute,time_apply,time_enum,time_search,time_pp
1,0.3869565217391304,1,0,0,0.0,0.012254953384399414,0.19795846939086914,9.489059448242188e-05,0.002418994903564453,0.00973963737487793
