num_events,utilization,reallocations,changes,failures,reallocated_prop,time_compute,time_apply,time_enum,time_search,time_pp
1,0.741304347826087,5,4,0,0.3333333333333333,0.008796453475952148,0.4376699924468994,2.9087066650390625e-05,9.512901306152344e-05,0.008670568466186523
