num_events,utilization,reallocations,changes,failures,reallocated_prop,time_compute,time_apply,time_enum,time_search,time_pp
1,0.01847826086956522,1,0,0,0.0,0.018334150314331055,0.15046358108520508,8.273124694824219e-05,0.00023984909057617188,0.018009662628173828
