num_events,utilization,reallocations,changes,failures,reallocated_prop,time_compute,time_apply,time_enum,time_search,time_pp
1,0.14021739130434782,1,0,0,0.0,0.010602951049804688,0.1162252426147461,0.00010442733764648438,0.0010290145874023438,0.009468555450439453
