num_events,utilization,reallocations,changes,failures,reallocated_prop,time_compute,time_apply,time_enum,time_search,time_pp
1,0.007608695652173913,1,0,0,0.0,0.011167287826538086,0.08328866958618164,0.00011706352233886719,9.322166442871094e-05,0.010955095291137695
