num_events,utilization,reallocations,changes,failures,reallocated_prop,time_compute,time_apply,time_enum,time_search,time_pp
1,0.08423913043478261,1,0,0,0.0,0.03642845153808594,0.30622005462646484,3.314018249511719e-05,0.00013256072998046875,0.03626060485839844
