num_events,utilization,reallocations,changes,failures,reallocated_prop,time_compute,time_apply,time_enum,time_search,time_pp
1,0.7633152173913044,48,113,0,0.4485981308411215,0.012389898300170898,0.46640849113464355,0.0004200935363769531,0.0029578208923339844,0.009010553359985352
