num_events,utilization,reallocations,changes,failures,reallocated_prop,time_compute,time_apply,time_enum,time_search,time_pp
1,0.7633152173913044,35,63,0,0.2631578947368421,0.013697624206542969,0.48143839836120605,0.0005064010620117188,0.0038497447967529297,0.009340047836303711
