num_events,utilization,reallocations,changes,failures,reallocated_prop,time_compute,time_apply,time_enum,time_search,time_pp
1,0.3282608695652174,1,0,0,0.0,0.011735200881958008,0.17923855781555176,9.34600830078125e-05,0.002100706100463867,0.009539127349853516
