num_events,utilization,reallocations,changes,failures,reallocated_prop,time_compute,time_apply,time_enum,time_search,time_pp
1,0.65,22,41,0,0.41509433962264153,0.011443138122558594,0.31555891036987305,0.0005083084106445312,0.0013701915740966797,0.009562969207763672
