num_events,utilization,reallocations,changes,failures,reallocated_prop,time_compute,time_apply,time_enum,time_search,time_pp
1,1.0,52,59,0,0.16993464052287582,0.11480855941772461,0.5817749500274658,0.014644384384155273,0.09030961990356445,0.009852409362792969
