num_events,utilization,reallocations,changes,failures,reallocated_prop,time_compute,time_apply,time_enum,time_search,time_pp
1,0.5413043478260869,1,0,0,0.0,0.3986022472381592,0.37552857398986816,0.017975330352783203,0.3707582950592041,0.009866952896118164
