num_events,utilization,reallocations,changes,failures,reallocated_prop,time_compute,time_apply,time_enum,time_search,time_pp
1,0.475,1,0,0,0.0,0.3545706272125244,0.34172630310058594,0.017557621002197266,0.3264799118041992,0.010531187057495117
