num_events,utilization,reallocations,changes,failures,reallocated_prop,time_compute,time_apply,time_enum,time_search,time_pp
1,0.5347826086956522,1,0,0,0.0,0.3929626941680908,0.3674280643463135,0.018262624740600586,0.36476826667785645,0.00992894172668457
