num_events,utilization,reallocations,changes,failures,reallocated_prop,time_compute,time_apply,time_enum,time_search,time_pp
1,0.2782608695652174,1,0,0,0.0,0.01222372055053711,0.1736907958984375,9.393692016601562e-05,0.0017685890197753906,0.010359764099121094
