num_events,utilization,reallocations,changes,failures,reallocated_prop,time_compute,time_apply,time_enum,time_search,time_pp
1,0.025543478260869567,1,0,0,0.0,0.01848435401916504,0.15670442581176758,9.870529174804688e-05,0.0003991127014160156,0.017984628677368164
