num_events,utilization,reallocations,changes,failures,reallocated_prop,time_compute,time_apply,time_enum,time_search,time_pp
1,0.051086956521739134,1,0,0,0.0,0.06525874137878418,0.15155720710754395,0.018282413482666016,0.03760528564453125,0.009368419647216797
