num_events,utilization,reallocations,changes,failures,reallocated_prop,time_compute,time_apply,time_enum
1,0.09782608695652174,1,0,0,0.0,0.010474681854248047,0.1306920051574707,0.00014328956604003906
