num_events,utilization,reallocations,changes,failures,reallocated_prop,time_compute,time_apply,time_enum,time_search,time_pp
1,0.02826086956521739,1,0,0,0.0,0.009926557540893555,0.08095574378967285,9.560585021972656e-05,0.00022411346435546875,0.00960540771484375
