num_events,utilization,reallocations,changes,failures,reallocated_prop,time_compute,time_apply,time_enum,time_search,time_pp
1,0.6980978260869565,6,5,0,0.4166666666666667,0.01046895980834961,0.503352165222168,3.6716461181640625e-05,7.843971252441406e-05,0.010351419448852539
