num_events,utilization,reallocations,changes,failures,reallocated_prop,time_compute,time_apply,time_enum,time_search,time_pp
1,0.2956521739130435,1,0,0,0.0,0.011806726455688477,0.1683979034423828,0.0001010894775390625,0.0018782615661621094,0.009825706481933594
