num_events,utilization,reallocations,changes,failures,reallocated_prop,time_compute,time_apply,time_enum,time_search,time_pp
1,1.0,31,43,0,0.31313131313131315,0.05559682846069336,0.5756962299346924,0.014778614044189453,0.031142234802246094,0.009674787521362305
