num_events,utilization,reallocations,changes,failures,reallocated_prop,time_compute,time_apply,time_enum,time_search,time_pp
1,1.0,31,54,0,0.22962962962962963,0.1044621467590332,0.6396961212158203,0.01546168327331543,0.07926082611083984,0.009737491607666016
