num_events,utilization,reallocations,changes,failures,reallocated_prop,time_compute,time_apply,time_enum,time_search,time_pp
1,0.11847826086956521,1,0,0,0.0,0.010580301284790039,0.11266565322875977,0.00010418891906738281,0.0008835792541503906,0.009590625762939453
