num_events,utilization,reallocations,changes,failures,reallocated_prop,time_compute,time_apply,time_enum,time_search,time_pp
1,0.010869565217391304,1,0,0,0.0,0.01832270622253418,0.1542506217956543,9.632110595703125e-05,0.00018358230590820312,0.018041133880615234
