num_events,utilization,reallocations,changes,failures,reallocated_prop,time_compute,time_apply,time_enum,time_search,time_pp
1,0.2108695652173913,1,0,0,0.0,0.18518376350402832,0.22119665145874023,0.018797636032104492,0.15678048133850098,0.009603738784790039
