num_events,utilization,reallocations,changes,failures,reallocated_prop,time_compute,time_apply,time_enum,time_search,time_pp
1,1.0,5,12,0,0.16129032258064516,0.03637814521789551,0.5703635215759277,0.014700651168823242,0.012333393096923828,0.00934290885925293
