num_events,utilization,reallocations,changes,failures,reallocated_prop,time_compute,time_apply,time_enum,time_search,time_pp
1,0.65,17,31,0,0.4146341463414634,0.07413721084594727,2.433627128601074,0.0005314350128173828,0.0011246204376220703,0.07247805595397949
