num_events,utilization,reallocations,changes,failures,reallocated_prop,time_compute,time_apply,time_enum,time_search,time_pp
1,0.65,91,213,0,0.3333333333333333,0.016085147857666016,0.3386423587799072,0.0005135536193847656,0.0057773590087890625,0.009791851043701172
