num_events,utilization,reallocations,changes,failures,reallocated_prop,time_compute,time_apply,time_enum,time_search,time_pp
1,0.65,16,39,0,0.32653061224489793,0.011818170547485352,0.3165862560272217,0.0005571842193603516,0.0014998912811279297,0.009758949279785156
