num_events,utilization,reallocations,changes,failures,reallocated_prop,time_compute,time_apply,time_enum,time_search,time_pp
1,1.0,9,17,0,0.225,0.03903031349182129,0.5677704811096191,0.014778375625610352,0.014586687088012695,0.009663820266723633
