num_events,utilization,reallocations,changes,failures,reallocated_prop,time_compute,time_apply,time_enum,time_search,time_pp
1,0.00923913043478261,1,0,0,0.0,0.08041524887084961,0.6145622730255127,9.894371032714844e-05,0.0006372928619384766,0.07967638969421387
