num_events,utilization,reallocations,changes,failures,reallocated_prop,time_compute,time_apply
1,0.8970108695652174,29,58,0,0.35802469135802467,0.014431238174438477,0.5389752388000488
