num_events,utilization,reallocations,changes,failures,reallocated_prop,time_compute,time_apply,time_enum,time_search,time_pp
1,0.65,29,55,0,0.42028985507246375,0.07417654991149902,2.4066367149353027,0.000499725341796875,0.0017194747924804688,0.07195520401000977
