num_events,utilization,reallocations,changes,failures,reallocated_prop,time_compute,time_apply,time_enum,time_search,time_pp
1,0.65,26,63,0,0.3333333333333333,0.020665407180786133,0.6050574779510498,0.0005023479461669922,0.0018656253814697266,0.018295764923095703
