num_events,utilization,reallocations,changes,failures,reallocated_prop,time_compute,time_apply,time_enum,time_search,time_pp
1,0.050271739130434784,1,0,0,0.0,0.07629227638244629,0.5368413925170898,4.029273986816406e-05,0.0002009868621826172,0.07604837417602539
