num_events,utilization,reallocations,changes,failures,reallocated_prop,time_compute,time_apply,time_enum,time_search,time_pp
1,0.7551630434782609,6,5,0,0.29411764705882354,0.009776830673217773,0.47576165199279785,8.273124694824219e-05,0.00032138824462890625,0.009371519088745117
