num_events,utilization,reallocations,changes,failures,reallocated_prop,time_compute,time_apply,time_enum,time_search,time_pp
1,0.27717391304347827,1,0,0,0.0,0.22272682189941406,0.25866270065307617,0.01838207244873047,0.19474077224731445,0.00960230827331543
