num_events,utilization,reallocations,changes,failures,reallocated_prop,time_compute,time_apply,time_enum,time_search,time_pp
1,0.28695652173913044,1,0,0,0.0,0.011543035507202148,0.16596055030822754,9.322166442871094e-05,0.001804351806640625,0.009644031524658203
