num_events,utilization,reallocations,changes,failures,reallocated_prop,time_compute,time_apply,time_enum,time_search,time_pp
1,0.65,19,46,0,0.3333333333333333,0.011101007461547852,0.29916810989379883,0.0005030632019042969,0.001409769058227539,0.009186267852783203
