num_events,utilization,reallocations,changes,failures,reallocated_prop,time_compute,time_apply,time_enum,time_search,time_pp
1,0.6804347826086956,12,24,0,0.41379310344827586,0.03929781913757324,1.7967770099639893,0.0005083084106445312,0.0015993118286132812,0.037188053131103516
