num_events,utilization,reallocations,changes,failures,reallocated_prop,time_compute,time_apply,time_enum,time_search,time_pp
1,1.0,32,35,0,0.4383561643835616,0.16027450561523438,0.6309247016906738,0.018464326858520508,0.13238763809204102,0.009420394897460938
