num_events,utilization,reallocations,changes,failures,reallocated_prop,time_compute,time_apply
1,0.9016304347826087,23,33,0,0.20353982300884957,0.015651702880859375,0.5897889137268066
