num_events,utilization,reallocations,changes,failures,reallocated_prop,time_compute,time_apply,time_enum,time_search,time_pp
1,0.015217391304347827,1,0,0,0.0,0.008948802947998047,0.07367873191833496,8.082389831542969e-05,0.00011706352233886719,0.008749246597290039
