num_events,utilization,reallocations,changes,failures,reallocated_prop,time_compute,time_apply,time_enum,time_search,time_pp
1,1.0,23,69,0,0.12568306010928962,0.0794835090637207,0.5824098587036133,0.014731168746948242,0.05501985549926758,0.00973057746887207
