num_events,utilization,reallocations,changes,failures,reallocated_prop,time_compute,time_apply,time_enum,time_search,time_pp
1,0.65,84,163,0,0.3169811320754717,0.015825271606445312,0.3322484493255615,0.0005025863647460938,0.005641460418701172,0.009679317474365234
