num_events,utilization,reallocations,changes,failures,reallocated_prop,time_compute,time_apply,time_enum,time_search,time_pp
1,0.65,28,68,0,0.32558139534883723,0.02080988883972168,0.6091959476470947,0.0004951953887939453,0.0021169185638427734,0.01819610595703125
