num_events,utilization,reallocations,changes,failures,reallocated_prop,time_compute,time_apply,time_enum,time_search,time_pp
1,0.09130434782608696,1,0,0,0.0,0.010361194610595703,0.10307478904724121,9.369850158691406e-05,0.0006792545318603516,0.009586572647094727
