num_events,utilization,reallocations,changes,failures,reallocated_prop,time_compute,time_apply,time_enum,time_search,time_pp
1,1.0,15,42,0,0.15625,0.05306124687194824,0.5426182746887207,0.014854669570922852,0.02908611297607422,0.009118080139160156
