num_events,utilization,reallocations,changes,failures,reallocated_prop,time_compute,time_apply,time_enum,time_search,time_pp
1,0.65,41,84,0,0.24260355029585798,0.01379537582397461,0.32006216049194336,0.0005054473876953125,0.0036535263061523438,0.00963449478149414
