num_events,utilization,reallocations,changes,failures,reallocated_prop,time_compute,time_apply,time_enum,time_search,time_pp
1,0.058423913043478264,1,0,0,0.0,0.07256650924682617,0.5575928688049316,3.337860107421875e-05,0.0001857280731201172,0.07234525680541992
