num_events,utilization,reallocations,changes,failures,reallocated_prop,time_compute,time_apply,time_enum,time_search,time_pp
1,0.09375,1,0,0,0.0,0.07250595092773438,0.6330559253692627,3.337860107421875e-05,0.0002818107604980469,0.0721883773803711
