num_events,utilization,reallocations,changes,failures,reallocated_prop,time_compute,time_apply,time_enum,time_search,time_pp
1,0.7165760869565218,12,13,0,0.3793103448275862,0.020024776458740234,0.9352657794952393,3.886222839355469e-05,0.00020742416381835938,0.01977705955505371
