num_events,utilization,reallocations,changes,failures,reallocated_prop,time_compute,time_apply,time_enum,time_search,time_pp
1,0.31698369565217394,2,1,0,0.5,0.018397092819213867,0.5216619968414307,0.00010037422180175781,8.296966552734375e-05,0.018212080001831055
