num_events,utilization,reallocations,changes,failures,reallocated_prop,time_compute,time_apply,time_enum,time_search,time_pp
1,0.65,8,14,0,0.4444444444444444,0.010391473770141602,0.2998776435852051,0.0005207061767578125,0.0006532669067382812,0.009215593338012695
