num_events,utilization,reallocations,changes,failures,reallocated_prop,time_compute,time_apply,time_enum,time_search,time_pp
1,0.41195652173913044,1,0,0,0.0,0.31514883041381836,0.3217480182647705,0.021811962127685547,0.2832193374633789,0.010115385055541992
