num_events,utilization,reallocations,changes,failures,reallocated_prop,time_compute,time_apply,time_enum,time_search,time_pp
1,0.391304347826087,1,0,0,0.0,0.28725767135620117,0.29611754417419434,0.01755380630493164,0.2601773738861084,0.009525060653686523
