num_events,utilization,reallocations,changes,failures,reallocated_prop,time_compute,time_apply
1,0.9059782608695652,24,42,0,0.23529411764705882,0.014509916305541992,0.5687775611877441
