num_events,utilization,reallocations,changes,failures,reallocated_prop,time_compute,time_apply,time_enum,time_search,time_pp
1,0.47608695652173916,2,2,0,0.3333333333333333,0.010981559753417969,0.3190288543701172,0.0005612373352050781,0.0003802776336669922,0.010038137435913086
