num_events,utilization,reallocations,changes,failures,reallocated_prop,time_compute,time_apply,time_enum,time_search,time_pp
1,0.65,45,75,0,0.19313304721030042,0.015386104583740234,0.32047438621520996,0.0005049705505371094,0.005007266998291016,0.009871244430541992
