num_events,utilization,reallocations,changes,failures,reallocated_prop,time_compute,time_apply,time_enum,time_search,time_pp
1,0.1934782608695652,1,0,0,0.0,0.010797977447509766,0.13751649856567383,8.106231689453125e-05,0.0012133121490478516,0.00950169563293457
