num_events,utilization,reallocations,changes,failures,reallocated_prop,time_compute,time_apply,time_enum,time_search,time_pp
1,0.7567934782608695,40,50,0,0.3333333333333333,0.013965129852294922,0.4787940979003906,0.0004966259002685547,0.0036706924438476562,0.009795904159545898
