num_events,utilization,reallocations,changes,failures,reallocated_prop,time_compute,time_apply,time_enum,time_search,time_pp
1,0.21304347826086956,1,0,0,0.0,0.1772458553314209,0.23235034942626953,0.018438339233398438,0.14898228645324707,0.009823799133300781
