num_events,utilization,reallocations,changes,failures,reallocated_prop,time_compute,time_apply,time_enum,time_search,time_pp
1,0.65,40,66,0,0.2777777777777778,0.01354217529296875,0.3201920986175537,0.0005433559417724609,0.003325939178466797,0.00967097282409668
