num_events,utilization,reallocations,changes,failures,reallocated_prop,time_compute,time_apply,time_enum,time_search,time_pp
1,0.65,31,69,0,0.29523809523809524,0.012512445449829102,0.3218963146209717,0.0005044937133789062,0.0025072097778320312,0.00949859619140625
