num_events,utilization,reallocations,changes,failures,reallocated_prop,time_compute,time_apply,time_enum,time_search,time_pp
1,0.7160326086956522,5,4,0,0.4444444444444444,0.010554313659667969,0.511500358581543,3.719329833984375e-05,9.5367431640625e-05,0.010419845581054688
