num_events,utilization,reallocations,changes,failures,reallocated_prop,time_compute,time_apply,time_enum,time_search,time_pp
1,1.0,16,48,0,0.06956521739130435,0.09366297721862793,0.5913283824920654,0.014766454696655273,0.06931138038635254,0.009583234786987305
