num_events,utilization,reallocations,changes,failures,reallocated_prop,time_compute,time_apply,time_enum,time_search,time_pp
1,1.0,13,22,0,0.25,0.042035579681396484,0.575549840927124,0.014722824096679688,0.018041372299194336,0.009269475936889648
