num_events,utilization,reallocations,changes,failures,reallocated_prop,time_compute,time_apply,time_enum,time_search,time_pp
1,0.7633152173913044,20,38,0,0.5714285714285714,0.01133418083190918,0.4695916175842285,0.0005040168762207031,0.0016741752624511719,0.00915384292602539
