num_events,utilization,reallocations,changes,failures,reallocated_prop,time_compute,time_apply,time_enum,time_search,time_pp
1,0.011956521739130435,1,0,0,0.0,0.018163204193115234,0.1458444595336914,0.0001163482666015625,0.00016641616821289062,0.01787877082824707
