num_events,utilization,reallocations,changes,failures,reallocated_prop,time_compute,time_apply
1,0.8972826086956521,42,77,0,0.2641509433962264,0.016485214233398438,0.5599637031555176
