num_events,utilization,reallocations,changes,failures,reallocated_prop,time_compute,time_apply,time_enum,time_search,time_pp
1,1.0,57,90,0,0.47107438016528924,0.09444665908813477,0.6437568664550781,0.014480113983154297,0.07044720649719238,0.009517669677734375
