num_events,utilization,reallocations,changes,failures,reallocated_prop,time_compute,time_apply,time_enum,time_search,time_pp
1,0.65,47,94,0,0.23737373737373738,0.013991355895996094,0.3130810260772705,0.00051116943359375,0.004251956939697266,0.009226322174072266
