num_events,utilization,reallocations,changes,failures,reallocated_prop,time_compute,time_apply
1,0.9059782608695652,29,44,0,0.19078947368421054,0.01552271842956543,0.5435380935668945
