num_events,utilization,reallocations,changes,failures,reallocated_prop,time_compute,time_apply,time_enum,time_search,time_pp
1,0.6569633152173913,5,9,0,0.38461538461538464,0.07511782646179199,3.399862289428711,0.0005142688751220703,0.0008513927459716797,0.07375049591064453
