num_events,utilization,reallocations,changes,failures,reallocated_prop,time_compute,time_apply,time_enum,time_search,time_pp
1,0.65,28,68,0,0.32941176470588235,0.011093854904174805,0.29998350143432617,0.00042366981506347656,0.0018651485443115234,0.008802652359008789
