num_events,utilization,reallocations,changes,failures,reallocated_prop,time_compute,time_apply,time_enum,time_search,time_pp
1,0.65,16,29,0,0.42105263157894735,0.010403871536254883,0.2997400760650635,0.0005056858062744141,0.0010023117065429688,0.008893966674804688
