num_events,utilization,reallocations,changes,failures,reallocated_prop,time_compute,time_apply,time_enum,time_search,time_pp
1,0.65,38,72,0,0.4222222222222222,0.039072513580322266,1.1876568794250488,0.0005404949188232422,0.002180337905883789,0.03634977340698242
