num_events,utilization,reallocations,changes,failures,reallocated_prop,time_compute,time_apply
1,0.8570652173913044,21,23,0,0.7142857142857143,0.009318828582763672,0.5200510025024414
