num_events,utilization,reallocations,changes,failures,reallocated_prop,time_compute,time_apply,time_enum,time_search,time_pp
1,1.0,16,30,0,0.2318840579710145,0.04729628562927246,0.5732216835021973,0.014865875244140625,0.022917747497558594,0.009510517120361328
