num_events,utilization,reallocations,changes,failures,reallocated_prop,time_compute,time_apply,time_enum,time_search,time_pp
1,0.21739130434782608,1,0,0,0.0,0.010062456130981445,0.11512875556945801,3.695487976074219e-05,0.00010037422180175781,0.009923458099365234
