num_events,utilization,reallocations,changes,failures,reallocated_prop,time_compute,time_apply,time_enum,time_search,time_pp
1,1.0,3,5,0,0.23076923076923078,0.036911964416503906,0.5796191692352295,0.014472007751464844,0.013292551040649414,0.009145498275756836
