num_events,utilization,reallocations,changes,failures,reallocated_prop,time_compute,time_apply
1,0.9057065217391305,26,43,0,0.5531914893617021,0.01325225830078125,0.5837910175323486
