num_events,utilization,reallocations,changes,failures,reallocated_prop,time_compute,time_apply
1,0.7673913043478261,4,3,0,0.42857142857142855,0.009410619735717773,0.48644280433654785
