num_events,utilization,reallocations,changes,failures,reallocated_prop,time_compute,time_apply,time_enum,time_search,time_pp
1,0.05434782608695652,1,0,0,0.0,0.009852409362792969,0.08865094184875488,9.72747802734375e-05,0.00039768218994140625,0.009356021881103516
