num_events,utilization,reallocations,changes,failures,reallocated_prop,time_compute,time_apply,time_enum,time_search,time_pp
1,0.7070652173913043,8,8,0,0.4117647058823529,0.009639263153076172,0.45070409774780273,3.62396240234375e-05,9.298324584960938e-05,0.009508132934570312
