num_events,utilization,reallocations,changes,failures,reallocated_prop,time_compute,time_apply,time_enum,time_search,time_pp
1,0.005842391304347826,1,0,0,0.0,0.07501006126403809,0.6010220050811768,9.822845458984375e-05,0.0003559589385986328,0.0745534896850586
