num_events,utilization,reallocations,changes,failures,reallocated_prop,time_compute,time_apply,time_enum,time_search,time_pp
1,0.7567934782608695,47,82,0,0.46078431372549017,0.014047861099243164,0.491840124130249,0.0005388259887695312,0.0032799243927001953,0.010226249694824219
