num_events,utilization,reallocations,changes,failures,reallocated_prop,time_compute,time_apply,time_enum,time_search,time_pp
1,0.04021739130434782,1,0,0,0.0,0.009733200073242188,0.08355331420898438,9.632110595703125e-05,0.0002982616424560547,0.009337425231933594
