num_events,utilization,reallocations,changes,failures,reallocated_prop,time_compute,time_apply
1,0.8932065217391304,44,82,0,0.5301204819277109,0.014280319213867188,0.5350806713104248
