num_events,utilization,reallocations,changes,failures,reallocated_prop,time_compute,time_apply,time_enum,time_search,time_pp
1,0.65,28,53,0,0.4117647058823529,0.02066183090209961,0.6099801063537598,0.0005338191986083984,0.0016667842864990234,0.018459320068359375
