num_events,utilization,reallocations,changes,failures,reallocated_prop,time_compute,time_apply,time_enum,time_search,time_pp
1,0.7633152173913044,61,141,0,0.4420289855072464,0.013794183731079102,0.488189697265625,0.0005066394805908203,0.0038950443267822266,0.009390592575073242
