num_events,utilization,reallocations,changes,failures,reallocated_prop,time_compute,time_apply,time_enum,time_search,time_pp
1,0.65,89,173,0,0.2672672672672673,0.01733875274658203,0.33547139167785645,0.0004971027374267578,0.006988525390625,0.009851455688476562
