num_events,utilization,reallocations,changes,failures,reallocated_prop,time_compute,time_apply,time_enum,time_search,time_pp
1,0.3347826086956522,1,0,0,0.0,0.011724233627319336,0.1804959774017334,9.655952453613281e-05,0.0020809173583984375,0.009545326232910156
