num_events,utilization,reallocations,changes,failures,reallocated_prop,time_compute,time_apply,time_enum,time_search,time_pp
1,0.65,35,65,0,0.4268292682926829,0.020455360412597656,0.6062371730804443,0.0004947185516357422,0.0019168853759765625,0.018041610717773438
