num_events,utilization,reallocations,changes,failures,reallocated_prop,time_compute,time_apply,time_enum,time_search,time_pp
1,0.014130434782608696,1,0,0,0.0,0.01940608024597168,0.1525287628173828,0.00011610984802246094,0.0002655982971191406,0.019022226333618164
