num_events,utilization,reallocations,changes,failures,reallocated_prop,time_compute,time_apply
1,0.8972826086956521,31,50,0,0.22962962962962963,0.015841960906982422,0.5620152950286865
