num_events,utilization,reallocations,changes,failures,reallocated_prop,time_compute,time_apply,time_enum,time_search,time_pp
1,0.6663383152173913,10,22,0,0.3448275862068966,0.07738399505615234,3.598158121109009,0.0005168914794921875,0.0017359256744384766,0.07512927055358887
