num_events,utilization,reallocations,changes,failures,reallocated_prop,time_compute,time_apply,time_enum,time_search,time_pp
1,0.73125,9,8,0,0.27586206896551724,0.009540557861328125,0.45218777656555176,9.989738464355469e-05,0.0004210472106933594,0.009017467498779297
