num_events,utilization,reallocations,changes,failures,reallocated_prop,time_compute,time_apply,time_enum,time_search,time_pp
1,1.0,32,47,0,0.3018867924528302,0.05694890022277832,0.5821404457092285,0.014661073684692383,0.03282308578491211,0.009462118148803711
