num_events,utilization,reallocations,changes,failures,reallocated_prop,time_compute,time_apply
1,0.9016304347826087,23,31,0,0.39655172413793105,0.015567541122436523,0.5812516212463379
