num_events,utilization,reallocations,changes,failures,reallocated_prop,time_compute,time_apply
1,0.873641304347826,14,18,0,0.4666666666666667,0.013893365859985352,0.5357341766357422
