num_events,utilization,reallocations,changes,failures,reallocated_prop,time_compute,time_apply,time_enum,time_search,time_pp
1,0.1967391304347826,1,0,0,0.0,0.010191679000854492,0.12824153900146484,7.963180541992188e-05,0.0011706352233886719,0.008940458297729492
