num_events,utilization,reallocations,changes,failures,reallocated_prop,time_compute,time_apply,time_enum,time_search,time_pp
1,0.19456521739130433,1,0,0,0.0,0.010433435440063477,0.12798643112182617,7.987022399902344e-05,0.0013058185577392578,0.009046554565429688
