num_events,utilization,reallocations,changes,failures,reallocated_prop,time_compute,time_apply,time_enum,time_search,time_pp
1,1.0,4,6,0,0.2222222222222222,0.043779611587524414,0.5845773220062256,0.014577865600585938,0.019817590713500977,0.009382009506225586
