num_events,utilization,reallocations,changes,failures,reallocated_prop,time_compute,time_apply
1,0.7940217391304348,17,19,0,0.7272727272727273,0.00933218002319336,0.5017015933990479
