num_events,utilization,reallocations,changes,failures,reallocated_prop,time_compute,time_apply,time_enum,time_search,time_pp
1,0.006793478260869565,1,0,0,0.0,0.04516458511352539,0.37026000022888184,0.00010204315185546875,0.00023484230041503906,0.04482531547546387
