num_events,utilization,reallocations,changes,failures,reallocated_prop,time_compute,time_apply,time_enum,time_search,time_pp
1,0.3923913043478261,1,0,0,0.0,0.2890446186065674,0.2994370460510254,0.018064022064208984,0.2613825798034668,0.009596109390258789
