num_events,utilization,reallocations,changes,failures,reallocated_prop,time_compute,time_apply,time_enum,time_search,time_pp
1,0.12282608695652174,1,0,0,0.0,0.1191108226776123,0.1857602596282959,0.021635770797729492,0.08801460266113281,0.009458303451538086
