num_events,utilization,reallocations,changes,failures,reallocated_prop,time_compute,time_apply,time_enum,time_search,time_pp
1,0.7133152173913043,7,14,0,0.4375,0.011991500854492188,0.4744086265563965,0.0005655288696289062,0.0010333061218261719,0.010390520095825195
