num_events,utilization,reallocations,changes,failures,reallocated_prop,time_compute,time_apply
1,0.8809782608695652,18,20,0,0.4358974358974359,0.009933710098266602,0.5314066410064697
