num_events,utilization,reallocations,changes,failures,reallocated_prop,time_compute,time_apply
1,0.5095108695652174,3,2,0,0.6666666666666666,0.2555696964263916,0.4730665683746338
