num_events,utilization,reallocations,changes,failures,reallocated_prop,time_compute,time_apply,time_enum,time_search,time_pp
1,0.6663383152173913,17,20,0,0.47058823529411764,0.07284712791442871,3.514430522918701,3.4809112548828125e-05,0.0002040863037109375,0.07260584831237793
