num_events,utilization,reallocations,changes,failures,reallocated_prop,time_compute,time_apply,time_enum,time_search,time_pp
1,0.00625,1,0,0,0.0,0.07368254661560059,0.5911948680877686,8.320808410644531e-05,0.00032448768615722656,0.0732717514038086
