num_events,utilization,reallocations,changes,failures,reallocated_prop,time_compute,time_apply,time_enum,time_search,time_pp
1,0.7597826086956522,10,23,0,0.47619047619047616,0.011071443557739258,0.47062063217163086,0.0004951953887939453,0.001338958740234375,0.009235382080078125
