num_events,utilization,reallocations,changes,failures,reallocated_prop,time_compute,time_apply,time_enum,time_search,time_pp
1,0.6526834239130435,3,2,0,0.2857142857142857,0.07251501083374023,3.4930942058563232,9.965896606445312e-05,0.0001404285430908203,0.07227230072021484
