num_events,utilization,reallocations,changes,failures,reallocated_prop,time_compute,time_apply,time_enum,time_search,time_pp
1,0.65,95,153,0,0.22673031026252982,0.02078390121459961,0.37154078483581543,0.0006260871887207031,0.008265495300292969,0.011890888214111328
