num_events,utilization,reallocations,changes,failures,reallocated_prop,time_compute,time_apply,time_enum,time_search,time_pp
1,0.3934782608695652,1,0,0,0.0,0.29204678535461426,0.29409241676330566,0.018041610717773438,0.2647249698638916,0.009278059005737305
