num_events,utilization,reallocations,changes,failures,reallocated_prop,time_compute,time_apply,time_enum,time_search,time_pp
1,0.65,9,22,0,0.3103448275862069,0.01037144660949707,0.2983589172363281,0.0004925727844238281,0.0008983612060546875,0.008979082107543945
