num_events,utilization,reallocations,changes,failures,reallocated_prop,time_compute,time_apply
1,0.763179347826087,9,9,0,0.3333333333333333,0.019435882568359375,1.0297949314117432
