num_events,utilization,reallocations,changes,failures,reallocated_prop,time_compute,time_apply,time_enum,time_search,time_pp
1,0.10869565217391304,1,0,0,0.0,0.0734100341796875,0.6681532859802246,3.337860107421875e-05,0.00032448768615722656,0.07305073738098145
