num_events,utilization,reallocations,changes,failures,reallocated_prop,time_compute,time_apply,time_enum,time_search,time_pp
1,0.7271739130434782,5,4,0,0.4444444444444444,0.00907278060913086,0.4424703121185303,8.177757263183594e-05,0.00020885467529296875,0.008780241012573242
