num_events,utilization,reallocations,changes,failures,reallocated_prop,time_compute,time_apply
1,0.7405570652173913,8,9,0,0.30434782608695654,0.03910040855407715,2.0191686153411865
