num_events,utilization,reallocations,changes,failures,reallocated_prop,time_compute,time_apply,time_enum,time_search,time_pp
1,0.1956521739130435,1,0,0,0.0,0.1739668846130371,0.21446681022644043,0.018216609954833984,0.14601731300354004,0.009731054306030273
