num_events,utilization,reallocations,changes,failures,reallocated_prop,time_compute,time_apply
1,0.7399456521739131,6,6,0,0.38461538461538464,0.019092798233032227,0.9973535537719727
