num_events,utilization,reallocations,changes,failures,reallocated_prop,time_compute,time_apply,time_enum,time_search,time_pp
1,1.0,68,153,0,0.1475054229934924,0.1551666259765625,0.5856647491455078,0.014655351638793945,0.1305243968963623,0.009984970092773438
