num_events,utilization,reallocations,changes,failures,reallocated_prop,time_compute,time_apply,time_enum,time_search,time_pp
1,0.03152173913043478,1,0,0,0.0,0.05267500877380371,0.14420294761657715,0.018295764923095703,0.025206804275512695,0.009171009063720703
