num_events,utilization,reallocations,changes,failures,reallocated_prop,time_compute,time_apply,time_enum,time_search,time_pp
1,1.0,23,41,0,0.24468085106382978,0.05392956733703613,0.5690937042236328,0.014731884002685547,0.029763460159301758,0.009432315826416016
