num_events,utilization,reallocations,changes,failures,reallocated_prop,time_compute,time_apply,time_enum,time_search,time_pp
1,0.65,29,55,0,0.42028985507246375,0.039811134338378906,1.2079734802246094,0.00054168701171875,0.0018768310546875,0.03739047050476074
