num_events,utilization,reallocations,changes,failures,reallocated_prop,time_compute,time_apply,time_enum,time_search,time_pp
1,0.6608355978260869,10,10,0,0.5,0.07364821434020996,3.496330738067627,3.457069396972656e-05,0.00014019012451171875,0.0734708309173584
