num_events,utilization,reallocations,changes,failures,reallocated_prop,time_compute,time_apply,time_enum,time_search,time_pp
1,0.65,20,38,0,0.4166666666666667,0.020053863525390625,0.6018021106719971,0.0004968643188476562,0.0013129711151123047,0.018241405487060547
