num_events,utilization,reallocations,changes,failures,reallocated_prop,time_compute,time_apply,time_enum,time_search,time_pp
1,1.0,25,34,0,0.4098360655737705,0.1458432674407959,0.6180040836334229,0.017853736877441406,0.11883068084716797,0.009156227111816406
