num_events,utilization,reallocations,changes,failures,reallocated_prop,time_compute,time_apply,time_enum,time_search,time_pp
1,0.14130434782608695,1,0,0,0.0,0.010387420654296875,0.10093379020690918,3.5762786865234375e-05,6.747245788574219e-05,0.010282278060913086
