num_events,utilization,reallocations,changes,failures,reallocated_prop,time_compute,time_apply,time_enum
1,0.17391304347826086,1,0,0,0.0,0.04658198356628418,0.19724798202514648,0.018125295639038086
