num_events,utilization,reallocations,changes,failures,reallocated_prop,time_compute,time_apply,time_enum,time_search,time_pp
1,1.0,20,22,0,0.2247191011235955,0.17897558212280273,0.6427154541015625,0.018378496170043945,0.1510624885559082,0.00953221321105957
