num_events,utilization,reallocations,changes,failures,reallocated_prop,time_compute,time_apply,time_enum,time_search,time_pp
1,0.7635869565217391,50,74,0,0.5555555555555556,0.012633562088012695,0.49547839164733887,0.0004940032958984375,0.002847909927368164,0.009289979934692383
