num_events,utilization,reallocations,changes,failures,reallocated_prop,time_compute,time_apply,time_enum,time_search,time_pp
1,0.7114130434782608,10,9,0,0.34615384615384615,0.018770456314086914,0.9300816059112549,0.00010013580322265625,0.0004878044128417969,0.018180131912231445
