num_events,utilization,reallocations,changes,failures,reallocated_prop,time_compute,time_apply,time_enum,time_search,time_pp
1,1.0,21,45,0,0.075,0.10685467720031738,0.569770336151123,0.01474142074584961,0.08220148086547852,0.009908914566040039
