num_events,utilization,reallocations,changes,failures,reallocated_prop,time_compute,time_apply,time_enum,time_search,time_pp
1,0.006793478260869565,1,0,0,0.0,0.03624081611633301,0.2927403450012207,8.511543273925781e-05,0.00019431114196777344,0.03595900535583496
