num_events,utilization,reallocations,changes,failures,reallocated_prop,time_compute,time_apply,time_enum,time_search,time_pp
1,0.004076086956521739,1,0,0,0.0,0.07247447967529297,0.569573163986206,9.632110595703125e-05,0.0002620220184326172,0.0721139907836914
