num_events,utilization,reallocations,changes,failures,reallocated_prop,time_compute,time_apply,time_enum,time_search,time_pp
1,0.65,102,243,0,0.2170212765957447,0.020327329635620117,0.3453056812286377,0.0005068778991699219,0.009801864624023438,0.010016679763793945
