num_events,utilization,reallocations,changes,failures,reallocated_prop,time_compute,time_apply,time_enum,time_search,time_pp
1,0.20326086956521738,1,0,0,0.0,0.17415237426757812,0.22427129745483398,0.0191497802734375,0.14525341987609863,0.009746551513671875
