num_events,utilization,reallocations,changes,failures,reallocated_prop,time_compute,time_apply,time_enum,time_search,time_pp
1,1.0,45,99,0,0.1875,0.09551048278808594,0.5788624286651611,0.014717340469360352,0.07087230682373047,0.009917974472045898
