num_events,utilization,reallocations,changes,failures,reallocated_prop,time_compute,time_apply,time_enum,time_search,time_pp
1,0.17065217391304346,1,0,0,0.0,0.01061391830444336,0.12679433822631836,9.274482727050781e-05,0.001142263412475586,0.009377479553222656
