num_events,utilization,reallocations,changes,failures,reallocated_prop,time_compute,time_apply
1,0.717289402173913,10,12,0,0.32142857142857145,0.07368016242980957,3.941305160522461
