num_events,utilization,reallocations,changes,failures,reallocated_prop,time_compute,time_apply,time_enum,time_search,time_pp
1,0.00923913043478261,1,0,0,0.0,0.07694864273071289,0.6080076694488525,0.00010657310485839844,0.0005996227264404297,0.07624077796936035
