num_events,utilization,reallocations,changes,failures,reallocated_prop,time_compute,time_apply,time_enum,time_search,time_pp
1,0.17391304347826086,1,0,0,0.0,0.03655529022216797,0.1893625259399414,0.012814998626708984,0.014199256896972656,0.009538888931274414
