num_events,utilization,reallocations,changes,failures,reallocated_prop,time_compute,time_apply,time_enum,time_search,time_pp
1,0.65,44,71,0,0.11282051282051282,0.018752574920654297,0.3192460536956787,0.0005078315734863281,0.008116960525512695,0.010125875473022461
