num_events,utilization,reallocations,changes,failures,reallocated_prop,time_compute,time_apply,time_enum,time_search,time_pp
1,0.13043478260869565,1,0,0,0.0,0.010720252990722656,0.11362838745117188,9.369850158691406e-05,0.0009064674377441406,0.009718179702758789
