num_events,utilization,reallocations,changes,failures,reallocated_prop,time_compute,time_apply,time_enum,time_search,time_pp
1,0.65,8,14,0,0.42105263157894735,0.07366585731506348,2.395620822906494,0.0004930496215820312,0.0007100105285644531,0.07246041297912598
