num_events,utilization,reallocations,changes,failures,reallocated_prop,time_compute,time_apply
1,0.9146739130434782,26,60,0,0.41935483870967744,0.012813091278076172,0.5593414306640625
