num_events,utilization,reallocations,changes,failures,reallocated_prop,time_compute,time_apply,time_enum,time_search,time_pp
1,1.0,36,108,0,0.12121212121212122,0.11202144622802734,0.606229305267334,0.014809131622314453,0.08749508857727051,0.009714841842651367
