num_events,utilization,reallocations,changes,failures,reallocated_prop,time_compute,time_apply,time_enum,time_search,time_pp
1,0.65,83,161,0,0.37727272727272726,0.014352798461914062,0.3206331729888916,0.0005064010620117188,0.004585981369018555,0.009258508682250977
