num_events,utilization,reallocations,changes,failures,reallocated_prop,time_compute,time_apply,time_enum,time_search,time_pp
1,0.65,29,46,0,0.07611548556430446,0.017693519592285156,0.30794262886047363,0.0005090236663818359,0.007687091827392578,0.009495735168457031
