num_events,utilization,reallocations,changes,failures,reallocated_prop,time_compute,time_apply,time_enum,time_search,time_pp
1,0.005434782608695652,1,0,0,0.0,0.03624701499938965,0.21268701553344727,3.3855438232421875e-05,2.288818359375e-05,0.036188602447509766
