num_events,utilization,reallocations,changes,failures,reallocated_prop,time_compute,time_apply,time_enum,time_search,time_pp
1,0.1956521739130435,1,0,0,0.0,0.018964529037475586,0.21453285217285156,3.337860107421875e-05,0.0001583099365234375,0.01877117156982422
