num_events,utilization,reallocations,changes,failures,reallocated_prop,time_compute,time_apply,time_enum,time_search,time_pp
1,0.11277173913043478,1,0,0,0.0,0.07351374626159668,0.6815903186798096,3.457069396972656e-05,0.0003380775451660156,0.07313942909240723
