num_events,utilization,reallocations,changes,failures,reallocated_prop,time_compute,time_apply
1,0.45163043478260867,2,1,0,0.3333333333333333,0.010378122329711914,0.27416467666625977
