num_events,utilization,reallocations,changes,failures,reallocated_prop,time_compute,time_apply,time_enum,time_search,time_pp
1,0.65,2,5,0,0.25,0.00943756103515625,0.28205204010009766,0.0005068778991699219,0.0003402233123779297,0.008588314056396484
