num_events,utilization,reallocations,changes,failures,reallocated_prop,time_compute,time_apply,time_enum,time_search,time_pp
1,0.65,28,54,0,0.2222222222222222,0.012916326522827148,0.3160722255706787,0.0004990100860595703,0.002778291702270508,0.009636163711547852
