num_events,utilization,reallocations,changes,failures,reallocated_prop,time_compute,time_apply
1,0.7676630434782609,4,3,0,0.3333333333333333,0.009276390075683594,0.4867727756500244
