num_events,utilization,reallocations,changes,failures,reallocated_prop,time_compute,time_apply
1,0.7389266304347826,12,12,0,0.3793103448275862,0.03747415542602539,2.0034093856811523
