num_events,utilization,reallocations,changes,failures,reallocated_prop,time_compute,time_apply,time_enum,time_search,time_pp
1,0.65,40,75,0,0.425531914893617,0.038851261138916016,1.2128849029541016,0.000499725341796875,0.0022504329681396484,0.03609895706176758
