num_events,utilization,reallocations,changes,failures,reallocated_prop,time_compute,time_apply,time_enum,time_search,time_pp
1,0.02717391304347826,1,0,0,0.0,0.0768733024597168,0.47995996475219727,3.6716461181640625e-05,0.00011205673217773438,0.0767221450805664
