num_events,utilization,reallocations,changes,failures,reallocated_prop,time_compute,time_apply,time_enum
1,0.4891304347826087,1,0,0,0.0,0.010146379470825195,0.26651692390441895,0.0001347064971923828
