num_events,utilization,reallocations,changes,failures,reallocated_prop,time_compute,time_apply,time_enum,time_search,time_pp
1,1.0,14,16,0,0.3888888888888889,0.06503105163574219,0.6096100807189941,0.013301372528076172,0.04263043403625488,0.009096860885620117
