num_events,utilization,reallocations,changes,failures,reallocated_prop,time_compute,time_apply
1,0.9016304347826087,53,125,0,0.42063492063492064,0.016254663467407227,0.5963213443756104
