num_events,utilization,reallocations,changes,failures,reallocated_prop,time_compute,time_apply,time_enum,time_search,time_pp
1,1.0,11,33,0,0.043824701195219126,0.09727859497070312,0.5694713592529297,0.014942646026611328,0.07260680198669434,0.009726524353027344
