num_events,utilization,reallocations,changes,failures,reallocated_prop,time_compute,time_apply,time_enum,time_search,time_pp
1,0.65,42,72,0,0.32061068702290074,0.013043403625488281,0.3162496089935303,0.0005068778991699219,0.002871274948120117,0.00966334342956543
