num_events,utilization,reallocations,changes,failures,reallocated_prop,time_compute,time_apply
1,0.9059782608695652,29,51,0,0.31521739130434784,0.014065980911254883,0.541780948638916
