num_events,utilization,reallocations,changes,failures,reallocated_prop,time_compute,time_apply,time_enum,time_search,time_pp
1,0.65,37,67,0,0.38144329896907214,0.011883735656738281,0.30630064010620117,0.0005028247833251953,0.0022842884063720703,0.009094953536987305
