num_events,utilization,reallocations,changes,failures,reallocated_prop,time_compute,time_apply,time_enum,time_search,time_pp
1,0.3423913043478261,1,0,0,0.0,0.01210641860961914,0.18483853340148926,0.0001049041748046875,0.0023195743560791016,0.00968027114868164
