num_events,utilization,reallocations,changes,failures,reallocated_prop,time_compute,time_apply,time_enum,time_search,time_pp
1,0.6684103260869565,10,17,0,0.43478260869565216,0.0722193717956543,3.4738166332244873,0.0005137920379638672,0.0016393661499023438,0.07006382942199707
