num_events,utilization,reallocations,changes,failures,reallocated_prop,time_compute,time_apply,time_enum,time_search,time_pp
1,1.0,5,12,0,0.16666666666666666,0.03629875183105469,0.5736439228057861,0.01470804214477539,0.012071609497070312,0.009516716003417969
