num_events,utilization,reallocations,changes,failures,reallocated_prop,time_compute,time_apply
1,0.9059782608695652,30,51,0,0.19607843137254902,0.016190767288208008,0.5425770282745361
