num_events,utilization,reallocations,changes,failures,reallocated_prop,time_compute,time_apply
1,0.8970108695652174,47,104,0,0.3700787401574803,0.016238927841186523,0.5645575523376465
