num_events,utilization,reallocations,changes,failures,reallocated_prop,time_compute,time_apply,time_enum,time_search,time_pp
1,0.04891304347826087,1,0,0,0.0,0.01846790313720703,0.13396167755126953,3.337860107421875e-05,5.030632019042969e-05,0.01838231086730957
