num_events,utilization,reallocations,changes,failures,reallocated_prop,time_compute,time_apply,time_enum,time_search,time_pp
1,0.5690217391304347,2,2,0,0.2,0.019546985626220703,0.8141179084777832,0.0005745887756347656,0.0005857944488525391,0.018384456634521484
