num_events,utilization,reallocations,changes,failures,reallocated_prop,time_compute,time_apply,time_enum,time_search,time_pp
1,0.7633152173913044,33,42,0,0.22916666666666666,0.01372981071472168,0.4861893653869629,0.0004992485046386719,0.0039234161376953125,0.009305715560913086
