num_events,utilization,reallocations,changes,failures,reallocated_prop,time_compute,time_apply,time_enum,time_search,time_pp
1,0.008559782608695651,1,0,0,0.0,0.07716488838195801,0.6120333671569824,0.00010180473327636719,0.0005059242248535156,0.0765542984008789
