num_events,utilization,reallocations,changes,failures,reallocated_prop,time_compute,time_apply,time_enum,time_search,time_pp
1,0.01154891304347826,1,0,0,0.0,0.0755767822265625,0.616966962814331,9.799003601074219e-05,0.000701904296875,0.07477521896362305
