num_events,utilization,reallocations,changes,failures,reallocated_prop,time_compute,time_apply
1,0.7869565217391304,10,14,0,0.5263157894736842,0.0116424560546875,0.5206844806671143
