num_events,utilization,reallocations,changes,failures,reallocated_prop,time_compute,time_apply,time_enum,time_search,time_pp
1,1.0,16,31,0,0.32,0.07553267478942871,0.6024348735809326,0.01343083381652832,0.05311131477355957,0.008987903594970703
