num_events,utilization,reallocations,changes,failures,reallocated_prop,time_compute,time_apply,time_enum,time_search,time_pp
1,0.007336956521739131,1,0,0,0.0,0.03674006462097168,0.2937045097351074,9.918212890625e-05,0.00022459030151367188,0.036414384841918945
