num_events,utilization,reallocations,changes,failures,reallocated_prop,time_compute,time_apply,time_enum,time_search,time_pp
1,0.7567934782608695,30,56,0,0.47619047619047616,0.011927604675292969,0.47150683403015137,0.0005114078521728516,0.0021543502807617188,0.009259939193725586
