num_events,utilization,reallocations,changes,failures,reallocated_prop,time_compute,time_apply,time_enum,time_search,time_pp
1,1.0,27,81,0,0.11440677966101695,0.09610986709594727,0.5818281173706055,0.014809608459472656,0.07159018516540527,0.009708166122436523
