num_events,utilization,reallocations,changes,failures,reallocated_prop,time_compute,time_apply,time_enum,time_search,time_pp
1,1.0,85,153,0,0.2135678391959799,0.1380453109741211,0.5858049392700195,0.014667034149169922,0.11344003677368164,0.009935379028320312
