num_events,utilization,reallocations,changes,failures,reallocated_prop,time_compute,time_apply,time_enum,time_search,time_pp
1,1.0,144,215,0,0.2962962962962963,0.16199278831481934,0.6089167594909668,0.014677762985229492,0.13745379447937012,0.009859085083007812
