num_events,utilization,reallocations,changes,failures,reallocated_prop,time_compute,time_apply,time_enum,time_search,time_pp
1,0.2184782608695652,1,0,0,0.0,0.1883845329284668,0.23289728164672852,0.018405437469482422,0.1600799560546875,0.009896993637084961
