num_events,utilization,reallocations,changes,failures,reallocated_prop,time_compute,time_apply,time_enum,time_search,time_pp
1,0.65,22,41,0,0.41509433962264153,0.0198514461517334,0.5974104404449463,0.0004949569702148438,0.0013670921325683594,0.01798725128173828
