num_events,utilization,reallocations,changes,failures,reallocated_prop,time_compute,time_apply,time_enum,time_search,time_pp
1,0.010869565217391304,1,0,0,0.0,0.035543203353881836,0.217515230178833,3.409385681152344e-05,3.0279159545898438e-05,0.0354769229888916
