num_events,utilization,reallocations,changes,failures,reallocated_prop,time_compute,time_apply,time_enum,time_search,time_pp
1,0.1282608695652174,1,0,0,0.0,0.011191129684448242,0.12232589721679688,0.00010085105895996094,0.0009582042694091797,0.010129928588867188
