num_events,utilization,reallocations,changes,failures,reallocated_prop,time_compute,time_apply,time_enum,time_search,time_pp
1,0.670516304347826,8,7,0,0.3333333333333333,0.03626132011413574,1.7265925407409668,9.822845458984375e-05,0.0004508495330810547,0.03571009635925293
