num_events,utilization,reallocations,changes,failures,reallocated_prop,time_compute,time_apply,time_enum,time_search,time_pp
1,0.3347826086956522,1,0,0,0.0,0.26448631286621094,0.2805626392364502,0.021492958068847656,0.23292064666748047,0.01007080078125
