num_events,utilization,reallocations,changes,failures,reallocated_prop,time_compute,time_apply,time_enum,time_search,time_pp
1,0.7391304347826086,6,12,0,0.42857142857142855,0.010997533798217773,0.47795796394348145,0.0005164146423339844,0.0011484622955322266,0.009330987930297852
