num_events,utilization,reallocations,changes,failures,reallocated_prop,time_compute,time_apply,time_enum,time_search,time_pp
1,0.03260869565217391,1,0,0,0.0,0.01028585433959961,0.0688927173614502,3.62396240234375e-05,2.7418136596679688e-05,0.01022028923034668
