num_events,utilization,reallocations,changes,failures,reallocated_prop,time_compute,time_apply,time_enum,time_search,time_pp
1,0.65,41,59,0,0.17903930131004367,0.015160799026489258,0.3249952793121338,0.0004987716674804688,0.004834175109863281,0.009826421737670898
