num_events,utilization,reallocations,changes,failures,reallocated_prop,time_compute,time_apply,time_enum,time_search,time_pp
1,1.0,68,153,0,0.17215189873417722,0.1493511199951172,0.5958788394927979,0.014803171157836914,0.12367033958435059,0.010875463485717773
