num_events,utilization,reallocations,changes,failures,reallocated_prop,time_compute,time_apply,time_enum,time_search,time_pp
1,0.4043478260869565,1,0,0,0.0,0.30092549324035645,0.3075571060180664,0.018241405487060547,0.272841215133667,0.009839773178100586
