num_events,utilization,reallocations,changes,failures,reallocated_prop,time_compute,time_apply,time_enum,time_search,time_pp
1,0.043478260869565216,1,0,0,0.0,0.010303497314453125,0.08832001686096191,3.695487976074219e-05,3.218650817871094e-05,0.010232210159301758
