num_events,utilization,reallocations,changes,failures,reallocated_prop,time_compute,time_apply,time_enum,time_search,time_pp
1,0.65,28,68,0,0.3333333333333333,0.0374903678894043,1.1943166255950928,0.0005018711090087891,0.0020401477813720703,0.03494668006896973
