num_events,utilization,reallocations,changes,failures,reallocated_prop,time_compute,time_apply,time_enum,time_search,time_pp
1,1.0,57,171,0,0.12101910828025478,0.1605701446533203,0.59419846534729,0.014796018600463867,0.13570213317871094,0.010069608688354492
