num_events,utilization,reallocations,changes,failures,reallocated_prop,time_compute,time_apply,time_enum,time_search,time_pp
1,0.28695652173913044,1,0,0,0.0,0.23762035369873047,0.262103796005249,0.022455215454101562,0.20537805557250977,0.009785175323486328
