num_events,utilization,reallocations,changes,failures,reallocated_prop,time_compute,time_apply,time_enum,time_search,time_pp
1,0.012364130434782608,1,0,0,0.0,0.07680678367614746,0.6310515403747559,9.870529174804688e-05,0.0007429122924804688,0.07596302032470703
