num_events,utilization,reallocations,changes,failures,reallocated_prop,time_compute,time_apply
1,0.716304347826087,5,8,0,0.38461538461538464,0.07219314575195312,3.770112991333008
