num_events,utilization,reallocations,changes,failures,reallocated_prop,time_compute,time_apply
1,0.7839673913043478,10,9,0,0.42857142857142855,0.01925206184387207,1.0411317348480225
