num_events,utilization,reallocations,changes,failures,reallocated_prop,time_compute,time_apply,time_enum,time_search,time_pp
1,0.20380434782608695,1,0,0,0.0,0.03712940216064453,0.44027209281921387,3.457069396972656e-05,0.00031685829162597656,0.036776065826416016
