num_events,utilization,reallocations,changes,failures,reallocated_prop,time_compute,time_apply,time_enum,time_search,time_pp
1,0.710054347826087,9,21,0,0.375,0.020756959915161133,0.9275827407836914,0.0005249977111816406,0.0015807151794433594,0.018648862838745117
