num_events,utilization,reallocations,changes,failures,reallocated_prop,time_compute,time_apply,time_enum,time_search,time_pp
1,1.0,11,30,0,0.15492957746478872,0.04779195785522461,0.5665779113769531,0.014737367630004883,0.02335190773010254,0.009701728820800781
