num_events,utilization,reallocations,changes,failures,reallocated_prop,time_compute,time_apply,time_enum,time_search,time_pp
1,0.0028532608695652174,1,0,0,0.0,0.07458186149597168,0.617180585861206,0.00010061264038085938,0.0001914501190185547,0.07428836822509766
