num_events,utilization,reallocations,changes,failures,reallocated_prop,time_compute,time_apply,time_enum,time_search,time_pp
1,0.3760869565217391,1,0,0,0.0,0.28968381881713867,0.2999758720397949,0.018299102783203125,0.26143431663513184,0.009948015213012695
