num_events,utilization,reallocations,changes,failures,reallocated_prop,time_compute,time_apply
1,0.7185801630434783,13,13,0,0.7058823529411765,0.07393240928649902,3.9259636402130127
