num_events,utilization,reallocations,changes,failures,reallocated_prop,time_compute,time_apply
1,0.9057065217391305,22,32,0,0.36666666666666664,0.013951539993286133,0.599571704864502
