num_events,utilization,reallocations,changes,failures,reallocated_prop,time_compute,time_apply,time_enum,time_search,time_pp
1,0.16956521739130434,1,0,0,0.0,0.14776182174682617,0.20299720764160156,0.018520832061767578,0.11969351768493652,0.009544849395751953
