num_events,utilization,reallocations,changes,failures,reallocated_prop,time_compute,time_apply,time_enum,time_search,time_pp
1,0.65,37,67,0,0.38144329896907214,0.012012243270874023,0.3032217025756836,0.0005044937133789062,0.002263307571411133,0.009243249893188477
