num_events,utilization,reallocations,changes,failures,reallocated_prop,time_compute,time_apply,time_enum,time_search,time_pp
1,1.0,71,123,0,0.1570796460176991,0.15165376663208008,0.5657176971435547,0.013087272644042969,0.1289985179901123,0.00956583023071289
