num_events,utilization,reallocations,changes,failures,reallocated_prop,time_compute,time_apply,time_enum,time_search,time_pp
1,0.14021739130434782,1,0,0,0.0,0.12816953659057617,0.1913454532623291,0.018573522567749023,0.10019636154174805,0.009397268295288086
