num_events,utilization,reallocations,changes,failures,reallocated_prop,time_compute,time_apply,time_enum,time_search,time_pp
1,0.655366847826087,4,3,0,0.375,0.07226085662841797,3.374800205230713,9.918212890625e-05,0.00022602081298828125,0.07193350791931152
