num_events,utilization,reallocations,changes,failures,reallocated_prop,time_compute,time_apply,time_enum,time_search,time_pp
1,0.45353260869565215,2,1,0,0.3333333333333333,0.07359671592712402,2.843092918395996,3.743171691894531e-05,5.173683166503906e-05,0.07350492477416992
