num_events,utilization,reallocations,changes,failures,reallocated_prop,time_compute,time_apply,time_enum,time_search,time_pp
1,0.08586956521739131,1,0,0,0.0,0.009623527526855469,0.09621191024780273,8.440017700195312e-05,0.0005083084106445312,0.009029150009155273
