num_events,utilization,reallocations,changes,failures,reallocated_prop,time_compute,time_apply,time_enum,time_search,time_pp
1,0.18695652173913044,1,0,0,0.0,0.16127347946166992,0.21138739585876465,0.018241405487060547,0.1334223747253418,0.009607315063476562
