num_events,utilization,reallocations,changes,failures,reallocated_prop,time_compute,time_apply,time_enum,time_search,time_pp
1,0.5076086956521739,1,0,0,0.0,0.3706655502319336,0.33946919441223145,0.01911187171936035,0.34195923805236816,0.009593009948730469
