num_events,utilization,reallocations,changes,failures,reallocated_prop,time_compute,time_apply,time_enum,time_search,time_pp
1,0.006793478260869565,1,0,0,0.0,0.07656598091125488,0.6059386730194092,9.72747802734375e-05,0.0004067420959472656,0.07606029510498047
