num_events,utilization,reallocations,changes,failures,reallocated_prop,time_compute,time_apply,time_enum,time_search,time_pp
1,0.012771739130434783,1,0,0,0.0,0.07703590393066406,0.6301753520965576,0.00010895729064941406,0.0007817745208740234,0.07614254951477051
