num_events,utilization,reallocations,changes,failures,reallocated_prop,time_compute,time_apply,time_enum,time_search,time_pp
1,0.050543478260869565,1,0,0,0.0,0.01973271369934082,0.1806800365447998,9.775161743164062e-05,0.0007684230804443359,0.018864870071411133
