num_events,utilization,reallocations,changes,failures,reallocated_prop,time_compute,time_apply,time_enum,time_search,time_pp
1,0.1641304347826087,1,0,0,0.0,0.1435246467590332,0.20002532005310059,0.018281936645507812,0.11585545539855957,0.009385108947753906
