num_events,utilization,reallocations,changes,failures,reallocated_prop,time_compute,time_apply,time_enum,time_search,time_pp
1,1.0,14,20,0,0.30434782608695654,0.04079842567443848,0.5789496898651123,0.014739990234375,0.016323328018188477,0.009733915328979492
