num_events,utilization,reallocations,changes,failures,reallocated_prop,time_compute,time_apply,time_enum,time_search,time_pp
1,0.65,63,144,0,0.2985781990521327,0.014797449111938477,0.327526330947876,0.0005066394805908203,0.004642963409423828,0.009645700454711914
