num_events,utilization,reallocations,changes,failures,reallocated_prop,time_compute,time_apply,time_enum,time_search,time_pp
1,0.6881114130434782,15,16,0,0.45161290322580644,0.03750014305114746,1.8252384662628174,3.552436828613281e-05,0.000186920166015625,0.03727531433105469
