num_events,utilization,reallocations,changes,failures,reallocated_prop,time_compute,time_apply,time_enum,time_search,time_pp
1,0.6621263586956522,13,14,0,0.48,0.07421731948852539,3.501467227935791,3.504753112792969e-05,0.00014853477478027344,0.07403182983398438
