num_events,utilization,reallocations,changes,failures,reallocated_prop,time_compute,time_apply,time_enum,time_search,time_pp
1,0.2,1,0,0,0.0,0.010896682739257812,0.13681387901306152,9.5367431640625e-05,0.0014052391052246094,0.009394407272338867
