num_events,utilization,reallocations,changes,failures,reallocated_prop,time_compute,time_apply,time_enum,time_search,time_pp
1,1.0,21,44,0,0.21,0.056084632873535156,0.5751490592956543,0.01465296745300293,0.03186917304992676,0.009560346603393555
