num_events,utilization,reallocations,changes,failures,reallocated_prop,time_compute,time_apply,time_enum,time_search,time_pp
1,1.0,14,20,0,0.30434782608695654,0.04136490821838379,0.5699295997619629,0.015136480331420898,0.016941308975219727,0.009285449981689453
