num_events,utilization,reallocations,changes,failures,reallocated_prop,time_compute,time_apply
1,0.7188179347826087,16,22,0,0.47058823529411764,0.07264828681945801,3.806882858276367
