num_events,utilization,reallocations,changes,failures,reallocated_prop,time_compute,time_apply,time_enum,time_search,time_pp
1,0.14673913043478262,1,0,0,0.0,0.010791301727294922,0.11904501914978027,9.5367431640625e-05,0.0011129379272460938,0.009581327438354492
