num_events,utilization,reallocations,changes,failures,reallocated_prop,time_compute,time_apply,time_enum,time_search,time_pp
1,0.04782608695652174,1,0,0,0.0,0.009430646896362305,0.08446574211120605,8.654594421386719e-05,0.000308990478515625,0.009032726287841797
