num_events,utilization,reallocations,changes,failures,reallocated_prop,time_compute,time_apply,time_enum,time_search,time_pp
1,0.3391304347826087,1,0,0,0.0,0.2625727653503418,0.2784898281097412,0.018536806106567383,0.2342817783355713,0.009752035140991211
