num_events,utilization,reallocations,changes,failures,reallocated_prop,time_compute,time_apply
1,0.9059782608695652,28,70,0,0.4057971014492754,0.013318777084350586,0.5462687015533447
