num_events,utilization,reallocations,changes,failures,reallocated_prop,time_compute,time_apply,time_enum,time_search,time_pp
1,0.65,40,75,0,0.425531914893617,0.07148599624633789,2.3448402881622314,0.0004210472106933594,0.0020830631256103516,0.06897926330566406
