num_events,utilization,reallocations,changes,failures,reallocated_prop,time_compute,time_apply,time_enum,time_search,time_pp
1,0.06086956521739131,1,0,0,0.0,0.011899948120117188,0.11210918426513672,0.0001354217529296875,0.0004684925079345703,0.011294126510620117
