num_events,utilization,reallocations,changes,failures,reallocated_prop,time_compute,time_apply
1,0.8929347826086956,24,57,0,0.38095238095238093,0.014388561248779297,0.5495204925537109
