num_events,utilization,reallocations,changes,failures,reallocated_prop,time_compute,time_apply
1,0.8228260869565217,9,8,0,0.38095238095238093,0.010143756866455078,0.5363893508911133
