num_events,utilization,reallocations,changes,failures,reallocated_prop,time_compute,time_apply,time_enum,time_search,time_pp
1,1.0,8,12,0,0.34782608695652173,0.04953908920288086,0.5769553184509277,0.012436866760253906,0.02814507484436035,0.008955240249633789
