num_events,utilization,reallocations,changes,failures,reallocated_prop,time_compute,time_apply,time_enum,time_search,time_pp
1,1.0,6,18,0,0.012072434607645875,0.16662359237670898,0.58060622215271,0.014642477035522461,0.1419820785522461,0.009996652603149414
