num_events,utilization,reallocations,changes,failures,reallocated_prop,time_compute,time_apply
1,0.7347826086956522,12,12,0,0.7857142857142857,0.01765155792236328,0.9352209568023682
