num_events,utilization,reallocations,changes,failures,reallocated_prop,time_compute,time_apply,time_enum,time_search,time_pp
1,0.2532608695652174,1,0,0,0.0,0.010935783386230469,0.15039896965026855,7.987022399902344e-05,0.0015401840209960938,0.009313583374023438
