num_events,utilization,reallocations,changes,failures,reallocated_prop,time_compute,time_apply,time_enum,time_search,time_pp
1,0.55,2,2,0,0.2,0.07296991348266602,2.108020544052124,0.0005049705505371094,0.00033473968505859375,0.0721280574798584
