num_events,utilization,reallocations,changes,failures,reallocated_prop,time_compute,time_apply,time_enum,time_search,time_pp
1,1.0,7,18,0,0.1590909090909091,0.03995943069458008,0.5794355869293213,0.01486063003540039,0.015814781188964844,0.00928187370300293
