num_events,utilization,reallocations,changes,failures,reallocated_prop,time_compute,time_apply,time_enum,time_search,time_pp
1,0.32282608695652176,1,0,0,0.0,0.24506902694702148,0.264789342880249,0.017609119415283203,0.21804594993591309,0.00941157341003418
