num_events,utilization,reallocations,changes,failures,reallocated_prop,time_compute,time_apply
1,0.9051630434782608,17,18,0,0.48484848484848486,0.009711027145385742,0.5490500926971436
