num_events,utilization,reallocations,changes,failures,reallocated_prop,time_compute,time_apply,time_enum,time_search,time_pp
1,0.0010869565217391304,1,0,0,0.0,0.07432317733764648,0.5825183391571045,9.751319885253906e-05,0.00010037422180175781,0.07412314414978027
