num_events,utilization,reallocations,changes,failures,reallocated_prop,time_compute,time_apply,time_enum,time_search,time_pp
1,0.6722826086956522,8,14,0,0.42105263157894735,0.039945125579833984,1.803514003753662,0.0005230903625488281,0.0012278556823730469,0.038192033767700195
