num_events,utilization,reallocations,changes,failures,reallocated_prop,time_compute,time_apply
1,0.7554347826086957,12,13,0,0.7333333333333333,0.018751859664916992,1.0208029747009277
