num_events,utilization,reallocations,changes,failures,reallocated_prop,time_compute,time_apply,time_enum,time_search,time_pp
1,0.005298913043478261,1,0,0,0.0,0.07793498039245605,0.5882494449615479,0.00011491775512695312,0.0003933906555175781,0.0774238109588623
