num_events,utilization,reallocations,changes,failures,reallocated_prop,time_compute,time_apply,time_enum,time_search,time_pp
1,0.029891304347826088,1,0,0,0.0,0.044541120529174805,0.29683637619018555,3.552436828613281e-05,6.079673767089844e-05,0.04444265365600586
