num_events,utilization,reallocations,changes,failures,reallocated_prop,time_compute,time_apply,time_enum,time_search,time_pp
1,0.24782608695652175,1,0,0,0.0,0.01123356819152832,0.1518237590789795,0.00011610984802246094,0.0016596317291259766,0.00945591926574707
