num_events,utilization,reallocations,changes,failures,reallocated_prop,time_compute,time_apply,time_enum,time_search,time_pp
1,0.2793478260869565,1,0,0,0.0,0.24289941787719727,0.2541663646697998,0.023210525512695312,0.20979928970336914,0.009886741638183594
