num_events,utilization,reallocations,changes,failures,reallocated_prop,time_compute,time_apply,time_enum,time_search,time_pp
1,1.0,11,30,0,0.15492957746478872,0.047738075256347656,0.5787770748138428,0.014856576919555664,0.023305892944335938,0.00957345962524414
