num_events,utilization,reallocations,changes,failures,reallocated_prop,time_compute,time_apply,time_enum,time_search,time_pp
1,1.0,36,108,0,0.12162162162162163,0.11087775230407715,0.5830307006835938,0.014647960662841797,0.08653521537780762,0.009691715240478516
