num_events,utilization,reallocations,changes,failures,reallocated_prop,time_compute,time_apply,time_enum,time_search,time_pp
1,0.675679347826087,4,7,0,0.36363636363636365,0.019177913665771484,0.8625843524932861,0.0005249977111816406,0.0007936954498291016,0.017857074737548828
