num_events,utilization,reallocations,changes,failures,reallocated_prop,time_compute,time_apply,time_enum,time_search,time_pp
1,0.017391304347826087,1,0,0,0.0,0.009921073913574219,0.07851839065551758,0.0001232624053955078,0.0001647472381591797,0.00963139533996582
