num_events,utilization,reallocations,changes,failures,reallocated_prop,time_compute,time_apply,time_enum,time_search,time_pp
1,0.7633152173913044,42,76,0,0.4329896907216495,0.012680768966674805,0.48647308349609375,0.00049591064453125,0.0029664039611816406,0.009216070175170898
