num_events,utilization,reallocations,changes,failures,reallocated_prop,time_compute,time_apply,time_enum,time_search,time_pp
1,0.65,26,63,0,0.3333333333333333,0.012401103973388672,0.3347959518432617,0.0004775524139404297,0.0018999576568603516,0.010021686553955078
