num_events,utilization,reallocations,changes,failures,reallocated_prop,time_compute,time_apply
1,0.8970108695652174,38,83,0,0.34545454545454546,0.016980409622192383,0.5666556358337402
