num_events,utilization,reallocations,changes,failures,reallocated_prop,time_compute,time_apply,time_enum,time_search,time_pp
1,1.0,26,38,0,0.3023255813953488,0.05190563201904297,0.5739462375640869,0.014693260192871094,0.02778172492980957,0.009428024291992188
