num_events,utilization,reallocations,changes,failures,reallocated_prop,time_compute,time_apply,time_enum,time_search,time_pp
1,0.11956521739130435,1,0,0,0.0,0.03334212303161621,0.17120957374572754,0.012860298156738281,0.010874748229980469,0.009604454040527344
