num_events,utilization,reallocations,changes,failures,reallocated_prop,time_compute,time_apply,time_enum,time_search,time_pp
1,0.65,5,9,0,0.38461538461538464,0.07137203216552734,2.399235248565674,0.0004978179931640625,0.00046563148498535156,0.07040643692016602
