num_events,utilization,reallocations,changes,failures,reallocated_prop,time_compute,time_apply
1,0.7127717391304348,4,4,0,0.5714285714285714,0.04591846466064453,2.3679089546203613
