num_events,utilization,reallocations,changes,failures,reallocated_prop,time_compute,time_apply,time_enum,time_search,time_pp
1,0.4891304347826087,1,0,0,0.0,0.05732536315917969,0.3106803894042969,0.013270854949951172,0.034581661224365234,0.009469747543334961
