num_events,utilization,reallocations,changes,failures,reallocated_prop,time_compute,time_apply,time_enum,time_search,time_pp
1,0.65,38,72,0,0.4222222222222222,0.07472109794616699,2.4099881649017334,0.0004930496215820312,0.002194643020629883,0.07203102111816406
