num_events,utilization,reallocations,changes,failures,reallocated_prop,time_compute,time_apply,time_enum,time_search,time_pp
1,1.0,44,65,0,0.3013698630136986,0.06874513626098633,0.5849564075469971,0.014768600463867188,0.04438209533691406,0.00959157943725586
