num_events,utilization,reallocations,changes,failures,reallocated_prop,time_compute,time_apply,time_enum,time_search,time_pp
1,0.65,4,7,0,0.36363636363636365,0.011474370956420898,0.34122633934020996,0.0005688667297363281,0.0005238056182861328,0.010380029678344727
