num_events,utilization,reallocations,changes,failures,reallocated_prop,time_compute,time_apply,time_enum,time_search,time_pp
1,0.65,84,156,0,0.39069767441860465,0.015299081802368164,0.33228063583374023,0.0005064010620117188,0.004781007766723633,0.010009527206420898
