num_events,utilization,reallocations,changes,failures,reallocated_prop,time_compute,time_apply,time_enum,time_search,time_pp
1,0.65,31,69,0,0.29523809523809524,0.012840986251831055,0.32233190536499023,0.0005013942718505859,0.0025892257690429688,0.009748697280883789
