num_events,utilization,reallocations,changes,failures,reallocated_prop,time_compute,time_apply,time_enum,time_search,time_pp
1,0.2847826086956522,1,0,0,0.0,0.2336256504058838,0.25391221046447754,0.021597862243652344,0.2023317813873291,0.009693384170532227
