num_events,utilization,reallocations,changes,failures,reallocated_prop,time_compute,time_apply,time_enum,time_search,time_pp
1,0.6615828804347826,13,14,0,0.5,0.07396864891052246,3.5282034873962402,3.4809112548828125e-05,0.00014209747314453125,0.07378983497619629
