num_events,utilization,reallocations,changes,failures,reallocated_prop,time_compute,time_apply,time_enum,time_search,time_pp
1,1.0,51,153,0,0.12846347607052896,0.14969325065612793,0.5887398719787598,0.014699697494506836,0.1237947940826416,0.011196613311767578
