num_events,utilization,reallocations,changes,failures,reallocated_prop,time_compute,time_apply,time_enum,time_search,time_pp
1,0.2184782608695652,1,0,0,0.0,0.18051886558532715,0.22719311714172363,0.01821112632751465,0.1527261734008789,0.009578227996826172
