num_events,utilization,reallocations,changes,failures,reallocated_prop,time_compute,time_apply,time_enum,time_search,time_pp
1,0.65,22,39,0,0.3188405797101449,0.010833024978637695,0.3040585517883301,0.00041174888610839844,0.0016334056854248047,0.008786201477050781
