num_events,utilization,reallocations,changes,failures,reallocated_prop,time_compute,time_apply,time_enum,time_search,time_pp
1,0.07065217391304347,1,0,0,0.0,0.010636568069458008,0.10059452056884766,0.00010538101196289062,0.0005552768707275391,0.009973764419555664
