num_events,utilization,reallocations,changes,failures,reallocated_prop,time_compute,time_apply,time_enum,time_search,time_pp
1,0.010869565217391304,0,0,0,0.0,0.028310775756835938,0.09602642059326172,0.015007495880126953,0.003834247589111328,0.00946664810180664
