num_events,utilization,reallocations,changes,failures,reallocated_prop,time_compute,time_apply,time_enum,time_search,time_pp
1,0.016304347826086956,1,0,0,0.0,0.0170137882232666,0.10953783988952637,2.9087066650390625e-05,2.3126602172851562e-05,0.01695990562438965
