num_events,utilization,reallocations,changes,failures,reallocated_prop,time_compute,time_apply,time_enum,time_search,time_pp
1,0.9603260869565218,1,2,0,0.14285714285714285,0.03855180740356445,0.6081366539001465,0.0145721435546875,0.01469874382019043,0.009277582168579102
