num_events,utilization,reallocations,changes,failures,reallocated_prop,time_compute,time_apply
1,0.9059782608695652,67,110,0,0.4785714285714286,0.015417814254760742,0.548234224319458
