num_events,utilization,reallocations,changes,failures,reallocated_prop,time_compute,time_apply,time_enum,time_search,time_pp
1,1.0,15,24,0,0.25862068965517243,0.046564340591430664,0.5698778629302979,0.015813350677490234,0.0212094783782959,0.009539365768432617
