num_events,utilization,reallocations,changes,failures,reallocated_prop,time_compute,time_apply,time_enum,time_search,time_pp
1,0.7567934782608695,39,65,0,0.36792452830188677,0.013091802597045898,0.47655534744262695,0.0005640983581542969,0.0030584335327148438,0.009467840194702148
