num_events,utilization,reallocations,changes,failures,reallocated_prop,time_compute,time_apply,time_enum,time_search,time_pp
1,1.0,9,24,0,0.16071428571428573,0.04323577880859375,0.569105863571167,0.014829158782958984,0.019060373306274414,0.009345054626464844
