num_events,utilization,reallocations,changes,failures,reallocated_prop,time_compute,time_apply,time_enum,time_search,time_pp
1,0.034239130434782605,1,0,0,0.0,0.018719196319580078,0.16196227073669434,8.463859558105469e-05,0.0004258155822753906,0.01820683479309082
