num_events,utilization,reallocations,changes,failures,reallocated_prop,time_compute,time_apply,time_enum,time_search,time_pp
1,0.43478260869565216,1,0,0,0.0,0.05295252799987793,0.2903411388397217,0.012927770614624023,0.030519962310791016,0.009501457214355469
