num_events,utilization,reallocations,changes,failures,reallocated_prop,time_compute,time_apply,time_enum,time_search,time_pp
1,0.09782608695652174,1,0,0,0.0,0.012990474700927734,0.127760648727417,0.00012540817260742188,0.0007190704345703125,0.01214456558227539
