num_events,utilization,reallocations,changes,failures,reallocated_prop,time_compute,time_apply,time_enum,time_search,time_pp
1,1.0,45,81,0,0.20642201834862386,0.09643268585205078,0.6019294261932373,0.014807939529418945,0.0707700252532959,0.010852575302124023
