num_events,utilization,reallocations,changes,failures,reallocated_prop,time_compute,time_apply,time_enum,time_search,time_pp
1,0.2728260869565217,1,0,0,0.0,0.22798919677734375,0.2513852119445801,0.019243955612182617,0.1986253261566162,0.010117769241333008
