num_events,utilization,reallocations,changes,failures,reallocated_prop,time_compute,time_apply,time_enum,time_search,time_pp
1,0.16576086956521738,1,0,0,0.0,0.03681159019470215,0.3967463970184326,3.337860107421875e-05,0.00025391578674316406,0.036522626876831055
