num_events,utilization,reallocations,changes,failures,reallocated_prop,time_compute,time_apply,time_enum,time_search,time_pp
1,0.07391304347826087,1,0,0,0.0,0.08479166030883789,0.16445684432983398,0.019564390182495117,0.05543851852416992,0.009786367416381836
