num_events,utilization,reallocations,changes,failures,reallocated_prop,time_compute,time_apply,time_enum,time_search,time_pp
1,1.0,9,24,0,0.15789473684210525,0.04124951362609863,0.5519468784332275,0.013470649719238281,0.018549442291259766,0.009227991104125977
