num_events,utilization,reallocations,changes,failures,reallocated_prop,time_compute,time_apply
1,0.7807065217391305,5,11,0,0.3333333333333333,0.010774612426757812,0.515221118927002
