num_events,utilization,reallocations,changes,failures,reallocated_prop,time_compute,time_apply,time_enum,time_search,time_pp
1,0.08260869565217391,1,0,0,0.0,0.010399818420410156,0.09836578369140625,9.560585021972656e-05,0.0005810260772705078,0.00972127914428711
