num_events,utilization,reallocations,changes,failures,reallocated_prop,time_compute,time_apply,time_enum,time_search,time_pp
1,0.04891304347826087,1,0,0,0.0,0.010899543762207031,0.09146881103515625,0.00010657310485839844,0.0003883838653564453,0.010403156280517578
