num_events,utilization,reallocations,changes,failures,reallocated_prop,time_compute,time_apply,time_enum,time_search,time_pp
1,0.3108695652173913,1,0,0,0.0,0.010844945907592773,0.16258001327514648,8.034706115722656e-05,0.0017852783203125,0.008977890014648438
