num_events,utilization,reallocations,changes,failures,reallocated_prop,time_compute,time_apply,time_enum,time_search,time_pp
1,0.65,67,119,0,0.2701612903225806,0.015879154205322266,0.3295111656188965,0.0005042552947998047,0.005473613739013672,0.009899377822875977
