num_events,utilization,reallocations,changes,failures,reallocated_prop,time_compute,time_apply
1,0.7161684782608696,5,8,0,0.38461538461538464,0.07533621788024902,3.9580636024475098
