num_events,utilization,reallocations,changes,failures,reallocated_prop,time_compute,time_apply,time_enum,time_search,time_pp
1,0.65,35,79,0,0.29411764705882354,0.012796401977539062,0.3190760612487793,0.0005047321319580078,0.0027191638946533203,0.009570837020874023
