num_events,utilization,reallocations,changes,failures,reallocated_prop,time_compute,time_apply,time_enum,time_search,time_pp
1,0.20434782608695654,1,0,0,0.0,0.17583990097045898,0.22147727012634277,0.021962404251098633,0.14422345161437988,0.009651660919189453
