num_events,utilization,reallocations,changes,failures,reallocated_prop,time_compute,time_apply,time_enum,time_search,time_pp
1,0.02391304347826087,1,0,0,0.0,0.009690046310424805,0.07784152030944824,0.00010371208190917969,0.0002129077911376953,0.009371757507324219
