num_events,utilization,reallocations,changes,failures,reallocated_prop,time_compute,time_apply,time_enum,time_search,time_pp
1,0.25,1,0,0,0.0,0.01114511489868164,0.1523442268371582,0.00010061264038085938,0.0016646385192871094,0.009378671646118164
