num_events,utilization,reallocations,changes,failures,reallocated_prop,time_compute,time_apply,time_enum,time_search,time_pp
1,0.65,4,7,0,0.4,0.036962270736694336,1.1958017349243164,0.000499725341796875,0.00045990943908691406,0.036000728607177734
