num_events,utilization,reallocations,changes,failures,reallocated_prop,time_compute,time_apply,time_enum,time_search,time_pp
1,1.0,74,132,0,0.19023136246786632,0.13591861724853516,0.5950021743774414,0.014752864837646484,0.11129236221313477,0.009871244430541992
