num_events,utilization,reallocations,changes,failures,reallocated_prop,time_compute,time_apply,time_enum,time_search,time_pp
1,0.22010869565217392,1,0,0,0.0,0.03799724578857422,0.4646022319793701,3.3855438232421875e-05,0.0003273487091064453,0.03763461112976074
