num_events,utilization,reallocations,changes,failures,reallocated_prop,time_compute,time_apply,time_enum,time_search,time_pp
1,0.22826086956521738,1,0,0,0.0,0.1879711151123047,0.23005127906799316,0.01841115951538086,0.15989971160888672,0.009657621383666992
