num_events,utilization,reallocations,changes,failures,reallocated_prop,time_compute,time_apply
1,0.8809782608695652,8,7,0,0.22580645161290322,0.009958505630493164,0.5447635650634766
