num_events,utilization,reallocations,changes,failures,reallocated_prop,time_compute,time_apply,time_enum,time_search,time_pp
1,0.65,75,165,0,0.22658610271903323,0.0170137882232666,0.33254337310791016,0.0004951953887939453,0.0068149566650390625,0.009702205657958984
