num_events,utilization,reallocations,changes,failures,reallocated_prop,time_compute,time_apply,time_enum,time_search,time_pp
1,0.20380434782608695,1,0,0,0.0,0.03717970848083496,0.44060802459716797,3.409385681152344e-05,0.0003104209899902344,0.036832332611083984
