num_events,utilization,reallocations,changes,failures,reallocated_prop,time_compute,time_apply,time_enum,time_search,time_pp
1,0.07880434782608696,1,0,0,0.0,0.037099361419677734,0.3114495277404785,3.552436828613281e-05,0.0001327991485595703,0.036928653717041016
