num_events,utilization,reallocations,changes,failures,reallocated_prop,time_compute,time_apply,time_enum,time_search,time_pp
1,1.0,60,87,0,0.1366742596810934,0.14765405654907227,0.5796389579772949,0.014750003814697266,0.12283706665039062,0.010064840316772461
