num_events,utilization,reallocations,changes,failures,reallocated_prop,time_compute,time_apply,time_enum,time_search,time_pp
1,0.03940217391304348,1,0,0,0.0,0.07196450233459473,0.5101943016052246,3.552436828613281e-05,0.00013637542724609375,0.07179021835327148
