num_events,utilization,reallocations,changes,failures,reallocated_prop,time_compute,time_apply,time_enum,time_search,time_pp
1,0.65,105,249,0,0.2229299363057325,0.020428895950317383,0.34827542304992676,0.0005099773406982422,0.009773731231689453,0.010143280029296875
