num_events,utilization,reallocations,changes,failures,reallocated_prop,time_compute,time_apply,time_enum,time_search,time_pp
1,1.0,20,24,0,0.4444444444444444,0.07819008827209473,0.5902373790740967,0.013196229934692383,0.055829763412475586,0.00916147232055664
