num_events,utilization,reallocations,changes,failures,reallocated_prop,time_compute,time_apply,time_enum,time_search,time_pp
1,0.0010869565217391304,0,0,0,0.0,0.03274250030517578,0.07191324234008789,0.018029451370239258,0.005362510681152344,0.00934910774230957
