num_events,utilization,reallocations,changes,failures,reallocated_prop,time_compute,time_apply,time_enum,time_search,time_pp
1,0.15,0,0,0,0.0,0.010319709777832031,0.13246965408325195,3.600120544433594e-05,1.3589859008789062e-05,0.010268211364746094
