num_events,utilization,reallocations,changes,failures,reallocated_prop,time_compute,time_apply,time_enum,time_search,time_pp
1,0.65,118,285,0,0.24329896907216494,0.019525527954101562,0.3377246856689453,0.0005137920379638672,0.009559869766235352,0.009450197219848633
