num_events,utilization,reallocations,changes,failures,reallocated_prop,time_compute,time_apply,time_enum,time_search,time_pp
1,0.3804347826086957,1,0,0,0.0,0.05167269706726074,0.26976823806762695,0.013628482818603516,0.02804851531982422,0.009992837905883789
