num_events,utilization,reallocations,changes,failures,reallocated_prop,time_compute,time_apply,time_enum,time_search,time_pp
1,1.0,41,93,0,0.125,0.12056946754455566,0.5833356380462646,0.014821052551269531,0.09589552879333496,0.009850740432739258
