num_events,utilization,reallocations,changes,failures,reallocated_prop,time_compute,time_apply,time_enum,time_search,time_pp
1,1.0,47,91,0,0.3263888888888889,0.12070012092590332,0.6528117656707764,0.014698505401611328,0.09641385078430176,0.009585142135620117
