num_events,utilization,reallocations,changes,failures,reallocated_prop,time_compute,time_apply
1,0.8252717391304348,8,12,0,0.36363636363636365,0.011180639266967773,0.5162465572357178
