num_events,utilization,reallocations,changes,failures,reallocated_prop,time_compute,time_apply,time_enum,time_search,time_pp
1,0.14130434782608695,1,0,0,0.0,0.010472774505615234,0.10100388526916504,3.62396240234375e-05,6.866455078125e-05,0.010365962982177734
