num_events,utilization,reallocations,changes,failures,reallocated_prop,time_compute,time_apply,time_enum,time_search,time_pp
1,0.358695652173913,1,0,0,0.0,0.011380195617675781,0.18389368057250977,8.0108642578125e-05,0.0021762847900390625,0.009122610092163086
