num_events,utilization,reallocations,changes,failures,reallocated_prop,time_compute,time_apply,time_enum,time_search,time_pp
1,0.20978260869565218,1,0,0,0.0,0.010957479476928711,0.14005684852600098,9.72747802734375e-05,0.0013580322265625,0.009500980377197266
