num_events,utilization,reallocations,changes,failures,reallocated_prop,time_compute,time_apply,time_enum,time_search,time_pp
1,0.03206521739130435,1,0,0,0.0,0.02071523666381836,0.18140006065368652,0.00010609626770019531,0.000438690185546875,0.020168066024780273
