num_events,utilization,reallocations,changes,failures,reallocated_prop,time_compute,time_apply,time_enum,time_search,time_pp
1,0.6588994565217391,5,4,0,0.2,0.07187891006469727,3.5387351512908936,0.00010752677917480469,0.0003204345703125,0.07144856452941895
