num_events,utilization,reallocations,changes,failures,reallocated_prop,time_compute,time_apply
1,0.8932065217391304,28,63,0,0.3888888888888889,0.014228343963623047,0.5320205688476562
