num_events,utilization,reallocations,changes,failures,reallocated_prop,time_compute,time_apply
1,0.8972826086956521,54,103,0,0.43548387096774194,0.015538215637207031,0.5580713748931885
