num_events,utilization,reallocations,changes,failures,reallocated_prop,time_compute,time_apply,time_enum,time_search,time_pp
1,0.0024456521739130437,1,0,0,0.0,0.0768578052520752,0.606468677520752,9.942054748535156e-05,0.00017070770263671875,0.07658576965332031
