num_events,utilization,reallocations,changes,failures,reallocated_prop,time_compute,time_apply
1,0.9179347826086957,5,6,0,0.36363636363636365,0.01426839828491211,0.569514274597168
