num_events,utilization,reallocations,changes,failures,reallocated_prop,time_compute,time_apply,time_enum,time_search,time_pp
1,1.0,60,133,0,0.17647058823529413,0.1237330436706543,0.5923125743865967,0.014692068099975586,0.09922909736633301,0.009809017181396484
