num_events,utilization,reallocations,changes,failures,reallocated_prop,time_compute,time_apply
1,0.7260190217391305,8,9,0,0.30434782608695654,0.036959171295166016,1.9915530681610107
