num_events,utilization,reallocations,changes,failures,reallocated_prop,time_compute,time_apply,time_enum,time_search,time_pp
1,1.0,58,70,0,0.1643059490084986,0.1259021759033203,0.5767059326171875,0.014624834060668945,0.10134387016296387,0.009931325912475586
