num_events,utilization,reallocations,changes,failures,reallocated_prop,time_compute,time_apply,time_enum,time_search,time_pp
1,0.012228260869565218,1,0,0,0.0,0.074310302734375,0.6191976070404053,9.918212890625e-05,0.0007271766662597656,0.07348203659057617
