num_events,utilization,reallocations,changes,failures,reallocated_prop,time_compute,time_apply,time_enum,time_search,time_pp
1,0.01847826086956522,1,0,0,0.0,0.04856562614440918,0.13791227340698242,0.022279977798461914,0.01700615882873535,0.009276390075683594
