num_events,utilization,reallocations,changes,failures,reallocated_prop,time_compute,time_apply,time_enum,time_search,time_pp
1,0.16182065217391303,1,0,0,0.0,0.01760268211364746,0.326174259185791,3.528594970703125e-05,2.8848648071289062e-05,0.017536401748657227
