num_events,utilization,reallocations,changes,failures,reallocated_prop,time_compute,time_apply,time_enum,time_search,time_pp
1,0.3239130434782609,1,0,0,0.0,0.011759042739868164,0.1754627227783203,9.322166442871094e-05,0.002033710479736328,0.009630441665649414
