num_events,utilization,reallocations,changes,failures,reallocated_prop,time_compute,time_apply,time_enum,time_search,time_pp
1,1.0,9,11,0,0.45,0.07678508758544922,0.5830183029174805,0.01838231086730957,0.04913759231567383,0.009262800216674805
