num_events,utilization,reallocations,changes,failures,reallocated_prop,time_compute,time_apply
1,0.7296195652173914,8,7,0,0.5833333333333334,0.03606224060058594,1.9775772094726562
