num_events,utilization,reallocations,changes,failures,reallocated_prop,time_compute,time_apply,time_enum,time_search,time_pp
1,0.06521739130434782,1,0,0,0.0,0.010346412658691406,0.07781982421875,3.600120544433594e-05,4.1961669921875e-05,0.010267019271850586
