num_events,utilization,reallocations,changes,failures,reallocated_prop,time_compute,time_apply,time_enum,time_search,time_pp
1,1.0,1,3,0,0.1111111111111111,0.03015875816345215,0.600428581237793,0.014816045761108398,0.005941629409790039,0.009399175643920898
