num_events,utilization,reallocations,changes,failures,reallocated_prop,time_compute,time_apply,time_enum,time_search,time_pp
1,0.65,14,26,0,0.4117647058823529,0.03746199607849121,1.2015576362609863,0.0004930496215820312,0.0009808540344238281,0.03598618507385254
