num_events,utilization,reallocations,changes,failures,reallocated_prop,time_compute,time_apply,time_enum,time_search,time_pp
1,0.0036684782608695653,1,0,0,0.0,0.07386183738708496,0.5928895473480225,9.894371032714844e-05,0.00022721290588378906,0.07353377342224121
