num_events,utilization,reallocations,changes,failures,reallocated_prop,time_compute,time_apply
1,0.7510869565217392,21,25,0,0.6451612903225806,0.034935951232910156,1.9636263847351074
