num_events,utilization,reallocations,changes,failures,reallocated_prop,time_compute,time_apply,time_enum,time_search,time_pp
1,1.0,17,32,0,0.2328767123287671,0.04872703552246094,0.574141263961792,0.014790773391723633,0.02441692352294922,0.00951695442199707
