num_events,utilization,reallocations,changes,failures,reallocated_prop,time_compute,time_apply,time_enum,time_search,time_pp
1,0.006793478260869565,1,0,0,0.0,0.036269426345825195,0.3999152183532715,0.0005106925964355469,0.00030732154846191406,0.03544974327087402
