num_events,utilization,reallocations,changes,failures,reallocated_prop,time_compute,time_apply,time_enum,time_search,time_pp
1,0.4934782608695652,1,0,0,0.0,0.36016249656677246,0.3473219871520996,0.018288612365722656,0.3319530487060547,0.009918212890625
