num_events,utilization,reallocations,changes,failures,reallocated_prop,time_compute,time_apply,time_enum
1,0.05434782608695652,1,0,0,0.0,0.010896921157836914,0.12225914001464844,0.00014472007751464844
