num_events,utilization,reallocations,changes,failures,reallocated_prop,time_compute,time_apply,time_enum,time_search,time_pp
1,0.46956521739130436,1,0,0,0.0,0.33809375762939453,0.3248441219329834,0.019835710525512695,0.3088042736053467,0.009450912475585938
