num_events,utilization,reallocations,changes,failures,reallocated_prop,time_compute,time_apply,time_enum,time_search,time_pp
1,0.09375,1,0,0,0.0,0.07296586036682129,0.6325638294219971,3.337860107421875e-05,0.00028133392333984375,0.07264924049377441
