num_events,utilization,reallocations,changes,failures,reallocated_prop,time_compute,time_apply,time_enum,time_search,time_pp
1,0.007608695652173913,1,0,0,0.0,0.037431955337524414,0.13290071487426758,0.01830148696899414,0.009893178939819336,0.00923466682434082
