num_events,utilization,reallocations,changes,failures,reallocated_prop,time_compute,time_apply,time_enum,time_search,time_pp
1,0.03858695652173913,1,0,0,0.0,0.020353078842163086,0.19526004791259766,8.344650268554688e-05,0.00048732757568359375,0.01978015899658203
