num_events,utilization,reallocations,changes,failures,reallocated_prop,time_compute,time_apply,time_enum,time_search,time_pp
1,0.7633152173913044,37,73,0,0.2483221476510067,0.014248132705688477,0.479156494140625,0.0004992485046386719,0.004149436950683594,0.009598016738891602
