num_events,utilization,reallocations,changes,failures,reallocated_prop,time_compute,time_apply,time_enum,time_search,time_pp
1,0.65,44,54,0,0.15658362989323843,0.016798973083496094,0.323610782623291,0.0005068778991699219,0.0060274600982666016,0.010263204574584961
