num_events,utilization,reallocations,changes,failures,reallocated_prop,time_compute,time_apply,time_enum,time_search,time_pp
1,0.010869565217391304,1,0,0,0.0,0.03676795959472656,0.29439711570739746,0.00010013580322265625,0.00032806396484375,0.036338090896606445
