num_events,utilization,reallocations,changes,failures,reallocated_prop,time_compute,time_apply,time_enum,time_search,time_pp
1,0.006929347826086956,1,0,0,0.0,0.07625341415405273,0.6077957153320312,9.775161743164062e-05,0.0004138946533203125,0.07573986053466797
