num_events,utilization,reallocations,changes,failures,reallocated_prop,time_compute,time_apply,time_enum,time_search,time_pp
1,1.0,2,6,0,0.13333333333333333,0.04204916954040527,0.5890786647796631,0.014770984649658203,0.018065214157104492,0.009211063385009766
