num_events,utilization,reallocations,changes,failures,reallocated_prop,time_compute,time_apply,time_enum,time_search,time_pp
1,0.6673913043478261,8,7,0,0.3181818181818182,0.03524017333984375,1.7216143608093262,0.00010013580322265625,0.0003380775451660156,0.03480029106140137
