num_events,utilization,reallocations,changes,failures,reallocated_prop,time_compute,time_apply
1,0.7099524456521739,9,12,0,0.47368421052631576,0.08078813552856445,3.908081531524658
