num_events,utilization,reallocations,changes,failures,reallocated_prop,time_compute,time_apply,time_enum,time_search,time_pp
1,0.7633152173913044,54,119,0,0.40298507462686567,0.013823509216308594,0.4854104518890381,0.0004968643188476562,0.003852367401123047,0.009472370147705078
