num_events,utilization,reallocations,changes,failures,reallocated_prop,time_compute,time_apply,time_enum,time_search,time_pp
1,0.05543478260869565,1,0,0,0.0,0.07249236106872559,0.1590874195098877,0.02176070213317871,0.04114675521850586,0.009582281112670898
