num_events,utilization,reallocations,changes,failures,reallocated_prop,time_compute,time_apply
1,0.7891304347826087,12,13,0,0.7333333333333333,0.009347915649414062,0.48702144622802734
