num_events,utilization,reallocations,changes,failures,reallocated_prop,time_compute,time_apply,time_enum,time_search,time_pp
1,0.65,30,73,0,0.32608695652173914,0.011920452117919922,0.3029019832611084,0.0004987716674804688,0.0021643638610839844,0.009255647659301758
