num_events,utilization,reallocations,changes,failures,reallocated_prop,time_compute,time_apply,time_enum,time_search,time_pp
1,1.0,30,54,0,0.10526315789473684,0.10661911964416504,0.5722794532775879,0.01479339599609375,0.08189225196838379,0.009931325912475586
