num_events,utilization,reallocations,changes,failures,reallocated_prop,time_compute,time_apply,time_enum,time_search,time_pp
1,0.7567934782608695,49,67,0,0.5568181818181818,0.013374567031860352,0.47742795944213867,0.0005040168762207031,0.002737760543823242,0.010131120681762695
