num_events,utilization,reallocations,changes,failures,reallocated_prop,time_compute,time_apply,time_enum,time_search,time_pp
1,0.2619565217391304,1,0,0,0.0,0.20888185501098633,0.24495768547058105,0.018326520919799805,0.18072009086608887,0.009833335876464844
