num_events,utilization,reallocations,changes,failures,reallocated_prop,time_compute,time_apply
1,0.8932065217391304,45,103,0,0.40540540540540543,0.01597428321838379,0.5539531707763672
