num_events,utilization,reallocations,changes,failures,reallocated_prop,time_compute,time_apply,time_enum,time_search,time_pp
1,0.09510869565217392,1,0,0,0.0,0.07275605201721191,0.6348991394042969,3.361701965332031e-05,0.0002918243408203125,0.07242894172668457
