num_events,utilization,reallocations,changes,failures,reallocated_prop,time_compute,time_apply,time_enum,time_search,time_pp
1,0.65,26,43,0,0.2736842105263158,0.011920690536499023,0.2998178005218506,0.0004935264587402344,0.0023190975189208984,0.009106159210205078
