num_events,utilization,reallocations,changes,failures,reallocated_prop,time_compute,time_apply,time_enum,time_search,time_pp
1,1.0,27,81,0,0.125,0.08963918685913086,0.5893487930297852,0.01476430892944336,0.06534028053283691,0.009532451629638672
