num_events,utilization,reallocations,changes,failures,reallocated_prop,time_compute,time_apply
1,0.8644021739130435,14,34,0,0.358974358974359,0.01265859603881836,0.5518195629119873
