num_events,utilization,reallocations,changes,failures,reallocated_prop,time_compute,time_apply
1,0.7771739130434783,4,8,0,0.3333333333333333,0.012005805969238281,0.5406348705291748
