num_events,utilization,reallocations,changes,failures,reallocated_prop,time_compute,time_apply,time_enum,time_search,time_pp
1,0.3,1,0,0,0.0,0.010373115539550781,0.1553337574005127,0.0005743503570556641,0.0002732276916503906,0.009523153305053711
