num_events,utilization,reallocations,changes,failures,reallocated_prop,time_compute,time_apply,time_enum,time_search,time_pp
1,0.7567934782608695,21,39,0,0.42,0.011588335037231445,0.46860671043395996,0.0004992485046386719,0.0018842220306396484,0.009203195571899414
