num_events,utilization,reallocations,changes,failures,reallocated_prop,time_compute,time_apply,time_enum,time_search,time_pp
1,0.65,34,49,0,0.1511111111111111,0.014572381973266602,0.3058903217315674,0.0004229545593261719,0.004606723785400391,0.009540557861328125
