num_events,utilization,reallocations,changes,failures,reallocated_prop,time_compute,time_apply,time_enum,time_search,time_pp
1,0.6561141304347826,5,4,0,0.36363636363636365,0.07463359832763672,3.5318782329559326,9.965896606445312e-05,0.0001995563507080078,0.07433247566223145
