num_events,utilization,reallocations,changes,failures,reallocated_prop,time_compute,time_apply,time_enum,time_search,time_pp
1,0.045108695652173916,1,0,0,0.0,0.019129276275634766,0.16983485221862793,9.918212890625e-05,0.0006320476531982422,0.018396615982055664
