num_events,utilization,reallocations,changes,failures,reallocated_prop,time_compute,time_apply,time_enum,time_search,time_pp
1,0.005163043478260869,1,0,0,0.0,0.0726466178894043,0.5897235870361328,8.296966552734375e-05,0.0002789497375488281,0.07228350639343262
