num_events,utilization,reallocations,changes,failures,reallocated_prop,time_compute,time_apply,time_enum,time_search,time_pp
1,0.5141304347826087,1,0,0,0.0,0.3728673458099365,0.34307360649108887,0.019517898559570312,0.34369874000549316,0.009649276733398438
