num_events,utilization,reallocations,changes,failures,reallocated_prop,time_compute,time_apply,time_enum
1,0.18478260869565216,1,0,0,0.0,0.048033952713012695,0.19881892204284668,0.018130779266357422
