num_events,utilization,reallocations,changes,failures,reallocated_prop,time_compute,time_apply,time_enum,time_search,time_pp
1,1.0,20,25,0,0.5263157894736842,0.06530237197875977,0.5984292030334473,0.012678384780883789,0.0433349609375,0.009286642074584961
