num_events,utilization,reallocations,changes,failures,reallocated_prop,time_compute,time_apply
1,0.8046195652173913,24,26,0,0.6764705882352942,0.01922464370727539,1.0565035343170166
