num_events,utilization,reallocations,changes,failures,reallocated_prop,time_compute,time_apply,time_enum,time_search,time_pp
1,0.14945652173913043,1,0,0,0.0,0.03713393211364746,0.37732362747192383,3.361701965332031e-05,0.0002486705780029297,0.0368499755859375
