num_events,utilization,reallocations,changes,failures,reallocated_prop,time_compute,time_apply,time_enum,time_search,time_pp
1,1.0,96,141,0,0.20915032679738563,0.15592193603515625,0.5855388641357422,0.014631509780883789,0.13130855560302734,0.009979486465454102
