num_events,utilization,reallocations,changes,failures,reallocated_prop,time_compute,time_apply,time_enum,time_search,time_pp
1,1.0,7,21,0,0.02258064516129032,0.12030673027038574,0.5723609924316406,0.014713525772094727,0.09541201591491699,0.010179519653320312
