num_events,utilization,reallocations,changes,failures,reallocated_prop,time_compute,time_apply,time_enum,time_search,time_pp
1,0.07934782608695652,1,0,0,0.0,0.010795116424560547,0.10389566421508789,0.0001068115234375,0.0006091594696044922,0.010077238082885742
