num_events,utilization,reallocations,changes,failures,reallocated_prop,time_compute,time_apply,time_enum,time_search,time_pp
1,0.65,91,213,0,0.33211678832116787,0.01632094383239746,0.33930158615112305,0.0005033016204833984,0.0059392452239990234,0.009876489639282227
