num_events,utilization,reallocations,changes,failures,reallocated_prop,time_compute,time_apply,time_enum
1,0.13043478260869565,1,0,0,0.0,0.043048858642578125,0.1802520751953125,0.01815032958984375
