num_events,utilization,reallocations,changes,failures,reallocated_prop,time_compute,time_apply
1,0.9051630434782608,15,15,0,0.4827586206896552,0.009740829467773438,0.5517451763153076
