num_events,utilization,reallocations,changes,failures,reallocated_prop,time_compute,time_apply
1,0.7166440217391304,9,9,0,0.7272727272727273,0.03692030906677246,1.9839086532592773
