num_events,utilization,reallocations,changes,failures,reallocated_prop,time_compute,time_apply
1,0.8972826086956521,40,59,0,0.29850746268656714,0.015892982482910156,0.5436570644378662
