num_events,utilization,reallocations,changes,failures,reallocated_prop,time_compute,time_apply,time_enum,time_search,time_pp
1,1.0,15,45,0,0.07109004739336493,0.08809185028076172,0.5739202499389648,0.01488041877746582,0.06350278854370117,0.009706735610961914
