num_events,utilization,reallocations,changes,failures,reallocated_prop,time_compute,time_apply,time_enum,time_search,time_pp
1,0.65,90,168,0,0.4166666666666667,0.014823436737060547,0.33216309547424316,0.0005040168762207031,0.0046100616455078125,0.009707450866699219
