num_events,utilization,reallocations,changes,failures,reallocated_prop,time_compute,time_apply,time_enum,time_search,time_pp
1,0.014130434782608696,1,0,0,0.0,0.04182267189025879,0.1350705623626709,0.018349885940551758,0.014104366302490234,0.009366273880004883
