num_events,utilization,reallocations,changes,failures,reallocated_prop,time_compute,time_apply
1,0.788179347826087,9,19,0,0.34615384615384615,0.021806716918945312,1.0430397987365723
