num_events,utilization,reallocations,changes,failures,reallocated_prop,time_compute,time_apply,time_enum,time_search,time_pp
1,0.65,47,88,0,0.19421487603305784,0.016038179397583008,0.3293483257293701,0.0005066394805908203,0.005435943603515625,0.010093927383422852
