num_events,utilization,reallocations,changes,failures,reallocated_prop,time_compute,time_apply
1,0.9016304347826087,33,76,0,0.4074074074074074,0.014927864074707031,0.5568020343780518
