num_events,utilization,reallocations,changes,failures,reallocated_prop,time_compute,time_apply,time_enum,time_search,time_pp
1,0.05543478260869565,1,0,0,0.0,0.012627363204956055,0.11073565483093262,0.0001232624053955078,0.0003981590270996094,0.012103796005249023
