num_events,utilization,reallocations,changes,failures,reallocated_prop,time_compute,time_apply,time_enum,time_search,time_pp
1,1.0,16,45,0,0.1553398058252427,0.056996822357177734,0.5743792057037354,0.0146331787109375,0.03267788887023926,0.009684085845947266
