num_events,utilization,reallocations,changes,failures,reallocated_prop,time_compute,time_apply,time_enum,time_search,time_pp
1,0.65,17,41,0,0.3333333333333333,0.010896921157836914,0.29572272300720215,0.0005013942718505859,0.0013065338134765625,0.009086847305297852
