num_events,utilization,reallocations,changes,failures,reallocated_prop,time_compute,time_apply,time_enum,time_search,time_pp
1,1.0,17,32,0,0.2328767123287671,0.04879426956176758,0.5799102783203125,0.01489877700805664,0.024305343627929688,0.009588956832885742
