num_events,utilization,reallocations,changes,failures,reallocated_prop,time_compute,time_apply,time_enum,time_search,time_pp
1,1.0,25,45,0,0.11961722488038277,0.08771586418151855,0.5859487056732178,0.01463937759399414,0.06351041793823242,0.00956416130065918
