num_events,utilization,reallocations,changes,failures,reallocated_prop,time_compute,time_apply,time_enum,time_search,time_pp
1,0.7366847826086956,6,5,0,0.4166666666666667,0.009696245193481445,0.46216773986816406,3.361701965332031e-05,0.00010347366333007812,0.009556770324707031
