num_events,utilization,reallocations,changes,failures,reallocated_prop,time_compute,time_apply,time_enum,time_search,time_pp
1,1.0,21,39,0,0.23595505617977527,0.055484771728515625,0.5699355602264404,0.015543460845947266,0.03001999855041504,0.00991964340209961
