num_events,utilization,reallocations,changes,failures,reallocated_prop,time_compute,time_apply,time_enum,time_search,time_pp
1,0.65,21,51,0,0.328125,0.011310100555419922,0.2997443675994873,0.0004858970642089844,0.0016105175018310547,0.00921177864074707
