num_events,utilization,reallocations,changes,failures,reallocated_prop,time_compute,time_apply,time_enum,time_search,time_pp
1,0.65,2,5,0,0.25,0.010416746139526367,0.3005039691925049,0.0005624294281005859,0.0004477500915527344,0.009404897689819336
