num_events,utilization,reallocations,changes,failures,reallocated_prop,time_compute,time_apply,time_enum,time_search,time_pp
1,0.30543478260869567,1,0,0,0.0,0.011676311492919922,0.1709461212158203,0.00011038780212402344,0.0019292831420898438,0.009634971618652344
