num_events,utilization,reallocations,changes,failures,reallocated_prop,time_compute,time_apply,time_enum,time_search,time_pp
1,0.39565217391304347,1,0,0,0.0,0.011523008346557617,0.1966993808746338,8.606910705566406e-05,0.002270221710205078,0.009165048599243164
