num_events,utilization,reallocations,changes,failures,reallocated_prop,time_compute,time_apply,time_enum,time_search,time_pp
1,0.3565217391304348,1,0,0,0.0,0.01257634162902832,0.18652009963989258,9.441375732421875e-05,0.002253293991088867,0.010226964950561523
