num_events,utilization,reallocations,changes,failures,reallocated_prop,time_compute,time_apply,time_enum,time_search,time_pp
1,0.02826086956521739,1,0,0,0.0,0.018825292587280273,0.1597287654876709,9.894371032714844e-05,0.00043773651123046875,0.018286705017089844
