num_events,utilization,reallocations,changes,failures,reallocated_prop,time_compute,time_apply,time_enum,time_search,time_pp
1,0.019293478260869565,1,0,0,0.0,0.03739595413208008,0.30779051780700684,9.942054748535156e-05,0.0005755424499511719,0.036719322204589844
