num_events,utilization,reallocations,changes,failures,reallocated_prop,time_compute,time_apply,time_enum,time_search,time_pp
1,0.0,0,0,0,0.0,0.010219812393188477,0.04830026626586914,9.846687316894531e-05,3.719329833984375e-05,0.010082244873046875
