num_events,utilization,reallocations,changes,failures,reallocated_prop,time_compute,time_apply,time_enum,time_search,time_pp
1,0.65,14,26,0,0.42424242424242425,0.011220932006835938,0.3011198043823242,0.0005240440368652344,0.000957489013671875,0.009737491607666016
