num_events,utilization,reallocations,changes,failures,reallocated_prop,time_compute,time_apply
1,0.8970108695652174,30,48,0,0.28846153846153844,0.016292572021484375,0.5554909706115723
