num_events,utilization,reallocations,changes,failures,reallocated_prop,time_compute,time_apply,time_enum,time_search,time_pp
1,0.7633152173913044,41,76,0,0.422680412371134,0.012882471084594727,0.4652385711669922,0.000499725341796875,0.0030379295349121094,0.009341955184936523
