num_events,utilization,reallocations,changes,failures,reallocated_prop,time_compute,time_apply,time_enum,time_search,time_pp
1,1.0,8,12,0,0.47058823529411764,0.04128670692443848,0.5705986022949219,0.012882471084594727,0.01922464370727539,0.009177446365356445
