num_events,utilization,reallocations,changes,failures,reallocated_prop,time_compute,time_apply,time_enum,time_search,time_pp
1,1.0,25,54,0,0.36764705882352944,0.09562802314758301,0.6379861831665039,0.014522314071655273,0.0716702938079834,0.009433507919311523
