num_events,utilization,reallocations,changes,failures,reallocated_prop,time_compute,time_apply,time_enum,time_search,time_pp
1,0.7633152173913044,50,102,0,0.3597122302158273,0.014027595520019531,0.4839937686920166,0.0004971027374267578,0.003972530364990234,0.009556055068969727
