num_events,utilization,reallocations,changes,failures,reallocated_prop,time_compute,time_apply,time_enum,time_search,time_pp
1,0.0,0,0,0,0.0,0.013724803924560547,0.049909353256225586,0.00016880035400390625,6.031990051269531e-05,0.013493061065673828
