num_events,utilization,reallocations,changes,failures,reallocated_prop,time_compute,time_apply,time_enum,time_search,time_pp
1,0.65,13,24,0,0.41935483870967744,0.010434865951538086,0.29461121559143066,0.0004799365997314453,0.0008401870727539062,0.009112834930419922
