num_events,utilization,reallocations,changes,failures,reallocated_prop,time_compute,time_apply,time_enum,time_search,time_pp
1,0.65,81,183,0,0.30223880597014924,0.015885353088378906,0.3331642150878906,0.0005390644073486328,0.005639791488647461,0.00970458984375
