num_events,utilization,reallocations,changes,failures,reallocated_prop,time_compute,time_apply,time_enum,time_search,time_pp
1,1.0,63,141,0,0.18475073313782991,0.1358509063720703,0.6014454364776611,0.01588606834411621,0.10906434059143066,0.010898828506469727
