num_events,utilization,reallocations,changes,failures,reallocated_prop,time_compute,time_apply,time_enum,time_search,time_pp
1,1.0,16,33,0,0.21333333333333335,0.04869794845581055,0.5777745246887207,0.014731884002685547,0.02449822425842285,0.00946664810180664
