num_events,utilization,reallocations,changes,failures,reallocated_prop,time_compute,time_apply,time_enum,time_search,time_pp
1,0.1331521739130435,1,0,0,0.0,0.035857439041137695,0.36437249183654785,2.9802322387695312e-05,0.00018668174743652344,0.035639286041259766
