num_events,utilization,reallocations,changes,failures,reallocated_prop,time_compute,time_apply,time_enum,time_search,time_pp
1,1.0,9,24,0,0.15789473684210525,0.04388260841369629,0.5982651710510254,0.01467275619506836,0.01963043212890625,0.00957798957824707
