num_events,utilization,reallocations,changes,failures,reallocated_prop,time_compute,time_apply,time_enum,time_search,time_pp
1,0.003940217391304348,1,0,0,0.0,0.07436323165893555,0.5960783958435059,0.00011134147644042969,0.0002484321594238281,0.07400131225585938
