num_events,utilization,reallocations,changes,failures,reallocated_prop,time_compute,time_apply,time_enum,time_search,time_pp
1,0.00625,1,0,0,0.0,0.07621479034423828,0.5988616943359375,9.632110595703125e-05,0.0003769397735595703,0.07573962211608887
