num_events,utilization,reallocations,changes,failures,reallocated_prop,time_compute,time_apply,time_enum,time_search,time_pp
1,0.008695652173913044,1,0,0,0.0,0.00945138931274414,0.06911015510559082,9.703636169433594e-05,9.608268737792969e-05,0.009256362915039062
