num_events,utilization,reallocations,changes,failures,reallocated_prop,time_compute,time_apply,time_enum,time_search,time_pp
1,0.3,1,0,0,0.0,0.010437726974487305,0.15617775917053223,0.0005712509155273438,0.00026726722717285156,0.009597539901733398
