num_events,utilization,reallocations,changes,failures,reallocated_prop,time_compute,time_apply,time_enum,time_search,time_pp
1,0.3347826086956522,1,0,0,0.0,0.25056028366088867,0.27572035789489746,0.017343521118164062,0.22329926490783691,0.009914636611938477
