num_events,utilization,reallocations,changes,failures,reallocated_prop,time_compute,time_apply,time_enum,time_search,time_pp
1,0.03152173913043478,1,0,0,0.0,0.0526118278503418,0.14132475852966309,0.018439292907714844,0.024945974349975586,0.009224414825439453
