num_events,utilization,reallocations,changes,failures,reallocated_prop,time_compute,time_apply
1,0.9146739130434782,40,65,0,0.6153846153846154,0.015185117721557617,0.5946323871612549
