num_events,utilization,reallocations,changes,failures,reallocated_prop,time_compute,time_apply,time_enum,time_search,time_pp
1,0.65,34,49,0,0.1504424778761062,0.015413522720336914,0.31902432441711426,0.0005016326904296875,0.0049021244049072266,0.010007858276367188
