num_events,utilization,reallocations,changes,failures,reallocated_prop,time_compute,time_apply,time_enum,time_search,time_pp
1,0.7478260869565218,5,11,0,0.4166666666666667,0.011159181594848633,0.4718818664550781,0.0005116462707519531,0.001146078109741211,0.009499788284301758
