num_events,utilization,reallocations,changes,failures,reallocated_prop,time_compute,time_apply,time_enum,time_search,time_pp
1,0.22282608695652173,1,0,0,0.0,0.03784656524658203,0.47182559967041016,3.504753112792969e-05,0.0003523826599121094,0.03745698928833008
