num_events,utilization,reallocations,changes,failures,reallocated_prop,time_compute,time_apply
1,0.9019021739130435,40,68,0,0.31496062992125984,0.015105247497558594,0.5581827163696289
