num_events,utilization,reallocations,changes,failures,reallocated_prop,time_compute,time_apply,time_enum,time_search,time_pp
1,0.2217391304347826,1,0,0,0.0,0.011331558227539062,0.1437671184539795,9.369850158691406e-05,0.001626729965209961,0.009609460830688477
