num_events,utilization,reallocations,changes,failures,reallocated_prop,time_compute,time_apply,time_enum,time_search,time_pp
1,0.006521739130434782,1,0,0,0.0,0.036778926849365234,0.1327524185180664,0.018248319625854492,0.009281158447265625,0.009247303009033203
