num_events,utilization,reallocations,changes,failures,reallocated_prop,time_compute,time_apply,time_enum,time_search,time_pp
1,1.0,1,3,0,0.1111111111111111,0.029983997344970703,0.5902128219604492,0.014616727828979492,0.005716800689697266,0.009649276733398438
