num_events,utilization,reallocations,changes,failures,reallocated_prop,time_compute,time_apply,time_enum,time_search,time_pp
1,0.65,19,36,0,0.40425531914893614,0.011224031448364258,0.3108794689178467,0.0005137920379638672,0.0012564659118652344,0.009452342987060547
