num_events,utilization,reallocations,changes,failures,reallocated_prop,time_compute,time_apply,time_enum,time_search,time_pp
1,1.0,49,111,0,0.12827225130890052,0.13513517379760742,0.5839896202087402,0.014855384826660156,0.11038374900817871,0.009894132614135742
