num_events,utilization,reallocations,changes,failures,reallocated_prop,time_compute,time_apply,time_enum,time_search,time_pp
1,1.0,4,5,0,0.4444444444444444,0.04438161849975586,0.5859127044677734,0.012565374374389648,0.022575855255126953,0.009237051010131836
