num_events,utilization,reallocations,changes,failures,reallocated_prop,time_compute,time_apply,time_enum,time_search,time_pp
1,1.0,69,156,0,0.19827586206896552,0.12866950035095215,0.5946893692016602,0.014895915985107422,0.10377764701843262,0.009994029998779297
