num_events,utilization,reallocations,changes,failures,reallocated_prop,time_compute,time_apply,time_enum,time_search,time_pp
1,0.02282608695652174,1,0,0,0.0,0.010515689849853516,0.0836174488067627,0.00011420249938964844,0.0002028942108154297,0.010196924209594727
