num_events,utilization,reallocations,changes,failures,reallocated_prop,time_compute,time_apply,time_enum,time_search,time_pp
1,0.20652173913043478,1,0,0,0.0,0.010082244873046875,0.1141195297241211,3.552436828613281e-05,9.369850158691406e-05,0.009951114654541016
