num_events,utilization,reallocations,changes,failures,reallocated_prop,time_compute,time_apply,time_enum,time_search,time_pp
1,0.0,0,0,0,0.0,0.01417231559753418,0.04971146583557129,0.00017714500427246094,6.723403930664062e-05,0.01392507553100586
