num_events,utilization,reallocations,changes,failures,reallocated_prop,time_compute,time_apply,time_enum,time_search,time_pp
1,0.65,16,39,0,0.32,0.013689756393432617,0.3716301918029785,0.0007069110870361328,0.0013439655303955078,0.011637210845947266
