num_events,utilization,reallocations,changes,failures,reallocated_prop,time_compute,time_apply,time_enum,time_search,time_pp
1,0.6675951086956522,10,17,0,0.45454545454545453,0.036756277084350586,1.7360053062438965,0.0005135536193847656,0.0011730194091796875,0.03506755828857422
