num_events,utilization,reallocations,changes,failures,reallocated_prop,time_compute,time_apply,time_enum,time_search,time_pp
1,1.0,9,27,0,0.032490974729241874,0.10756587982177734,0.6000957489013672,0.01475381851196289,0.08309793472290039,0.00971221923828125
