num_events,utilization,reallocations,changes,failures,reallocated_prop,time_compute,time_apply,time_enum,time_search,time_pp
1,0.059782608695652176,1,0,0,0.0,0.07540154457092285,0.5438656806945801,3.4809112548828125e-05,0.0001933574676513672,0.07517051696777344
