num_events,utilization,reallocations,changes,failures,reallocated_prop,time_compute,time_apply,time_enum,time_search,time_pp
1,0.65,12,29,0,0.32432432432432434,0.019783973693847656,0.600445032119751,0.0004925727844238281,0.0010402202606201172,0.0182492733001709
