num_events,utilization,reallocations,changes,failures,reallocated_prop,time_compute,time_apply,time_enum
1,0.40217391304347827,1,0,0,0.0,0.010391473770141602,0.2359776496887207,0.00014638900756835938
