num_events,utilization,reallocations,changes,failures,reallocated_prop,time_compute,time_apply,time_enum,time_search,time_pp
1,0.7429347826086956,4,10,0,0.36363636363636365,0.010991573333740234,0.48667263984680176,0.0005562305450439453,0.001031637191772461,0.009402275085449219
