num_events,utilization,reallocations,changes,failures,reallocated_prop,time_compute,time_apply,time_enum,time_search,time_pp
1,0.012228260869565218,1,0,0,0.0,0.07626795768737793,0.625159502029419,0.0001010894775390625,0.0007560253143310547,0.0754086971282959
