num_events,utilization,reallocations,changes,failures,reallocated_prop,time_compute,time_apply
1,0.9146739130434782,43,76,0,0.5512820512820513,0.01442098617553711,0.5733151435852051
