num_events,utilization,reallocations,changes,failures,reallocated_prop,time_compute,time_apply,time_enum,time_search,time_pp
1,0.09347826086956522,1,0,0,0.0,0.010329484939575195,0.10478615760803223,0.00010132789611816406,0.0007069110870361328,0.009519815444946289
