num_events,utilization,reallocations,changes,failures,reallocated_prop,time_compute,time_apply,time_enum,time_search,time_pp
1,0.65,47,88,0,0.1950207468879668,0.01516413688659668,0.3239614963531494,0.0005071163177490234,0.005080223083496094,0.00957489013671875
