num_events,utilization,reallocations,changes,failures,reallocated_prop,time_compute,time_apply,time_enum,time_search,time_pp
1,0.03152173913043478,1,0,0,0.0,0.05203509330749512,0.14267301559448242,0.0192410945892334,0.023566484451293945,0.00922536849975586
