num_events,utilization,reallocations,changes,failures,reallocated_prop,time_compute,time_apply,time_enum,time_search,time_pp
1,0.2782608695652174,1,0,0,0.0,0.011402130126953125,0.1625807285308838,9.369850158691406e-05,0.0017726421356201172,0.009534597396850586
