num_events,utilization,reallocations,changes,failures,reallocated_prop,time_compute,time_apply,time_enum,time_search,time_pp
1,0.6960597826086956,6,5,0,0.20833333333333334,0.018806934356689453,0.920656681060791,9.679794311523438e-05,0.00037598609924316406,0.018332481384277344
