num_events,utilization,reallocations,changes,failures,reallocated_prop,time_compute,time_apply,time_enum,time_search,time_pp
1,0.65,28,53,0,0.42424242424242425,0.020847558975219727,0.6094851493835449,0.0005364418029785156,0.0017380714416503906,0.018571138381958008
