num_events,utilization,reallocations,changes,failures,reallocated_prop,time_compute,time_apply,time_enum,time_search,time_pp
1,0.22391304347826088,1,0,0,0.0,0.19709110260009766,0.2295079231262207,0.022831439971923828,0.16478300094604492,0.00947427749633789
