num_events,utilization,reallocations,changes,failures,reallocated_prop,time_compute,time_apply,time_enum,time_search,time_pp
1,1.0,25,52,0,0.29411764705882354,0.0883796215057373,0.6380579471588135,0.014816522598266602,0.06409382820129395,0.009465932846069336
