num_events,utilization,reallocations,changes,failures,reallocated_prop,time_compute,time_apply,time_enum,time_search,time_pp
1,1.0,10,17,0,0.35714285714285715,0.060297250747680664,0.5860109329223633,0.01290750503540039,0.038344383239746094,0.009043216705322266
