num_events,utilization,reallocations,changes,failures,reallocated_prop,time_compute,time_apply,time_enum,time_search,time_pp
1,0.15217391304347827,1,0,0,0.0,0.009721994400024414,0.10335588455200195,3.5762786865234375e-05,7.081031799316406e-05,0.009613513946533203
