num_events,utilization,reallocations,changes,failures,reallocated_prop,time_compute,time_apply,time_enum,time_search,time_pp
1,1.0,21,63,0,0.10714285714285714,0.0834498405456543,0.5868649482727051,0.014777421951293945,0.059021711349487305,0.009648799896240234
