num_events,utilization,reallocations,changes,failures,reallocated_prop,time_compute,time_apply
1,0.7779891304347826,22,25,0,0.7241379310344828,0.019176006317138672,1.0359148979187012
