num_events,utilization,reallocations,changes,failures,reallocated_prop,time_compute,time_apply,time_enum,time_search,time_pp
1,0.059782608695652176,1,0,0,0.0,0.009943008422851562,0.09160661697387695,0.00010132789611816406,0.00047850608825683594,0.009361743927001953
