num_events,utilization,reallocations,changes,failures,reallocated_prop,time_compute,time_apply,time_enum,time_search,time_pp
1,0.7154891304347826,4,9,0,0.36363636363636365,0.011845111846923828,0.5119273662567139,0.0005679130554199219,0.000990152359008789,0.010285615921020508
