num_events,utilization,reallocations,changes,failures,reallocated_prop,time_compute,time_apply,time_enum,time_search,time_pp
1,0.35543478260869565,1,0,0,0.0,0.27173757553100586,0.2859771251678467,0.018163442611694336,0.2438979148864746,0.009673833847045898
