num_events,utilization,reallocations,changes,failures,reallocated_prop,time_compute,time_apply,time_enum,time_search,time_pp
1,1.0,14,14,0,0.4375,0.06126141548156738,0.5907599925994873,0.014662981033325195,0.03705310821533203,0.00954294204711914
