num_events,utilization,reallocations,changes,failures,reallocated_prop,time_compute,time_apply
1,0.7052649456521739,6,5,0,0.5555555555555556,0.07468152046203613,3.8938796520233154
