num_events,utilization,reallocations,changes,failures,reallocated_prop,time_compute,time_apply
1,0.7141983695652174,6,6,0,0.3333333333333333,0.0393528938293457,1.9591553211212158
