num_events,utilization,reallocations,changes,failures,reallocated_prop,time_compute,time_apply,time_enum,time_search,time_pp
1,0.13152173913043477,1,0,0,0.0,0.11632966995239258,0.17985224723815918,0.01776289939880371,0.08943581581115723,0.009128808975219727
