num_events,utilization,reallocations,changes,failures,reallocated_prop,time_compute,time_apply,time_enum,time_search,time_pp
1,0.65,118,285,0,0.2443064182194617,0.02059006690979004,0.3515658378601074,0.0005009174346923828,0.009857654571533203,0.010229349136352539
