num_events,utilization,reallocations,changes,failures,reallocated_prop,time_compute,time_apply,time_enum,time_search,time_pp
1,0.03369565217391304,1,0,0,0.0,0.009900808334350586,0.0827939510345459,9.894371032714844e-05,0.0002605915069580078,0.00953984260559082
