num_events,utilization,reallocations,changes,failures,reallocated_prop,time_compute,time_apply,time_enum,time_search,time_pp
1,0.011820652173913043,1,0,0,0.0,0.0754082202911377,0.621605396270752,9.870529174804688e-05,0.0007169246673583984,0.07459092140197754
