num_events,utilization,reallocations,changes,failures,reallocated_prop,time_compute,time_apply,time_enum,time_search,time_pp
1,0.65,96,163,0,0.30094043887147337,0.017126083374023438,0.33253026008605957,0.0005121231079101562,0.00673985481262207,0.009871959686279297
