num_events,utilization,reallocations,changes,failures,reallocated_prop,time_compute,time_apply,time_enum,time_search,time_pp
1,0.65,23,43,0,0.42592592592592593,0.03906893730163574,1.1709883213043213,0.0004911422729492188,0.001424551010131836,0.03715109825134277
