num_events,utilization,reallocations,changes,failures,reallocated_prop,time_compute,time_apply,time_enum,time_search,time_pp
1,0.20326086956521738,1,0,0,0.0,0.17132258415222168,0.21975278854370117,0.01845693588256836,0.14326858520507812,0.009595155715942383
