num_events,utilization,reallocations,changes,failures,reallocated_prop,time_compute,time_apply
1,0.8709239130434783,17,18,0,0.42105263157894735,0.00944209098815918,0.556643009185791
