num_events,utilization,reallocations,changes,failures,reallocated_prop,time_compute,time_apply
1,0.4517663043478261,2,1,0,0.3333333333333333,0.07335090637207031,3.184584617614746
