num_events,utilization,reallocations,changes,failures,reallocated_prop,time_compute,time_apply,time_enum,time_search,time_pp
1,0.65,21,51,0,0.3230769230769231,0.02070140838623047,0.5948967933654785,0.0004956722259521484,0.0016748905181884766,0.01852869987487793
