num_events,utilization,reallocations,changes,failures,reallocated_prop,time_compute,time_apply,time_enum,time_search,time_pp
1,0.18478260869565216,1,0,0,0.0,0.02015089988708496,0.23962974548339844,2.956390380859375e-05,0.00012564659118652344,0.01999354362487793
