num_events,utilization,reallocations,changes,failures,reallocated_prop,time_compute,time_apply,time_enum,time_search,time_pp
1,0.65,67,141,0,0.20679012345679013,0.01735210418701172,0.3373570442199707,0.0005145072937011719,0.006804704666137695,0.01003122329711914
