num_events,utilization,reallocations,changes,failures,reallocated_prop,time_compute,time_apply
1,0.9059782608695652,21,51,0,0.4117647058823529,0.013590097427368164,0.6021502017974854
