num_events,utilization,reallocations,changes,failures,reallocated_prop,time_compute,time_apply
1,0.7657608695652174,11,12,0,0.7692307692307693,0.009578227996826172,0.5171413421630859
