num_events,utilization,reallocations,changes,failures,reallocated_prop,time_compute,time_apply,time_enum,time_search,time_pp
1,0.65,31,58,0,0.4189189189189189,0.019869327545166016,0.6218950748443604,0.000415802001953125,0.0018126964569091797,0.0176389217376709
