num_events,utilization,reallocations,changes,failures,reallocated_prop,time_compute,time_apply,time_enum,time_search,time_pp
1,0.65,7,12,0,0.4117647058823529,0.07356381416320801,2.380809783935547,0.0004923343658447266,0.0006411075592041016,0.07242870330810547
