num_events,utilization,reallocations,changes,failures,reallocated_prop,time_compute,time_apply,time_enum,time_search,time_pp
1,0.7567934782608695,19,36,0,0.5277777777777778,0.011334657669067383,0.468487024307251,0.0004975795745849609,0.0015985965728759766,0.009236812591552734
