num_events,utilization,reallocations,changes,failures,reallocated_prop,time_compute,time_apply,time_enum,time_search,time_pp
1,0.5,2,2,0,0.25,0.07282662391662598,1.8968117237091064,0.0005052089691162109,0.00031065940856933594,0.0720067024230957
