num_events,utilization,reallocations,changes,failures,reallocated_prop,time_compute,time_apply,time_enum,time_search,time_pp
1,0.7206521739130435,9,9,0,0.47058823529411764,0.009071826934814453,0.4432539939880371,2.9325485229492188e-05,9.226799011230469e-05,0.008948802947998047
