num_events,utilization,reallocations,changes,failures,reallocated_prop,time_compute,time_apply,time_enum,time_search,time_pp
1,1.0,12,21,0,0.038834951456310676,0.11514663696289062,0.5700526237487793,0.014591693878173828,0.0905919075012207,0.009960174560546875
