num_events,utilization,reallocations,changes,failures,reallocated_prop,time_compute,time_apply,time_enum,time_search,time_pp
1,0.391304347826087,1,0,0,0.0,0.011894702911376953,0.19173240661621094,7.987022399902344e-05,0.002339601516723633,0.009473323822021484
