num_events,utilization,reallocations,changes,failures,reallocated_prop,time_compute,time_apply,time_enum,time_search,time_pp
1,0.015217391304347827,1,0,0,0.0,0.010855674743652344,0.08449840545654297,0.00011396408081054688,0.00014972686767578125,0.010590314865112305
