num_events,utilization,reallocations,changes,failures,reallocated_prop,time_compute,time_apply,time_enum,time_search,time_pp
1,0.12173913043478261,1,0,0,0.0,0.010459184646606445,0.11139965057373047,9.560585021972656e-05,0.0008563995361328125,0.009505510330200195
