num_events,utilization,reallocations,changes,failures,reallocated_prop,time_compute,time_apply,time_enum,time_search,time_pp
1,0.17391304347826086,1,0,0,0.0,0.010399580001831055,0.1134040355682373,3.647804260253906e-05,8.0108642578125e-05,0.01028132438659668
