num_events,utilization,reallocations,changes,failures,reallocated_prop,time_compute,time_apply,time_enum,time_search,time_pp
1,0.65,40,75,0,0.42105263157894735,0.0367436408996582,1.1815476417541504,0.0005300045013427734,0.0020630359649658203,0.034148454666137695
