num_events,utilization,reallocations,changes,failures,reallocated_prop,time_compute,time_apply,time_enum,time_search,time_pp
1,0.7388586956521739,7,15,0,0.4117647058823529,0.010130643844604492,0.4473905563354492,0.0004324913024902344,0.0010006427764892578,0.00869607925415039
