num_events,utilization,reallocations,changes,failures,reallocated_prop,time_compute,time_apply
1,0.8782608695652174,14,13,0,0.3333333333333333,0.01037740707397461,0.562523603439331
