num_events,utilization,reallocations,changes,failures,reallocated_prop,time_compute,time_apply,time_enum,time_search,time_pp
1,0.653702445652174,6,5,0,0.5,0.07217240333557129,3.5195329189300537,3.600120544433594e-05,6.079673767089844e-05,0.07207369804382324
