num_events,utilization,reallocations,changes,failures,reallocated_prop,time_compute,time_apply,time_enum,time_search,time_pp
1,0.65,144,273,0,0.2993762993762994,0.020839691162109375,0.35236430168151855,0.0005030632019042969,0.010175228118896484,0.010159492492675781
