num_events,utilization,reallocations,changes,failures,reallocated_prop,time_compute,time_apply,time_enum,time_search,time_pp
1,0.006793478260869565,1,0,0,0.0,0.03647208213806152,0.2906301021575928,0.0001010894775390625,0.00022602081298828125,0.036142826080322266
