num_events,utilization,reallocations,changes,failures,reallocated_prop,time_compute,time_apply,time_enum,time_search,time_pp
1,0.45,1,0,0,0.0,0.030550003051757812,0.29410576820373535,0.016025543212890625,0.0041086673736572266,0.010415077209472656
