num_events,utilization,reallocations,changes,failures,reallocated_prop,time_compute,time_apply
1,0.7255434782608695,5,5,0,0.6666666666666666,0.3614237308502197,0.5309925079345703
