num_events,utilization,reallocations,changes,failures,reallocated_prop,time_compute,time_apply,time_enum,time_search,time_pp
1,1.0,1,3,0,0.1111111111111111,0.030350446701049805,0.5972585678100586,0.0147552490234375,0.006241798400878906,0.009351015090942383
