num_events,utilization,reallocations,changes,failures,reallocated_prop,time_compute,time_apply,time_enum,time_search,time_pp
1,0.41195652173913044,1,0,0,0.0,0.3098430633544922,0.32286500930786133,0.01834726333618164,0.28173208236694336,0.009760856628417969
