num_events,utilization,reallocations,changes,failures,reallocated_prop,time_compute,time_apply,time_enum,time_search,time_pp
1,0.65,47,111,0,0.22926829268292684,0.014644145965576172,0.32508301734924316,0.0005021095275878906,0.00445556640625,0.009684562683105469
