num_events,utilization,reallocations,changes,failures,reallocated_prop,time_compute,time_apply,time_enum,time_search,time_pp
1,0.17323369565217392,1,0,0,0.0,0.018500804901123047,0.36077070236206055,3.337860107421875e-05,3.552436828613281e-05,0.018429994583129883
