num_events,utilization,reallocations,changes,failures,reallocated_prop,time_compute,time_apply
1,0.8932065217391304,40,78,0,0.3333333333333333,0.0161592960357666,0.5612988471984863
