num_events,utilization,reallocations,changes,failures,reallocated_prop,time_compute,time_apply
1,0.9641304347826087,5,5,0,0.4166666666666667,0.06546425819396973,0.5775065422058105
