num_events,utilization,reallocations,changes,failures,reallocated_prop,time_compute,time_apply,time_enum,time_search,time_pp
1,0.19456521739130433,1,0,0,0.0,0.010782718658447266,0.13336992263793945,9.942054748535156e-05,0.0013535022735595703,0.009328126907348633
