num_events,utilization,reallocations,changes,failures,reallocated_prop,time_compute,time_apply,time_enum,time_search,time_pp
1,1.0,23,50,0,0.30666666666666664,0.08891081809997559,0.6335747241973877,0.01487874984741211,0.06443023681640625,0.00959920883178711
