num_events,utilization,reallocations,changes,failures,reallocated_prop,time_compute,time_apply,time_enum,time_search,time_pp
1,0.10326086956521739,1,0,0,0.0,0.010248899459838867,0.10651540756225586,9.322166442871094e-05,0.0007491111755371094,0.009405136108398438
