num_events,utilization,reallocations,changes,failures,reallocated_prop,time_compute,time_apply,time_enum,time_search,time_pp
1,0.36086956521739133,1,0,0,0.0,0.27556657791137695,0.2845754623413086,0.01840686798095703,0.24768543243408203,0.009470939636230469
