num_events,utilization,reallocations,changes,failures,reallocated_prop,time_compute,time_apply,time_enum,time_search,time_pp
1,0.007880434782608695,1,0,0,0.0,0.07522749900817871,0.6043851375579834,9.942054748535156e-05,0.00046825408935546875,0.07465744018554688
