num_events,utilization,reallocations,changes,failures,reallocated_prop,time_compute,time_apply,time_enum,time_search,time_pp
1,0.6925271739130435,5,4,0,0.23529411764705882,0.018370628356933594,0.8807649612426758,8.440017700195312e-05,0.0003304481506347656,0.017953872680664062
