num_events,utilization,reallocations,changes,failures,reallocated_prop,time_compute,time_apply,time_enum,time_search,time_pp
1,0.36630434782608695,1,0,0,0.0,0.28305482864379883,0.2807590961456299,0.022353172302246094,0.25118255615234375,0.00951695442199707
