num_events,utilization,reallocations,changes,failures,reallocated_prop,time_compute,time_apply,time_enum,time_search,time_pp
1,0.37282608695652175,1,0,0,0.0,0.012376070022583008,0.19327759742736816,9.441375732421875e-05,0.002454519271850586,0.009825706481933594
