num_events,utilization,reallocations,changes,failures,reallocated_prop,time_compute,time_apply,time_enum,time_search,time_pp
1,0.008967391304347826,1,0,0,0.0,0.07474279403686523,0.6102921962738037,9.775161743164062e-05,0.0005309581756591797,0.0741126537322998
