num_events,utilization,reallocations,changes,failures,reallocated_prop,time_compute,time_apply,time_enum,time_search,time_pp
1,0.7198369565217392,7,14,0,0.4375,0.011319398880004883,0.48172879219055176,0.0005583763122558594,0.0010216236114501953,0.009737968444824219
