num_events,utilization,reallocations,changes,failures,reallocated_prop,time_compute,time_apply,time_enum,time_search,time_pp
1,0.6975543478260869,3,2,0,0.2,0.009457588195800781,0.4428293704986572,0.00010085105895996094,0.0001671314239501953,0.009187459945678711
