num_events,utilization,reallocations,changes,failures,reallocated_prop,time_compute,time_apply
1,0.7611413043478261,6,10,0,0.35294117647058826,0.02514171600341797,1.2150816917419434
