num_events,utilization,reallocations,changes,failures,reallocated_prop,time_compute,time_apply,time_enum,time_search,time_pp
1,0.65,18,44,0,0.32142857142857145,0.07287478446960449,2.398495674133301,0.0004994869232177734,0.0014293193817138672,0.07094311714172363
