num_events,utilization,reallocations,changes,failures,reallocated_prop,time_compute,time_apply,time_enum,time_search,time_pp
1,0.65,101,195,0,0.22246696035242292,0.022519826889038086,0.40657472610473633,0.0006797313690185547,0.009209871292114258,0.012628316879272461
