num_events,utilization,reallocations,changes,failures,reallocated_prop,time_compute,time_apply,time_enum,time_search,time_pp
1,0.65,56,98,0,0.32748538011695905,0.013860702514648438,0.32222890853881836,0.0004973411560058594,0.0037534236907958984,0.009607315063476562
