num_events,utilization,reallocations,changes,failures,reallocated_prop,time_compute,time_apply,time_enum,time_search,time_pp
1,0.3173913043478261,1,0,0,0.0,0.011673450469970703,0.17485666275024414,0.00010228157043457031,0.0020220279693603516,0.00954747200012207
