num_events,utilization,reallocations,changes,failures,reallocated_prop,time_compute,time_apply,time_enum,time_search,time_pp
1,0.6653532608695653,6,12,0,0.375,0.036382436752319336,1.7304248809814453,0.0005133152008056641,0.0010085105895996094,0.03485918045043945
