num_events,utilization,reallocations,changes,failures,reallocated_prop,time_compute,time_apply,time_enum,time_search,time_pp
1,0.6576426630434783,4,10,0,0.2857142857142857,0.07331418991088867,3.5336740016937256,0.0005221366882324219,0.0009381771087646484,0.07185220718383789
