num_events,utilization,reallocations,changes,failures,reallocated_prop,time_compute,time_apply,time_enum,time_search,time_pp
1,0.0483695652173913,1,0,0,0.0,0.019184350967407227,0.1727442741394043,9.918212890625e-05,0.0007271766662597656,0.018356800079345703
