num_events,utilization,reallocations,changes,failures,reallocated_prop,time_compute,time_apply
1,0.718648097826087,13,14,0,0.7058823529411765,0.07372093200683594,3.926685094833374
