num_events,utilization,reallocations,changes,failures,reallocated_prop,time_compute,time_apply,time_enum,time_search,time_pp
1,0.013043478260869565,1,0,0,0.0,0.07566642761230469,0.6166539192199707,9.775161743164062e-05,0.000774383544921875,0.07479166984558105
