num_events,utilization,reallocations,changes,failures,reallocated_prop,time_compute,time_apply,time_enum,time_search,time_pp
1,0.16304347826086957,1,0,0,0.0,0.0359036922454834,0.18677234649658203,0.012903928756713867,0.013387918472290039,0.009608983993530273
