num_events,utilization,reallocations,changes,failures,reallocated_prop,time_compute,time_apply,time_enum,time_search,time_pp
1,0.05217391304347826,1,0,0,0.0,0.00931096076965332,0.08444404602050781,8.225440979003906e-05,0.00032520294189453125,0.00890207290649414
