num_events,utilization,reallocations,changes,failures,reallocated_prop,time_compute,time_apply
1,0.8932065217391304,22,52,0,0.4074074074074074,0.013601064682006836,0.5347261428833008
