num_events,utilization,reallocations,changes,failures,reallocated_prop,time_compute,time_apply,time_enum,time_search,time_pp
1,1.0,27,78,0,0.1534090909090909,0.07837033271789551,0.5789768695831299,0.014705181121826172,0.05396389961242676,0.009699106216430664
