num_events,utilization,reallocations,changes,failures,reallocated_prop,time_compute,time_apply,time_enum,time_search,time_pp
1,0.0023097826086956523,1,0,0,0.0,0.0726766586303711,0.5659501552581787,0.00010061264038085938,0.00016736984252929688,0.07240605354309082
