num_events,utilization,reallocations,changes,failures,reallocated_prop,time_compute,time_apply,time_enum,time_search,time_pp
1,0.19021739130434784,1,0,0,0.0,0.01079416275024414,0.13274407386779785,9.489059448242188e-05,0.00130462646484375,0.009393453598022461
