num_events,utilization,reallocations,changes,failures,reallocated_prop,time_compute,time_apply,time_enum,time_search,time_pp
1,1.0,11,12,0,0.4782608695652174,0.08147239685058594,0.5815272331237793,0.018249034881591797,0.05400490760803223,0.009215354919433594
