num_events,utilization,reallocations,changes,failures,reallocated_prop,time_compute,time_apply,time_enum,time_search,time_pp
1,0.08695652173913043,1,0,0,0.0,0.030795812606811523,0.15978312492370605,0.012851238250732422,0.008593559265136719,0.00934910774230957
