num_events,utilization,reallocations,changes,failures,reallocated_prop,time_compute,time_apply,time_enum,time_search,time_pp
1,0.65,108,207,0,0.23580786026200873,0.0217440128326416,0.3977515697479248,0.0006794929504394531,0.00931239128112793,0.011750459671020508
