num_events,utilization,reallocations,changes,failures,reallocated_prop,time_compute,time_apply,time_enum,time_search,time_pp
1,0.65,33,80,0,0.3333333333333333,0.039049625396728516,1.2182416915893555,0.0004918575286865234,0.002467632293701172,0.0360872745513916
