num_events,utilization,reallocations,changes,failures,reallocated_prop,time_compute,time_apply,time_enum,time_search,time_pp
1,1.0,30,57,0,0.28846153846153844,0.10330462455749512,0.6287264823913574,0.013252496719360352,0.08090591430664062,0.009144067764282227
