num_events,utilization,reallocations,changes,failures,reallocated_prop,time_compute,time_apply,time_enum,time_search,time_pp
1,1.0,24,33,0,0.057279236276849645,0.14875030517578125,0.5500760078430176,0.015591621398925781,0.12371945381164551,0.009436607360839844
