num_events,utilization,reallocations,changes,failures,reallocated_prop,time_compute,time_apply,time_enum,time_search,time_pp
1,0.65,26,63,0,0.3291139240506329,0.03862118721008301,1.2100574970245361,0.0004956722259521484,0.0018661022186279297,0.03625750541687012
