num_events,utilization,reallocations,changes,failures,reallocated_prop,time_compute,time_apply
1,0.9059782608695652,20,41,0,0.3508771929824561,0.014218330383300781,0.5552031993865967
