num_events,utilization,reallocations,changes,failures,reallocated_prop,time_compute,time_apply
1,0.8972826086956521,30,57,0,0.2857142857142857,0.015077590942382812,0.5637860298156738
