num_events,utilization,reallocations,changes,failures,reallocated_prop,time_compute,time_apply,time_enum,time_search,time_pp
1,1.0,29,61,0,0.3670886075949367,0.08181595802307129,0.6286435127258301,0.014523029327392578,0.057830095291137695,0.00946044921875
