num_events,utilization,reallocations,changes,failures,reallocated_prop,time_compute,time_apply,time_enum,time_search,time_pp
1,0.65,40,75,0,0.425531914893617,0.07819509506225586,2.4127862453460693,0.00042724609375,0.0024192333221435547,0.07534551620483398
