num_events,utilization,reallocations,changes,failures,reallocated_prop,time_compute,time_apply,time_enum,time_search,time_pp
1,0.65,32,53,0,0.16842105263157894,0.013634443283081055,0.31363534927368164,0.0005061626434326172,0.004045724868774414,0.009080886840820312
