num_events,utilization,reallocations,changes,failures,reallocated_prop,time_compute,time_apply,time_enum,time_search,time_pp
1,0.65,120,290,0,0.32967032967032966,0.017948389053344727,0.35003042221069336,0.0005023479461669922,0.007671833038330078,0.009772300720214844
