num_events,utilization,reallocations,changes,failures,reallocated_prop,time_compute,time_apply,time_enum,time_search,time_pp
1,0.7633152173913044,53,103,0,0.4380165289256198,0.016010522842407227,0.5518956184387207,0.0005104541778564453,0.004102468490600586,0.011395931243896484
