num_events,utilization,reallocations,changes,failures,reallocated_prop,time_compute,time_apply,time_enum,time_search,time_pp
1,0.65,14,26,0,0.42424242424242425,0.03741788864135742,1.1962122917175293,0.0004913806915283203,0.0009710788726806641,0.03595304489135742
