num_events,utilization,reallocations,changes,failures,reallocated_prop,time_compute,time_apply,time_enum,time_search,time_pp
1,1.0,28,30,0,0.5490196078431373,0.07756209373474121,0.5919778347015381,0.012332677841186523,0.05599617958068848,0.009230852127075195
