num_events,utilization,reallocations,changes,failures,reallocated_prop,time_compute,time_apply,time_enum,time_search,time_pp
1,0.12608695652173912,1,0,0,0.0,0.12040543556213379,0.18417096138000488,0.021612882614135742,0.08934140205383301,0.00944828987121582
