num_events,utilization,reallocations,changes,failures,reallocated_prop,time_compute,time_apply,time_enum,time_search,time_pp
1,0.6620244565217391,7,7,0,0.5,0.03692436218261719,1.7356176376342773,3.457069396972656e-05,7.843971252441406e-05,0.03680920600891113
