num_events,utilization,reallocations,changes,failures,reallocated_prop,time_compute,time_apply,time_enum,time_search,time_pp
1,0.33260869565217394,1,0,0,0.0,0.011887073516845703,0.1795206069946289,9.322166442871094e-05,0.002063274383544922,0.009729385375976562
