num_events,utilization,reallocations,changes,failures,reallocated_prop,time_compute,time_apply,time_enum,time_search,time_pp
1,0.0391304347826087,1,0,0,0.0,0.009650707244873047,0.08333492279052734,9.34600830078125e-05,0.0002982616424560547,0.00925755500793457
