num_events,utilization,reallocations,changes,failures,reallocated_prop,time_compute,time_apply,time_enum,time_search,time_pp
1,1.0,46,83,0,0.12299465240641712,0.1325078010559082,0.5810730457305908,0.01504063606262207,0.10756087303161621,0.009903430938720703
