num_events,utilization,reallocations,changes,failures,reallocated_prop,time_compute,time_apply,time_enum,time_search,time_pp
1,0.007608695652173913,1,0,0,0.0,0.03658437728881836,0.2917506694793701,9.870529174804688e-05,0.00023984909057617188,0.03624391555786133
