num_events,utilization,reallocations,changes,failures,reallocated_prop,time_compute,time_apply
1,0.4578804347826087,2,1,0,0.3333333333333333,0.03799891471862793,1.642331600189209
