num_events,utilization,reallocations,changes,failures,reallocated_prop,time_compute,time_apply,time_enum,time_search,time_pp
1,0.17282608695652174,1,0,0,0.0,0.15038013458251953,0.20598793029785156,0.018674850463867188,0.12220406532287598,0.009498834609985352
