num_events,utilization,reallocations,changes,failures,reallocated_prop,time_compute,time_apply
1,0.9160326086956522,7,8,0,0.6363636363636364,0.2792065143585205,0.5513856410980225
