num_events,utilization,reallocations,changes,failures,reallocated_prop,time_compute,time_apply
1,0.8410326086956522,21,21,0,0.7142857142857143,0.0100860595703125,0.5392529964447021
