num_events,utilization,reallocations,changes,failures,reallocated_prop,time_compute,time_apply,time_enum,time_search,time_pp
1,0.20978260869565218,1,0,0,0.0,0.17452096939086914,0.2196516990661621,0.018207073211669922,0.1467597484588623,0.009552001953125
