num_events,utilization,reallocations,changes,failures,reallocated_prop,time_compute,time_apply,time_enum,time_search,time_pp
1,0.65,26,43,0,0.2765957446808511,0.012209177017211914,0.3143131732940674,0.0005085468292236328,0.0021440982818603516,0.009554147720336914
