num_events,utilization,reallocations,changes,failures,reallocated_prop,time_compute,time_apply
1,0.9016304347826087,29,48,0,0.6041666666666666,0.014150381088256836,0.5897324085235596
