num_events,utilization,reallocations,changes,failures,reallocated_prop,time_compute,time_apply,time_enum,time_search,time_pp
1,1.0,44,86,0,0.3283582089552239,0.09903860092163086,0.6414179801940918,0.014433145523071289,0.0749962329864502,0.009606361389160156
