num_events,utilization,reallocations,changes,failures,reallocated_prop,time_compute,time_apply,time_enum,time_search,time_pp
1,0.03260869565217391,1,0,0,0.0,0.0298311710357666,0.13112330436706543,0.015144586563110352,0.005173683166503906,0.009510278701782227
