num_events,utilization,reallocations,changes,failures,reallocated_prop,time_compute,time_apply,time_enum,time_search,time_pp
1,1.0,24,33,0,0.057279236276849645,0.14650535583496094,0.5735487937927246,0.015879392623901367,0.1207430362701416,0.00988006591796875
