num_events,utilization,reallocations,changes,failures,reallocated_prop,time_compute,time_apply,time_enum,time_search,time_pp
1,0.1766304347826087,1,0,0,0.0,0.04352164268493652,0.48691582679748535,3.981590270996094e-05,0.0002655982971191406,0.043215036392211914
