num_events,utilization,reallocations,changes,failures,reallocated_prop,time_compute,time_apply,time_enum,time_search,time_pp
1,0.65,157,296,0,0.4266304347826087,0.017982006072998047,0.3510313034057617,0.0005033016204833984,0.007756233215332031,0.009720563888549805
