num_events,utilization,reallocations,changes,failures,reallocated_prop,time_compute,time_apply,time_enum,time_search,time_pp
1,0.007608695652173913,1,0,0,0.0,0.018442869186401367,0.14580512046813965,9.918212890625e-05,0.000133514404296875,0.01820826530456543
