num_events,utilization,reallocations,changes,failures,reallocated_prop,time_compute,time_apply,time_enum,time_search,time_pp
1,1.0,7,7,0,0.3684210526315789,0.02989053726196289,0.555659294128418,0.012825250625610352,0.008130311965942383,0.008933544158935547
