num_events,utilization,reallocations,changes,failures,reallocated_prop,time_compute,time_apply,time_enum,time_search,time_pp
1,0.2141304347826087,1,0,0,0.0,0.17927861213684082,0.22423553466796875,0.018237590789794922,0.15141820907592773,0.009620904922485352
