num_events,utilization,reallocations,changes,failures,reallocated_prop,time_compute,time_apply,time_enum,time_search,time_pp
1,0.65,71,129,0,0.284,0.015357255935668945,0.33794713020324707,0.0005016326904296875,0.005224943161010742,0.009629011154174805
