num_events,utilization,reallocations,changes,failures,reallocated_prop,time_compute,time_apply,time_enum,time_search,time_pp
1,0.65,71,115,0,0.17530864197530865,0.018669605255126953,0.3288538455963135,0.0005025863647460938,0.008403301239013672,0.009760141372680664
