num_events,utilization,reallocations,changes,failures,reallocated_prop,time_compute,time_apply,time_enum,time_search,time_pp
1,0.7089673913043478,2,5,0,0.2857142857142857,0.009958744049072266,0.4258759021759033,0.0005178451538085938,0.0006885528564453125,0.008750200271606445
