num_events,utilization,reallocations,changes,failures,reallocated_prop,time_compute,time_apply,time_enum,time_search,time_pp
1,1.0,20,42,0,0.3076923076923077,0.08533835411071777,0.6420392990112305,0.014816999435424805,0.061109304428100586,0.009409427642822266
