num_events,utilization,reallocations,changes,failures,reallocated_prop,time_compute,time_apply
1,0.7153872282608695,16,15,0,0.5769230769230769,0.06971096992492676,3.792865037918091
