num_events,utilization,reallocations,changes,failures,reallocated_prop,time_compute,time_apply,time_enum,time_search,time_pp
1,0.13043478260869565,1,0,0,0.0,0.010226726531982422,0.1144263744354248,9.34600830078125e-05,0.000904083251953125,0.009228229522705078
