num_events,utilization,reallocations,changes,failures,reallocated_prop,time_compute,time_apply,time_enum,time_search,time_pp
1,1.0,25,43,0,0.16129032258064516,0.11185240745544434,0.6420285701751709,0.014921903610229492,0.08724403381347656,0.009683847427368164
