num_events,utilization,reallocations,changes,failures,reallocated_prop,time_compute,time_apply,time_enum,time_search,time_pp
1,0.057065217391304345,1,0,0,0.0,0.03689765930175781,0.2843508720397949,3.457069396972656e-05,0.00010251998901367188,0.036757707595825195
