num_events,utilization,reallocations,changes,failures,reallocated_prop,time_compute,time_apply,time_enum,time_search,time_pp
1,0.4534307065217391,2,1,0,0.3333333333333333,0.07335090637207031,2.866194725036621,0.00010061264038085938,8.58306884765625e-05,0.07316136360168457
