num_events,utilization,reallocations,changes,failures,reallocated_prop,time_compute,time_apply,time_enum,time_search,time_pp
1,0.65,29,50,0,0.20422535211267606,0.013347625732421875,0.3157482147216797,0.0004987716674804688,0.0031561851501464844,0.009690999984741211
