num_events,utilization,reallocations,changes,failures,reallocated_prop,time_compute,time_apply,time_enum,time_search,time_pp
1,0.5293478260869565,1,0,0,0.0,0.3739938735961914,0.35703468322753906,0.017726421356201172,0.3465614318847656,0.009704113006591797
