num_events,utilization,reallocations,changes,failures,reallocated_prop,time_compute,time_apply,time_enum,time_search,time_pp
1,0.05326086956521739,1,0,0,0.0,0.010525226593017578,0.09430432319641113,0.00011324882507324219,0.00041961669921875,0.00998997688293457
