num_events,utilization,reallocations,changes,failures,reallocated_prop,time_compute,time_apply,time_enum,time_search,time_pp
1,0.13152173913043477,1,0,0,0.0,0.11945676803588867,0.18662023544311523,0.019467592239379883,0.09094119071960449,0.009046316146850586
