num_events,utilization,reallocations,changes,failures,reallocated_prop,time_compute,time_apply,time_enum,time_search,time_pp
1,0.08804347826086957,1,0,0,0.0,0.01001596450805664,0.10090422630310059,9.393692016601562e-05,0.000614166259765625,0.009306192398071289
