num_events,utilization,reallocations,changes,failures,reallocated_prop,time_compute,time_apply,time_enum,time_search,time_pp
1,0.2076086956521739,1,0,0,0.0,0.010881662368774414,0.13878417015075684,9.298324584960938e-05,0.0014293193817138672,0.009357929229736328
