num_events,utilization,reallocations,changes,failures,reallocated_prop,time_compute,time_apply,time_enum,time_search,time_pp
1,0.011684782608695652,1,0,0,0.0,0.03957009315490723,0.30738162994384766,0.00011420249938964844,0.0004165172576904297,0.03903675079345703
