num_events,utilization,reallocations,changes,failures,reallocated_prop,time_compute,time_apply
1,0.7347826086956522,4,3,0,0.3333333333333333,0.009093284606933594,0.47074270248413086
