num_events,utilization,reallocations,changes,failures,reallocated_prop,time_compute,time_apply,time_enum
1,0.08695652173913043,1,0,0,0.0,0.00915670394897461,0.11799836158752441,0.00013709068298339844
