num_events,utilization,reallocations,changes,failures,reallocated_prop,time_compute,time_apply,time_enum,time_search,time_pp
1,0.01657608695652174,1,0,0,0.0,0.036765336990356445,0.31874918937683105,0.00011110305786132812,0.0004825592041015625,0.03616952896118164
