num_events,utilization,reallocations,changes,failures,reallocated_prop,time_compute,time_apply
1,0.6763586956521739,3,2,0,0.3333333333333333,0.013401508331298828,0.5207962989807129
