num_events,utilization,reallocations,changes,failures,reallocated_prop,time_compute,time_apply,time_enum,time_search,time_pp
1,0.006521739130434782,1,0,0,0.0,0.0185394287109375,0.1438891887664795,9.751319885253906e-05,0.0001246929168701172,0.01831531524658203
