num_events,utilization,reallocations,changes,failures,reallocated_prop,time_compute,time_apply,time_enum,time_search,time_pp
1,0.7078804347826086,3,2,0,0.15384615384615385,0.00987696647644043,0.46430540084838867,0.00010704994201660156,0.0003478527069091797,0.009420633316040039
