num_events,utilization,reallocations,changes,failures,reallocated_prop,time_compute,time_apply,time_enum,time_search,time_pp
1,0.6709239130434783,3,2,0,0.25,0.018541812896728516,0.9143731594085693,0.00010704994201660156,0.00015807151794433594,0.018274784088134766
