num_events,utilization,reallocations,changes,failures,reallocated_prop,time_compute,time_apply,time_enum,time_search,time_pp
1,0.65,19,36,0,0.41304347826086957,0.011277198791503906,0.3116278648376465,0.0005047321319580078,0.0013217926025390625,0.009449005126953125
