num_events,utilization,reallocations,changes,failures,reallocated_prop,time_compute,time_apply,time_enum,time_search,time_pp
1,0.06521739130434782,1,0,0,0.0,0.07894682884216309,0.15890121459960938,0.019393205642700195,0.04987621307373047,0.009675264358520508
