num_events,utilization,reallocations,changes,failures,reallocated_prop,time_compute,time_apply,time_enum,time_search,time_pp
1,0.65,50,105,0,0.16501650165016502,0.018148183822631836,0.36969804763793945,0.0005784034729003906,0.006069660186767578,0.011497735977172852
