num_events,utilization,reallocations,changes,failures,reallocated_prop,time_compute,time_apply
1,0.7233695652173913,4,5,0,0.5714285714285714,0.010833740234375,0.4875497817993164
