num_events,utilization,reallocations,changes,failures,reallocated_prop,time_compute,time_apply,time_enum,time_search,time_pp
1,0.65,85,165,0,0.2560240963855422,0.017206430435180664,0.33954358100891113,0.0005044937133789062,0.006859302520751953,0.009840726852416992
