num_events,utilization,reallocations,changes,failures,reallocated_prop,time_compute,time_apply,time_enum,time_search,time_pp
1,0.65,34,59,0,0.08808290155440414,0.019827604293823242,0.32731199264526367,0.0005555152893066406,0.008225440979003906,0.011044740676879883
