num_events,utilization,reallocations,changes,failures,reallocated_prop,time_compute,time_apply
1,0.9059782608695652,24,42,0,0.2376237623762376,0.014444828033447266,0.5432991981506348
