num_events,utilization,reallocations,changes,failures,reallocated_prop,time_compute,time_apply
1,0.9059782608695652,51,69,0,0.5204081632653061,0.014297962188720703,0.5791325569152832
