num_events,utilization,reallocations,changes,failures,reallocated_prop,time_compute,time_apply,time_enum,time_search,time_pp
1,0.7633152173913044,59,138,0,0.472,0.013353824615478516,0.48937129974365234,0.0004878044128417969,0.0035440921783447266,0.009320259094238281
