num_events,utilization,reallocations,changes,failures,reallocated_prop,time_compute,time_apply
1,0.8019021739130435,6,6,0,0.7142857142857143,0.00898432731628418,0.5146212577819824
