num_events,utilization,reallocations,changes,failures,reallocated_prop,time_compute,time_apply,time_enum,time_search,time_pp
1,0.6836277173913043,6,5,0,0.25,0.03643465042114258,1.7955701351165771,9.775161743164062e-05,0.00047135353088378906,0.03586268424987793
