num_events,utilization,reallocations,changes,failures,reallocated_prop,time_compute,time_apply,time_enum,time_search,time_pp
1,1.0,37,111,0,0.09660574412532637,0.12851190567016602,0.554039716720581,0.012316226959228516,0.1058950424194336,0.010298490524291992
