num_events,utilization,reallocations,changes,failures,reallocated_prop,time_compute,time_apply,time_enum,time_search,time_pp
1,1.0,11,13,0,0.5789473684210527,0.05722308158874512,0.5965800285339355,0.01276540756225586,0.03519105911254883,0.009263038635253906
