num_events,utilization,reallocations,changes,failures,reallocated_prop,time_compute,time_apply,time_enum,time_search,time_pp
1,1.0,17,23,0,0.03406813627254509,0.16818714141845703,0.5762169361114502,0.014932632446289062,0.14284062385559082,0.010411739349365234
