num_events,utilization,reallocations,changes,failures,reallocated_prop,time_compute,time_apply
1,0.7142663043478261,9,10,0,0.7272727272727273,0.03841447830200195,1.89851975440979
