num_events,utilization,reallocations,changes,failures,reallocated_prop,time_compute,time_apply,time_enum,time_search,time_pp
1,0.30434782608695654,1,0,0,0.0,0.011669397354125977,0.17125773429870605,9.298324584960938e-05,0.0019180774688720703,0.009656667709350586
