num_events,utilization,reallocations,changes,failures,reallocated_prop,time_compute,time_apply,time_enum,time_search,time_pp
1,0.7633152173913044,30,42,0,0.2112676056338028,0.013969898223876953,0.4757695198059082,0.0004992485046386719,0.003954887390136719,0.00951385498046875
