num_events,utilization,reallocations,changes,failures,reallocated_prop,time_compute,time_apply,time_enum,time_search,time_pp
1,0.5269021739130435,3,2,0,0.5,0.010562419891357422,0.3815593719482422,3.743171691894531e-05,3.910064697265625e-05,0.01048421859741211
