num_events,utilization,reallocations,changes,failures,reallocated_prop,time_compute,time_apply,time_enum,time_search,time_pp
1,0.65,2,5,0,0.25,0.019294023513793945,0.5970637798309326,0.0004987716674804688,0.000408172607421875,0.01838517189025879
