num_events,utilization,reallocations,changes,failures,reallocated_prop,time_compute,time_apply,time_enum,time_search,time_pp
1,0.6796195652173913,4,10,0,0.2857142857142857,0.01941704750061035,0.8702874183654785,0.00043487548828125,0.0008747577667236328,0.018105745315551758
