num_events,utilization,reallocations,changes,failures,reallocated_prop,time_compute,time_apply,time_enum,time_search,time_pp
1,1.0,11,18,0,0.3142857142857143,0.057115793228149414,0.5480966567993164,0.014967918395996094,0.03344082832336426,0.008704662322998047
