num_events,utilization,reallocations,changes,failures,reallocated_prop,time_compute,time_apply,time_enum,time_search,time_pp
1,0.7635869565217391,44,67,0,0.3013698630136986,0.013997316360473633,0.49199366569519043,0.0004966259002685547,0.004036664962768555,0.009462356567382812
