num_events,utilization,reallocations,changes,failures,reallocated_prop,time_compute,time_apply
1,0.8217391304347826,15,16,0,0.6666666666666666,0.009299039840698242,0.5032253265380859
