num_events,utilization,reallocations,changes,failures,reallocated_prop,time_compute,time_apply,time_enum,time_search,time_pp
1,1.0,10,14,0,0.4,0.05973172187805176,0.5937175750732422,0.014630794525146484,0.03592228889465332,0.00917673110961914
