num_events,utilization,reallocations,changes,failures,reallocated_prop,time_compute,time_apply,time_enum,time_search,time_pp
1,0.033967391304347824,1,0,0,0.0,0.0719761848449707,0.518470287322998,3.3855438232421875e-05,0.0001125335693359375,0.07182741165161133
