num_events,utilization,reallocations,changes,failures,reallocated_prop,time_compute,time_apply
1,0.7192934782608695,9,8,0,0.5333333333333333,0.03569531440734863,1.9041883945465088
