num_events,utilization,reallocations,changes,failures,reallocated_prop,time_compute,time_apply,time_enum,time_search,time_pp
1,0.6678328804347826,12,11,0,0.4782608695652174,0.07197356224060059,3.4546921253204346,0.00011849403381347656,0.0005075931549072266,0.07134485244750977
