num_events,utilization,reallocations,changes,failures,reallocated_prop,time_compute,time_apply,time_enum,time_search,time_pp
1,0.03152173913043478,1,0,0,0.0,0.018747329711914062,0.16036391258239746,9.870529174804688e-05,0.00045371055603027344,0.01819300651550293
