num_events,utilization,reallocations,changes,failures,reallocated_prop,time_compute,time_apply,time_enum,time_search,time_pp
1,0.606929347826087,3,2,0,0.3333333333333333,0.03661394119262695,1.7088069915771484,9.942054748535156e-05,0.0001811981201171875,0.0363316535949707
