num_events,utilization,reallocations,changes,failures,reallocated_prop,time_compute,time_apply,time_enum,time_search,time_pp
1,0.6736413043478261,9,17,0,0.42857142857142855,0.0387425422668457,1.727889060974121,0.0005209445953369141,0.0013039112091064453,0.03691577911376953
