num_events,utilization,reallocations,changes,failures,reallocated_prop,time_compute,time_apply,time_enum,time_search,time_pp
1,0.6565896739130435,5,4,0,0.4444444444444444,0.07107162475585938,3.5818896293640137,9.894371032714844e-05,0.00019216537475585938,0.07077836990356445
