num_events,utilization,reallocations,changes,failures,reallocated_prop,time_compute,time_apply,time_enum,time_search,time_pp
1,0.65,26,63,0,0.3291139240506329,0.07423782348632812,2.429027795791626,0.0004932880401611328,0.0019490718841552734,0.0717923641204834
