num_events,utilization,reallocations,changes,failures,reallocated_prop,time_compute,time_apply,time_enum,time_search,time_pp
1,0.1956521739130435,1,0,0,0.0,0.010496139526367188,0.11751365661621094,3.62396240234375e-05,9.083747863769531e-05,0.010367155075073242
