num_events,utilization,reallocations,changes,failures,reallocated_prop,time_compute,time_apply,time_enum,time_search,time_pp
1,0.65,118,285,0,0.24329896907216494,0.020459413528442383,0.35213255882263184,0.0005054473876953125,0.009960174560546875,0.009991645812988281
