num_events,utilization,reallocations,changes,failures,reallocated_prop,time_compute,time_apply,time_enum,time_search,time_pp
1,1.0,24,25,0,0.38095238095238093,0.12537145614624023,0.6095514297485352,0.017879009246826172,0.09842634201049805,0.009064197540283203
