num_events,utilization,reallocations,changes,failures,reallocated_prop,time_compute,time_apply
1,0.8233695652173914,5,10,0,0.38461538461538464,0.011587858200073242,0.5180034637451172
