num_events,utilization,reallocations,changes,failures,reallocated_prop,time_compute,time_apply
1,0.7540760869565217,6,12,0,0.35294117647058826,0.011416435241699219,0.5087502002716064
