num_events,utilization,reallocations,changes,failures,reallocated_prop,time_compute,time_apply,time_enum,time_search,time_pp
1,0.7644021739130434,5,4,0,0.13333333333333333,0.00915384292602539,0.4596529006958008,7.772445678710938e-05,0.0004973411560058594,0.008572578430175781
