num_events,utilization,reallocations,changes,failures,reallocated_prop,time_compute,time_apply,time_enum,time_search,time_pp
1,0.09239130434782608,1,0,0,0.0,0.036922454833984375,0.3175628185272217,3.5762786865234375e-05,0.000148773193359375,0.03673505783081055
