num_events,utilization,reallocations,changes,failures,reallocated_prop,time_compute,time_apply,time_enum,time_search,time_pp
1,0.0,0,0,0,0.0,0.036864280700683594,0.13057899475097656,0.0004940032958984375,0.00019288063049316406,0.03617525100708008
