num_events,utilization,reallocations,changes,failures,reallocated_prop,time_compute,time_apply
1,0.777445652173913,11,11,0,0.7692307692307693,0.009611845016479492,0.5215959548950195
