num_events,utilization,reallocations,changes,failures,reallocated_prop,time_compute,time_apply,time_enum,time_search,time_pp
1,1.0,12,27,0,0.19672131147540983,0.044968605041503906,0.5705809593200684,0.014688253402709961,0.020737886428833008,0.009541034698486328
