num_events,utilization,reallocations,changes,failures,reallocated_prop,time_compute,time_apply,time_enum,time_search,time_pp
1,0.6577445652173913,5,9,0,0.38461538461538464,0.036920785903930664,1.77284574508667,0.0005099773406982422,0.0007741451263427734,0.03563499450683594
