num_events,utilization,reallocations,changes,failures,reallocated_prop,time_compute,time_apply,time_enum,time_search,time_pp
1,0.30217391304347824,1,0,0,0.0,0.23659372329711914,0.2544898986816406,0.01861095428466797,0.20865702629089355,0.009323596954345703
