num_events,utilization,reallocations,changes,failures,reallocated_prop,time_compute,time_apply,time_enum,time_search,time_pp
1,1.0,12,27,0,0.03380281690140845,0.13176178932189941,0.5749707221984863,0.015306234359741211,0.10595226287841797,0.01050114631652832
