num_events,utilization,reallocations,changes,failures,reallocated_prop,time_compute,time_apply,time_enum,time_search,time_pp
1,0.6658627717391304,15,14,0,0.4666666666666667,0.07335019111633301,3.5311777591705322,9.894371032714844e-05,0.0006501674652099609,0.07259917259216309
