num_events,utilization,reallocations,changes,failures,reallocated_prop,time_compute,time_apply,time_enum,time_search,time_pp
1,0.4902173913043478,1,0,0,0.0,0.3610255718231201,0.3411743640899658,0.021674633026123047,0.3294076919555664,0.009940624237060547
