num_events,utilization,reallocations,changes,failures,reallocated_prop,time_compute,time_apply,time_enum,time_search,time_pp
1,1.0,21,45,0,0.20588235294117646,0.05153369903564453,0.5492682456970215,0.012610197067260742,0.029979944229125977,0.008941650390625
