num_events,utilization,reallocations,changes,failures,reallocated_prop,time_compute,time_apply,time_enum,time_search,time_pp
1,0.46372282608695653,2,1,0,0.3333333333333333,0.018596887588500977,0.7200958728790283,9.870529174804688e-05,8.130073547363281e-05,0.018414974212646484
