num_events,utilization,reallocations,changes,failures,reallocated_prop,time_compute,time_apply
1,0.8619565217391304,20,20,0,0.5757575757575758,0.00999903678894043,0.5405056476593018
