num_events,utilization,reallocations,changes,failures,reallocated_prop,time_compute,time_apply
1,0.9146739130434782,11,26,0,0.4074074074074074,0.012733697891235352,0.5716443061828613
