num_events,utilization,reallocations,changes,failures,reallocated_prop,time_compute,time_apply,time_enum,time_search,time_pp
1,0.5,2,2,0,0.25,0.018212080001831055,0.45447611808776855,0.000415802001953125,0.0003142356872558594,0.01748037338256836
