num_events,utilization,reallocations,changes,failures,reallocated_prop,time_compute,time_apply,time_enum,time_search,time_pp
1,1.0,26,38,0,0.3023255813953488,0.04794049263000488,0.566626787185669,0.012446165084838867,0.026361942291259766,0.009130239486694336
