num_events,utilization,reallocations,changes,failures,reallocated_prop,time_compute,time_apply
1,0.835054347826087,14,21,0,0.5384615384615384,0.012215375900268555,0.5135462284088135
