num_events,utilization,reallocations,changes,failures,reallocated_prop,time_compute,time_apply,time_enum,time_search,time_pp
1,1.0,14,28,0,0.2916666666666667,0.07307791709899902,0.5932126045227051,0.01292729377746582,0.05123424530029297,0.008914470672607422
