num_events,utilization,reallocations,changes,failures,reallocated_prop,time_compute,time_apply,time_enum,time_search,time_pp
1,0.65,100,193,0,0.36764705882352944,0.01605677604675293,0.33498644828796387,0.0005030632019042969,0.005764007568359375,0.009788036346435547
