num_events,utilization,reallocations,changes,failures,reallocated_prop,time_compute,time_apply,time_enum,time_search,time_pp
1,1.0,56,125,0,0.14470284237726097,0.13368892669677734,0.5837845802307129,0.014831781387329102,0.10893011093139648,0.009924888610839844
