num_events,utilization,reallocations,changes,failures,reallocated_prop,time_compute,time_apply,time_enum,time_search,time_pp
1,0.28695652173913044,1,0,0,0.0,0.23105335235595703,0.26119041442871094,0.01836228370666504,0.20305800437927246,0.00963139533996582
