num_events,utilization,reallocations,changes,failures,reallocated_prop,time_compute,time_apply,time_enum,time_search,time_pp
1,0.051630434782608696,1,0,0,0.0,0.04063153266906738,0.31401801109313965,2.9802322387695312e-05,8.130073547363281e-05,0.04051852226257324
