num_events,utilization,reallocations,changes,failures,reallocated_prop,time_compute,time_apply,time_enum,time_search,time_pp
1,0.9043478260869565,4,4,0,0.6666666666666666,0.03932046890258789,0.5848894119262695,0.01846146583557129,0.011789321899414062,0.009066581726074219
