num_events,utilization,reallocations,changes,failures,reallocated_prop,time_compute,time_apply,time_enum,time_search,time_pp
1,0.65,35,65,0,0.4268292682926829,0.021181821823120117,0.59749436378479,0.00048732757568359375,0.0022573471069335938,0.018435001373291016
