num_events,utilization,reallocations,changes,failures,reallocated_prop,time_compute,time_apply
1,0.8733695652173913,18,19,0,0.7083333333333334,0.009964466094970703,0.5517191886901855
