num_events,utilization,reallocations,changes,failures,reallocated_prop,time_compute,time_apply,time_enum,time_search,time_pp
1,0.7567934782608695,40,89,0,0.45977011494252873,0.012449979782104492,0.4897160530090332,0.0005025863647460938,0.002703428268432617,0.00924229621887207
