num_events,utilization,reallocations,changes,failures,reallocated_prop,time_compute,time_apply,time_enum,time_search,time_pp
1,0.19021739130434784,1,0,0,0.0,0.018830537796020508,0.21236276626586914,3.4809112548828125e-05,0.00015425682067871094,0.018639564514160156
