num_events,utilization,reallocations,changes,failures,reallocated_prop,time_compute,time_apply
1,0.7108695652173913,6,6,0,0.8333333333333334,0.009165048599243164,0.48869967460632324
