num_events,utilization,reallocations,changes,failures,reallocated_prop,time_compute,time_apply,time_enum,time_search,time_pp
1,1.0,21,63,0,0.10714285714285714,0.0829017162322998,0.6037373542785645,0.014783620834350586,0.05853891372680664,0.009576797485351562
