num_events,utilization,reallocations,changes,failures,reallocated_prop,time_compute,time_apply,time_enum,time_search,time_pp
1,1.0,6,10,0,0.375,0.06827807426452637,0.6103794574737549,0.018435001373291016,0.0407412052154541,0.009099245071411133
