num_events,utilization,reallocations,changes,failures,reallocated_prop,time_compute,time_apply
1,0.7049592391304348,6,6,0,0.7142857142857143,0.0684654712677002,3.776200532913208
