num_events,utilization,reallocations,changes,failures,reallocated_prop,time_compute,time_apply,time_enum,time_search,time_pp
1,0.48478260869565215,1,0,0,0.0,0.3425099849700928,0.3253912925720215,0.01797652244567871,0.3150448799133301,0.009487152099609375
