num_events,utilization,reallocations,changes,failures,reallocated_prop,time_compute,time_apply,time_enum,time_search,time_pp
1,0.41630434782608694,1,0,0,0.0,0.3089470863342285,0.3152942657470703,0.018286705017089844,0.2806706428527832,0.009987354278564453
