num_events,utilization,reallocations,changes,failures,reallocated_prop,time_compute,time_apply,time_enum,time_search,time_pp
1,0.0038043478260869567,1,0,0,0.0,0.0365605354309082,0.33338403701782227,3.457069396972656e-05,2.6702880859375e-05,0.03649759292602539
