num_events,utilization,reallocations,changes,failures,reallocated_prop,time_compute,time_apply,time_enum,time_search,time_pp
1,0.012635869565217391,1,0,0,0.0,0.07760763168334961,0.6193976402282715,0.0001049041748046875,0.0007987022399902344,0.07670187950134277
