num_events,utilization,reallocations,changes,failures,reallocated_prop,time_compute,time_apply,time_enum,time_search,time_pp
1,0.6657608695652174,2,5,0,0.2857142857142857,0.010681629180908203,0.4631481170654297,0.000598907470703125,0.0005342960357666016,0.009546279907226562
