num_events,utilization,reallocations,changes,failures,reallocated_prop,time_compute,time_apply,time_enum,time_search,time_pp
1,0.7633152173913044,33,57,0,0.4125,0.012057304382324219,0.4720313549041748,0.0004246234893798828,0.0025463104248046875,0.009084701538085938
