num_events,utilization,reallocations,changes,failures,reallocated_prop,time_compute,time_apply
1,0.8970108695652174,44,102,0,0.3055555555555556,0.01777935028076172,0.5598597526550293
