num_events,utilization,reallocations,changes,failures,reallocated_prop,time_compute,time_apply,time_enum,time_search,time_pp
1,0.018206521739130434,1,0,0,0.0,0.03728008270263672,0.30641746520996094,9.989738464355469e-05,0.0005443096160888672,0.03663444519042969
