num_events,utilization,reallocations,changes,failures,reallocated_prop,time_compute,time_apply
1,0.7168817934782609,12,17,0,0.46153846153846156,0.0764012336730957,3.927715539932251
