num_events,utilization,reallocations,changes,failures,reallocated_prop,time_compute,time_apply,time_enum,time_search,time_pp
1,0.07880434782608696,1,0,0,0.0,0.08929634094238281,0.6678948402404785,4.00543212890625e-05,0.0002701282501220703,0.08898305892944336
