num_events,utilization,reallocations,changes,failures,reallocated_prop,time_compute,time_apply,time_enum,time_search,time_pp
1,1.0,13,22,0,0.25,0.04295992851257324,0.5836868286132812,0.014711856842041016,0.0185544490814209,0.009691476821899414
