num_events,utilization,reallocations,changes,failures,reallocated_prop,time_compute,time_apply
1,0.9396739130434782,5,6,0,0.36363636363636365,0.015630722045898438,0.6024677753448486
