num_events,utilization,reallocations,changes,failures,reallocated_prop,time_compute,time_apply
1,0.9059782608695652,40,56,0,0.26490066225165565,0.016524076461791992,0.5766665935516357
