num_events,utilization,reallocations,changes,failures,reallocated_prop,time_compute,time_apply,time_enum,time_search,time_pp
1,0.4043478260869565,1,0,0,0.0,0.30564022064208984,0.318192720413208,0.02166891098022461,0.27411627769470215,0.00985264778137207
