num_events,utilization,reallocations,changes,failures,reallocated_prop,time_compute,time_apply,time_enum,time_search,time_pp
1,0.3858695652173913,1,0,0,0.0,0.012105464935302734,0.19616365432739258,0.0001010894775390625,0.0024421215057373047,0.009560585021972656
