num_events,utilization,reallocations,changes,failures,reallocated_prop,time_compute,time_apply,time_enum,time_search,time_pp
1,0.95,1,2,0,0.14285714285714285,0.029834985733032227,0.5976650714874268,0.015015363693237305,0.005377054214477539,0.009441137313842773
