num_events,utilization,reallocations,changes,failures,reallocated_prop,time_compute,time_apply,time_enum,time_search,time_pp
1,1.0,12,24,0,0.21818181818181817,0.04293465614318848,0.5672576427459717,0.014826297760009766,0.018787622451782227,0.009318828582763672
