num_events,utilization,reallocations,changes,failures,reallocated_prop,time_compute,time_apply,time_enum,time_search,time_pp
1,0.042934782608695654,1,0,0,0.0,0.01963329315185547,0.1712205410003662,9.870529174804688e-05,0.0006318092346191406,0.01890110969543457
