num_events,utilization,reallocations,changes,failures,reallocated_prop,time_compute,time_apply,time_enum,time_search,time_pp
1,1.0,13,26,0,0.21666666666666667,0.04483389854431152,0.5731699466705322,0.014835119247436523,0.019985437393188477,0.010011434555053711
