num_events,utilization,reallocations,changes,failures,reallocated_prop,time_compute,time_apply,time_enum,time_search,time_pp
1,0.65,17,31,0,0.425,0.010192394256591797,0.29148244857788086,0.00048422813415527344,0.0009725093841552734,0.008733987808227539
