num_events,utilization,reallocations,changes,failures,reallocated_prop,time_compute,time_apply,time_enum,time_search,time_pp
1,0.14130434782608695,1,0,0,0.0,0.03884172439575195,0.3756444454193115,3.552436828613281e-05,0.00022721290588378906,0.03857707977294922
