num_events,utilization,reallocations,changes,failures,reallocated_prop,time_compute,time_apply,time_enum,time_search,time_pp
1,0.13043478260869565,1,0,0,0.0,0.11998653411865234,0.1843712329864502,0.018139123916625977,0.09248900413513184,0.009356260299682617
