num_events,utilization,reallocations,changes,failures,reallocated_prop,time_compute,time_apply,time_enum,time_search,time_pp
1,0.38913043478260867,1,0,0,0.0,0.289506196975708,0.299391508102417,0.01757192611694336,0.26218652725219727,0.00974583625793457
