num_events,utilization,reallocations,changes,failures,reallocated_prop,time_compute,time_apply,time_enum
1,0.2391304347826087,1,0,0,0.0,0.01070547103881836,0.17954492568969727,0.00014543533325195312
