num_events,utilization,reallocations,changes,failures,reallocated_prop,time_compute,time_apply,time_enum,time_search,time_pp
1,0.7635869565217391,37,55,0,0.46835443037974683,0.01252293586730957,0.4981813430786133,0.0005025863647460938,0.0026171207427978516,0.009401798248291016
