num_events,utilization,reallocations,changes,failures,reallocated_prop,time_compute,time_apply
1,0.9059782608695652,33,83,0,0.4074074074074074,0.014719009399414062,0.5586521625518799
