num_events,utilization,reallocations,changes,failures,reallocated_prop,time_compute,time_apply
1,0.9057065217391305,23,53,0,0.41818181818181815,0.013413190841674805,0.5722610950469971
