num_events,utilization,reallocations,changes,failures,reallocated_prop,time_compute,time_apply,time_enum,time_search,time_pp
1,0.31956521739130433,1,0,0,0.0,0.011725187301635742,0.1750335693359375,9.298324584960938e-05,0.0020220279693603516,0.00960850715637207
