num_events,utilization,reallocations,changes,failures,reallocated_prop,time_compute,time_apply,time_enum,time_search,time_pp
1,0.32255434782608694,3,2,0,1.0,0.008793354034423828,0.25254106521606445,8.344650268554688e-05,6.151199340820312e-05,0.008646249771118164
