num_events,utilization,reallocations,changes,failures,reallocated_prop,time_compute,time_apply,time_enum,time_search,time_pp
1,0.65,2,5,0,0.25,0.03747820854187012,1.216918706893921,0.0005059242248535156,0.00040340423583984375,0.03656601905822754
