num_events,utilization,reallocations,changes,failures,reallocated_prop,time_compute,time_apply,time_enum,time_search,time_pp
1,0.75625,13,26,0,0.5,0.011421918869018555,0.4962606430053711,0.0005152225494384766,0.0014355182647705078,0.009469985961914062
