num_events,utilization,reallocations,changes,failures,reallocated_prop,time_compute,time_apply,time_enum,time_search,time_pp
1,0.18695652173913044,1,0,0,0.0,0.010675430297851562,0.13213157653808594,9.369850158691406e-05,0.0012288093566894531,0.009351491928100586
