num_events,utilization,reallocations,changes,failures,reallocated_prop,time_compute,time_apply,time_enum,time_search,time_pp
1,1.0,23,69,0,0.06199460916442048,0.1310572624206543,0.5806097984313965,0.01477956771850586,0.10642099380493164,0.009854793548583984
