num_events,utilization,reallocations,changes,failures,reallocated_prop,time_compute,time_apply,time_enum,time_search,time_pp
1,1.0,5,8,0,0.25,0.03379106521606445,0.572138786315918,0.015053033828735352,0.009320497512817383,0.009416580200195312
