num_events,utilization,reallocations,changes,failures,reallocated_prop,time_compute,time_apply,time_enum,time_search,time_pp
1,0.05326086956521739,1,0,0,0.0,0.010534524917602539,0.0931558609008789,0.0001125335693359375,0.00042557716369628906,0.0099945068359375
