num_events,utilization,reallocations,changes,failures,reallocated_prop,time_compute,time_apply,time_enum,time_search,time_pp
1,1.0,8,18,0,0.1951219512195122,0.039309024810791016,0.5668175220489502,0.01480555534362793,0.01494741439819336,0.009554386138916016
