num_events,utilization,reallocations,changes,failures,reallocated_prop,time_compute,time_apply,time_enum,time_search,time_pp
1,0.7633152173913044,22,41,0,0.55,0.01151895523071289,0.4702155590057373,0.0004963874816894531,0.001787424087524414,0.009233474731445312
