num_events,utilization,reallocations,changes,failures,reallocated_prop,time_compute,time_apply,time_enum,time_search,time_pp
1,0.7025815217391305,7,12,0,0.5,0.020084142684936523,0.917820930480957,0.000576019287109375,0.0011873245239257812,0.018318653106689453
