num_events,utilization,reallocations,changes,failures,reallocated_prop,time_compute,time_apply,time_enum,time_search,time_pp
1,0.7288043478260869,6,12,0,0.4,0.010090351104736328,0.44483256340026855,0.0004742145538330078,0.0008990764617919922,0.008714914321899414
