num_events,utilization,reallocations,changes,failures,reallocated_prop,time_compute,time_apply,time_enum,time_search,time_pp
1,0.14021739130434782,1,0,0,0.0,0.010603189468383789,0.11754870414733887,9.5367431640625e-05,0.0009951591491699219,0.009510517120361328
