num_events,utilization,reallocations,changes,failures,reallocated_prop,time_compute,time_apply,time_enum,time_search,time_pp
1,0.65,77,130,0,0.24758842443729903,0.0163118839263916,0.31942009925842285,0.0005090236663818359,0.006168365478515625,0.00963282585144043
