num_events,utilization,reallocations,changes,failures,reallocated_prop,time_compute,time_apply
1,0.9059782608695652,40,70,0,0.3448275862068966,0.015371084213256836,0.5562958717346191
