num_events,utilization,reallocations,changes,failures,reallocated_prop,time_compute,time_apply,time_enum,time_search,time_pp
1,0.65,30,73,0,0.32608695652173914,0.07176971435546875,2.4403188228607178,0.0005087852478027344,0.0021369457244873047,0.0691218376159668
