num_events,utilization,reallocations,changes,failures,reallocated_prop,time_compute,time_apply,time_enum,time_search,time_pp
1,0.043478260869565216,1,0,0,0.0,0.023073196411132812,0.18793678283691406,9.965896606445312e-05,0.000637054443359375,0.02233433723449707
