num_events,utilization,reallocations,changes,failures,reallocated_prop,time_compute,time_apply,time_enum,time_search,time_pp
1,1.0,12,27,0,0.04363636363636364,0.1049032211303711,0.5669224262237549,0.014592885971069336,0.08052802085876465,0.009779930114746094
