num_events,utilization,reallocations,changes,failures,reallocated_prop,time_compute,time_apply,time_enum,time_search,time_pp
1,0.17608695652173914,1,0,0,0.0,0.010883569717407227,0.13154888153076172,9.751319885253906e-05,0.0010945796966552734,0.009690046310424805
