num_events,utilization,reallocations,changes,failures,reallocated_prop,time_compute,time_apply,time_enum,time_search,time_pp
1,0.65,13,24,0,0.41935483870967744,0.07031774520874023,2.330880641937256,0.0005109310150146484,0.0009167194366455078,0.06888818740844727
