num_events,utilization,reallocations,changes,failures,reallocated_prop,time_compute,time_apply,time_enum,time_search,time_pp
1,0.65,10,19,0,0.4,0.010226964950561523,0.2921409606933594,0.0004296302795410156,0.0007016658782958984,0.009093284606933594
