num_events,utilization,reallocations,changes,failures,reallocated_prop,time_compute,time_apply,time_enum,time_search,time_pp
1,1.0,37,58,0,0.49333333333333335,0.08412003517150879,0.6309349536895752,0.014462471008300781,0.06020379066467285,0.009451150894165039
