num_events,utilization,reallocations,changes,failures,reallocated_prop,time_compute,time_apply,time_enum,time_search,time_pp
1,1.0,25,72,0,0.1524390243902439,0.07146191596984863,0.5582535266876221,0.013491630554199219,0.04888343811035156,0.009084939956665039
