num_events,utilization,reallocations,changes,failures,reallocated_prop,time_compute,time_apply,time_enum,time_search,time_pp
1,1.0,13,15,0,0.37142857142857144,0.10839152336120605,0.5842034816741943,0.018357515335083008,0.08095264434814453,0.009079456329345703
