num_events,utilization,reallocations,changes,failures,reallocated_prop,time_compute,time_apply,time_enum,time_search,time_pp
1,0.6712635869565218,6,12,0,0.375,0.038335561752319336,1.7237262725830078,0.0005156993865966797,0.0011303424835205078,0.036687612533569336
