num_events,utilization,reallocations,changes,failures,reallocated_prop,time_compute,time_apply,time_enum,time_search,time_pp
1,0.7633152173913044,24,41,0,0.3037974683544304,0.0120086669921875,0.46068835258483887,0.0004210472106933594,0.002623319625854492,0.008962392807006836
