num_events,utilization,reallocations,changes,failures,reallocated_prop,time_compute,time_apply,time_enum,time_search,time_pp
1,0.7633152173913044,24,48,0,0.4444444444444444,0.011904478073120117,0.466524600982666,0.0005080699920654297,0.002134561538696289,0.009259223937988281
