num_events,utilization,reallocations,changes,failures,reallocated_prop,time_compute,time_apply
1,0.7932065217391304,12,12,0,0.7857142857142857,0.009501457214355469,0.5196883678436279
