num_events,utilization,reallocations,changes,failures,reallocated_prop,time_compute,time_apply,time_enum,time_search,time_pp
1,0.07934782608695652,1,0,0,0.0,0.0847938060760498,0.16600894927978516,0.01844000816345215,0.05705094337463379,0.009300947189331055
