num_events,utilization,reallocations,changes,failures,reallocated_prop,time_compute,time_apply,time_enum,time_search,time_pp
1,0.20652173913043478,1,0,0,0.0,0.019237279891967773,0.25634217262268066,2.956390380859375e-05,0.0001404285430908203,0.01906585693359375
