num_events,utilization,reallocations,changes,failures,reallocated_prop,time_compute,time_apply
1,0.9059782608695652,23,40,0,0.17829457364341086,0.015733718872070312,0.5525023937225342
