num_events,utilization,reallocations,changes,failures,reallocated_prop,time_compute,time_apply,time_enum,time_search,time_pp
1,0.5228260869565218,1,0,0,0.0,0.38454174995422363,0.3770480155944824,0.018111467361450195,0.3564951419830322,0.009932994842529297
