num_events,utilization,reallocations,changes,failures,reallocated_prop,time_compute,time_apply,time_enum,time_search,time_pp
1,0.65,72,137,0,0.4,0.014013051986694336,0.32869744300842285,0.0005085468292236328,0.003882169723510742,0.009619712829589844
