num_events,utilization,reallocations,changes,failures,reallocated_prop,time_compute,time_apply,time_enum,time_search,time_pp
1,0.08152173913043478,1,0,0,0.0,0.08530235290527344,0.16664767265319824,0.018381357192993164,0.057440757751464844,0.009478569030761719
