num_events,utilization,reallocations,changes,failures,reallocated_prop,time_compute,time_apply
1,0.7983695652173913,11,10,0,0.45454545454545453,0.010186910629272461,0.523794412612915
