num_events,utilization,reallocations,changes,failures,reallocated_prop,time_compute,time_apply,time_enum,time_search,time_pp
1,1.0,28,50,0,0.24561403508771928,0.05571389198303223,0.552562952041626,0.013103485107421875,0.03346538543701172,0.009143352508544922
