num_events,utilization,reallocations,changes,failures,reallocated_prop,time_compute,time_apply,time_enum,time_search,time_pp
1,0.10869565217391304,1,0,0,0.0,0.10641980171203613,0.18140840530395508,0.018439054489135742,0.07842040061950684,0.009557723999023438
