num_events,utilization,reallocations,changes,failures,reallocated_prop,time_compute,time_apply,time_enum,time_search,time_pp
1,0.01358695652173913,1,0,0,0.0,0.019503116607666016,0.15627026557922363,0.00011706352233886719,0.0002205371856689453,0.01916360855102539
