num_events,utilization,reallocations,changes,failures,reallocated_prop,time_compute,time_apply,time_enum,time_search,time_pp
1,0.65,31,75,0,0.3333333333333333,0.02097010612487793,0.6085143089294434,0.0004911422729492188,0.0023157596588134766,0.018161296844482422
