num_events,utilization,reallocations,changes,failures,reallocated_prop,time_compute,time_apply,time_enum,time_search,time_pp
1,0.65,26,63,0,0.3291139240506329,0.011183023452758789,0.28804945945739746,0.0004184246063232422,0.0017952919006347656,0.00896763801574707
