num_events,utilization,reallocations,changes,failures,reallocated_prop,time_compute,time_apply,time_enum,time_search,time_pp
1,0.1559103260869565,1,0,0,0.0,0.03539443016052246,0.6519885063171387,3.4332275390625e-05,2.765655517578125e-05,0.03533029556274414
