num_events,utilization,reallocations,changes,failures,reallocated_prop,time_compute,time_apply,time_enum,time_search,time_pp
1,0.563858695652174,4,3,0,0.6,0.010202407836914062,0.42517900466918945,0.00010132789611816406,7.724761962890625e-05,0.010021209716796875
