num_events,utilization,reallocations,changes,failures,reallocated_prop,time_compute,time_apply,time_enum,time_search,time_pp
1,0.7236413043478261,11,24,0,0.4074074074074074,0.021754980087280273,0.9421007633209229,0.0005135536193847656,0.0019855499267578125,0.019253969192504883
