num_events,utilization,reallocations,changes,failures,reallocated_prop,time_compute,time_apply,time_enum,time_search,time_pp
1,0.025543478260869567,1,0,0,0.0,0.021181821823120117,0.1608140468597412,9.751319885253906e-05,0.0003876686096191406,0.020694732666015625
