num_events,utilization,reallocations,changes,failures,reallocated_prop,time_compute,time_apply,time_enum,time_search,time_pp
1,0.5369565217391304,1,0,0,0.0,0.3986937999725342,0.3685736656188965,0.018740177154541016,0.3699009418487549,0.010050058364868164
