num_events,utilization,reallocations,changes,failures,reallocated_prop,time_compute,time_apply,time_enum,time_search,time_pp
1,0.20652173913043478,1,0,0,0.0,0.039145469665527344,0.44829750061035156,3.4809112548828125e-05,0.0003135204315185547,0.038794755935668945
