num_events,utilization,reallocations,changes,failures,reallocated_prop,time_compute,time_apply,time_enum,time_search,time_pp
1,0.7635869565217391,58,74,0,0.49572649572649574,0.01336669921875,0.48416948318481445,0.0005009174346923828,0.0034193992614746094,0.009444952011108398
