num_events,utilization,reallocations,changes,failures,reallocated_prop,time_compute,time_apply,time_enum,time_search,time_pp
1,0.13804347826086957,1,0,0,0.0,0.1295757293701172,0.18801259994506836,0.02149200439453125,0.09869074821472168,0.009391069412231445
