num_events,utilization,reallocations,changes,failures,reallocated_prop,time_compute,time_apply
1,0.9146739130434782,78,144,0,0.46987951807228917,0.01543736457824707,0.5705480575561523
