num_events,utilization,reallocations,changes,failures,reallocated_prop,time_compute,time_apply,time_enum,time_search,time_pp
1,1.0,22,47,0,0.3283582089552239,0.08708596229553223,0.6089351177215576,0.013570547103881836,0.06454777717590332,0.008964776992797852
