num_events,utilization,reallocations,changes,failures,reallocated_prop,time_compute,time_apply,time_enum,time_search,time_pp
1,0.22010869565217392,1,0,0,0.0,0.037322282791137695,0.45705676078796387,3.4809112548828125e-05,0.00033855438232421875,0.036946773529052734
