num_events,utilization,reallocations,changes,failures,reallocated_prop,time_compute,time_apply,time_enum,time_search,time_pp
1,0.65,71,157,0,0.21580547112462006,0.01747751235961914,0.33263111114501953,0.0005023479461669922,0.0069637298583984375,0.010009288787841797
