num_events,utilization,reallocations,changes,failures,reallocated_prop,time_compute,time_apply,time_enum,time_search,time_pp
1,1.0,22,36,0,0.25882352941176473,0.04871201515197754,0.549586296081543,0.012980461120605469,0.026319503784179688,0.009409904479980469
