num_events,utilization,reallocations,changes,failures,reallocated_prop,time_compute,time_apply,time_enum,time_search,time_pp
1,0.002173913043478261,1,0,0,0.0,0.010319948196411133,0.07893610000610352,0.00011229515075683594,5.888938903808594e-05,0.0101470947265625
