num_events,utilization,reallocations,changes,failures,reallocated_prop,time_compute,time_apply,time_enum,time_search,time_pp
1,0.65,69,147,0,0.15825688073394495,0.018967390060424805,0.3235328197479248,0.0005095005035400391,0.008768796920776367,0.009687185287475586
