num_events,utilization,reallocations,changes,failures,reallocated_prop,time_compute,time_apply,time_enum,time_search,time_pp
1,0.65,23,53,0,0.2987012987012987,0.01161050796508789,0.30587196350097656,0.0004901885986328125,0.0018994808197021484,0.009219169616699219
