num_events,utilization,reallocations,changes,failures,reallocated_prop,time_compute,time_apply
1,0.9146739130434782,41,67,0,0.2733333333333333,0.016259431838989258,0.5537831783294678
