num_events,utilization,reallocations,changes,failures,reallocated_prop,time_compute,time_apply
1,0.8970108695652174,26,46,0,0.23008849557522124,0.015851974487304688,0.5548989772796631
