num_events,utilization,reallocations,changes,failures,reallocated_prop,time_compute,time_apply,time_enum,time_search,time_pp
1,1.0,63,189,0,0.1323529411764706,0.16207098960876465,0.601233959197998,0.01469874382019043,0.13736796379089355,0.010002613067626953
