num_events,utilization,reallocations,changes,failures,reallocated_prop,time_compute,time_apply,time_enum,time_search,time_pp
1,1.0,13,22,0,0.25,0.04218268394470215,0.5667157173156738,0.014802217483520508,0.017938613891601562,0.009439468383789062
