num_events,utilization,reallocations,changes,failures,reallocated_prop,time_compute,time_apply
1,0.7347826086956522,4,4,0,0.5714285714285714,0.0110321044921875,0.508000373840332
