num_events,utilization,reallocations,changes,failures,reallocated_prop,time_compute,time_apply,time_enum,time_search,time_pp
1,0.65,47,97,0,0.15614617940199335,0.016601085662841797,0.3105297088623047,0.0005059242248535156,0.006275177001953125,0.009818315505981445
