num_events,utilization,reallocations,changes,failures,reallocated_prop,time_compute,time_apply,time_enum,time_search,time_pp
1,1.0,18,54,0,0.06338028169014084,0.10613870620727539,0.5904052257537842,0.014613151550292969,0.08177733421325684,0.009746074676513672
