num_events,utilization,reallocations,changes,failures,reallocated_prop,time_compute,time_apply,time_enum,time_search,time_pp
1,1.0,3,5,0,0.21428571428571427,0.029206514358520508,0.6279892921447754,0.01260828971862793,0.007138252258300781,0.009458065032958984
