num_events,utilization,reallocations,changes,failures,reallocated_prop,time_compute,time_apply,time_enum,time_search,time_pp
1,0.21739130434782608,1,0,0,0.0,0.010787487030029297,0.14128351211547852,9.417533874511719e-05,0.001402139663696289,0.009289026260375977
