num_events,utilization,reallocations,changes,failures,reallocated_prop,time_compute,time_apply,time_enum,time_search,time_pp
1,1.0,21,39,0,0.3442622950819672,0.08027505874633789,0.6284825801849365,0.012999296188354492,0.05822610855102539,0.009047746658325195
