num_events,utilization,reallocations,changes,failures,reallocated_prop,time_compute,time_apply,time_enum,time_search,time_pp
1,0.65,37,70,0,0.42045454545454547,0.020969152450561523,0.6145696640014648,0.0005431175231933594,0.0022106170654296875,0.018213272094726562
