num_events,utilization,reallocations,changes,failures,reallocated_prop,time_compute,time_apply,time_enum,time_search,time_pp
1,1.0,23,54,0,0.36507936507936506,0.08331799507141113,0.6152172088623047,0.012788057327270508,0.06153249740600586,0.008995532989501953
