num_events,utilization,reallocations,changes,failures,reallocated_prop,time_compute,time_apply,time_enum,time_search,time_pp
1,0.35,1,0,0,0.0,0.26891374588012695,0.2864043712615967,0.018100500106811523,0.24103093147277832,0.0097808837890625
