num_events,utilization,reallocations,changes,failures,reallocated_prop,time_compute,time_apply,time_enum,time_search,time_pp
1,0.65,46,87,0,0.42201834862385323,0.012597322463989258,0.3192591667175293,0.0004980564117431641,0.002469301223754883,0.0096282958984375
