num_events,utilization,reallocations,changes,failures,reallocated_prop,time_compute,time_apply
1,0.8345108695652174,8,7,0,0.4117647058823529,0.009748220443725586,0.5149571895599365
