num_events,utilization,reallocations,changes,failures,reallocated_prop,time_compute,time_apply,time_enum,time_search,time_pp
1,0.65,31,57,0,0.37349397590361444,0.012107372283935547,0.31392502784729004,0.0005087852478027344,0.0019462108612060547,0.009650945663452148
