num_events,utilization,reallocations,changes,failures,reallocated_prop,time_compute,time_apply,time_enum,time_search,time_pp
1,0.12717391304347825,1,0,0,0.0,0.01119542121887207,0.12429618835449219,0.00010275840759277344,0.0009529590606689453,0.01013803482055664
