num_events,utilization,reallocations,changes,failures,reallocated_prop,time_compute,time_apply
1,0.8448369565217392,11,10,0,0.35714285714285715,0.012080192565917969,0.5953173637390137
