num_events,utilization,reallocations,changes,failures,reallocated_prop,time_compute,time_apply,time_enum,time_search,time_pp
1,0.0,0,0,0,0.0,0.03188467025756836,0.043979644775390625,0.01816701889038086,0.0045566558837890625,0.009159564971923828
