num_events,utilization,reallocations,changes,failures,reallocated_prop,time_compute,time_apply,time_enum,time_search,time_pp
1,0.08695652173913043,1,0,0,0.0,0.0843210220336914,0.1571969985961914,0.017669200897216797,0.0578610897064209,0.008788585662841797
