num_events,utilization,reallocations,changes,failures,reallocated_prop,time_compute,time_apply,time_enum,time_search,time_pp
1,0.65,30,54,0,0.33707865168539325,0.012095451354980469,0.31340527534484863,0.0005023479461669922,0.0020542144775390625,0.009536981582641602
