num_events,utilization,reallocations,changes,failures,reallocated_prop,time_compute,time_apply,time_enum,time_search,time_pp
1,0.3293478260869565,1,0,0,0.0,0.2456223964691162,0.2604637145996094,0.018632888793945312,0.21732783317565918,0.0096588134765625
