num_events,utilization,reallocations,changes,failures,reallocated_prop,time_compute,time_apply,time_enum,time_search,time_pp
1,0.65,47,62,0,0.16666666666666666,0.016420602798461914,0.3251931667327881,0.0005068778991699219,0.005968570709228516,0.009943246841430664
