num_events,utilization,reallocations,changes,failures,reallocated_prop,time_compute,time_apply,time_enum,time_search,time_pp
1,0.4076086956521739,1,0,0,0.0,0.31130552291870117,0.31652259826660156,0.018312692642211914,0.2828705310821533,0.010119915008544922
