num_events,utilization,reallocations,changes,failures,reallocated_prop,time_compute,time_apply,time_enum,time_search,time_pp
1,0.65,51,109,0,0.20816326530612245,0.018651962280273438,0.3858518600463867,0.000743865966796875,0.005364894866943359,0.012540817260742188
