num_events,utilization,reallocations,changes,failures,reallocated_prop,time_compute,time_apply,time_enum,time_search,time_pp
1,0.017391304347826087,1,0,0,0.0,0.01026463508605957,0.08073878288269043,0.0001049041748046875,0.00016570091247558594,0.009991884231567383
