num_events,utilization,reallocations,changes,failures,reallocated_prop,time_compute,time_apply,time_enum,time_search,time_pp
1,0.025543478260869567,1,0,0,0.0,0.019160032272338867,0.15997719764709473,8.130073547363281e-05,0.0003256797790527344,0.01875162124633789
