num_events,utilization,reallocations,changes,failures,reallocated_prop,time_compute,time_apply,time_enum,time_search,time_pp
1,0.3804347826086957,1,0,0,0.0,0.04932093620300293,0.2692573070526123,0.013144731521606445,0.026718854904174805,0.009454488754272461
