num_events,utilization,reallocations,changes,failures,reallocated_prop,time_compute,time_apply
1,0.5048913043478261,2,1,0,0.3333333333333333,0.012852907180786133,0.44356560707092285
