num_events,utilization,reallocations,changes,failures,reallocated_prop,time_compute,time_apply,time_enum,time_search,time_pp
1,0.65,25,33,0,0.18115942028985507,0.014857769012451172,0.3571176528930664,0.0006303787231445312,0.002812623977661133,0.011413335800170898
