num_events,utilization,reallocations,changes,failures,reallocated_prop,time_compute,time_apply,time_enum,time_search,time_pp
1,1.0,36,81,0,0.08275862068965517,0.1483907699584961,0.5990591049194336,0.014838218688964844,0.1236581802368164,0.009892463684082031
