num_events,utilization,reallocations,changes,failures,reallocated_prop,time_compute,time_apply,time_enum,time_search,time_pp
1,0.2826086956521739,1,0,0,0.0,0.04503154754638672,0.2340071201324463,0.014960289001464844,0.020750045776367188,0.00931859016418457
