num_events,utilization,reallocations,changes,failures,reallocated_prop,time_compute,time_apply
1,0.47880434782608694,2,1,0,0.3333333333333333,0.012887954711914062,0.45186614990234375
