num_events,utilization,reallocations,changes,failures,reallocated_prop,time_compute,time_apply,time_enum,time_search,time_pp
1,0.65,56,90,0,0.1407035175879397,0.018911361694335938,0.32590532302856445,0.0005080699920654297,0.008324623107910156,0.010076045989990234
