num_events,utilization,reallocations,changes,failures,reallocated_prop,time_compute,time_apply,time_enum,time_search,time_pp
1,0.753804347826087,9,21,0,0.4090909090909091,0.010967731475830078,0.46402502059936523,0.0004916191101074219,0.0013804435729980469,0.009093523025512695
