num_events,utilization,reallocations,changes,failures,reallocated_prop,time_compute,time_apply,time_enum,time_search,time_pp
1,0.6538722826086957,5,9,0,0.38461538461538464,0.0740809440612793,3.493034601211548,0.0005176067352294922,0.0007519721984863281,0.07280945777893066
