num_events,utilization,reallocations,changes,failures,reallocated_prop,time_compute,time_apply,time_enum,time_search,time_pp
1,1.0,40,57,0,0.09389671361502347,0.14413213729858398,0.5758883953094482,0.014726877212524414,0.11957573890686035,0.009826421737670898
