num_events,utilization,reallocations,changes,failures,reallocated_prop,time_compute,time_apply,time_enum,time_search,time_pp
1,0.6914402173913043,15,29,0,0.42857142857142855,0.04074597358703613,1.808633804321289,0.0005164146423339844,0.0019888877868652344,0.0382382869720459
