num_events,utilization,reallocations,changes,failures,reallocated_prop,time_compute,time_apply,time_enum,time_search,time_pp
1,0.65,23,56,0,0.323943661971831,0.020627737045288086,0.6091029644012451,0.0005307197570800781,0.0017390251159667969,0.0183560848236084
