num_events,utilization,reallocations,changes,failures,reallocated_prop,time_compute,time_apply,time_enum,time_search,time_pp
1,1.0,30,51,0,0.2542372881355932,0.0615084171295166,0.5736303329467773,0.014867544174194336,0.03709268569946289,0.009546279907226562
