num_events,utilization,reallocations,changes,failures,reallocated_prop,time_compute,time_apply
1,0.8402173913043478,8,8,0,0.2692307692307692,0.010049104690551758,0.5199966430664062
