num_events,utilization,reallocations,changes,failures,reallocated_prop,time_compute,time_apply,time_enum,time_search,time_pp
1,1.0,4,6,0,0.26666666666666666,0.0319981575012207,0.5809566974639893,0.014812469482421875,0.0076181888580322266,0.00956583023071289
