num_events,utilization,reallocations,changes,failures,reallocated_prop,time_compute,time_apply,time_enum,time_search,time_pp
1,1.0,22,51,0,0.2558139534883721,0.1011800765991211,0.6606190204620361,0.01470041275024414,0.0768270492553711,0.009649991989135742
