num_events,utilization,reallocations,changes,failures,reallocated_prop,time_compute,time_apply,time_enum,time_search,time_pp
1,0.3456521739130435,1,0,0,0.0,0.011610746383666992,0.17665362358093262,8.130073547363281e-05,0.002191781997680664,0.009335756301879883
