num_events,utilization,reallocations,changes,failures,reallocated_prop,time_compute,time_apply,time_enum,time_search,time_pp
1,1.0,20,42,0,0.21052631578947367,0.05457472801208496,0.5709190368652344,0.0147705078125,0.030178308486938477,0.00962376594543457
