num_events,utilization,reallocations,changes,failures,reallocated_prop,time_compute,time_apply,time_enum,time_search,time_pp
1,0.65,67,126,0,0.4240506329113924,0.014488935470581055,0.326801061630249,0.0005080699920654297,0.0036928653717041016,0.010286331176757812
