num_events,utilization,reallocations,changes,failures,reallocated_prop,time_compute,time_apply
1,0.7289402173913043,5,4,0,0.36363636363636365,0.017487287521362305,0.9318079948425293
