num_events,utilization,reallocations,changes,failures,reallocated_prop,time_compute,time_apply
1,0.7374320652173914,8,12,0,0.4444444444444444,0.03979897499084473,2.0095412731170654
