num_events,utilization,reallocations,changes,failures,reallocated_prop,time_compute,time_apply,time_enum,time_search,time_pp
1,0.65,16,39,0,0.32,0.011468172073364258,0.31331706047058105,0.0005049705505371094,0.0013120174407958984,0.009649515151977539
