num_events,utilization,reallocations,changes,failures,reallocated_prop,time_compute,time_apply,time_enum,time_search,time_pp
1,1.0,12,33,0,0.15584415584415584,0.049072980880737305,0.5721242427825928,0.01472163200378418,0.024936914443969727,0.009412288665771484
