num_events,utilization,reallocations,changes,failures,reallocated_prop,time_compute,time_apply,time_enum,time_search,time_pp
1,0.65,41,84,0,0.24260355029585798,0.013929367065429688,0.319019079208374,0.0005028247833251953,0.0037004947662353516,0.009723901748657227
