num_events,utilization,reallocations,changes,failures,reallocated_prop,time_compute,time_apply,time_enum,time_search,time_pp
1,0.011684782608695652,1,0,0,0.0,0.07509493827819824,0.6163132190704346,0.00010180473327636719,0.0007011890411376953,0.07429027557373047
