num_events,utilization,reallocations,changes,failures,reallocated_prop,time_compute,time_apply,time_enum,time_search,time_pp
1,0.26304347826086955,1,0,0,0.0,0.011352062225341797,0.15803027153015137,0.00011754035949707031,0.0017583370208740234,0.009474754333496094
