num_events,utilization,reallocations,changes,failures,reallocated_prop,time_compute,time_apply
1,0.7752717391304348,13,26,0,0.38235294117647056,0.02104949951171875,0.9748895168304443
