num_events,utilization,reallocations,changes,failures,reallocated_prop,time_compute,time_apply
1,0.8970108695652174,30,48,0,0.2857142857142857,0.015612602233886719,0.556631326675415
