num_events,utilization,reallocations,changes,failures,reallocated_prop,time_compute,time_apply,time_enum,time_search,time_pp
1,0.6057404891304348,3,4,0,0.3333333333333333,0.07295393943786621,3.4143660068511963,0.0005140304565429688,0.0006191730499267578,0.07181835174560547
