num_events,utilization,reallocations,changes,failures,reallocated_prop,time_compute,time_apply
1,0.7175271739130434,12,12,0,0.7857142857142857,0.03540635108947754,1.896411657333374
