num_events,utilization,reallocations,changes,failures,reallocated_prop,time_compute,time_apply,time_enum,time_search,time_pp
1,0.003260869565217391,1,0,0,0.0,0.07468199729919434,0.6028003692626953,9.846687316894531e-05,0.00021004676818847656,0.0743720531463623
