num_events,utilization,reallocations,changes,failures,reallocated_prop,time_compute,time_apply,time_enum,time_search,time_pp
1,0.02608695652173913,1,0,0,0.0,0.009943723678588867,0.08082866668701172,0.00010752677917480469,0.00022840499877929688,0.009606122970581055
