num_events,utilization,reallocations,changes,failures,reallocated_prop,time_compute,time_apply
1,0.729008152173913,7,7,0,0.35294117647058826,0.038117170333862305,1.9962561130523682
