num_events,utilization,reallocations,changes,failures,reallocated_prop,time_compute,time_apply
1,0.7580163043478261,10,9,0,0.4090909090909091,0.01782083511352539,0.9741263389587402
