num_events,utilization,reallocations,changes,failures,reallocated_prop,time_compute,time_apply,time_enum,time_search,time_pp
1,1.0,26,56,0,0.2047244094488189,0.06428194046020508,0.5713064670562744,0.014634847640991211,0.04010605812072754,0.009539127349853516
