num_events,utilization,reallocations,changes,failures,reallocated_prop,time_compute,time_apply,time_enum,time_search,time_pp
1,0.6994565217391304,15,15,0,0.4827586206896552,0.018742084503173828,0.9153263568878174,3.552436828613281e-05,0.00014090538024902344,0.018563270568847656
