num_events,utilization,reallocations,changes,failures,reallocated_prop,time_compute,time_apply,time_enum,time_search,time_pp
1,0.22717391304347825,1,0,0,0.0,0.18758583068847656,0.23718571662902832,0.018157243728637695,0.1598057746887207,0.009621143341064453
