num_events,utilization,reallocations,changes,failures,reallocated_prop,time_compute,time_apply,time_enum,time_search,time_pp
1,0.6293478260869565,2,2,0,0.25,0.04293322563171387,0.5115771293640137,0.018405675888061523,0.015353202819824219,0.009171009063720703
