num_events,utilization,reallocations,changes,failures,reallocated_prop,time_compute,time_apply,time_enum,time_search,time_pp
1,0.4682065217391304,2,1,0,0.3333333333333333,0.010125160217285156,0.3594551086425781,3.62396240234375e-05,2.6941299438476562e-05,0.01006007194519043
