num_events,utilization,reallocations,changes,failures,reallocated_prop,time_compute,time_apply
1,0.9146739130434782,19,33,0,0.5588235294117647,0.012589454650878906,0.5492391586303711
