num_events,utilization,reallocations,changes,failures,reallocated_prop,time_compute,time_apply
1,0.9059782608695652,61,97,0,0.41216216216216217,0.015546321868896484,0.5584404468536377
