num_events,utilization,reallocations,changes,failures,reallocated_prop,time_compute,time_apply,time_enum,time_search,time_pp
1,0.08369565217391305,1,0,0,0.0,0.009177684783935547,0.0923166275024414,8.058547973632812e-05,0.0004940032958984375,0.008601665496826172
