num_events,utilization,reallocations,changes,failures,reallocated_prop,time_compute,time_apply,time_enum,time_search,time_pp
1,0.7567934782608695,50,85,0,0.4,0.013278961181640625,0.48399901390075684,0.0005004405975341797,0.0034482479095458984,0.009328603744506836
