num_events,utilization,reallocations,changes,failures,reallocated_prop,time_compute,time_apply,time_enum,time_search,time_pp
1,0.09239130434782608,1,0,0,0.0,0.010638236999511719,0.11767959594726562,8.082389831542969e-05,0.0005891323089599609,0.009965896606445312
