num_events,utilization,reallocations,changes,failures,reallocated_prop,time_compute,time_apply,time_enum,time_search,time_pp
1,0.06385869565217392,1,0,0,0.0,0.07142901420593262,0.5613186359405518,3.528594970703125e-05,0.0002002716064453125,0.07119107246398926
