num_events,utilization,reallocations,changes,failures,reallocated_prop,time_compute,time_apply,time_enum,time_search,time_pp
1,0.14402173913043478,1,0,0,0.0,0.036647796630859375,0.3758080005645752,3.4809112548828125e-05,0.0002193450927734375,0.0363919734954834
