num_events,utilization,reallocations,changes,failures,reallocated_prop,time_compute,time_apply,time_enum,time_search,time_pp
1,0.65,80,138,0,0.25477707006369427,0.016885042190551758,0.3368561267852783,0.0005004405975341797,0.006592273712158203,0.00978994369506836
