num_events,utilization,reallocations,changes,failures,reallocated_prop,time_compute,time_apply,time_enum,time_search,time_pp
1,0.5260869565217391,3,2,0,0.5,0.010321378707885742,0.32714009284973145,3.600120544433594e-05,3.552436828613281e-05,0.01024770736694336
