num_events,utilization,reallocations,changes,failures,reallocated_prop,time_compute,time_apply,time_enum,time_search,time_pp
1,0.14130434782608695,1,0,0,0.0,0.03455829620361328,0.17847990989685059,0.012952566146850586,0.012125253677368164,0.009478092193603516
