num_events,utilization,reallocations,changes,failures,reallocated_prop,time_compute,time_apply,time_enum,time_search,time_pp
1,1.0,9,24,0,0.16071428571428573,0.04305744171142578,0.5744178295135498,0.014839887619018555,0.018926382064819336,0.00928950309753418
