num_events,utilization,reallocations,changes,failures,reallocated_prop,time_compute,time_apply,time_enum
1,0.05434782608695652,1,0,0,0.0,0.01067662239074707,0.1370255947113037,0.00014328956604003906
