num_events,utilization,reallocations,changes,failures,reallocated_prop,time_compute,time_apply,time_enum,time_search,time_pp
1,1.0,38,81,0,0.36893203883495146,0.09815740585327148,0.6531081199645996,0.014641046524047852,0.07389020919799805,0.009623527526855469
