num_events,utilization,reallocations,changes,failures,reallocated_prop,time_compute,time_apply
1,0.7202445652173913,7,6,0,0.46153846153846156,0.037528276443481445,1.983597755432129
