num_events,utilization,reallocations,changes,failures,reallocated_prop,time_compute,time_apply
1,0.6956521739130435,3,2,0,0.3333333333333333,0.0425870418548584,0.5109143257141113
