num_events,utilization,reallocations,changes,failures,reallocated_prop,time_compute,time_apply
1,0.6740489130434782,6,6,0,0.8333333333333334,0.018665552139282227,0.969419002532959
