num_events,utilization,reallocations,changes,failures,reallocated_prop,time_compute,time_apply,time_enum,time_search,time_pp
1,1.0,15,42,0,0.15625,0.05028533935546875,0.5814673900604248,0.01258993148803711,0.028374195098876953,0.009319305419921875
