num_events,utilization,reallocations,changes,failures,reallocated_prop,time_compute,time_apply,time_enum,time_search,time_pp
1,1.0,8,21,0,0.1568627450980392,0.04169607162475586,0.5717871189117432,0.014702081680297852,0.017648696899414062,0.009343385696411133
