num_events,utilization,reallocations,changes,failures,reallocated_prop,time_compute,time_apply,time_enum,time_search,time_pp
1,0.043478260869565216,1,0,0,0.0,0.022309541702270508,0.15719914436340332,4.076957702636719e-05,6.437301635742188e-05,0.022202491760253906
