num_events,utilization,reallocations,changes,failures,reallocated_prop,time_compute,time_apply,time_enum,time_search,time_pp
1,0.13043478260869565,1,0,0,0.0,0.010403156280517578,0.09481048583984375,3.552436828613281e-05,6.341934204101562e-05,0.010302305221557617
