num_events,utilization,reallocations,changes,failures,reallocated_prop,time_compute,time_apply,time_enum,time_search,time_pp
1,0.0,0,0,0,0.0,0.07072305679321289,0.34403252601623535,8.487701416015625e-05,3.361701965332031e-05,0.0706026554107666
