num_events,utilization,reallocations,changes,failures,reallocated_prop,time_compute,time_apply,time_enum,time_search,time_pp
1,1.0,6,15,0,0.16216216216216217,0.03816938400268555,0.5745236873626709,0.014775991439819336,0.013817310333251953,0.009574413299560547
