num_events,utilization,reallocations,changes,failures,reallocated_prop,time_compute,time_apply
1,0.8972826086956521,24,45,0,0.3076923076923077,0.014442920684814453,0.5509083271026611
