num_events,utilization,reallocations,changes,failures,reallocated_prop,time_compute,time_apply,time_enum,time_search,time_pp
1,0.016032608695652175,1,0,0,0.0,0.037400245666503906,0.30534887313842773,9.894371032714844e-05,0.0004565715789794922,0.03684258460998535
