num_events,utilization,reallocations,changes,failures,reallocated_prop,time_compute,time_apply,time_enum,time_search,time_pp
1,0.65,75,165,0,0.22658610271903323,0.019858837127685547,0.39621496200561523,0.0006866455078125,0.006866455078125,0.012303590774536133
