num_events,utilization,reallocations,changes,failures,reallocated_prop,time_compute,time_apply,time_enum,time_search,time_pp
1,1.0,71,123,0,0.1570796460176991,0.16652560234069824,0.5855088233947754,0.015976905822753906,0.14058971405029297,0.009956121444702148
