num_events,utilization,reallocations,changes,failures,reallocated_prop,time_compute,time_apply,time_enum,time_search,time_pp
1,0.16195652173913044,1,0,0,0.0,0.00983881950378418,0.11664891242980957,7.891654968261719e-05,0.0009963512420654297,0.008762359619140625
