num_events,utilization,reallocations,changes,failures,reallocated_prop,time_compute,time_apply,time_enum,time_search,time_pp
1,1.0,14,39,0,0.15555555555555556,0.053047895431518555,0.5702354907989502,0.014784812927246094,0.028760194778442383,0.009502172470092773
