num_events,utilization,reallocations,changes,failures,reallocated_prop,time_compute,time_apply,time_enum
1,0.1956521739130435,1,0,0,0.0,0.04946279525756836,0.20525217056274414,0.018245697021484375
