num_events,utilization,reallocations,changes,failures,reallocated_prop,time_compute,time_apply
1,0.7429347826086956,7,8,0,0.5384615384615384,0.020630598068237305,1.0120913982391357
