num_events,utilization,reallocations,changes,failures,reallocated_prop,time_compute,time_apply,time_enum,time_search,time_pp
1,0.65,134,255,0,0.28210526315789475,0.01929783821105957,0.34022021293640137,0.0005133152008056641,0.009364128112792969,0.009418725967407227
