num_events,utilization,reallocations,changes,failures,reallocated_prop,time_compute,time_apply,time_enum,time_search,time_pp
1,0.65,25,61,0,0.3246753246753247,0.019989013671875,0.6110851764678955,0.0004913806915283203,0.0017936229705810547,0.017702102661132812
