num_events,utilization,reallocations,changes,failures,reallocated_prop,time_compute,time_apply,time_enum,time_search,time_pp
1,0.04456521739130435,1,0,0,0.0,0.019358158111572266,0.16895413398742676,0.00010061264038085938,0.0006361007690429688,0.018619537353515625
