num_events,utilization,reallocations,changes,failures,reallocated_prop,time_compute,time_apply,time_enum,time_search,time_pp
1,0.09239130434782608,1,0,0,0.0,0.019022464752197266,0.1601409912109375,3.337860107421875e-05,0.00010323524475097656,0.018883943557739258
