num_events,utilization,reallocations,changes,failures,reallocated_prop,time_compute,time_apply,time_enum,time_search,time_pp
1,0.06630434782608696,1,0,0,0.0,0.0755927562713623,0.15755486488342285,0.018380165100097656,0.04794788360595703,0.009262561798095703
