num_events,utilization,reallocations,changes,failures,reallocated_prop,time_compute,time_apply,time_enum,time_search,time_pp
1,0.65,2,5,0,0.25,0.010780096054077148,0.31807899475097656,0.0005724430084228516,0.0004010200500488281,0.009804725646972656
