num_events,utilization,reallocations,changes,failures,reallocated_prop,time_compute,time_apply,time_enum,time_search,time_pp
1,0.003260869565217391,1,0,0,0.0,0.010288000106811523,0.07968306541442871,0.00010251998901367188,6.461143493652344e-05,0.010119199752807617
