num_events,utilization,reallocations,changes,failures,reallocated_prop,time_compute,time_apply,time_enum,time_search,time_pp
1,0.08695652173913043,1,0,0,0.0,0.08450508117675781,0.16028881072998047,0.01733684539794922,0.05826687812805176,0.008899211883544922
