num_events,utilization,reallocations,changes,failures,reallocated_prop,time_compute,time_apply,time_enum,time_search,time_pp
1,1.0,25,34,0,0.31645569620253167,0.04987311363220215,0.5806729793548584,0.014784812927246094,0.025635242462158203,0.009450912475585938
