num_events,utilization,reallocations,changes,failures,reallocated_prop,time_compute,time_apply,time_enum,time_search,time_pp
1,0.65,33,80,0,0.3333333333333333,0.021795272827148438,0.626204252243042,0.0005311965942382812,0.0026154518127441406,0.018646717071533203
