num_events,utilization,reallocations,changes,failures,reallocated_prop,time_compute,time_apply,time_enum,time_search,time_pp
1,1.0,13,36,0,0.15476190476190477,0.05109524726867676,0.5760037899017334,0.01468205451965332,0.026962757110595703,0.00944828987121582
