num_events,utilization,reallocations,changes,failures,reallocated_prop,time_compute,time_apply,time_enum,time_search,time_pp
1,0.65,10,19,0,0.4,0.019565582275390625,0.5878286361694336,0.0005040168762207031,0.0007965564727783203,0.018262624740600586
