num_events,utilization,reallocations,changes,failures,reallocated_prop,time_compute,time_apply,time_enum,time_search,time_pp
1,0.6722826086956522,7,12,0,0.4666666666666667,0.03873157501220703,1.789914846420288,0.0005164146423339844,0.001165628433227539,0.0370481014251709
