num_events,utilization,reallocations,changes,failures,reallocated_prop,time_compute,time_apply,time_enum,time_search,time_pp
1,0.3576086956521739,1,0,0,0.0,0.01204228401184082,0.18785309791564941,9.369850158691406e-05,0.002210378646850586,0.009736299514770508
