num_events,utilization,reallocations,changes,failures,reallocated_prop,time_compute,time_apply,time_enum,time_search,time_pp
1,1.0,44,99,0,0.09977324263038549,0.14940595626831055,0.5980343818664551,0.014728546142578125,0.12457537651062012,0.01009988784790039
