num_events,utilization,reallocations,changes,failures,reallocated_prop,time_compute,time_apply,time_enum,time_search,time_pp
1,0.65,58,109,0,0.4264705882352941,0.013042449951171875,0.32482194900512695,0.0005156993865966797,0.0030024051666259766,0.00952291488647461
