num_events,utilization,reallocations,changes,failures,reallocated_prop,time_compute,time_apply,time_enum,time_search,time_pp
1,0.7139945652173914,12,13,0,0.4074074074074074,0.018358945846557617,0.9252204895019531,3.528594970703125e-05,0.0001659393310546875,0.01815629005432129
