num_events,utilization,reallocations,changes,failures,reallocated_prop,time_compute,time_apply,time_enum,time_search,time_pp
1,0.36195652173913045,1,0,0,0.0,0.01208043098449707,0.19043803215026855,9.465217590332031e-05,0.0022649765014648438,0.009719371795654297
