num_events,utilization,reallocations,changes,failures,reallocated_prop,time_compute,time_apply,time_enum,time_search,time_pp
1,1.0,23,41,0,0.24468085106382978,0.055025339126586914,0.569098711013794,0.014851570129394531,0.030557870864868164,0.009613990783691406
