num_events,utilization,reallocations,changes,failures,reallocated_prop,time_compute,time_apply,time_enum,time_search,time_pp
1,0.65,81,183,0,0.30337078651685395,0.01629638671875,0.3339424133300781,0.0005040168762207031,0.005690574645996094,0.01009988784790039
