num_events,utilization,reallocations,changes,failures,reallocated_prop,time_compute,time_apply
1,0.7959239130434783,8,7,0,0.5384615384615384,0.00967860221862793,0.5215070247650146
