num_events,utilization,reallocations,changes,failures,reallocated_prop,time_compute,time_apply
1,0.7203804347826087,6,6,0,0.3333333333333333,0.0357515811920166,1.8856449127197266
