num_events,utilization,reallocations,changes,failures,reallocated_prop,time_compute,time_apply,time_enum,time_search,time_pp
1,0.65,41,59,0,0.17982456140350878,0.015012025833129883,0.31819629669189453,0.0004963874816894531,0.004891395568847656,0.009622573852539062
