num_events,utilization,reallocations,changes,failures,reallocated_prop,time_compute,time_apply,time_enum,time_search,time_pp
1,0.6760869565217391,7,6,0,0.3333333333333333,0.037322282791137695,1.7399482727050781,9.822845458984375e-05,0.0003952980041503906,0.036826372146606445
