num_events,utilization,reallocations,changes,failures,reallocated_prop,time_compute,time_apply,time_enum,time_search,time_pp
1,1.0,20,57,0,0.15267175572519084,0.06425094604492188,0.5931947231292725,0.014699935913085938,0.039946556091308594,0.009602069854736328
