num_events,utilization,reallocations,changes,failures,reallocated_prop,time_compute,time_apply,time_enum,time_search,time_pp
1,0.6690896739130435,7,12,0,0.4666666666666667,0.03778266906738281,1.805765151977539,0.0005209445953369141,0.0010516643524169922,0.036208152770996094
