num_events,utilization,reallocations,changes,failures,reallocated_prop,time_compute,time_apply,time_enum,time_search,time_pp
1,0.2956521739130435,1,0,0,0.0,0.01193547248840332,0.16779351234436035,0.0001163482666015625,0.002024412155151367,0.00979304313659668
