num_events,utilization,reallocations,changes,failures,reallocated_prop,time_compute,time_apply,time_enum,time_search,time_pp
1,0.65,10,19,0,0.38461538461538464,0.010794639587402344,0.31931614875793457,0.0004298686981201172,0.0007305145263671875,0.009632349014282227
