num_events,utilization,reallocations,changes,failures,reallocated_prop,time_compute,time_apply
1,0.731929347826087,9,10,0,0.7272727272727273,0.018683195114135742,0.9951901435852051
