num_events,utilization,reallocations,changes,failures,reallocated_prop,time_compute,time_apply,time_enum,time_search,time_pp
1,0.16277173913043477,1,0,0,0.0,0.01774144172668457,0.33014392852783203,8.368492126464844e-05,7.486343383789062e-05,0.017580509185791016
