num_events,utilization,reallocations,changes,failures,reallocated_prop,time_compute,time_apply,time_enum,time_search,time_pp
1,0.04565217391304348,1,0,0,0.0,0.018994808197021484,0.17012310028076172,9.679794311523438e-05,0.0006380081176757812,0.018258333206176758
