num_events,utilization,reallocations,changes,failures,reallocated_prop,time_compute,time_apply,time_enum,time_search,time_pp
1,1.0,31,93,0,0.11742424242424243,0.10444164276123047,0.5964996814727783,0.014734268188476562,0.07976984977722168,0.009935140609741211
