num_events,utilization,reallocations,changes,failures,reallocated_prop,time_compute,time_apply,time_enum,time_search,time_pp
1,1.0,37,76,0,0.3135593220338983,0.10357069969177246,0.638289213180542,0.014742612838745117,0.07937264442443848,0.009451866149902344
