num_events,utilization,reallocations,changes,failures,reallocated_prop,time_compute,time_apply,time_enum,time_search,time_pp
1,0.6676630434782609,6,12,0,0.35294117647058826,0.0361478328704834,1.732051134109497,0.0005137920379638672,0.0009274482727050781,0.03470420837402344
