num_events,utilization,reallocations,changes,failures,reallocated_prop,time_compute,time_apply,time_enum,time_search,time_pp
1,0.6056725543478261,4,3,0,0.5,0.07185506820678711,3.410447120666504,9.918212890625e-05,0.00017786026000976562,0.07157564163208008
