num_events,utilization,reallocations,changes,failures,reallocated_prop,time_compute,time_apply,time_enum,time_search,time_pp
1,1.0,22,36,0,0.25882352941176473,0.0518033504486084,0.5660769939422607,0.0149993896484375,0.027517080307006836,0.009285449981689453
