num_events,utilization,reallocations,changes,failures,reallocated_prop,time_compute,time_apply,time_enum,time_search,time_pp
1,0.6117527173913043,4,3,0,0.5,0.035584449768066406,1.7368664741516113,3.600120544433594e-05,5.1021575927734375e-05,0.03549551963806152
