num_events,utilization,reallocations,changes,failures,reallocated_prop,time_compute,time_apply,time_enum,time_search,time_pp
1,0.6630095108695652,6,5,0,0.22727272727272727,0.07220625877380371,3.408062219619751,0.00010013580322265625,0.0004329681396484375,0.0716710090637207
