num_events,utilization,reallocations,changes,failures,reallocated_prop,time_compute,time_apply,time_enum,time_search,time_pp
1,0.7013586956521739,5,9,0,0.4166666666666667,0.009948015213012695,0.4459507465362549,0.00045037269592285156,0.000705718994140625,0.00879049301147461
