num_events,utilization,reallocations,changes,failures,reallocated_prop,time_compute,time_apply,time_enum,time_search,time_pp
1,1.0,23,40,0,0.25,0.05332374572753906,0.5695199966430664,0.014852762222290039,0.028837203979492188,0.009631872177124023
