num_events,utilization,reallocations,changes,failures,reallocated_prop,time_compute,time_apply,time_enum
1,0.021739130434782608,1,0,0,0.0,0.03338217735290527,0.12568879127502441,0.01822686195373535
