num_events,utilization,reallocations,changes,failures,reallocated_prop,time_compute,time_apply,time_enum,time_search,time_pp
1,0.65,25,61,0,0.3246753246753247,0.021170854568481445,0.6050002574920654,0.0005025863647460938,0.0019040107727050781,0.01876211166381836
