num_events,utilization,reallocations,changes,failures,reallocated_prop,time_compute,time_apply,time_enum,time_search,time_pp
1,0.21739130434782608,1,0,0,0.0,0.012710332870483398,0.14824414253234863,4.363059997558594e-05,9.918212890625e-05,0.012566089630126953
