num_events,utilization,reallocations,changes,failures,reallocated_prop,time_compute,time_apply
1,0.8328804347826086,13,13,0,0.5454545454545454,0.009592533111572266,0.5199389457702637
