num_events,utilization,reallocations,changes,failures,reallocated_prop,time_compute,time_apply,time_enum,time_search,time_pp
1,0.65,7,17,0,0.3181818181818182,0.01934981346130371,0.5937206745147705,0.0004940032958984375,0.000751495361328125,0.018102407455444336
