num_events,utilization,reallocations,changes,failures,reallocated_prop,time_compute,time_apply,time_enum,time_search,time_pp
1,1.0,32,68,0,0.27350427350427353,0.11637330055236816,0.6460039615631104,0.014510631561279297,0.09228658676147461,0.009573221206665039
