num_events,utilization,reallocations,changes,failures,reallocated_prop,time_compute,time_apply,time_enum,time_search,time_pp
1,0.17282608695652174,2,1,0,1.0,0.009702920913696289,0.19111084938049316,0.00011038780212402344,6.794929504394531e-05,0.009522676467895508
