num_events,utilization,reallocations,changes,failures,reallocated_prop,time_compute,time_apply,time_enum,time_search,time_pp
1,0.7141304347826087,10,10,0,0.391304347826087,0.018020153045654297,0.8816039562225342,2.956390380859375e-05,0.00013780593872070312,0.017850637435913086
