num_events,utilization,reallocations,changes,failures,reallocated_prop,time_compute,time_apply
1,0.9059782608695652,91,110,0,0.610738255033557,0.017151594161987305,0.5900990962982178
