num_events,utilization,reallocations,changes,failures,reallocated_prop,time_compute,time_apply,time_enum,time_search,time_pp
1,0.6712635869565218,11,10,0,0.45454545454545453,0.03533029556274414,1.7343981266021729,8.463859558105469e-05,0.00028514862060546875,0.0349578857421875
