num_events,utilization,reallocations,changes,failures,reallocated_prop,time_compute,time_apply,time_enum,time_search,time_pp
1,0.7046195652173913,4,7,0,0.3076923076923077,0.012053251266479492,0.507422685623169,0.0005600452423095703,0.0009915828704833984,0.01049947738647461
