num_events,utilization,reallocations,changes,failures,reallocated_prop,time_compute,time_apply,time_enum,time_search,time_pp
1,0.65,43,78,0,0.36752136752136755,0.012764453887939453,0.3239328861236572,0.0005083084106445312,0.002649545669555664,0.009604215621948242
