num_events,utilization,reallocations,changes,failures,reallocated_prop,time_compute,time_apply
1,0.7241847826086957,9,10,0,0.7272727272727273,0.03618311882019043,1.9372267723083496
