num_events,utilization,reallocations,changes,failures,reallocated_prop,time_compute,time_apply,time_enum,time_search,time_pp
1,0.6675951086956522,10,17,0,0.43478260869565216,0.036087751388549805,1.736816644668579,0.00042939186096191406,0.0012340545654296875,0.034423112869262695
