num_events,utilization,reallocations,changes,failures,reallocated_prop,time_compute,time_apply,time_enum,time_search,time_pp
1,0.02717391304347826,1,0,0,0.0,0.020274877548217773,0.1735832691192627,9.107589721679688e-05,0.0003483295440673828,0.01983332633972168
