num_events,utilization,reallocations,changes,failures,reallocated_prop,time_compute,time_apply,time_enum,time_search,time_pp
1,0.65,39,83,0,0.2635135135135135,0.012883901596069336,0.3040030002593994,0.0005083084106445312,0.0030307769775390625,0.009342193603515625
