num_events,utilization,reallocations,changes,failures,reallocated_prop,time_compute,time_apply,time_enum,time_search,time_pp
1,0.7633152173913044,22,52,0,0.4782608695652174,0.011677026748657227,0.4756603240966797,0.0005011558532714844,0.00191497802734375,0.009258747100830078
