num_events,utilization,reallocations,changes,failures,reallocated_prop,time_compute,time_apply,time_enum,time_search,time_pp
1,1.0,2,3,0,0.18181818181818182,0.030196189880371094,0.6001255512237549,0.014733076095581055,0.006261348724365234,0.009200096130371094
