num_events,utilization,reallocations,changes,failures,reallocated_prop,time_compute,time_apply,time_enum,time_search,time_pp
1,0.65,89,158,0,0.34765625,0.01564478874206543,0.3310420513153076,0.0005102157592773438,0.0054628849029541016,0.009669065475463867
