num_events,utilization,reallocations,changes,failures,reallocated_prop,time_compute,time_apply,time_enum,time_search,time_pp
1,0.6609375,5,4,0,0.5,0.03616166114807129,1.7953932285308838,3.4809112548828125e-05,7.104873657226562e-05,0.03605341911315918
