num_events,utilization,reallocations,changes,failures,reallocated_prop,time_compute,time_apply,time_enum,time_search,time_pp
1,0.125,1,0,0,0.0,0.010518312454223633,0.11346435546875,0.00010275840759277344,0.0009191036224365234,0.009495019912719727
