num_events,utilization,reallocations,changes,failures,reallocated_prop,time_compute,time_apply,time_enum,time_search,time_pp
1,0.15217391304347827,1,0,0,0.0,0.010376214981079102,0.10463142395019531,3.600120544433594e-05,7.343292236328125e-05,0.010265111923217773
