num_events,utilization,reallocations,changes,failures,reallocated_prop,time_compute,time_apply,time_enum,time_search,time_pp
1,0.65,72,137,0,0.39779005524861877,0.013953447341918945,0.3273603916168213,0.0005085468292236328,0.003956317901611328,0.00948643684387207
