num_events,utilization,reallocations,changes,failures,reallocated_prop,time_compute,time_apply,time_enum,time_search,time_pp
1,0.65,37,70,0,0.4157303370786517,0.020579814910888672,0.612342119216919,0.0005290508270263672,0.002164125442504883,0.01788473129272461
