num_events,utilization,reallocations,changes,failures,reallocated_prop,time_compute,time_apply,time_enum,time_search,time_pp
1,0.65,4,10,0,0.2857142857142857,0.011658191680908203,0.3205301761627197,0.0005536079406738281,0.0005514621734619141,0.01055145263671875
