num_events,utilization,reallocations,changes,failures,reallocated_prop,time_compute,time_apply,time_enum,time_search,time_pp
1,0.65,7,12,0,0.4117647058823529,0.037103891372680664,1.2088868618011475,0.0005233287811279297,0.0006258487701416016,0.03595256805419922
