num_events,utilization,reallocations,changes,failures,reallocated_prop,time_compute,time_apply,time_enum,time_search,time_pp
1,0.025271739130434782,1,0,0,0.0,0.03734636306762695,0.31120729446411133,9.632110595703125e-05,0.0007333755493164062,0.036514997482299805
