num_events,utilization,reallocations,changes,failures,reallocated_prop,time_compute,time_apply,time_enum,time_search,time_pp
1,0.65,4,7,0,0.36363636363636365,0.01914238929748535,0.6040897369384766,0.00049591064453125,0.0004799365997314453,0.018164634704589844
