num_events,utilization,reallocations,changes,failures,reallocated_prop,time_compute,time_apply,time_enum,time_search,time_pp
1,0.7565217391304347,5,4,0,0.16,0.00928187370300293,0.46268415451049805,7.82012939453125e-05,0.0003383159637451172,0.008864164352416992
