num_events,utilization,reallocations,changes,failures,reallocated_prop,time_compute,time_apply
1,0.7391304347826086,6,6,0,0.8333333333333334,0.009430170059204102,0.4820878505706787
