num_events,utilization,reallocations,changes,failures,reallocated_prop,time_compute,time_apply,time_enum,time_search,time_pp
1,0.041304347826086954,1,0,0,0.0,0.011891365051269531,0.10387706756591797,0.00013375282287597656,0.0003082752227783203,0.011447906494140625
