num_events,utilization,reallocations,changes,failures,reallocated_prop,time_compute,time_apply,time_enum,time_search,time_pp
1,0.7567934782608695,46,95,0,0.46938775510204084,0.012451648712158203,0.4609184265136719,0.0005209445953369141,0.002712726593017578,0.009215116500854492
