num_events,utilization,reallocations,changes,failures,reallocated_prop,time_compute,time_apply
1,0.9171195652173914,8,8,0,0.6363636363636364,0.3670680522918701,0.5790896415710449
