num_events,utilization,reallocations,changes,failures,reallocated_prop,time_compute,time_apply
1,0.7166440217391304,14,13,0,0.5652173913043478,0.06930804252624512,3.7733237743377686
