num_events,utilization,reallocations,changes,failures,reallocated_prop,time_compute,time_apply,time_enum,time_search,time_pp
1,0.65,2,5,0,0.2857142857142857,0.018719911575317383,0.6155092716217041,0.0004954338073730469,0.0003883838653564453,0.017833948135375977
