num_events,utilization,reallocations,changes,failures,reallocated_prop,time_compute,time_apply,time_enum,time_search,time_pp
1,0.0,0,0,0,0.0,0.029543399810791016,0.037278175354003906,0.01623988151550293,0.0029871463775634766,0.010314464569091797
