num_events,utilization,reallocations,changes,failures,reallocated_prop,time_compute,time_apply,time_enum,time_search,time_pp
1,1.0,63,141,0,0.18421052631578946,0.1258854866027832,0.6010799407958984,0.014715194702148438,0.10119748115539551,0.009970426559448242
