num_events,utilization,reallocations,changes,failures,reallocated_prop,time_compute,time_apply,time_enum,time_search,time_pp
1,0.65,111,213,0,0.24130434782608695,0.020476579666137695,0.35332822799682617,0.0005016326904296875,0.009883642196655273,0.01008915901184082
