num_events,utilization,reallocations,changes,failures,reallocated_prop,time_compute,time_apply,time_enum,time_search,time_pp
1,1.0,25,54,0,0.3424657534246575,0.0841376781463623,0.6278591156005859,0.014656543731689453,0.05993247032165527,0.009545326232910156
