num_events,utilization,reallocations,changes,failures,reallocated_prop,time_compute,time_apply,time_enum,time_search,time_pp
1,0.06521739130434782,1,0,0,0.0,0.010484933853149414,0.09678053855895996,0.0001068115234375,0.0005059242248535156,0.009870529174804688
