num_events,utilization,reallocations,changes,failures,reallocated_prop,time_compute,time_apply,time_enum,time_search,time_pp
1,0.1967391304347826,1,0,0,0.0,0.16608643531799316,0.21556639671325684,0.01814866065979004,0.13846802711486816,0.009467601776123047
