num_events,utilization,reallocations,changes,failures,reallocated_prop,time_compute,time_apply,time_enum,time_search,time_pp
1,0.7573369565217392,6,5,0,0.14285714285714285,0.01046299934387207,0.47395825386047363,9.202957153320312e-05,0.0003998279571533203,0.009969472885131836
