num_events,utilization,reallocations,changes,failures,reallocated_prop,time_compute,time_apply,time_enum,time_search,time_pp
1,0.65,25,46,0,0.423728813559322,0.011441469192504883,0.31418728828430176,0.0005021095275878906,0.0014982223510742188,0.009439229965209961
