num_events,utilization,reallocations,changes,failures,reallocated_prop,time_compute,time_apply,time_enum,time_search,time_pp
1,1.0,9,27,0,0.03260869565217391,0.1053323745727539,0.5655097961425781,0.014820575714111328,0.08087778091430664,0.009631633758544922
