num_events,utilization,reallocations,changes,failures,reallocated_prop,time_compute,time_apply
1,0.8970108695652174,35,54,0,0.22151898734177214,0.01702713966369629,0.5619354248046875
