num_events,utilization,reallocations,changes,failures,reallocated_prop,time_compute,time_apply
1,0.7635869565217391,8,7,0,0.5833333333333334,0.00988149642944336,0.4869980812072754
