num_events,utilization,reallocations,changes,failures,reallocated_prop,time_compute,time_apply,time_enum,time_search,time_pp
1,0.6687160326086956,11,10,0,0.38461538461538464,0.07070279121398926,3.4550282955169678,9.918212890625e-05,0.0005426406860351562,0.07005786895751953
