num_events,utilization,reallocations,changes,failures,reallocated_prop,time_compute,time_apply
1,0.9051630434782608,13,13,0,0.2926829268292683,0.009987831115722656,0.5556349754333496
