num_events,utilization,reallocations,changes,failures,reallocated_prop,time_compute,time_apply,time_enum,time_search,time_pp
1,0.65,8,14,0,0.42105263157894735,0.010717153549194336,0.2958405017852783,0.0005245208740234375,0.0007238388061523438,0.009467124938964844
