num_events,utilization,reallocations,changes,failures,reallocated_prop,time_compute,time_apply,time_enum,time_search,time_pp
1,0.6895380434782609,5,4,0,0.3333333333333333,0.01850748062133789,0.9196879863739014,0.00010895729064941406,0.0003209114074707031,0.018074989318847656
