num_events,utilization,reallocations,changes,failures,reallocated_prop,time_compute,time_apply,time_enum,time_search,time_pp
1,0.670414402173913,15,17,0,0.4827586206896552,0.07142043113708496,3.442373514175415,3.4809112548828125e-05,0.00021529197692871094,0.07116842269897461
