num_events,utilization,reallocations,changes,failures,reallocated_prop,time_compute,time_apply,time_enum,time_search,time_pp
1,0.65,33,50,0,0.23076923076923078,0.013367414474487305,0.3144993782043457,0.0005018711090087891,0.0031805038452148438,0.00968313217163086
