num_events,utilization,reallocations,changes,failures,reallocated_prop,time_compute,time_apply,time_enum,time_search,time_pp
1,0.23804347826086958,1,0,0,0.0,0.010619640350341797,0.14429116249084473,7.963180541992188e-05,0.0013835430145263672,0.009154558181762695
