num_events,utilization,reallocations,changes,failures,reallocated_prop,time_compute,time_apply
1,0.7913043478260869,8,13,0,0.42105263157894735,0.011020660400390625,0.5031771659851074
