num_events,utilization,reallocations,changes,failures,reallocated_prop,time_compute,time_apply,time_enum,time_search,time_pp
1,0.65,45,75,0,0.1939655172413793,0.015122175216674805,0.3193471431732178,0.0005519390106201172,0.0049283504486083984,0.00964045524597168
