num_events,utilization,reallocations,changes,failures,reallocated_prop,time_compute,time_apply,time_enum,time_search,time_pp
1,1.0,22,47,0,0.25,0.08064985275268555,0.6315791606903076,0.01284933090209961,0.058710336685180664,0.009087562561035156
