num_events,utilization,reallocations,changes,failures,reallocated_prop,time_compute,time_apply,time_enum,time_search,time_pp
1,1.0,3,6,0,0.17647058823529413,0.03044891357421875,0.6108107566833496,0.012931108474731445,0.008081674575805664,0.009434938430786133
