num_events,utilization,reallocations,changes,failures,reallocated_prop,time_compute,time_apply,time_enum,time_search,time_pp
1,0.6262228260869566,4,3,0,0.5,0.01797008514404297,0.8752286434173584,3.409385681152344e-05,5.9604644775390625e-05,0.017874479293823242
