num_events,utilization,reallocations,changes,failures,reallocated_prop,time_compute,time_apply,time_enum,time_search,time_pp
1,1.0,38,65,0,0.16740088105726872,0.09259200096130371,0.5758581161499023,0.014864444732666016,0.06810736656188965,0.009617805480957031
