num_events,utilization,reallocations,changes,failures,reallocated_prop,time_compute,time_apply,time_enum,time_search,time_pp
1,0.6757472826086957,3,2,0,0.14285714285714285,0.036896467208862305,1.7759912014007568,9.846687316894531e-05,0.00034880638122558594,0.03644728660583496
