num_events,utilization,reallocations,changes,failures,reallocated_prop,time_compute,time_apply,time_enum,time_search,time_pp
1,0.7567934782608695,34,60,0,0.3617021276595745,0.012355327606201172,0.4572944641113281,0.0005037784576416016,0.002811908721923828,0.00903773307800293
