num_events,utilization,reallocations,changes,failures,reallocated_prop,time_compute,time_apply,time_enum,time_search,time_pp
1,0.65,23,56,0,0.323943661971831,0.07480025291442871,2.4155349731445312,0.0004954338073730469,0.0018336772918701172,0.07246923446655273
