num_events,utilization,reallocations,changes,failures,reallocated_prop,time_compute,time_apply,time_enum,time_search,time_pp
1,0.2793478260869565,1,0,0,0.0,0.011293888092041016,0.1730482578277588,9.465217590332031e-05,0.0017688274383544922,0.009428262710571289
