num_events,utilization,reallocations,changes,failures,reallocated_prop,time_compute,time_apply,time_enum,time_search,time_pp
1,0.3804347826086957,1,0,0,0.0,0.012392520904541016,0.1950521469116211,0.00010371208190917969,0.0024085044860839844,0.00987863540649414
