num_events,utilization,reallocations,changes,failures,reallocated_prop,time_compute,time_apply,time_enum,time_search,time_pp
1,0.7315217391304348,16,15,0,0.45454545454545453,0.009710311889648438,0.45880126953125,9.5367431640625e-05,0.00034737586975097656,0.00926518440246582
