num_events,utilization,reallocations,changes,failures,reallocated_prop,time_compute,time_apply,time_enum,time_search,time_pp
1,1.0,32,71,0,0.3595505617977528,0.10178780555725098,0.6461672782897949,0.014904260635375977,0.07729220390319824,0.00958871841430664
