num_events,utilization,reallocations,changes,failures,reallocated_prop,time_compute,time_apply,time_enum,time_search,time_pp
1,1.0,12,27,0,0.04363636363636364,0.10754013061523438,0.5741853713989258,0.014671802520751953,0.0823369026184082,0.010529279708862305
