num_events,utilization,reallocations,changes,failures,reallocated_prop,time_compute,time_apply
1,0.9057065217391305,25,25,0,0.5714285714285714,0.010215282440185547,0.5501120090484619
