num_events,utilization,reallocations,changes,failures,reallocated_prop,time_compute,time_apply,time_enum,time_search,time_pp
1,0.6614809782608696,6,5,0,0.5,0.036364078521728516,1.7509424686431885,3.528594970703125e-05,7.462501525878906e-05,0.03625202178955078
