num_events,utilization,reallocations,changes,failures,reallocated_prop,time_compute,time_apply
1,0.7035326086956522,6,6,0,0.8333333333333334,0.009862184524536133,0.5128326416015625
