num_events,utilization,reallocations,changes,failures,reallocated_prop,time_compute,time_apply,time_enum,time_search,time_pp
1,0.03260869565217391,1,0,0,0.0,0.010349512100219727,0.08721590042114258,0.00010824203491210938,0.00027060508728027344,0.009968757629394531
