num_events,utilization,reallocations,changes,failures,reallocated_prop,time_compute,time_apply,time_enum,time_search,time_pp
1,1.0,16,48,0,0.04395604395604396,0.12983226776123047,0.5928237438201904,0.014899253845214844,0.10477709770202637,0.010152816772460938
