num_events,utilization,reallocations,changes,failures,reallocated_prop,time_compute,time_apply,time_enum,time_search,time_pp
1,0.65,26,43,0,0.2736842105263158,0.012274980545043945,0.312406063079834,0.0005013942718505859,0.0022313594818115234,0.009540796279907227
