num_events,utilization,reallocations,changes,failures,reallocated_prop,time_compute,time_apply
1,0.7085597826086957,8,11,0,0.47058823529411764,0.07544159889221191,3.888232469558716
