num_events,utilization,reallocations,changes,failures,reallocated_prop,time_compute,time_apply
1,0.9019021739130435,38,62,0,0.3220338983050847,0.014646768569946289,0.5473923683166504
