num_events,utilization,reallocations,changes,failures,reallocated_prop,time_compute,time_apply,time_enum,time_search,time_pp
1,0.2510869565217391,1,0,0,0.0,0.011666297912597656,0.15317702293395996,9.655952453613281e-05,0.001791238784790039,0.009777069091796875
