num_events,utilization,reallocations,changes,failures,reallocated_prop,time_compute,time_apply
1,0.9146739130434782,66,120,0,0.46808510638297873,0.015746355056762695,0.5875787734985352
