num_events,utilization,reallocations,changes,failures,reallocated_prop,time_compute,time_apply
1,0.8970108695652174,25,37,0,0.21367521367521367,0.015900850296020508,0.5638270378112793
