num_events,utilization,reallocations,changes,failures,reallocated_prop,time_compute,time_apply
1,0.8970108695652174,77,139,0,0.5202702702702703,0.01680135726928711,0.5723206996917725
