num_events,utilization,reallocations,changes,failures,reallocated_prop,time_compute,time_apply,time_enum,time_search,time_pp
1,0.6713315217391305,4,7,0,0.4,0.020252466201782227,0.875908613204956,0.0005118846893310547,0.0008754730224609375,0.018862485885620117
