num_events,utilization,reallocations,changes,failures,reallocated_prop,time_compute,time_apply,time_enum,time_search,time_pp
1,1.0,31,93,0,0.09365558912386707,0.12261652946472168,0.6109910011291504,0.014670610427856445,0.09807968139648438,0.009864330291748047
