num_events,utilization,reallocations,changes,failures,reallocated_prop,time_compute,time_apply,time_enum,time_search,time_pp
1,0.3,1,0,0,0.0,0.03700661659240723,0.6142594814300537,0.0004954338073730469,0.0002543926239013672,0.0362551212310791
