num_events,utilization,reallocations,changes,failures,reallocated_prop,time_compute,time_apply,time_enum,time_search,time_pp
1,0.65,71,129,0,0.285140562248996,0.015575885772705078,0.3354337215423584,0.0004992485046386719,0.005387067794799805,0.009688138961791992
