num_events,utilization,reallocations,changes,failures,reallocated_prop,time_compute,time_apply,time_enum,time_search,time_pp
1,0.65,96,225,0,0.20734341252699784,0.020026206970214844,0.34375715255737305,0.0005004405975341797,0.009516000747680664,0.010007381439208984
