num_events,utilization,reallocations,changes,failures,reallocated_prop,time_compute,time_apply,time_enum,time_search,time_pp
1,0.1282608695652174,1,0,0,0.0,0.11424374580383301,0.17972803115844727,0.017693758010864258,0.08751821517944336,0.009029865264892578
