num_events,utilization,reallocations,changes,failures,reallocated_prop,time_compute,time_apply
1,0.8527173913043479,8,7,0,0.4117647058823529,0.01006770133972168,0.5472033023834229
