num_events,utilization,reallocations,changes,failures,reallocated_prop,time_compute,time_apply,time_enum,time_search,time_pp
1,0.6989130434782609,5,4,0,0.5714285714285714,0.008991003036499023,0.4299812316894531,3.361701965332031e-05,6.937980651855469e-05,0.008885383605957031
