num_events,utilization,reallocations,changes,failures,reallocated_prop,time_compute,time_apply,time_enum,time_search,time_pp
1,1.0,52,93,0,0.1580547112462006,0.11877274513244629,0.5821290016174316,0.014749765396118164,0.09421205520629883,0.00980830192565918
