num_events,utilization,reallocations,changes,failures,reallocated_prop,time_compute,time_apply,time_enum,time_search,time_pp
1,1.0,3,5,0,0.21428571428571427,0.03416728973388672,0.5925772190093994,0.015844106674194336,0.008055686950683594,0.01026606559753418
