num_events,utilization,reallocations,changes,failures,reallocated_prop,time_compute,time_apply,time_enum,time_search,time_pp
1,1.0,27,81,0,0.11392405063291139,0.09403562545776367,0.5855255126953125,0.014788389205932617,0.06954360008239746,0.009701251983642578
