num_events,utilization,reallocations,changes,failures,reallocated_prop,time_compute,time_apply,time_enum,time_search,time_pp
1,0.6769701086956522,6,14,0,0.3333333333333333,0.03963589668273926,1.7987606525421143,0.000518798828125,0.0013289451599121094,0.037786245346069336
