num_events,utilization,reallocations,changes,failures,reallocated_prop,time_compute,time_apply
1,0.8972826086956521,18,41,0,0.4186046511627907,0.013301849365234375,0.5514247417449951
