num_events,utilization,reallocations,changes,failures,reallocated_prop,time_compute,time_apply
1,0.9059782608695652,74,139,0,0.4431137724550898,0.020492076873779297,0.7021243572235107
