num_events,utilization,reallocations,changes,failures,reallocated_prop,time_compute,time_apply
1,0.8929347826086956,38,70,0,0.2676056338028169,0.016486406326293945,0.5377535820007324
