num_events,utilization,reallocations,changes,failures,reallocated_prop,time_compute,time_apply,time_enum,time_search,time_pp
1,0.17173913043478262,1,0,0,0.0,0.010504961013793945,0.13001346588134766,0.00010037422180175781,0.0011768341064453125,0.009225845336914062
