num_events,utilization,reallocations,changes,failures,reallocated_prop,time_compute,time_apply,time_enum,time_search,time_pp
1,1.0,37,111,0,0.09635416666666667,0.14047932624816895,0.6006865501403809,0.015703678131103516,0.11485171318054199,0.009921550750732422
