num_events,utilization,reallocations,changes,failures,reallocated_prop,time_compute,time_apply,time_enum,time_search,time_pp
1,0.65,28,54,0,0.2222222222222222,0.013039112091064453,0.3157806396484375,0.0005078315734863281,0.002914905548095703,0.009613752365112305
