num_events,utilization,reallocations,changes,failures,reallocated_prop,time_compute,time_apply,time_enum,time_search,time_pp
1,0.65,30,54,0,0.3448275862068966,0.012189626693725586,0.314023494720459,0.0005056858062744141,0.0021293163299560547,0.009552955627441406
