num_events,utilization,reallocations,changes,failures,reallocated_prop,time_compute,time_apply
1,0.9059782608695652,35,57,0,0.2229299363057325,0.016450166702270508,0.5691311359405518
