num_events,utilization,reallocations,changes,failures,reallocated_prop,time_compute,time_apply,time_enum,time_search,time_pp
1,0.09782608695652174,1,0,0,0.0,0.03693270683288574,0.31806445121765137,3.4809112548828125e-05,0.00016069412231445312,0.03673505783081055
