num_events,utilization,reallocations,changes,failures,reallocated_prop,time_compute,time_apply,time_enum,time_search,time_pp
1,0.09103260869565218,1,0,0,0.0,0.07298564910888672,0.6262476444244385,3.3855438232421875e-05,0.0002894401550292969,0.07266044616699219
