num_events,utilization,reallocations,changes,failures,reallocated_prop,time_compute,time_apply,time_enum,time_search,time_pp
1,0.65,4,10,0,0.2857142857142857,0.07460451126098633,2.365669012069702,0.000499725341796875,0.000553131103515625,0.07354903221130371
