num_events,utilization,reallocations,changes,failures,reallocated_prop,time_compute,time_apply,time_enum,time_search,time_pp
1,0.12282608695652174,1,0,0,0.0,0.11522459983825684,0.18363618850708008,0.01839303970336914,0.0873725414276123,0.009456872940063477
