num_events,utilization,reallocations,changes,failures,reallocated_prop,time_compute,time_apply
1,0.9059782608695652,34,81,0,0.2857142857142857,0.015972614288330078,0.5652468204498291
