num_events,utilization,reallocations,changes,failures,reallocated_prop,time_compute,time_apply,time_enum,time_search,time_pp
1,0.3141304347826087,1,0,0,0.0,0.011856794357299805,0.17409086227416992,9.584426879882812e-05,0.002077817916870117,0.009681224822998047
