num_events,utilization,reallocations,changes,failures,reallocated_prop,time_compute,time_apply,time_enum,time_search,time_pp
1,0.758695652173913,15,31,0,0.4838709677419355,0.011578559875488281,0.4811093807220459,0.0005099773406982422,0.0016002655029296875,0.00946664810180664
