num_events,utilization,reallocations,changes,failures,reallocated_prop,time_compute,time_apply
1,0.9146739130434782,40,52,0,0.31746031746031744,0.014484405517578125,0.5533425807952881
