num_events,utilization,reallocations,changes,failures,reallocated_prop,time_compute,time_apply,time_enum,time_search,time_pp
1,0.29782608695652174,1,0,0,0.0,0.24222731590270996,0.2596323490142822,0.019020795822143555,0.21334600448608398,0.00985860824584961
