num_events,utilization,reallocations,changes,failures,reallocated_prop,time_compute,time_apply,time_enum,time_search,time_pp
1,0.010869565217391304,1,0,0,0.0,0.03970623016357422,0.13430380821228027,0.01827406883239746,0.012121438980102539,0.009309053421020508
