num_events,utilization,reallocations,changes,failures,reallocated_prop,time_compute,time_apply
1,0.9059782608695652,24,46,0,0.4444444444444444,0.013350963592529297,0.5547695159912109
