num_events,utilization,reallocations,changes,failures,reallocated_prop,time_compute,time_apply,time_enum,time_search,time_pp
1,1.0,60,133,0,0.17647058823529413,0.12386059761047363,0.5853497982025146,0.014503717422485352,0.09934759140014648,0.010007143020629883
