num_events,utilization,reallocations,changes,failures,reallocated_prop,time_compute,time_apply,time_enum,time_search,time_pp
1,0.016304347826086956,1,0,0,0.0,0.010396718978881836,0.08102869987487793,0.00010180473327636719,0.00015735626220703125,0.010135889053344727
