num_events,utilization,reallocations,changes,failures,reallocated_prop,time_compute,time_apply,time_enum,time_search,time_pp
1,1.0,85,153,0,0.1827956989247312,0.15758347511291504,0.5902037620544434,0.014693498611450195,0.13280844688415527,0.010079383850097656
