num_events,utilization,reallocations,changes,failures,reallocated_prop,time_compute,time_apply,time_enum,time_search,time_pp
1,0.24456521739130435,1,0,0,0.0,0.03704357147216797,0.48271846771240234,3.2901763916015625e-05,0.00036334991455078125,0.03664541244506836
