num_events,utilization,reallocations,changes,failures,reallocated_prop,time_compute,time_apply,time_enum,time_search,time_pp
1,0.41304347826086957,1,0,0,0.0,0.05404543876647949,0.2891380786895752,0.013485908508300781,0.030857086181640625,0.00970005989074707
