num_events,utilization,reallocations,changes,failures,reallocated_prop,time_compute,time_apply,time_enum,time_search,time_pp
1,1.0,3,3,0,0.3,0.03566741943359375,0.5887513160705566,0.014513969421386719,0.011995553970336914,0.0091552734375
