num_events,utilization,reallocations,changes,failures,reallocated_prop,time_compute,time_apply,time_enum,time_search,time_pp
1,1.0,6,18,0,0.012072434607645875,0.1665663719177246,0.5808897018432617,0.014609098434448242,0.14207148551940918,0.009883642196655273
