num_events,utilization,reallocations,changes,failures,reallocated_prop,time_compute,time_apply,time_enum,time_search,time_pp
1,1.0,5,5,0,0.5555555555555556,0.03612399101257324,0.5962212085723877,0.012570858001708984,0.014644622802734375,0.008906126022338867
