num_events,utilization,reallocations,changes,failures,reallocated_prop,time_compute,time_apply,time_enum,time_search,time_pp
1,0.0,0,0,0,0.0,0.01856827735900879,0.08766865730285645,9.226799011230469e-05,4.982948303222656e-05,0.018424272537231445
