num_events,utilization,reallocations,changes,failures,reallocated_prop,time_compute,time_apply,time_enum,time_search,time_pp
1,0.65,31,57,0,0.38271604938271603,0.011840581893920898,0.3194561004638672,0.0005028247833251953,0.0018880367279052734,0.009448051452636719
