num_events,utilization,reallocations,changes,failures,reallocated_prop,time_compute,time_apply,time_enum,time_search,time_pp
1,0.40217391304347827,1,0,0,0.0,0.05045437812805176,0.27753758430480957,0.012923717498779297,0.028118133544921875,0.009409904479980469
