num_events,utilization,reallocations,changes,failures,reallocated_prop,time_compute,time_apply
1,0.7467391304347826,9,9,0,0.7272727272727273,0.00910639762878418,0.49429893493652344
