num_events,utilization,reallocations,changes,failures,reallocated_prop,time_compute,time_apply,time_enum,time_search,time_pp
1,1.0,27,81,0,0.09310344827586207,0.10961008071899414,0.5755088329315186,0.014681100845336914,0.08512306213378906,0.009803056716918945
