num_events,utilization,reallocations,changes,failures,reallocated_prop,time_compute,time_apply,time_enum,time_search,time_pp
1,0.65,37,67,0,0.38144329896907214,0.012509346008300781,0.3162846565246582,0.0005145072937011719,0.002206563949584961,0.009785652160644531
