num_events,utilization,reallocations,changes,failures,reallocated_prop,time_compute,time_apply,time_enum,time_search,time_pp
1,0.7635869565217391,31,40,0,0.20261437908496732,0.014791488647460938,0.4810631275177002,0.0004949569702148438,0.0043833255767822266,0.009910821914672852
