num_events,utilization,reallocations,changes,failures,reallocated_prop,time_compute,time_apply,time_enum,time_search,time_pp
1,0.08967391304347826,1,0,0,0.0,0.07146334648132324,0.6201918125152588,2.956390380859375e-05,0.00023245811462402344,0.07119894027709961
