num_events,utilization,reallocations,changes,failures,reallocated_prop,time_compute,time_apply,time_enum,time_search,time_pp
1,0.3130434782608696,1,0,0,0.0,0.2409825325012207,0.26322436332702637,0.018065452575683594,0.2135918140411377,0.009323358535766602
