num_events,utilization,reallocations,changes,failures,reallocated_prop,time_compute,time_apply,time_enum,time_search,time_pp
1,1.0,9,18,0,0.21428571428571427,0.036688804626464844,0.5713624954223633,0.013178825378417969,0.014456748962402344,0.009051799774169922
