num_events,utilization,reallocations,changes,failures,reallocated_prop,time_compute,time_apply,time_enum,time_search,time_pp
1,1.0,15,45,0,0.09615384615384616,0.0686347484588623,0.553443193435669,0.013252496719360352,0.046098947525024414,0.009281396865844727
