num_events,utilization,reallocations,changes,failures,reallocated_prop,time_compute,time_apply,time_enum,time_search,time_pp
1,1.0,6,15,0,0.16216216216216217,0.039792537689208984,0.5753970146179199,0.015403509140014648,0.014442682266235352,0.009943962097167969
