num_events,utilization,reallocations,changes,failures,reallocated_prop,time_compute,time_apply,time_enum,time_search,time_pp
1,0.65,40,97,0,0.3333333333333333,0.013125181198120117,0.32238125801086426,0.0005061626434326172,0.002710103988647461,0.009906768798828125
