num_events,utilization,reallocations,changes,failures,reallocated_prop,time_compute,time_apply,time_enum,time_search,time_pp
1,1.0,27,81,0,0.06178489702517163,0.1470649242401123,0.5786342620849609,0.014799118041992188,0.1224522590637207,0.009811162948608398
