num_events,utilization,reallocations,changes,failures,reallocated_prop,time_compute,time_apply,time_enum,time_search,time_pp
1,0.6719429347826087,12,13,0,0.5,0.03720355033874512,1.7727701663970947,3.504753112792969e-05,0.0001251697540283203,0.037041425704956055
