num_events,utilization,reallocations,changes,failures,reallocated_prop,time_compute,time_apply,time_enum,time_search,time_pp
1,1.0,15,33,0,0.06048387096774194,0.1042780876159668,0.5704977512359619,0.015607357025146484,0.07880210876464844,0.00986623764038086
