num_events,utilization,reallocations,changes,failures,reallocated_prop,time_compute,time_apply,time_enum,time_search,time_pp
1,0.65,139,327,0,0.2785571142284569,0.02118372917175293,0.3592643737792969,0.0004990100860595703,0.010489940643310547,0.01019287109375
