num_events,utilization,reallocations,changes,failures,reallocated_prop,time_compute,time_apply,time_enum,time_search,time_pp
1,0.65,8,14,0,0.4,0.010554790496826172,0.3062453269958496,0.0005054473876953125,0.0006985664367675781,0.009348392486572266
