num_events,utilization,reallocations,changes,failures,reallocated_prop,time_compute,time_apply,time_enum,time_search,time_pp
1,0.0008152173913043478,1,0,0,0.0,0.03667473793029785,0.2953958511352539,9.965896606445312e-05,6.079673767089844e-05,0.03651285171508789
