num_events,utilization,reallocations,changes,failures,reallocated_prop,time_compute,time_apply,time_enum,time_search,time_pp
1,0.65,95,181,0,0.2224824355971897,0.021879196166992188,0.37685346603393555,0.0006797313690185547,0.008752107620239258,0.01244497299194336
