num_events,utilization,reallocations,changes,failures,reallocated_prop,time_compute,time_apply,time_enum,time_search,time_pp
1,0.06304347826086956,1,0,0,0.0,0.01062774658203125,0.09601926803588867,0.00010585784912109375,0.0005016326904296875,0.010018348693847656
