num_events,utilization,reallocations,changes,failures,reallocated_prop,time_compute,time_apply,time_enum,time_search,time_pp
1,0.6868206521739131,7,18,0,0.2692307692307692,0.03976750373840332,1.8258092403411865,0.000583648681640625,0.001760244369506836,0.03742170333862305
