num_events,utilization,reallocations,changes,failures,reallocated_prop,time_compute,time_apply,time_enum,time_search,time_pp
1,1.0,68,131,0,0.1650485436893204,0.14153766632080078,0.5954101085662842,0.014583826065063477,0.11697864532470703,0.00997304916381836
