num_events,utilization,reallocations,changes,failures,reallocated_prop,time_compute,time_apply,time_enum,time_search,time_pp
1,0.013043478260869565,1,0,0,0.0,0.039862871170043945,0.3105628490447998,0.00011658668518066406,0.00045490264892578125,0.03928947448730469
