num_events,utilization,reallocations,changes,failures,reallocated_prop,time_compute,time_apply,time_enum,time_search,time_pp
1,0.65,98,189,0,0.2168141592920354,0.019896268844604492,0.3395102024078369,0.0005121231079101562,0.009343862533569336,0.010037422180175781
