num_events,utilization,reallocations,changes,failures,reallocated_prop,time_compute,time_apply,time_enum,time_search,time_pp
1,0.7298913043478261,5,4,0,0.4444444444444444,0.009523868560791016,0.4326937198638916,3.314018249511719e-05,9.965896606445312e-05,0.009388446807861328
