num_events,utilization,reallocations,changes,failures,reallocated_prop,time_compute,time_apply,time_enum,time_search,time_pp
1,0.30434782608695654,1,0,0,0.0,0.2416839599609375,0.2548239231109619,0.018068313598632812,0.21417903900146484,0.009434938430786133
