num_events,utilization,reallocations,changes,failures,reallocated_prop,time_compute,time_apply,time_enum,time_search,time_pp
1,1.0,10,15,0,0.2631578947368421,0.03831744194030762,0.5762887001037598,0.01474905014038086,0.014147520065307617,0.009418964385986328
