num_events,utilization,reallocations,changes,failures,reallocated_prop,time_compute,time_apply,time_enum,time_search,time_pp
1,0.0967391304347826,1,0,0,0.0,0.01034402847290039,0.10474896430969238,9.512901306152344e-05,0.00070953369140625,0.009537935256958008
