num_events,utilization,reallocations,changes,failures,reallocated_prop,time_compute,time_apply,time_enum,time_search,time_pp
1,1.0,62,183,0,0.15085158150851583,0.1413285732269287,0.5893495082855225,0.014740467071533203,0.11667943000793457,0.009906291961669922
