num_events,utilization,reallocations,changes,failures,reallocated_prop,time_compute,time_apply,time_enum,time_search,time_pp
1,0.08831521739130435,1,0,0,0.0,0.07073473930358887,0.6018514633178711,3.1948089599609375e-05,0.000232696533203125,0.07046771049499512
