num_events,utilization,reallocations,changes,failures,reallocated_prop,time_compute,time_apply,time_enum,time_search,time_pp
1,0.10434782608695652,1,0,0,0.0,0.010067462921142578,0.10851740837097168,9.918212890625e-05,0.000759124755859375,0.009207010269165039
