num_events,utilization,reallocations,changes,failures,reallocated_prop,time_compute,time_apply
1,0.8453804347826087,24,26,0,0.696969696969697,0.010566234588623047,0.5200104713439941
