num_events,utilization,reallocations,changes,failures,reallocated_prop,time_compute,time_apply,time_enum,time_search,time_pp
1,0.532608695652174,1,0,0,0.0,0.05944037437438965,0.3264315128326416,0.013092517852783203,0.03685307502746582,0.009490966796875
