num_events,utilization,reallocations,changes,failures,reallocated_prop,time_compute,time_apply,time_enum,time_search,time_pp
1,0.7633152173913044,78,89,0,0.5571428571428572,0.013762235641479492,0.482602596282959,0.0004992485046386719,0.0038967132568359375,0.009363412857055664
