num_events,utilization,reallocations,changes,failures,reallocated_prop,time_compute,time_apply,time_enum,time_search,time_pp
1,0.7622282608695652,17,16,0,0.41025641025641024,0.009810686111450195,0.4675929546356201,8.416175842285156e-05,0.0004208087921142578,0.009304285049438477
