num_events,utilization,reallocations,changes,failures,reallocated_prop,time_compute,time_apply,time_enum,time_search,time_pp
1,0.65,110,178,0,0.25821596244131456,0.01876688003540039,0.32248759269714355,0.0005064010620117188,0.008530139923095703,0.009716033935546875
