num_events,utilization,reallocations,changes,failures,reallocated_prop,time_compute,time_apply,time_enum,time_search,time_pp
1,0.3063858695652174,1,0,0,0.0,0.03685402870178223,1.1443908214569092,0.000522613525390625,0.0003657341003417969,0.035964250564575195
