num_events,utilization,reallocations,changes,failures,reallocated_prop,time_compute,time_apply,time_enum,time_search,time_pp
1,1.0,53,156,0,0.15142857142857144,0.1287074089050293,0.5980117321014404,0.014890670776367188,0.10375475883483887,0.010059833526611328
