num_events,utilization,reallocations,changes,failures,reallocated_prop,time_compute,time_apply,time_enum,time_search,time_pp
1,0.0,0,0,0,0.0,0.010131597518920898,0.04773426055908203,9.179115295410156e-05,3.647804260253906e-05,0.010001420974731445
