num_events,utilization,reallocations,changes,failures,reallocated_prop,time_compute,time_apply
1,0.8929347826086956,25,45,0,0.46296296296296297,0.014482259750366211,0.5512280464172363
