num_events,utilization,reallocations,changes,failures,reallocated_prop,time_compute,time_apply,time_enum,time_search,time_pp
1,0.29130434782608694,1,0,0,0.0,0.011589527130126953,0.15808343887329102,9.465217590332031e-05,0.0018568038940429688,0.009636402130126953
