num_events,utilization,reallocations,changes,failures,reallocated_prop,time_compute,time_apply,time_enum,time_search,time_pp
1,1.0,29,63,0,0.18125,0.06944727897644043,0.5585668087005615,0.013076066970825195,0.04709744453430176,0.009271860122680664
