num_events,utilization,reallocations,changes,failures,reallocated_prop,time_compute,time_apply,time_enum,time_search,time_pp
1,0.65,14,34,0,0.3333333333333333,0.035797119140625,1.1375508308410645,0.00049591064453125,0.001050710678100586,0.03423619270324707
