num_events,utilization,reallocations,changes,failures,reallocated_prop,time_compute,time_apply
1,0.9217391304347826,7,6,0,0.5454545454545454,0.06319522857666016,0.56056809425354
