num_events,utilization,reallocations,changes,failures,reallocated_prop,time_compute,time_apply,time_enum,time_search,time_pp
1,0.65,14,34,0,0.32558139534883723,0.035999298095703125,1.1599936485290527,0.0005004405975341797,0.0011589527130126953,0.03433847427368164
