num_events,utilization,reallocations,changes,failures,reallocated_prop,time_compute,time_apply,time_enum,time_search,time_pp
1,0.0,0,0,0,0.0,0.03495335578918457,0.12647533416748047,0.0004341602325439453,0.00016760826110839844,0.03434944152832031
