num_events,utilization,reallocations,changes,failures,reallocated_prop,time_compute,time_apply,time_enum,time_search,time_pp
1,0.016304347826086956,1,0,0,0.0,0.04692482948303223,0.13672351837158203,0.02174067497253418,0.01584148406982422,0.009340524673461914
