num_events,utilization,reallocations,changes,failures,reallocated_prop,time_compute,time_apply
1,0.9146739130434782,35,51,0,0.3888888888888889,0.0143280029296875,0.5858685970306396
