num_events,utilization,reallocations,changes,failures,reallocated_prop,time_compute,time_apply,time_enum,time_search,time_pp
1,0.6942934782608695,5,4,0,0.13333333333333333,0.03739428520202637,1.8163833618164062,9.942054748535156e-05,0.0006146430969238281,0.03667807579040527
