num_events,utilization,reallocations,changes,failures,reallocated_prop,time_compute,time_apply,time_enum,time_search,time_pp
1,1.0,47,116,0,0.35074626865671643,0.11472034454345703,0.6531980037689209,0.014574289321899414,0.09058260917663574,0.009560108184814453
