num_events,utilization,reallocations,changes,failures,reallocated_prop,time_compute,time_apply
1,0.7342391304347826,7,7,0,0.3157894736842105,0.01881694793701172,1.0018205642700195
