num_events,utilization,reallocations,changes,failures,reallocated_prop,time_compute,time_apply
1,0.7419157608695652,13,13,0,0.631578947368421,0.03756904602050781,2.0032832622528076
