num_events,utilization,reallocations,changes,failures,reallocated_prop,time_compute,time_apply,time_enum,time_search,time_pp
1,0.65,34,44,0,0.1827956989247312,0.014041662216186523,0.315216064453125,0.0005021095275878906,0.004035234451293945,0.009502649307250977
