num_events,utilization,reallocations,changes,failures,reallocated_prop,time_compute,time_apply,time_enum,time_search,time_pp
1,0.7551630434782609,7,16,0,0.4375,0.010900497436523438,0.4820826053619385,0.00051116943359375,0.0012264251708984375,0.00916147232055664
