num_events,utilization,reallocations,changes,failures,reallocated_prop,time_compute,time_apply,time_enum,time_search,time_pp
1,0.6660326086956522,9,8,0,0.42105263157894735,0.07084131240844727,3.4184329509735107,9.870529174804688e-05,0.0004303455352783203,0.07030987739562988
