num_events,utilization,reallocations,changes,failures,reallocated_prop,time_compute,time_apply,time_enum,time_search,time_pp
1,0.0023097826086956523,1,0,0,0.0,0.0752570629119873,0.5934326648712158,0.00010800361633300781,0.0001728534698486328,0.07497406005859375
