num_events,utilization,reallocations,changes,failures,reallocated_prop,time_compute,time_apply,time_enum,time_search,time_pp
1,0.65,9,22,0,0.32142857142857145,0.019298315048217773,0.5934219360351562,0.0004868507385253906,0.0008640289306640625,0.01794576644897461
