num_events,utilization,reallocations,changes,failures,reallocated_prop,time_compute,time_apply,time_enum,time_search,time_pp
1,0.7080163043478261,9,8,0,0.26666666666666666,0.018191099166870117,0.8995983600616455,8.344650268554688e-05,0.0004870891571044922,0.017618894577026367
