num_events,utilization,reallocations,changes,failures,reallocated_prop,time_compute,time_apply,time_enum,time_search,time_pp
1,0.65,78,153,0,0.1776765375854214,0.018714189529418945,0.32833170890808105,0.0005028247833251953,0.008567333221435547,0.009641885757446289
