num_events,utilization,reallocations,changes,failures,reallocated_prop,time_compute,time_apply,time_enum,time_search,time_pp
1,1.0,74,219,0,0.15071283095723015,0.16186261177062988,0.6211535930633545,0.014648675918579102,0.1369612216949463,0.010250329971313477
