num_events,utilization,reallocations,changes,failures,reallocated_prop,time_compute,time_apply
1,0.6519021739130435,3,2,0,0.3333333333333333,0.009599447250366211,0.41761136054992676
