num_events,utilization,reallocations,changes,failures,reallocated_prop,time_compute,time_apply,time_enum,time_search,time_pp
1,0.06847826086956521,1,0,0,0.0,0.011016368865966797,0.1008753776550293,0.00010919570922851562,0.000522613525390625,0.010382652282714844
