num_events,utilization,reallocations,changes,failures,reallocated_prop,time_compute,time_apply,time_enum,time_search,time_pp
1,0.65,89,158,0,0.3463035019455253,0.015874385833740234,0.33043336868286133,0.0005109310150146484,0.0054895877838134766,0.009871959686279297
