num_events,utilization,reallocations,changes,failures,reallocated_prop,time_compute,time_apply,time_enum,time_search,time_pp
1,0.022554347826086958,1,0,0,0.0,0.03701186180114746,0.3168764114379883,0.00010728836059570312,0.0006549358367919922,0.03624773025512695
