num_events,utilization,reallocations,changes,failures,reallocated_prop,time_compute,time_apply,time_enum,time_search,time_pp
1,1.0,1,3,0,0.1111111111111111,0.029605865478515625,0.589461088180542,0.014693737030029297,0.005646228790283203,0.009264945983886719
