num_events,utilization,reallocations,changes,failures,reallocated_prop,time_compute,time_apply,time_enum,time_search,time_pp
1,0.7565217391304347,8,7,0,0.3684210526315789,0.00978994369506836,0.47255754470825195,9.560585021972656e-05,0.000400543212890625,0.00929117202758789
