num_events,utilization,reallocations,changes,failures,reallocated_prop,time_compute,time_apply,time_enum,time_search,time_pp
1,0.01956521739130435,1,0,0,0.0,0.010077238082885742,0.07829475402832031,0.00010466575622558594,0.0001785755157470703,0.009792089462280273
