num_events,utilization,reallocations,changes,failures,reallocated_prop,time_compute,time_apply,time_enum,time_search,time_pp
1,0.65,67,126,0,0.4267515923566879,0.013626813888549805,0.32599711418151855,0.0005197525024414062,0.003421783447265625,0.009683370590209961
