num_events,utilization,reallocations,changes,failures,reallocated_prop,time_compute,time_apply,time_enum,time_search,time_pp
1,0.6832880434782609,14,15,0,0.4482758620689655,0.03644371032714844,1.810100793838501,3.314018249511719e-05,0.00017404556274414062,0.036234140396118164
