num_events,utilization,reallocations,changes,failures,reallocated_prop,time_compute,time_apply,time_enum,time_search,time_pp
1,0.6584578804347826,6,5,0,0.3333333333333333,0.07361721992492676,3.558472156524658,0.00010085105895996094,0.0002532005310058594,0.07326149940490723
