num_events,utilization,reallocations,changes,failures,reallocated_prop,time_compute,time_apply,time_enum,time_search,time_pp
1,0.6942934782608695,6,5,0,0.5,0.018297672271728516,0.941835880279541,3.504753112792969e-05,0.00013780593872070312,0.018122434616088867
