num_events,utilization,reallocations,changes,failures,reallocated_prop,time_compute,time_apply,time_enum,time_search,time_pp
1,0.7146739130434783,9,9,0,0.42105263157894735,0.009310007095336914,0.44976139068603516,3.6716461181640625e-05,9.870529174804688e-05,0.009172677993774414
