num_events,utilization,reallocations,changes,failures,reallocated_prop,time_compute,time_apply,time_enum,time_search,time_pp
1,0.2532608695652174,1,0,0,0.0,0.010723114013671875,0.1519155502319336,9.250640869140625e-05,0.0015325546264648438,0.009095191955566406
