num_events,utilization,reallocations,changes,failures,reallocated_prop,time_compute,time_apply,time_enum,time_search,time_pp
1,0.7084239130434783,9,8,0,0.26666666666666666,0.01779651641845703,0.8721578121185303,8.463859558105469e-05,0.0004925727844238281,0.017217397689819336
