num_events,utilization,reallocations,changes,failures,reallocated_prop,time_compute,time_apply,time_enum,time_search,time_pp
1,0.65,7,17,0,0.30434782608695654,0.010722875595092773,0.2971656322479248,0.0005795955657958984,0.0008375644683837891,0.009304046630859375
