num_events,utilization,reallocations,changes,failures,reallocated_prop,time_compute,time_apply,time_enum,time_search,time_pp
1,0.7633152173913044,49,96,0,0.5833333333333334,0.01211094856262207,0.4767417907714844,0.0004532337188720703,0.0026574134826660156,0.008998394012451172
