num_events,utilization,reallocations,changes,failures,reallocated_prop,time_compute,time_apply,time_enum,time_search,time_pp
1,0.026630434782608695,1,0,0,0.0,0.03812718391418457,0.32079601287841797,9.870529174804688e-05,0.0007867813110351562,0.03724026679992676
