num_events,utilization,reallocations,changes,failures,reallocated_prop,time_compute,time_apply
1,0.7695652173913043,5,4,0,0.4444444444444444,0.011295318603515625,0.496077299118042
