num_events,utilization,reallocations,changes,failures,reallocated_prop,time_compute,time_apply
1,0.7315217391304348,7,7,0,0.5833333333333334,0.020811796188354492,1.0039918422698975
