num_events,utilization,reallocations,changes,failures,reallocated_prop,time_compute,time_apply,time_enum,time_search,time_pp
1,1.0,7,7,0,0.3684210526315789,0.033125877380371094,0.578791618347168,0.014814138412475586,0.00893092155456543,0.009379386901855469
