num_events,utilization,reallocations,changes,failures,reallocated_prop,time_compute,time_apply,time_enum,time_search,time_pp
1,0.42717391304347824,1,0,0,0.0,0.32068920135498047,0.3270862102508545,0.01811361312866211,0.2924315929412842,0.010141611099243164
