num_events,utilization,reallocations,changes,failures,reallocated_prop,time_compute,time_apply,time_enum,time_search,time_pp
1,0.7014945652173913,12,13,0,0.4074074074074074,0.020570993423461914,0.9222123622894287,3.743171691894531e-05,0.00014901161193847656,0.020382404327392578
