num_events,utilization,reallocations,changes,failures,reallocated_prop,time_compute,time_apply,time_enum,time_search,time_pp
1,0.65,14,34,0,0.3333333333333333,0.07354998588562012,2.4190337657928467,0.0004947185516357422,0.0011441707611083984,0.07190871238708496
