num_events,utilization,reallocations,changes,failures,reallocated_prop,time_compute,time_apply,time_enum,time_search,time_pp
1,0.6707540760869565,16,29,0,0.4444444444444444,0.07178711891174316,3.4735631942749023,0.0005214214324951172,0.0018529891967773438,0.06941032409667969
