num_events,utilization,reallocations,changes,failures,reallocated_prop,time_compute,time_apply,time_enum,time_search,time_pp
1,0.6633831521739131,9,21,0,0.3333333333333333,0.07276487350463867,3.528735637664795,0.0005121231079101562,0.001463174819946289,0.07078719139099121
