num_events,utilization,reallocations,changes,failures,reallocated_prop,time_compute,time_apply,time_enum,time_search,time_pp
1,0.65,107,172,0,0.25176470588235295,0.01912069320678711,0.33621907234191895,0.0005059242248535156,0.008678674697875977,0.009933710098266602
