num_events,utilization,reallocations,changes,failures,reallocated_prop,time_compute,time_apply
1,0.9171195652173914,7,8,0,0.6363636363636364,0.34831666946411133,0.5732817649841309
