num_events,utilization,reallocations,changes,failures,reallocated_prop,time_compute,time_apply,time_enum,time_search,time_pp
1,1.0,86,125,0,0.2536873156342183,0.12444567680358887,0.5908207893371582,0.014763116836547852,0.09984445571899414,0.00983572006225586
