num_events,utilization,reallocations,changes,failures,reallocated_prop,time_compute,time_apply,time_enum,time_search,time_pp
1,0.3,1,0,0,0.0,0.025592803955078125,0.15426182746887207,0.013039350509643555,0.003526449203491211,0.009025335311889648
