num_events,utilization,reallocations,changes,failures,reallocated_prop,time_compute,time_apply,time_enum,time_search,time_pp
1,1.0,16,18,0,0.32653061224489793,0.1434323787689209,0.616236686706543,0.019847393035888672,0.11416101455688477,0.009421586990356445
