num_events,utilization,reallocations,changes,failures,reallocated_prop,time_compute,time_apply,time_enum,time_search,time_pp
1,0.6127717391304348,3,2,0,0.4,0.00909876823425293,0.38442397117614746,9.870529174804688e-05,0.00016307830810546875,0.008834600448608398
