num_events,utilization,reallocations,changes,failures,reallocated_prop,time_compute,time_apply,time_enum,time_search,time_pp
1,1.0,2,3,0,0.18181818181818182,0.027579784393310547,0.5545628070831299,0.012807607650756836,0.005944013595581055,0.008826971054077148
