num_events,utilization,reallocations,changes,failures,reallocated_prop,time_compute,time_apply,time_enum,time_search,time_pp
1,0.29347826086956524,1,0,0,0.0,0.22450971603393555,0.25371789932250977,0.017261981964111328,0.19774246215820312,0.009502410888671875
