num_events,utilization,reallocations,changes,failures,reallocated_prop,time_compute,time_apply,time_enum,time_search,time_pp
1,0.65,3,7,0,0.3333333333333333,0.0731208324432373,2.3844449520111084,0.0004963874816894531,0.0004298686981201172,0.07219243049621582
