num_events,utilization,reallocations,changes,failures,reallocated_prop,time_compute,time_apply,time_enum,time_search,time_pp
1,1.0,12,23,0,0.22641509433962265,0.04237055778503418,0.5688738822937012,0.014765739440917969,0.01820206642150879,0.009400367736816406
