num_events,utilization,reallocations,changes,failures,reallocated_prop,time_compute,time_apply,time_enum,time_search,time_pp
1,0.65,7,17,0,0.3181818181818182,0.0370485782623291,1.1831328868865967,0.0004968643188476562,0.0007383823394775391,0.035811424255371094
