num_events,utilization,reallocations,changes,failures,reallocated_prop,time_compute,time_apply,time_enum,time_search,time_pp
1,1.0,5,6,0,0.2777777777777778,0.0327913761138916,0.5931401252746582,0.014801740646362305,0.008555889129638672,0.009431838989257812
