num_events,utilization,reallocations,changes,failures,reallocated_prop,time_compute,time_apply,time_enum,time_search,time_pp
1,0.22717391304347825,1,0,0,0.0,0.011208295822143555,0.1455078125,9.655952453613281e-05,0.0015709400177001953,0.009539604187011719
