num_events,utilization,reallocations,changes,failures,reallocated_prop,time_compute,time_apply
1,0.7407608695652174,11,11,0,0.7692307692307693,0.01860523223876953,0.956047534942627
