num_events,utilization,reallocations,changes,failures,reallocated_prop,time_compute,time_apply,time_enum,time_search,time_pp
1,0.11684782608695653,1,0,0,0.0,0.07232499122619629,0.6640450954437256,3.3855438232421875e-05,0.00035309791564941406,0.07193541526794434
