num_events,utilization,reallocations,changes,failures,reallocated_prop,time_compute,time_apply,time_enum,time_search,time_pp
1,1.0,46,135,0,0.15181518151815182,0.11124420166015625,0.5833101272583008,0.014775276184082031,0.08668684959411621,0.009779691696166992
