num_events,utilization,reallocations,changes,failures,reallocated_prop,time_compute,time_apply
1,0.7175951086956521,23,24,0,0.7586206896551724,0.0727851390838623,3.952627658843994
