num_events,utilization,reallocations,changes,failures,reallocated_prop,time_compute,time_apply,time_enum,time_search,time_pp
1,0.65,39,83,0,0.2653061224489796,0.015738964080810547,0.37023282051086426,0.0006284713745117188,0.003197193145751953,0.011911630630493164
