num_events,utilization,reallocations,changes,failures,reallocated_prop,time_compute,time_apply,time_enum,time_search,time_pp
1,0.13152173913043477,1,0,0,0.0,0.1169893741607666,0.17841601371765137,0.017822265625,0.09004735946655273,0.009117841720581055
