num_events,utilization,reallocations,changes,failures,reallocated_prop,time_compute,time_apply,time_enum,time_search,time_pp
1,0.15489130434782608,1,0,0,0.0,0.03875136375427246,0.3911318778991699,3.4332275390625e-05,0.0002384185791015625,0.03847646713256836
