num_events,utilization,reallocations,changes,failures,reallocated_prop,time_compute,time_apply,time_enum,time_search,time_pp
1,0.65,32,60,0,0.4266666666666667,0.03952980041503906,1.201328992843628,0.0004980564117431641,0.0019354820251464844,0.037094831466674805
