num_events,utilization,reallocations,changes,failures,reallocated_prop,time_compute,time_apply,time_enum,time_search,time_pp
1,0.043478260869565216,1,0,0,0.0,0.010589838027954102,0.09036087989807129,0.00010776519775390625,0.0003521442413330078,0.010127782821655273
