num_events,utilization,reallocations,changes,failures,reallocated_prop,time_compute,time_apply
1,0.9059782608695652,37,65,0,0.2803030303030303,0.015660762786865234,0.5597403049468994
