num_events,utilization,reallocations,changes,failures,reallocated_prop,time_compute,time_apply,time_enum,time_search,time_pp
1,0.6715353260869565,9,8,0,0.2857142857142857,0.07346677780151367,3.550497055053711,9.942054748535156e-05,0.0006277561187744141,0.07273745536804199
