num_events,utilization,reallocations,changes,failures,reallocated_prop,time_compute,time_apply,time_enum,time_search,time_pp
1,0.3076086956521739,1,0,0,0.0,0.011657953262329102,0.17304039001464844,9.322166442871094e-05,0.001943349838256836,0.009619712829589844
