num_events,utilization,reallocations,changes,failures,reallocated_prop,time_compute,time_apply,time_enum,time_search,time_pp
1,0.65,103,245,0,0.2934472934472934,0.01819920539855957,0.3430671691894531,0.0005071163177490234,0.0074269771575927734,0.010263204574584961
