num_events,utilization,reallocations,changes,failures,reallocated_prop,time_compute,time_apply,time_enum,time_search,time_pp
1,1.0,35,63,0,0.20710059171597633,0.07521796226501465,0.5786736011505127,0.014732837677001953,0.05093073844909668,0.009551048278808594
