num_events,utilization,reallocations,changes,failures,reallocated_prop,time_compute,time_apply,time_enum,time_search,time_pp
1,0.09239130434782608,1,0,0,0.0,0.036752939224243164,0.31389355659484863,3.457069396972656e-05,0.00015354156494140625,0.03656315803527832
