num_events,utilization,reallocations,changes,failures,reallocated_prop,time_compute,time_apply
1,0.8502717391304347,9,8,0,0.27586206896551724,0.009694099426269531,0.5173044204711914
