num_events,utilization,reallocations,changes,failures,reallocated_prop,time_compute,time_apply
1,0.7706521739130435,6,10,0,0.42857142857142855,0.011885643005371094,0.5357227325439453
