num_events,utilization,reallocations,changes,failures,reallocated_prop,time_compute,time_apply,time_enum,time_search,time_pp
1,0.716304347826087,8,7,0,0.4666666666666667,0.00969839096069336,0.47904419898986816,0.00010704994201660156,0.000308990478515625,0.009280681610107422
