num_events,utilization,reallocations,changes,failures,reallocated_prop,time_compute,time_apply
1,0.7487771739130434,8,9,0,0.30434782608695654,0.038407325744628906,2.034116506576538
