num_events,utilization,reallocations,changes,failures,reallocated_prop,time_compute,time_apply,time_enum,time_search,time_pp
1,1.0,21,45,0,0.20588235294117646,0.0570683479309082,0.5488440990447998,0.014232158660888672,0.032819509506225586,0.010014533996582031
