num_events,utilization,reallocations,changes,failures,reallocated_prop,time_compute,time_apply,time_enum
1,0.2391304347826087,1,0,0,0.0,0.053234100341796875,0.22275567054748535,0.018290042877197266
