num_events,utilization,reallocations,changes,failures,reallocated_prop,time_compute,time_apply,time_enum,time_search,time_pp
1,0.01847826086956522,1,0,0,0.0,0.045090436935424805,0.1361849308013916,0.018835783004760742,0.017028093338012695,0.009224653244018555
