num_events,utilization,reallocations,changes,failures,reallocated_prop,time_compute,time_apply,time_enum,time_search,time_pp
1,0.18478260869565216,1,0,0,0.0,0.1609821319580078,0.2104511260986328,0.021581172943115234,0.129988431930542,0.009410619735717773
