num_events,utilization,reallocations,changes,failures,reallocated_prop,time_compute,time_apply,time_enum,time_search,time_pp
1,0.9543478260869566,1,2,0,0.14285714285714285,0.031159639358520508,0.5927870273590088,0.014436006546020508,0.0076639652252197266,0.009057044982910156
