num_events,utilization,reallocations,changes,failures,reallocated_prop,time_compute,time_apply,time_enum,time_search,time_pp
1,0.3532608695652174,1,0,0,0.0,0.011576175689697266,0.1904301643371582,8.130073547363281e-05,0.0020525455474853516,0.009440422058105469
