num_events,utilization,reallocations,changes,failures,reallocated_prop,time_compute,time_apply,time_enum,time_search,time_pp
1,0.7633152173913044,63,138,0,0.42567567567567566,0.013927459716796875,0.48766517639160156,0.0004963874816894531,0.004050731658935547,0.009378194808959961
