num_events,utilization,reallocations,changes,failures,reallocated_prop,time_compute,time_apply,time_enum,time_search,time_pp
1,0.6744565217391304,6,5,0,0.22727272727272727,0.03841137886047363,1.7721450328826904,0.00010132789611816406,0.0004703998565673828,0.03783750534057617
