num_events,utilization,reallocations,changes,failures,reallocated_prop,time_compute,time_apply,time_enum,time_search,time_pp
1,0.43369565217391304,1,0,0,0.0,0.3212883472442627,0.32225775718688965,0.018077611923217773,0.2934398651123047,0.009769201278686523
