num_events,utilization,reallocations,changes,failures,reallocated_prop,time_compute,time_apply,time_enum,time_search,time_pp
1,0.6642663043478261,12,13,0,0.4782608695652174,0.07187080383300781,3.602248191833496,3.790855407714844e-05,0.00016546249389648438,0.07166504859924316
