num_events,utilization,reallocations,changes,failures,reallocated_prop,time_compute,time_apply,time_enum,time_search,time_pp
1,0.65,28,68,0,0.32941176470588235,0.01384115219116211,0.3424205780029297,0.0005064010620117188,0.002320528030395508,0.011011600494384766
