num_events,utilization,reallocations,changes,failures,reallocated_prop,time_compute,time_apply,time_enum,time_search,time_pp
1,0.2543478260869565,1,0,0,0.0,0.20244455337524414,0.23349905014038086,0.01773691177368164,0.17528033256530762,0.009425640106201172
