num_events,utilization,reallocations,changes,failures,reallocated_prop,time_compute,time_apply,time_enum,time_search,time_pp
1,1.0,14,39,0,0.15555555555555556,0.052773475646972656,0.5674004554748535,0.014790534973144531,0.028517484664916992,0.009464263916015625
