num_events,utilization,reallocations,changes,failures,reallocated_prop,time_compute,time_apply,time_enum,time_search,time_pp
1,0.08043478260869565,1,0,0,0.0,0.010215520858764648,0.09840726852416992,0.0001010894775390625,0.0005700588226318359,0.009542703628540039
