num_events,utilization,reallocations,changes,failures,reallocated_prop,time_compute,time_apply
1,0.8782608695652174,20,32,0,0.5405405405405406,0.012614965438842773,0.5361583232879639
