num_events,utilization,reallocations,changes,failures,reallocated_prop,time_compute,time_apply,time_enum,time_search,time_pp
1,0.0782608695652174,1,0,0,0.0,0.010196924209594727,0.09783554077148438,9.512901306152344e-05,0.00054931640625,0.009550333023071289
