num_events,utilization,reallocations,changes,failures,reallocated_prop,time_compute,time_apply,time_enum,time_search,time_pp
1,0.25,1,0,0,0.0,0.011131525039672852,0.15369343757629395,0.00010061264038085938,0.001649618148803711,0.009379386901855469
