num_events,utilization,reallocations,changes,failures,reallocated_prop,time_compute,time_apply,time_enum,time_search,time_pp
1,0.019293478260869565,1,0,0,0.0,0.03643536567687988,0.30562376976013184,9.989738464355469e-05,0.0005431175231933594,0.03579068183898926
