num_events,utilization,reallocations,changes,failures,reallocated_prop,time_compute,time_apply,time_enum,time_search,time_pp
1,1.0,29,62,0,0.20714285714285716,0.06430220603942871,0.5542080402374268,0.01331329345703125,0.04180288314819336,0.009183645248413086
