num_events,utilization,reallocations,changes,failures,reallocated_prop,time_compute,time_apply,time_enum,time_search,time_pp
1,0.6597486413043478,9,9,0,0.5,0.07583236694335938,3.4585509300231934,3.457069396972656e-05,0.00011110305786132812,0.0756845474243164
