num_events,utilization,reallocations,changes,failures,reallocated_prop,time_compute,time_apply
1,0.8932065217391304,29,70,0,0.4084507042253521,0.013918876647949219,0.5433850288391113
