num_events,utilization,reallocations,changes,failures,reallocated_prop,time_compute,time_apply,time_enum
1,0.43478260869565216,1,0,0,0.0,0.009522676467895508,0.24083828926086426,0.00011420249938964844
