num_events,utilization,reallocations,changes,failures,reallocated_prop,time_compute,time_apply,time_enum,time_search,time_pp
1,0.20434782608695654,1,0,0,0.0,0.010755538940429688,0.13804054260253906,0.000102996826171875,0.0013887882232666016,0.0092620849609375
