num_events,utilization,reallocations,changes,failures,reallocated_prop,time_compute,time_apply,time_enum,time_search,time_pp
1,0.18043478260869567,1,0,0,0.0,0.15534305572509766,0.21398639678955078,0.01821756362915039,0.12737584114074707,0.009746789932250977
