num_events,utilization,reallocations,changes,failures,reallocated_prop,time_compute,time_apply,time_enum,time_search,time_pp
1,0.3467391304347826,1,0,0,0.0,0.012205839157104492,0.18654084205627441,9.584426879882812e-05,0.0022482872009277344,0.009860038757324219
