num_events,utilization,reallocations,changes,failures,reallocated_prop,time_compute,time_apply,time_enum,time_search,time_pp
1,0.65,144,273,0,0.3,0.020536422729492188,0.34913182258605957,0.0005064010620117188,0.01012277603149414,0.009905099868774414
