num_events,utilization,reallocations,changes,failures,reallocated_prop,time_compute,time_apply,time_enum,time_search,time_pp
1,0.65,28,53,0,0.42424242424242425,0.037661075592041016,1.2078778743743896,0.0004994869232177734,0.0016252994537353516,0.03553271293640137
