num_events,utilization,reallocations,changes,failures,reallocated_prop,time_compute,time_apply,time_enum,time_search,time_pp
1,0.65,23,43,0,0.41818181818181815,0.010368108749389648,0.29242634773254395,0.00042247772216796875,0.001249551773071289,0.00869441032409668
