num_events,utilization,reallocations,changes,failures,reallocated_prop,time_compute,time_apply,time_enum,time_search,time_pp
1,0.65,19,46,0,0.3275862068965517,0.020575523376464844,0.605384349822998,0.0005276203155517578,0.0014946460723876953,0.018551111221313477
