num_events,utilization,reallocations,changes,failures,reallocated_prop,time_compute,time_apply
1,0.7576086956521739,6,6,0,0.8333333333333334,0.008816957473754883,0.48029088973999023
