num_events,utilization,reallocations,changes,failures,reallocated_prop,time_compute,time_apply,time_enum,time_search,time_pp
1,0.09347826086956522,1,0,0,0.0,0.010436058044433594,0.11143159866333008,0.0001049041748046875,0.0007393360137939453,0.009590625762939453
