num_events,utilization,reallocations,changes,failures,reallocated_prop,time_compute,time_apply,time_enum,time_search,time_pp
1,1.0,11,30,0,0.15492957746478872,0.047495365142822266,0.5652878284454346,0.01466679573059082,0.02338576316833496,0.009441614151000977
