num_events,utilization,reallocations,changes,failures,reallocated_prop,time_compute,time_apply,time_enum,time_search,time_pp
1,0.65,157,297,0,0.3210633946830266,0.020786285400390625,0.35324645042419434,0.0005114078521728516,0.010220527648925781,0.010052204132080078
