num_events,utilization,reallocations,changes,failures,reallocated_prop,time_compute,time_apply,time_enum,time_search,time_pp
1,0.65,55,58,0,0.14905149051490515,0.017880916595458984,0.3222324848175049,0.0005104541778564453,0.007600545883178711,0.009768009185791016
