num_events,utilization,reallocations,changes,failures,reallocated_prop,time_compute,time_apply,time_enum,time_search,time_pp
1,0.7567934782608695,26,51,0,0.45614035087719296,0.01171731948852539,0.4816288948059082,0.0005006790161132812,0.0020406246185302734,0.009174346923828125
