num_events,utilization,reallocations,changes,failures,reallocated_prop,time_compute,time_apply,time_enum,time_search,time_pp
1,0.4967391304347826,1,0,0,0.0,0.348480224609375,0.3419947624206543,0.017471790313720703,0.32150721549987793,0.009499311447143555
