num_events,utilization,reallocations,changes,failures,reallocated_prop,time_compute,time_apply,time_enum,time_search,time_pp
1,0.08804347826086957,1,0,0,0.0,0.009984731674194336,0.1011362075805664,8.130073547363281e-05,0.0005536079406738281,0.009348392486572266
