num_events,utilization,reallocations,changes,failures,reallocated_prop,time_compute,time_apply,time_enum,time_search,time_pp
1,0.02391304347826087,1,0,0,0.0,0.009687185287475586,0.07788729667663574,0.00012683868408203125,0.0002090930938720703,0.009349584579467773
