num_events,utilization,reallocations,changes,failures,reallocated_prop,time_compute,time_apply,time_enum,time_search,time_pp
1,1.0,33,54,0,0.2357142857142857,0.11517024040222168,0.6166880130767822,0.013861656188964844,0.09189939498901367,0.009407281875610352
