num_events,utilization,reallocations,changes,failures,reallocated_prop,time_compute,time_apply,time_enum,time_search,time_pp
1,0.30978260869565216,1,0,0,0.0,0.011869192123413086,0.16971707344055176,7.987022399902344e-05,0.001972675323486328,0.009814739227294922
