num_events,utilization,reallocations,changes,failures,reallocated_prop,time_compute,time_apply,time_enum,time_search,time_pp
1,1.0,97,174,0,0.23950617283950618,0.14056396484375,0.5867757797241211,0.015153169631958008,0.11551213264465332,0.009895563125610352
