num_events,utilization,reallocations,changes,failures,reallocated_prop,time_compute,time_apply,time_enum,time_search,time_pp
1,0.65,10,24,0,0.3333333333333333,0.07092142105102539,2.349536180496216,0.0005059242248535156,0.0009100437164306641,0.0695030689239502
