num_events,utilization,reallocations,changes,failures,reallocated_prop,time_compute,time_apply,time_enum,time_search,time_pp
1,0.46956521739130436,1,0,0,0.0,0.0298917293548584,0.45054149627685547,0.014676570892333984,0.006015777587890625,0.009196996688842773
