num_events,utilization,reallocations,changes,failures,reallocated_prop,time_compute,time_apply
1,0.7159646739130435,9,16,0,0.391304347826087,0.07247400283813477,3.7857677936553955
