num_events,utilization,reallocations,changes,failures,reallocated_prop,time_compute,time_apply,time_enum,time_search,time_pp
1,0.016304347826086956,1,0,0,0.0,0.022424697875976562,0.1424274444580078,3.361701965332031e-05,2.7179718017578125e-05,0.02236151695251465
