num_events,utilization,reallocations,changes,failures,reallocated_prop,time_compute,time_apply,time_enum,time_search,time_pp
1,0.65,76,149,0,0.23170731707317074,0.016231298446655273,0.31720542907714844,0.0005085468292236328,0.00637054443359375,0.00935053825378418
