num_events,utilization,reallocations,changes,failures,reallocated_prop,time_compute,time_apply,time_enum,time_search,time_pp
1,0.02717391304347826,1,0,0,0.0,0.05012822151184082,0.14237737655639648,0.018197059631347656,0.022670984268188477,0.009258270263671875
