num_events,utilization,reallocations,changes,failures,reallocated_prop,time_compute,time_apply,time_enum,time_search,time_pp
1,0.9092391304347827,2,2,0,0.16666666666666666,0.0301663875579834,0.5704824924468994,0.01281285285949707,0.00845646858215332,0.008895397186279297
