num_events,utilization,reallocations,changes,failures,reallocated_prop,time_compute,time_apply
1,0.9059782608695652,29,51,0,0.5918367346938775,0.013691902160644531,0.5670297145843506
