num_events,utilization,reallocations,changes,failures,reallocated_prop,time_compute,time_apply,time_enum,time_search,time_pp
1,0.65,16,39,0,0.32653061224489793,0.01080465316772461,0.2948610782623291,0.0004253387451171875,0.0011610984802246094,0.009216070175170898
