num_events,utilization,reallocations,changes,failures,reallocated_prop,time_compute,time_apply,time_enum,time_search,time_pp
1,0.65,68,109,0,0.1687344913151365,0.018788576126098633,0.33957409858703613,0.0005095005035400391,0.008439064025878906,0.009838342666625977
