num_events,utilization,reallocations,changes,failures,reallocated_prop,time_compute,time_apply
1,0.9059782608695652,18,45,0,0.391304347826087,0.01408243179321289,0.5556685924530029
