num_events,utilization,reallocations,changes,failures,reallocated_prop,time_compute,time_apply,time_enum,time_search,time_pp
1,0.6621603260869565,14,15,0,0.5,0.07413649559020996,3.508138418197632,3.457069396972656e-05,0.00016307830810546875,0.07393717765808105
