num_events,utilization,reallocations,changes,failures,reallocated_prop,time_compute,time_apply,time_enum,time_search,time_pp
1,0.6552989130434783,2,5,0,0.2857142857142857,0.07497119903564453,3.507558822631836,0.0005266666412353516,0.000705718994140625,0.07373642921447754
