num_events,utilization,reallocations,changes,failures,reallocated_prop,time_compute,time_apply,time_enum,time_search,time_pp
1,1.0,9,24,0,0.15789473684210525,0.04181408882141113,0.5545740127563477,0.013615846633911133,0.01886296272277832,0.009333372116088867
