num_events,utilization,reallocations,changes,failures,reallocated_prop,time_compute,time_apply,time_enum
1,0.42391304347826086,1,0,0,0.0,0.06905937194824219,0.29764580726623535,0.01820659637451172
