num_events,utilization,reallocations,changes,failures,reallocated_prop,time_compute,time_apply,time_enum,time_search,time_pp
1,0.65,37,70,0,0.42528735632183906,0.07173609733581543,2.377743721008301,0.0005121231079101562,0.0019071102142333984,0.06931495666503906
