num_events,utilization,reallocations,changes,failures,reallocated_prop,time_compute,time_apply,time_enum,time_search,time_pp
1,0.65,11,27,0,0.3142857142857143,0.009775161743164062,0.2812373638153076,0.00041747093200683594,0.00087738037109375,0.008478641510009766
