num_events,utilization,reallocations,changes,failures,reallocated_prop,time_compute,time_apply,time_enum,time_search,time_pp
1,0.65,28,68,0,0.32941176470588235,0.07768940925598145,2.397690773010254,0.0005087852478027344,0.0020716190338134766,0.07510733604431152
