num_events,utilization,reallocations,changes,failures,reallocated_prop,time_compute,time_apply,time_enum,time_search,time_pp
1,0.7633152173913044,23,31,0,0.19658119658119658,0.013117074966430664,0.472398042678833,0.0004999637603759766,0.0033740997314453125,0.009240865707397461
