num_events,utilization,reallocations,changes,failures,reallocated_prop,time_compute,time_apply,time_enum,time_search,time_pp
1,0.7567934782608695,38,49,0,0.3114754098360656,0.013594627380371094,0.47025418281555176,0.0005004405975341797,0.003625154495239258,0.009467363357543945
