num_events,utilization,reallocations,changes,failures,reallocated_prop,time_compute,time_apply,time_enum,time_search,time_pp
1,0.17608695652173914,1,0,0,0.0,0.14971375465393066,0.20642900466918945,0.019434690475463867,0.1207585334777832,0.009517431259155273
