num_events,utilization,reallocations,changes,failures,reallocated_prop,time_compute,time_apply,time_enum,time_search,time_pp
1,0.7633152173913044,14,32,0,0.4375,0.01136016845703125,0.47049999237060547,0.0004994869232177734,0.0016543865203857422,0.009204626083374023
