num_events,utilization,reallocations,changes,failures,reallocated_prop,time_compute,time_apply,time_enum,time_search,time_pp
1,0.08586956521739131,1,0,0,0.0,0.011232614517211914,0.10635066032409668,0.00010728836059570312,0.0006597042083740234,0.010463953018188477
