num_events,utilization,reallocations,changes,failures,reallocated_prop,time_compute,time_apply,time_enum,time_search,time_pp
1,0.5152173913043478,1,0,0,0.0,0.3699026107788086,0.3474915027618408,0.019278287887573242,0.34049010276794434,0.0101318359375
