num_events,utilization,reallocations,changes,failures,reallocated_prop,time_compute,time_apply,time_enum,time_search,time_pp
1,1.0,17,48,0,0.15315315315315314,0.054311513900756836,0.5510604381561279,0.012997627258300781,0.03242754936218262,0.008884429931640625
