num_events,utilization,reallocations,changes,failures,reallocated_prop,time_compute,time_apply,time_enum,time_search,time_pp
1,0.65,69,153,0,0.3165137614678899,0.014369487762451172,0.32458996772766113,0.000423431396484375,0.004602193832397461,0.009342193603515625
