num_events,utilization,reallocations,changes,failures,reallocated_prop,time_compute,time_apply,time_enum,time_search,time_pp
1,0.10217391304347827,1,0,0,0.0,0.011048078536987305,0.1077268123626709,9.179115295410156e-05,0.0006563663482666016,0.010298490524291992
