num_events,utilization,reallocations,changes,failures,reallocated_prop,time_compute,time_apply,time_enum,time_search,time_pp
1,0.6927309782608696,17,18,0,0.43243243243243246,0.03754544258117676,1.8152272701263428,3.743171691894531e-05,0.0002415180206298828,0.03726506233215332
