num_events,utilization,reallocations,changes,failures,reallocated_prop,time_compute,time_apply,time_enum,time_search,time_pp
1,0.1641304347826087,1,0,0,0.0,0.010554790496826172,0.12586331367492676,9.775161743164062e-05,0.001102447509765625,0.009352922439575195
