num_events,utilization,reallocations,changes,failures,reallocated_prop,time_compute,time_apply,time_enum,time_search,time_pp
1,0.65,110,178,0,0.25821596244131456,0.01905083656311035,0.3369584083557129,0.0005056858062744141,0.008700847625732422,0.009842157363891602
