num_events,utilization,reallocations,changes,failures,reallocated_prop,time_compute,time_apply,time_enum,time_search,time_pp
1,0.9608695652173913,4,5,0,0.5714285714285714,0.03854703903198242,0.5915162563323975,0.01336812973022461,0.015389680862426758,0.009786605834960938
