num_events,utilization,reallocations,changes,failures,reallocated_prop,time_compute,time_apply,time_enum
1,0.44565217391304346,1,0,0,0.0,0.010273218154907227,0.2512679100036621,0.0001456737518310547
