num_events,utilization,reallocations,changes,failures,reallocated_prop,time_compute,time_apply,time_enum,time_search,time_pp
1,0.0891304347826087,1,0,0,0.0,0.010338544845581055,0.10197854042053223,0.00010633468627929688,0.0006618499755859375,0.00956869125366211
