num_events,utilization,reallocations,changes,failures,reallocated_prop,time_compute,time_apply,time_enum,time_search,time_pp
1,0.3847826086956522,1,0,0,0.0,0.011775970458984375,0.19209814071655273,8.153915405273438e-05,0.0022079944610595703,0.009484052658081055
