num_events,utilization,reallocations,changes,failures,reallocated_prop,time_compute,time_apply,time_enum,time_search,time_pp
1,1.0,38,56,0,0.30158730158730157,0.06330132484436035,0.5746328830718994,0.014688253402709961,0.03904461860656738,0.00956583023071289
