num_events,utilization,reallocations,changes,failures,reallocated_prop,time_compute,time_apply,time_enum,time_search,time_pp
1,1.0,45,99,0,0.20270270270270271,0.09065389633178711,0.5808351039886475,0.01469874382019043,0.0661468505859375,0.009806394577026367
