num_events,utilization,reallocations,changes,failures,reallocated_prop,time_compute,time_apply,time_enum,time_search,time_pp
1,1.0,13,29,0,0.2826086956521739,0.0858924388885498,0.6333341598510742,0.015016794204711914,0.06114029884338379,0.009732246398925781
