num_events,utilization,reallocations,changes,failures,reallocated_prop,time_compute,time_apply,time_enum
1,0.043478260869565216,1,0,0,0.0,0.010693073272705078,0.1213076114654541,0.0001513957977294922
