num_events,utilization,reallocations,changes,failures,reallocated_prop,time_compute,time_apply,time_enum,time_search,time_pp
1,1.0,8,14,0,0.23529411764705882,0.03719806671142578,0.5691666603088379,0.014756202697753906,0.012970447540283203,0.009470462799072266
