num_events,utilization,reallocations,changes,failures,reallocated_prop,time_compute,time_apply,time_enum,time_search,time_pp
1,0.65,25,46,0,0.423728813559322,0.03775501251220703,1.207439661026001,0.0004990100860595703,0.0014882087707519531,0.0357661247253418
