num_events,utilization,reallocations,changes,failures,reallocated_prop,time_compute,time_apply,time_enum,time_search,time_pp
1,1.0,76,94,0,0.5390070921985816,0.11061382293701172,0.6530764102935791,0.01462697982788086,0.08636927604675293,0.009614706039428711
