num_events,utilization,reallocations,changes,failures,reallocated_prop,time_compute,time_apply,time_enum,time_search,time_pp
1,0.24456521739130435,1,0,0,0.0,0.037339210510253906,0.48479437828063965,3.314018249511719e-05,0.0003676414489746094,0.036936283111572266
