num_events,utilization,reallocations,changes,failures,reallocated_prop,time_compute,time_apply,time_enum,time_search,time_pp
1,0.65,4,10,0,0.2857142857142857,0.07563972473144531,2.3675196170806885,0.0005443096160888672,0.0005507469177246094,0.07454204559326172
