num_events,utilization,reallocations,changes,failures,reallocated_prop,time_compute,time_apply,time_enum,time_search,time_pp
1,0.65,111,269,0,0.30919220055710306,0.01804375648498535,0.34920382499694824,0.0005013942718505859,0.007401704788208008,0.010138750076293945
