num_events,utilization,reallocations,changes,failures,reallocated_prop,time_compute,time_apply,time_enum,time_search,time_pp
1,0.65,5,9,0,0.38461538461538464,0.01029515266418457,0.29707860946655273,0.0005257129669189453,0.0005233287811279297,0.009243965148925781
