num_events,utilization,reallocations,changes,failures,reallocated_prop,time_compute,time_apply,time_enum,time_search,time_pp
1,0.3076086956521739,1,0,0,0.0,0.011721134185791016,0.17104148864746094,0.00010085105895996094,0.0019991397857666016,0.00961923599243164
