num_events,utilization,reallocations,changes,failures,reallocated_prop,time_compute,time_apply,time_enum,time_search,time_pp
1,0.65,40,66,0,0.2777777777777778,0.01310873031616211,0.3207123279571533,0.0005471706390380859,0.003186941146850586,0.009372711181640625
