num_events,utilization,reallocations,changes,failures,reallocated_prop,time_compute,time_apply
1,0.7177989130434783,7,8,0,0.5384615384615384,0.03888225555419922,1.9856555461883545
