num_events,utilization,reallocations,changes,failures,reallocated_prop,time_compute,time_apply,time_enum,time_search,time_pp
1,0.1358695652173913,1,0,0,0.0,0.01855182647705078,0.18375778198242188,3.4332275390625e-05,0.00011467933654785156,0.018400907516479492
