num_events,utilization,reallocations,changes,failures,reallocated_prop,time_compute,time_apply,time_enum,time_search,time_pp
1,0.20434782608695654,1,0,0,0.0,0.17157411575317383,0.2188870906829834,0.01825714111328125,0.14378118515014648,0.00953364372253418
