num_events,utilization,reallocations,changes,failures,reallocated_prop,time_compute,time_apply,time_enum,time_search,time_pp
1,0.2358695652173913,1,0,0,0.0,0.01056528091430664,0.14770936965942383,8.130073547363281e-05,0.0013728141784667969,0.009109258651733398
