num_events,utilization,reallocations,changes,failures,reallocated_prop,time_compute,time_apply,time_enum,time_search,time_pp
1,0.65,30,73,0,0.32967032967032966,0.021174907684326172,0.6049175262451172,0.0005350112915039062,0.0022149085998535156,0.018422842025756836
