num_events,utilization,reallocations,changes,failures,reallocated_prop,time_compute,time_apply,time_enum,time_search,time_pp
1,0.65,99,237,0,0.28285714285714286,0.017520427703857422,0.34229159355163574,0.00051116943359375,0.007220268249511719,0.009786367416381836
