num_events,utilization,reallocations,changes,failures,reallocated_prop,time_compute,time_apply,time_enum,time_search,time_pp
1,0.7551630434782609,8,14,0,0.5714285714285714,0.011131525039672852,0.49306631088256836,0.0005526542663574219,0.0012009143829345703,0.00937652587890625
