num_events,utilization,reallocations,changes,failures,reallocated_prop,time_compute,time_apply,time_enum,time_search,time_pp
1,0.65,2,5,0,0.2857142857142857,0.03707623481750488,1.1772758960723877,0.0004937648773193359,0.0003762245178222656,0.036203861236572266
