num_events,utilization,reallocations,changes,failures,reallocated_prop,time_compute,time_apply,time_enum,time_search,time_pp
1,0.6660665760869565,17,20,0,0.47058823529411764,0.07064986228942871,3.557664632797241,3.457069396972656e-05,0.000202178955078125,0.07041072845458984
