num_events,utilization,reallocations,changes,failures,reallocated_prop,time_compute,time_apply,time_enum,time_search,time_pp
1,1.0,21,48,0,0.19444444444444445,0.0543828010559082,0.5521488189697266,0.013018608093261719,0.03206324577331543,0.009298563003540039
