num_events,utilization,reallocations,changes,failures,reallocated_prop,time_compute,time_apply
1,0.8929347826086956,32,59,0,0.49230769230769234,0.014966011047363281,0.5517446994781494
