num_events,utilization,reallocations,changes,failures,reallocated_prop,time_compute,time_apply
1,0.8105978260869565,9,9,0,0.38095238095238093,0.00995779037475586,0.5139157772064209
