num_events,utilization,reallocations,changes,failures,reallocated_prop,time_compute,time_apply
1,0.7578804347826087,5,4,0,0.36363636363636365,0.009907007217407227,0.5181739330291748
