num_events,utilization,reallocations,changes,failures,reallocated_prop,time_compute,time_apply,time_enum,time_search,time_pp
1,1.0,14,28,0,0.358974358974359,0.07039093971252441,0.5835025310516357,0.012578487396240234,0.048776865005493164,0.009032964706420898
