num_events,utilization,reallocations,changes,failures,reallocated_prop,time_compute,time_apply,time_enum,time_search,time_pp
1,0.6609714673913043,9,17,0,0.42857142857142855,0.07478570938110352,3.4269120693206787,0.0005128383636474609,0.001241922378540039,0.0730288028717041
