num_events,utilization,reallocations,changes,failures,reallocated_prop,time_compute,time_apply
1,0.733491847826087,11,18,0,0.4074074074074074,0.03806495666503906,1.9255518913269043
