num_events,utilization,reallocations,changes,failures,reallocated_prop,time_compute,time_apply,time_enum,time_search,time_pp
1,0.47119565217391307,3,2,0,0.6666666666666666,0.038529157638549805,0.45421504974365234,0.018766403198242188,0.010484695434570312,0.00927591323852539
