num_events,utilization,reallocations,changes,failures,reallocated_prop,time_compute,time_apply,time_enum,time_search,time_pp
1,1.0,5,6,0,0.2777777777777778,0.03326129913330078,0.5920813083648682,0.014838218688964844,0.008757591247558594,0.009663581848144531
