num_events,utilization,reallocations,changes,failures,reallocated_prop,time_compute,time_apply,time_enum,time_search,time_pp
1,0.65,39,83,0,0.26174496644295303,0.013414621353149414,0.3196721076965332,0.0005164146423339844,0.0033004283905029297,0.009596109390258789
