num_events,utilization,reallocations,changes,failures,reallocated_prop,time_compute,time_apply,time_enum,time_search,time_pp
1,0.03804347826086957,1,0,0,0.0,0.022792577743530273,0.15288901329040527,4.100799560546875e-05,6.103515625e-05,0.022688865661621094
