num_events,utilization,reallocations,changes,failures,reallocated_prop,time_compute,time_apply
1,0.7671195652173913,4,3,0,0.42857142857142855,0.013891935348510742,0.5445115566253662
