num_events,utilization,reallocations,changes,failures,reallocated_prop,time_compute,time_apply,time_enum,time_search,time_pp
1,0.65,83,189,0,0.24702380952380953,0.017257213592529297,0.3372802734375,0.0005021095275878906,0.0070149898529052734,0.009737968444824219
