num_events,utilization,reallocations,changes,failures,reallocated_prop,time_compute,time_apply,time_enum,time_search,time_pp
1,0.65,121,231,0,0.25910064239828695,0.02025747299194336,0.34061264991760254,0.0005064010620117188,0.009778261184692383,0.009970903396606445
