num_events,utilization,reallocations,changes,failures,reallocated_prop,time_compute,time_apply,time_enum,time_search,time_pp
1,0.010326086956521738,1,0,0,0.0,0.018495559692382812,0.1457364559173584,9.679794311523438e-05,0.0001735687255859375,0.018223285675048828
