num_events,utilization,reallocations,changes,failures,reallocated_prop,time_compute,time_apply,time_enum,time_search,time_pp
1,0.007065217391304348,1,0,0,0.0,0.018476247787475586,0.14515304565429688,8.320808410644531e-05,0.00010943412780761719,0.018282175064086914
