num_events,utilization,reallocations,changes,failures,reallocated_prop,time_compute,time_apply,time_enum,time_search,time_pp
1,0.20978260869565218,1,0,0,0.0,0.010793924331665039,0.13927793502807617,9.846687316894531e-05,0.0013666152954101562,0.009327411651611328
