num_events,utilization,reallocations,changes,failures,reallocated_prop,time_compute,time_apply,time_enum,time_search,time_pp
1,0.37282608695652175,1,0,0,0.0,0.012143373489379883,0.19457411766052246,0.00010275840759277344,0.002315521240234375,0.009723663330078125
