num_events,utilization,reallocations,changes,failures,reallocated_prop,time_compute,time_apply,time_enum,time_search,time_pp
1,0.10326086956521739,1,0,0,0.0,0.009510993957519531,0.09798097610473633,7.987022399902344e-05,0.0006399154663085938,0.008789300918579102
