num_events,utilization,reallocations,changes,failures,reallocated_prop,time_compute,time_apply,time_enum,time_search,time_pp
1,0.5010869565217392,1,0,0,0.0,0.3735027313232422,0.3569760322570801,0.018383264541625977,0.3448324203491211,0.010284900665283203
