num_events,utilization,reallocations,changes,failures,reallocated_prop,time_compute,time_apply,time_enum,time_search,time_pp
1,1.0,45,78,0,0.25280898876404495,0.07940936088562012,0.5784749984741211,0.01488184928894043,0.054070472717285156,0.010455131530761719
