num_events,utilization,reallocations,changes,failures,reallocated_prop,time_compute,time_apply,time_enum,time_search,time_pp
1,0.11956521739130435,1,0,0,0.0,0.010402441024780273,0.09553384780883789,3.743171691894531e-05,6.008148193359375e-05,0.010303258895874023
