num_events,utilization,reallocations,changes,failures,reallocated_prop,time_compute,time_apply,time_enum,time_search,time_pp
1,1.0,2,5,0,0.15384615384615385,0.031167268753051758,0.589606761932373,0.01499319076538086,0.006931304931640625,0.009241580963134766
