num_events,utilization,reallocations,changes,failures,reallocated_prop,time_compute,time_apply,time_enum,time_search,time_pp
1,1.0,62,183,0,0.15085158150851583,0.14700078964233398,0.5938785076141357,0.01512455940246582,0.12142419815063477,0.010449886322021484
