num_events,utilization,reallocations,changes,failures,reallocated_prop,time_compute,time_apply,time_enum,time_search,time_pp
1,0.04076086956521739,1,0,0,0.0,0.018943071365356445,0.16739916801452637,9.942054748535156e-05,0.0005834102630615234,0.018258333206176758
