num_events,utilization,reallocations,changes,failures,reallocated_prop,time_compute,time_apply,time_enum,time_search,time_pp
1,1.0,101,183,0,0.2469437652811736,0.14211750030517578,0.6148271560668945,0.014661788940429688,0.1175374984741211,0.009916067123413086
