num_events,utilization,reallocations,changes,failures,reallocated_prop,time_compute,time_apply,time_enum,time_search,time_pp
1,1.0,40,90,0,0.31007751937984496,0.1180562973022461,0.64630126953125,0.015347719192504883,0.09289240837097168,0.009812593460083008
