num_events,utilization,reallocations,changes,failures,reallocated_prop,time_compute,time_apply,time_enum,time_search,time_pp
1,0.1,1,0,0,0.0,0.010460138320922852,0.11284971237182617,9.632110595703125e-05,0.0007264614105224609,0.00963592529296875
