num_events,utilization,reallocations,changes,failures,reallocated_prop,time_compute,time_apply
1,0.7644021739130434,6,9,0,0.42857142857142855,0.011400222778320312,0.49426841735839844
