num_events,utilization,reallocations,changes,failures,reallocated_prop,time_compute,time_apply,time_enum,time_search,time_pp
1,0.03260869565217391,1,0,0,0.0,0.05375075340270996,0.14219880104064941,0.018598079681396484,0.025905847549438477,0.009244680404663086
