num_events,utilization,reallocations,changes,failures,reallocated_prop,time_compute,time_apply,time_enum,time_search,time_pp
1,0.06195652173913044,1,0,0,0.0,0.07027697563171387,0.15651941299438477,0.01816701889038086,0.042667388916015625,0.009440898895263672
