num_events,utilization,reallocations,changes,failures,reallocated_prop,time_compute,time_apply,time_enum,time_search,time_pp
1,0.07608695652173914,1,0,0,0.0,0.010889291763305664,0.09950804710388184,0.00010251998901367188,0.0005807876586914062,0.010204076766967773
