num_events,utilization,reallocations,changes,failures,reallocated_prop,time_compute,time_apply,time_enum,time_search,time_pp
1,0.10869565217391304,1,0,0,0.0,0.010788917541503906,0.09155821800231934,3.814697265625e-05,5.5789947509765625e-05,0.010692834854125977
