num_events,utilization,reallocations,changes,failures,reallocated_prop,time_compute,time_apply,time_enum,time_search,time_pp
1,0.65,29,50,0,0.20422535211267606,0.013187885284423828,0.314424991607666,0.0005013942718505859,0.0031723976135253906,0.009512662887573242
