num_events,utilization,reallocations,changes,failures,reallocated_prop,time_compute,time_apply,time_enum,time_search,time_pp
1,0.21739130434782608,1,0,0,0.0,0.010001420974731445,0.11484026908874512,3.743171691894531e-05,0.00010013580322265625,0.009862422943115234
