num_events,utilization,reallocations,changes,failures,reallocated_prop,time_compute,time_apply,time_enum,time_search,time_pp
1,0.006657608695652174,1,0,0,0.0,0.0761418342590332,0.6129345893859863,8.296966552734375e-05,0.0003523826599121094,0.07570433616638184
