num_events,utilization,reallocations,changes,failures,reallocated_prop,time_compute,time_apply
1,0.8872282608695652,21,35,0,0.5833333333333334,0.012892007827758789,0.549281120300293
