num_events,utilization,reallocations,changes,failures,reallocated_prop,time_compute,time_apply,time_enum,time_search,time_pp
1,0.45536684782608694,2,2,0,0.3333333333333333,0.03745627403259277,1.4097387790679932,0.0005164146423339844,0.00039696693420410156,0.036540985107421875
