num_events,utilization,reallocations,changes,failures,reallocated_prop,time_compute,time_apply,time_enum,time_search,time_pp
1,0.006521739130434782,1,0,0,0.0,0.010409116744995117,0.08215594291687012,0.00010514259338378906,8.726119995117188e-05,0.010214805603027344
