num_events,utilization,reallocations,changes,failures,reallocated_prop,time_compute,time_apply
1,0.9146739130434782,42,73,0,0.3181818181818182,0.016878604888916016,0.5622382164001465
