num_events,utilization,reallocations,changes,failures,reallocated_prop,time_compute,time_apply,time_enum,time_search,time_pp
1,0.043478260869565216,1,0,0,0.0,0.07311367988586426,0.5288791656494141,3.3855438232421875e-05,0.00014162063598632812,0.0729362964630127
