num_events,utilization,reallocations,changes,failures,reallocated_prop,time_compute,time_apply,time_enum,time_search,time_pp
1,0.20978260869565218,1,0,0,0.0,0.010332107543945312,0.13141179084777832,8.249282836914062e-05,0.0013995170593261719,0.008848428726196289
