num_events,utilization,reallocations,changes,failures,reallocated_prop,time_compute,time_apply,time_enum,time_search,time_pp
1,0.009782608695652175,1,0,0,0.0,0.01058650016784668,0.08226990699768066,0.00010228157043457031,0.00011157989501953125,0.010371208190917969
