num_events,utilization,reallocations,changes,failures,reallocated_prop,time_compute,time_apply,time_enum,time_search,time_pp
1,0.65,25,61,0,0.3246753246753247,0.039580583572387695,1.2038922309875488,0.0004992485046386719,0.0019490718841552734,0.037130117416381836
