num_events,utilization,reallocations,changes,failures,reallocated_prop,time_compute,time_apply,time_enum,time_search,time_pp
1,0.3217391304347826,1,0,0,0.0,0.26379966735839844,0.2700018882751465,0.01919245719909668,0.23495697975158691,0.009648323059082031
