num_events,utilization,reallocations,changes,failures,reallocated_prop,time_compute,time_apply,time_enum,time_search,time_pp
1,1.0,17,22,0,0.4857142857142857,0.06528258323669434,0.593900203704834,0.012664079666137695,0.04339599609375,0.009220361709594727
