num_events,utilization,reallocations,changes,failures,reallocated_prop,time_compute,time_apply
1,0.7116168478260869,4,3,0,0.42857142857142855,0.04677939414978027,2.344768524169922
