num_events,utilization,reallocations,changes,failures,reallocated_prop,time_compute,time_apply,time_enum,time_search,time_pp
1,1.0,27,49,0,0.35526315789473684,0.08986473083496094,0.6298396587371826,0.014600992202758789,0.06586623191833496,0.009394407272338867
