num_events,utilization,reallocations,changes,failures,reallocated_prop,time_compute,time_apply,time_enum,time_search,time_pp
1,0.6643342391304348,3,2,0,0.08,0.0725405216217041,3.5470516681671143,0.00010371208190917969,0.00041103363037109375,0.07202339172363281
