num_events,utilization,reallocations,changes,failures,reallocated_prop,time_compute,time_apply,time_enum,time_search,time_pp
1,0.21467391304347827,1,0,0,0.0,0.03717231750488281,0.4527404308319092,3.361701965332031e-05,0.00032138824462890625,0.03681588172912598
