num_events,utilization,reallocations,changes,failures,reallocated_prop,time_compute,time_apply,time_enum,time_search,time_pp
1,0.65,75,165,0,0.22727272727272727,0.01746654510498047,0.3329954147338867,0.0005028247833251953,0.006916522979736328,0.01004481315612793
