num_events,utilization,reallocations,changes,failures,reallocated_prop,time_compute,time_apply,time_enum,time_search,time_pp
1,0.65,21,51,0,0.328125,0.02038288116455078,0.605170488357544,0.0004899501800537109,0.001569509506225586,0.018321514129638672
