num_events,utilization,reallocations,changes,failures,reallocated_prop,time_compute,time_apply,time_enum,time_search,time_pp
1,0.5978260869565217,1,0,0,0.0,0.06378817558288574,0.36396098136901855,0.012934684753417969,0.041460514068603516,0.009390592575073242
