num_events,utilization,reallocations,changes,failures,reallocated_prop,time_compute,time_apply,time_enum,time_search,time_pp
1,1.0,4,6,0,0.26666666666666666,0.03207135200500488,0.5855145454406738,0.01484990119934082,0.007635593414306641,0.00958395004272461
