num_events,utilization,reallocations,changes,failures,reallocated_prop,time_compute,time_apply,time_enum,time_search,time_pp
1,1.0,9,21,0,0.1875,0.040528059005737305,0.5586538314819336,0.0135955810546875,0.017392635345458984,0.009538412094116211
