num_events,utilization,reallocations,changes,failures,reallocated_prop,time_compute,time_apply,time_enum,time_search,time_pp
1,1.0,28,64,0,0.39436619718309857,0.09716176986694336,0.6408405303955078,0.015143871307373047,0.07215499877929688,0.009860038757324219
