num_events,utilization,reallocations,changes,failures,reallocated_prop,time_compute,time_apply,time_enum,time_search,time_pp
1,0.4706521739130435,1,0,0,0.0,0.3500204086303711,0.3256077766418457,0.01781153678894043,0.32205867767333984,0.010148048400878906
