num_events,utilization,reallocations,changes,failures,reallocated_prop,time_compute,time_apply,time_enum,time_search,time_pp
1,0.18043478260869567,1,0,0,0.0,0.010927200317382812,0.1345052719116211,9.250640869140625e-05,0.0011279582977294922,0.00970458984375
