num_events,utilization,reallocations,changes,failures,reallocated_prop,time_compute,time_apply
1,0.8932065217391304,45,65,0,0.3813559322033898,0.015937089920043945,0.5491678714752197
