num_events,utilization,reallocations,changes,failures,reallocated_prop,time_compute,time_apply
1,0.6560122282608696,3,3,0,0.3333333333333333,0.07472753524780273,3.674053192138672
