num_events,utilization,reallocations,changes,failures,reallocated_prop,time_compute,time_apply,time_enum,time_search,time_pp
1,0.04673913043478261,1,0,0,0.0,0.009763240814208984,0.08892297744750977,9.584426879882812e-05,0.000347137451171875,0.00931859016418457
