num_events,utilization,reallocations,changes,failures,reallocated_prop,time_compute,time_apply,time_enum,time_search,time_pp
1,0.05326086956521739,1,0,0,0.0,0.06698751449584961,0.1514606475830078,0.018201351165771484,0.03932642936706543,0.00945734977722168
