num_events,utilization,reallocations,changes,failures,reallocated_prop,time_compute,time_apply,time_enum,time_search,time_pp
1,0.27608695652173915,1,0,0,0.0,0.22330760955810547,0.25663256645202637,0.01824665069580078,0.19519472122192383,0.009863615036010742
