num_events,utilization,reallocations,changes,failures,reallocated_prop,time_compute,time_apply
1,0.782608695652174,6,6,0,0.3333333333333333,0.010717630386352539,0.4930264949798584
