num_events,utilization,reallocations,changes,failures,reallocated_prop,time_compute,time_apply,time_enum,time_search,time_pp
1,0.0010869565217391304,0,0,0,0.0,0.00988149642944336,0.0731661319732666,0.00010967254638671875,5.054473876953125e-05,0.009719371795654297
