num_events,utilization,reallocations,changes,failures,reallocated_prop,time_compute,time_apply,time_enum,time_search,time_pp
1,1.0,53,120,0,0.19776119402985073,0.10340690612792969,0.5845787525177002,0.01476597785949707,0.07896256446838379,0.009676218032836914
