num_events,utilization,reallocations,changes,failures,reallocated_prop,time_compute,time_apply,time_enum,time_search,time_pp
1,0.11195652173913044,1,0,0,0.0,0.10715222358703613,0.17614078521728516,0.018381357192993164,0.07938933372497559,0.00937962532043457
