num_events,utilization,reallocations,changes,failures,reallocated_prop,time_compute,time_apply,time_enum,time_search,time_pp
1,0.1967391304347826,1,0,0,0.0,0.16608738899230957,0.21645116806030273,0.018132686614990234,0.1383833885192871,0.009569406509399414
