num_events,utilization,reallocations,changes,failures,reallocated_prop,time_compute,time_apply,time_enum,time_search,time_pp
1,0.15,0,0,0,0.0,0.02997446060180664,0.09812498092651367,0.016063928604125977,0.003462553024291992,0.010446548461914062
