num_events,utilization,reallocations,changes,failures,reallocated_prop,time_compute,time_apply,time_enum,time_search,time_pp
1,0.6695652173913044,4,3,0,0.3333333333333333,0.009812116622924805,0.4416375160217285,0.0001049041748046875,0.00011396408081054688,0.009590864181518555
