num_events,utilization,reallocations,changes,failures,reallocated_prop,time_compute,time_apply,time_enum,time_search,time_pp
1,1.0,1,3,0,0.125,0.03599190711975098,0.5932252407073975,0.014270305633544922,0.012641191482543945,0.009078264236450195
