num_events,utilization,reallocations,changes,failures,reallocated_prop,time_compute,time_apply,time_enum,time_search,time_pp
1,0.65,26,48,0,0.43333333333333335,0.036237239837646484,1.1655361652374268,0.0004913806915283203,0.0014476776123046875,0.034296274185180664
