num_events,utilization,reallocations,changes,failures,reallocated_prop,time_compute,time_apply,time_enum,time_search,time_pp
1,0.02608695652173913,1,0,0,0.0,0.0189516544342041,0.15906190872192383,0.00010085105895996094,0.0004229545593261719,0.018426179885864258
