num_events,utilization,reallocations,changes,failures,reallocated_prop,time_compute,time_apply,time_enum,time_search,time_pp
1,1.0,28,65,0,0.3373493975903614,0.08260393142700195,0.6395502090454102,0.014511346817016602,0.058732032775878906,0.009357213973999023
