num_events,utilization,reallocations,changes,failures,reallocated_prop,time_compute,time_apply,time_enum,time_search,time_pp
1,1.0,66,120,0,0.24535315985130113,0.1048729419708252,0.5901803970336914,0.014769315719604492,0.08048844337463379,0.009612798690795898
