num_events,utilization,reallocations,changes,failures,reallocated_prop,time_compute,time_apply,time_enum,time_search,time_pp
1,0.3,1,0,0,0.0,0.03132009506225586,0.17595243453979492,0.01661539077758789,0.004260540008544922,0.010442495346069336
