num_events,utilization,reallocations,changes,failures,reallocated_prop,time_compute,time_apply,time_enum,time_search,time_pp
1,1.0,31,93,0,0.09393939393939393,0.12085294723510742,0.5839531421661377,0.014881372451782227,0.09608125686645508,0.009888172149658203
