num_events,utilization,reallocations,changes,failures,reallocated_prop,time_compute,time_apply,time_enum,time_search,time_pp
1,0.65,28,53,0,0.4117647058823529,0.010781526565551758,0.2918872833251953,0.0004134178161621094,0.001537322998046875,0.008829593658447266
