num_events,utilization,reallocations,changes,failures,reallocated_prop,time_compute,time_apply,time_enum,time_search,time_pp
1,0.23097826086956522,1,0,0,0.0,0.03827095031738281,0.4741387367248535,3.7670135498046875e-05,0.0003879070281982422,0.03784370422363281
