num_events,utilization,reallocations,changes,failures,reallocated_prop,time_compute,time_apply,time_enum,time_search,time_pp
1,0.65,129,309,0,0.2621951219512195,0.020693540573120117,0.339111328125,0.0005199909210205078,0.01013946533203125,0.010031700134277344
