num_events,utilization,reallocations,changes,failures,reallocated_prop,time_compute,time_apply,time_enum,time_search,time_pp
1,0.02608695652173913,1,0,0,0.0,0.01025843620300293,0.08415889739990234,0.00010585784912109375,0.0002219676971435547,0.00992894172668457
