num_events,utilization,reallocations,changes,failures,reallocated_prop,time_compute,time_apply,time_enum,time_search,time_pp
1,0.65,25,35,0,0.2,0.012825965881347656,0.3135838508605957,0.0005083084106445312,0.0028061866760253906,0.009510040283203125
