num_events,utilization,reallocations,changes,failures,reallocated_prop,time_compute,time_apply,time_enum,time_search,time_pp
1,0.65,64,113,0,0.20846905537459284,0.016653060913085938,0.3257913589477539,0.0005083084106445312,0.006463289260864258,0.009672880172729492
