num_events,utilization,reallocations,changes,failures,reallocated_prop,time_compute,time_apply
1,0.8657608695652174,14,31,0,0.3888888888888889,0.01199197769165039,0.5223574638366699
