num_events,utilization,reallocations,changes,failures,reallocated_prop,time_compute,time_apply,time_enum,time_search,time_pp
1,1.0,13,27,0,0.20967741935483872,0.04487276077270508,0.566321611404419,0.01470637321472168,0.020724058151245117,0.009440898895263672
