num_events,utilization,reallocations,changes,failures,reallocated_prop,time_compute,time_apply
1,0.4537364130434783,2,1,0,0.3333333333333333,0.0742790699005127,3.212904453277588
