num_events,utilization,reallocations,changes,failures,reallocated_prop,time_compute,time_apply,time_enum,time_search,time_pp
1,0.008695652173913044,1,0,0,0.0,0.01030421257019043,0.08216428756713867,0.0001010894775390625,0.00010323524475097656,0.010097742080688477
