num_events,utilization,reallocations,changes,failures,reallocated_prop,time_compute,time_apply,time_enum,time_search,time_pp
1,1.0,46,58,0,0.1684981684981685,0.11494898796081543,0.5795068740844727,0.016477346420288086,0.08817076683044434,0.010298013687133789
