num_events,utilization,reallocations,changes,failures,reallocated_prop,time_compute,time_apply,time_enum,time_search,time_pp
1,0.6858695652173913,5,9,0,0.38461538461538464,0.010455608367919922,0.44560670852661133,0.0005030632019042969,0.0007526874542236328,0.009197711944580078
