num_events,utilization,reallocations,changes,failures,reallocated_prop,time_compute,time_apply,time_enum
1,0.16304347826086957,1,0,0,0.0,0.010966777801513672,0.15787887573242188,0.000148773193359375
