num_events,utilization,reallocations,changes,failures,reallocated_prop,time_compute,time_apply,time_enum,time_search,time_pp
1,0.65,63,144,0,0.2985781990521327,0.014840126037597656,0.32891106605529785,0.0005037784576416016,0.004540443420410156,0.009794235229492188
