num_events,utilization,reallocations,changes,failures,reallocated_prop,time_compute,time_apply
1,0.8817934782608695,17,25,0,0.40476190476190477,0.013725519180297852,0.5401360988616943
