num_events,utilization,reallocations,changes,failures,reallocated_prop,time_compute,time_apply
1,0.7252717391304347,5,4,0,0.36363636363636365,0.03738117218017578,1.9726464748382568
