num_events,utilization,reallocations,changes,failures,reallocated_prop,time_compute,time_apply
1,0.7807065217391305,5,9,0,0.3333333333333333,0.01197957992553711,0.5367634296417236
