num_events,utilization,reallocations,changes,failures,reallocated_prop,time_compute,time_apply,time_enum,time_search,time_pp
1,0.65,40,91,0,0.29850746268656714,0.01318979263305664,0.32155871391296387,0.0005054473876953125,0.0029337406158447266,0.009748220443725586
