num_events,utilization,reallocations,changes,failures,reallocated_prop,time_compute,time_apply,time_enum,time_search,time_pp
1,0.7625,15,14,0,0.4666666666666667,0.009850263595581055,0.46660351753234863,9.822845458984375e-05,0.0006077289581298828,0.009141206741333008
