num_events,utilization,reallocations,changes,failures,reallocated_prop,time_compute,time_apply,time_enum,time_search,time_pp
1,0.3010869565217391,1,0,0,0.0,0.011667251586914062,0.1702728271484375,9.703636169433594e-05,0.0019164085388183594,0.009651899337768555
