num_events,utilization,reallocations,changes,failures,reallocated_prop,time_compute,time_apply
1,0.9019021739130435,58,128,0,0.4027777777777778,0.01551198959350586,0.5617547035217285
