num_events,utilization,reallocations,changes,failures,reallocated_prop,time_compute,time_apply,time_enum,time_search,time_pp
1,0.27608695652173915,1,0,0,0.0,0.010880470275878906,0.15194964408874512,8.153915405273438e-05,0.0015864372253417969,0.009211301803588867
