num_events,utilization,reallocations,changes,failures,reallocated_prop,time_compute,time_apply,time_enum,time_search,time_pp
1,0.65,13,24,0,0.41935483870967744,0.07436585426330566,2.328533172607422,0.0005013942718505859,0.0009224414825439453,0.07293963432312012
