num_events,utilization,reallocations,changes,failures,reallocated_prop,time_compute,time_apply,time_enum,time_search,time_pp
1,0.08695652173913043,1,0,0,0.0,0.010369300842285156,0.10011553764343262,9.608268737792969e-05,0.0006308555603027344,0.009640932083129883
