num_events,utilization,reallocations,changes,failures,reallocated_prop,time_compute,time_apply,time_enum,time_search,time_pp
1,1.0,27,78,0,0.1534090909090909,0.07772588729858398,0.5905826091766357,0.014864444732666016,0.05316448211669922,0.009695053100585938
