num_events,utilization,reallocations,changes,failures,reallocated_prop,time_compute,time_apply,time_enum,time_search,time_pp
1,0.7104619565217392,11,10,0,0.3448275862068966,0.018477439880371094,0.9216399192810059,0.00010037422180175781,0.00045800209045410156,0.017917394638061523
