num_events,utilization,reallocations,changes,failures,reallocated_prop,time_compute,time_apply,time_enum,time_search,time_pp
1,0.09891304347826087,1,0,0,0.0,0.1020045280456543,0.17348146438598633,0.019800901412963867,0.07235980033874512,0.009842157363891602
