num_events,utilization,reallocations,changes,failures,reallocated_prop,time_compute,time_apply,time_enum,time_search,time_pp
1,0.15159646739130433,1,0,0,0.0,0.07303142547607422,1.3312408924102783,9.942054748535156e-05,6.818771362304688e-05,0.07286190986633301
