num_events,utilization,reallocations,changes,failures,reallocated_prop,time_compute,time_apply,time_enum,time_search,time_pp
1,0.010869565217391304,0,0,0,0.0,0.010158538818359375,0.06197023391723633,3.6716461181640625e-05,1.9788742065429688e-05,0.01009988784790039
