num_events,utilization,reallocations,changes,failures,reallocated_prop,time_compute,time_apply,time_enum,time_search,time_pp
1,0.65,56,85,0,0.23829787234042554,0.015328407287597656,0.3246500492095947,0.0005068778991699219,0.005040407180786133,0.009779214859008789
