num_events,utilization,reallocations,changes,failures,reallocated_prop,time_compute,time_apply,time_enum,time_search,time_pp
1,0.7567934782608695,26,34,0,0.20967741935483872,0.013246536254882812,0.4702942371368408,0.0004985332489013672,0.003459930419921875,0.009286165237426758
