num_events,utilization,reallocations,changes,failures,reallocated_prop,time_compute,time_apply,time_enum,time_search,time_pp
1,0.7635869565217391,33,72,0,0.4852941176470588,0.012393474578857422,0.48158717155456543,0.0005261898040771484,0.002379894256591797,0.009485483169555664
