num_events,utilization,reallocations,changes,failures,reallocated_prop,time_compute,time_apply
1,0.717391304347826,25,27,0,0.7741935483870968,0.07304048538208008,3.992006540298462
