num_events,utilization,reallocations,changes,failures,reallocated_prop,time_compute,time_apply,time_enum,time_search,time_pp
1,0.3358695652173913,1,0,0,0.0,0.012108564376831055,0.18087291717529297,9.465217590332031e-05,0.0021359920501708984,0.00987553596496582
