num_events,utilization,reallocations,changes,failures,reallocated_prop,time_compute,time_apply,time_enum,time_search,time_pp
1,0.029347826086956522,1,0,0,0.0,0.013033390045166016,0.10844016075134277,0.0001392364501953125,0.00024628639221191406,0.012646198272705078
