num_events,utilization,reallocations,changes,failures,reallocated_prop,time_compute,time_apply,time_enum,time_search,time_pp
1,1.0,30,65,0,0.20408163265306123,0.06491971015930176,0.5483427047729492,0.01277303695678711,0.04301047325134277,0.009134054183959961
