num_events,utilization,reallocations,changes,failures,reallocated_prop,time_compute,time_apply
1,0.7222826086956522,13,13,0,0.631578947368421,0.037494659423828125,1.9988644123077393
