num_events,utilization,reallocations,changes,failures,reallocated_prop,time_compute,time_apply,time_enum,time_search,time_pp
1,1.0,13,14,0,0.2826086956521739,0.13397622108459473,0.6261515617370605,0.018436908721923828,0.10619544982910156,0.009341239929199219
