num_events,utilization,reallocations,changes,failures,reallocated_prop,time_compute,time_apply,time_enum,time_search,time_pp
1,0.65,58,109,0,0.4233576642335766,0.0130462646484375,0.33369994163513184,0.0005049705505371094,0.0030591487884521484,0.009480476379394531
