num_events,utilization,reallocations,changes,failures,reallocated_prop,time_compute,time_apply,time_enum,time_search,time_pp
1,0.65,32,60,0,0.42105263157894735,0.02032756805419922,0.5916736125946045,0.0004975795745849609,0.0017545223236083984,0.018073081970214844
