num_events,utilization,reallocations,changes,failures,reallocated_prop,time_compute,time_apply,time_enum,time_search,time_pp
1,0.0891304347826087,1,0,0,0.0,0.010315179824829102,0.10079169273376465,9.608268737792969e-05,0.0006234645843505859,0.009593963623046875
