num_events,utilization,reallocations,changes,failures,reallocated_prop,time_compute,time_apply,time_enum,time_search,time_pp
1,1.0,18,21,0,0.4090909090909091,0.14410686492919922,0.63895583152771,0.01854228973388672,0.11606168746948242,0.009500265121459961
