num_events,utilization,reallocations,changes,failures,reallocated_prop,time_compute,time_apply
1,0.9059782608695652,25,33,0,0.22321428571428573,0.014773368835449219,0.5353343486785889
