num_events,utilization,reallocations,changes,failures,reallocated_prop,time_compute,time_apply
1,0.7641304347826087,12,13,0,0.7857142857142857,0.009683847427368164,0.492887020111084
