num_events,utilization,reallocations,changes,failures,reallocated_prop,time_compute,time_apply
1,0.9059782608695652,24,43,0,0.5454545454545454,0.012832403182983398,0.5454926490783691
