num_events,utilization,reallocations,changes,failures,reallocated_prop,time_compute,time_apply,time_enum,time_search,time_pp
1,0.13369565217391305,1,0,0,0.0,0.010443449020385742,0.11498737335205078,9.417533874511719e-05,0.0009055137634277344,0.009442329406738281
