num_events,utilization,reallocations,changes,failures,reallocated_prop,time_compute,time_apply
1,0.8323369565217391,11,11,0,0.7142857142857143,0.00943756103515625,0.533313512802124
