num_events,utilization,reallocations,changes,failures,reallocated_prop,time_compute,time_apply,time_enum,time_search,time_pp
1,0.08695652173913043,1,0,0,0.0,0.036423444747924805,0.31813907623291016,3.4332275390625e-05,0.00014519691467285156,0.036241769790649414
