num_events,utilization,reallocations,changes,failures,reallocated_prop,time_compute,time_apply,time_enum
1,0.10869565217391304,1,0,0,0.0,0.010038614273071289,0.13529086112976074,0.0001518726348876953
