num_events,utilization,reallocations,changes,failures,reallocated_prop,time_compute,time_apply,time_enum,time_search,time_pp
1,1.0,30,45,0,0.2702702702702703,0.11425566673278809,0.6404087543487549,0.01444387435913086,0.09025049209594727,0.009558916091918945
