num_events,utilization,reallocations,changes,failures,reallocated_prop,time_compute,time_apply,time_enum,time_search,time_pp
1,0.2554347826086957,1,0,0,0.0,0.011332273483276367,0.15582489967346191,9.655952453613281e-05,0.0016391277313232422,0.009595155715942383
