num_events,utilization,reallocations,changes,failures,reallocated_prop,time_compute,time_apply,time_enum,time_search,time_pp
1,0.65,23,56,0,0.323943661971831,0.019536495208740234,0.6216850280761719,0.0004923343658447266,0.0016794204711914062,0.01736283302307129
