num_events,utilization,reallocations,changes,failures,reallocated_prop,time_compute,time_apply,time_enum,time_search,time_pp
1,0.65,12,29,0,0.3333333333333333,0.010661602020263672,0.29710841178894043,0.0004916191101074219,0.0010573863983154297,0.009110450744628906
