num_events,utilization,reallocations,changes,failures,reallocated_prop,time_compute,time_apply,time_enum
1,0.21739130434782608,1,0,0,0.0,0.010164022445678711,0.17183995246887207,0.00014638900756835938
