num_events,utilization,reallocations,changes,failures,reallocated_prop,time_compute,time_apply,time_enum,time_search,time_pp
1,0.18695652173913044,1,0,0,0.0,0.16005682945251465,0.2107548713684082,0.01837897300720215,0.1321718692779541,0.009504079818725586
