num_events,utilization,reallocations,changes,failures,reallocated_prop,time_compute,time_apply,time_enum,time_search,time_pp
1,0.7570652173913044,7,17,0,0.4117647058823529,0.010871171951293945,0.46589064598083496,0.0005030632019042969,0.001220703125,0.00914454460144043
