num_events,utilization,reallocations,changes,failures,reallocated_prop,time_compute,time_apply
1,0.9146739130434782,30,56,0,0.5660377358490566,0.013336658477783203,0.5888049602508545
