num_events,utilization,reallocations,changes,failures,reallocated_prop,time_compute,time_apply
1,0.7293478260869565,4,4,0,0.5714285714285714,0.010576963424682617,0.4710092544555664
