num_events,utilization,reallocations,changes,failures,reallocated_prop,time_compute,time_apply
1,0.7263586956521739,6,6,0,0.7142857142857143,0.009760141372680664,0.4982755184173584
