num_events,utilization,reallocations,changes,failures,reallocated_prop,time_compute,time_apply,time_enum,time_search,time_pp
1,0.20652173913043478,1,0,0,0.0,0.010796785354614258,0.13737249374389648,9.441375732421875e-05,0.0013606548309326172,0.009340047836303711
