num_events,utilization,reallocations,changes,failures,reallocated_prop,time_compute,time_apply,time_enum,time_search,time_pp
1,0.10597826086956522,1,0,0,0.0,0.043669700622558594,0.3998684883117676,4.00543212890625e-05,0.00016880035400390625,0.04345893859863281
