num_events,utilization,reallocations,changes,failures,reallocated_prop,time_compute,time_apply,time_enum
1,0.2717391304347826,1,0,0,0.0,0.05491781234741211,0.22753643989562988,0.018259048461914062
