num_events,utilization,reallocations,changes,failures,reallocated_prop,time_compute,time_apply,time_enum,time_search,time_pp
1,0.2391304347826087,1,0,0,0.0,0.03744816780090332,0.48098182678222656,3.552436828613281e-05,0.0003619194030761719,0.03704690933227539
