num_events,utilization,reallocations,changes,failures,reallocated_prop,time_compute,time_apply,time_enum,time_search,time_pp
1,0.13369565217391305,1,0,0,0.0,0.010545492172241211,0.11447501182556152,9.465217590332031e-05,0.0009250640869140625,0.009524106979370117
