num_events,utilization,reallocations,changes,failures,reallocated_prop,time_compute,time_apply,time_enum,time_search,time_pp
1,0.014402173913043478,1,0,0,0.0,0.03672933578491211,0.30002427101135254,9.679794311523438e-05,0.0004267692565917969,0.03620433807373047
