num_events,utilization,reallocations,changes,failures,reallocated_prop,time_compute,time_apply,time_enum,time_search,time_pp
1,0.6607336956521739,6,5,0,0.5,0.019454240798950195,0.8914468288421631,3.552436828613281e-05,4.6253204345703125e-05,0.01937103271484375
