num_events,utilization,reallocations,changes,failures,reallocated_prop,time_compute,time_apply
1,0.7073369565217391,7,8,0,0.5384615384615384,0.07495450973510742,3.7650794982910156
