num_events,utilization,reallocations,changes,failures,reallocated_prop,time_compute,time_apply,time_enum,time_search,time_pp
1,0.65,22,41,0,0.4230769230769231,0.011435747146606445,0.31543779373168945,0.0004990100860595703,0.0013706684112548828,0.009564638137817383
