num_events,utilization,reallocations,changes,failures,reallocated_prop,time_compute,time_apply,time_enum,time_search,time_pp
1,0.7633152173913044,34,76,0,0.4146341463414634,0.012037992477416992,0.4716508388519287,0.0004191398620605469,0.0025854110717773438,0.00903177261352539
