num_events,utilization,reallocations,changes,failures,reallocated_prop,time_compute,time_apply,time_enum,time_search,time_pp
1,0.003260869565217391,1,0,0,0.0,0.03628110885620117,0.13280296325683594,0.019359350204467773,0.007227420806884766,0.00969243049621582
