num_events,utilization,reallocations,changes,failures,reallocated_prop,time_compute,time_apply,time_enum,time_search,time_pp
1,0.609476902173913,3,4,0,0.3333333333333333,0.07545256614685059,3.485745429992676,0.0005114078521728516,0.0006895065307617188,0.0742502212524414
