num_events,utilization,reallocations,changes,failures,reallocated_prop,time_compute,time_apply,time_enum,time_search,time_pp
1,0.10543478260869565,1,0,0,0.0,0.010556459426879883,0.10989212989807129,9.894371032714844e-05,0.0008418560028076172,0.009613752365112305
