num_events,utilization,reallocations,changes,failures,reallocated_prop,time_compute,time_apply,time_enum,time_search,time_pp
1,0.009782608695652175,1,0,0,0.0,0.010236263275146484,0.0819861888885498,0.00010347366333007812,0.00011348724365234375,0.010017633438110352
