num_events,utilization,reallocations,changes,failures,reallocated_prop,time_compute,time_apply,time_enum,time_search,time_pp
1,0.012635869565217391,1,0,0,0.0,0.07539987564086914,0.6191399097442627,9.775161743164062e-05,0.0007398128509521484,0.07456064224243164
