num_events,utilization,reallocations,changes,failures,reallocated_prop,time_compute,time_apply,time_enum,time_search,time_pp
1,0.65,38,72,0,0.4222222222222222,0.011868000030517578,0.3063793182373047,0.0005085468292236328,0.002162456512451172,0.009195327758789062
