num_events,utilization,reallocations,changes,failures,reallocated_prop,time_compute,time_apply,time_enum,time_search,time_pp
1,1.0,37,82,0,0.3162393162393162,0.11367464065551758,0.6436545848846436,0.015119791030883789,0.08896660804748535,0.009585142135620117
