num_events,utilization,reallocations,changes,failures,reallocated_prop,time_compute,time_apply,time_enum,time_search,time_pp
1,0.21195652173913043,1,0,0,0.0,0.010400533676147461,0.13160419464111328,9.465217590332031e-05,0.0013349056243896484,0.008969545364379883
