num_events,utilization,reallocations,changes,failures,reallocated_prop,time_compute,time_apply,time_enum,time_search,time_pp
1,0.01358695652173913,1,0,0,0.0,0.01834845542907715,0.15089726448059082,8.511543273925781e-05,0.00018668174743652344,0.018074989318847656
