num_events,utilization,reallocations,changes,failures,reallocated_prop,time_compute,time_apply,time_enum,time_search,time_pp
1,0.19782608695652174,1,0,0,0.0,0.17014241218566895,0.2168900966644287,0.02160358428955078,0.1389002799987793,0.009635448455810547
