num_events,utilization,reallocations,changes,failures,reallocated_prop,time_compute,time_apply,time_enum,time_search,time_pp
1,1.0,19,54,0,0.1532258064516129,0.06289196014404297,0.5797333717346191,0.014934301376342773,0.038414716720581055,0.00954127311706543
