num_events,utilization,reallocations,changes,failures,reallocated_prop,time_compute,time_apply,time_enum,time_search,time_pp
1,0.3358695652173913,1,0,0,0.0,0.012093305587768555,0.18108010292053223,0.00010180473327636719,0.002103090286254883,0.009885787963867188
