num_events,utilization,reallocations,changes,failures,reallocated_prop,time_compute,time_apply,time_enum,time_search,time_pp
1,0.0016304347826086956,1,0,0,0.0,0.03699183464050293,0.2857706546783447,9.846687316894531e-05,8.249282836914062e-05,0.036809444427490234
