num_events,utilization,reallocations,changes,failures,reallocated_prop,time_compute,time_apply,time_enum,time_search,time_pp
1,0.65,16,39,0,0.32,0.0751349925994873,2.375302791595459,0.0005102157592773438,0.00131988525390625,0.0733025074005127
