num_events,utilization,reallocations,changes,failures,reallocated_prop,time_compute,time_apply,time_enum,time_search,time_pp
1,0.001358695652173913,1,0,0,0.0,0.0738070011138916,0.5942099094390869,9.918212890625e-05,0.00011610984802246094,0.07359004020690918
