num_events,utilization,reallocations,changes,failures,reallocated_prop,time_compute,time_apply,time_enum,time_search,time_pp
1,0.6642663043478261,5,4,0,0.3076923076923077,0.03781247138977051,1.7308862209320068,9.965896606445312e-05,0.0003101825714111328,0.03740048408508301
