num_events,utilization,reallocations,changes,failures,reallocated_prop,time_compute,time_apply
1,0.7074388586956522,5,4,0,0.4444444444444444,0.07481670379638672,3.8723082542419434
