num_events,utilization,reallocations,changes,failures,reallocated_prop,time_compute,time_apply,time_enum,time_search,time_pp
1,0.65,99,237,0,0.28285714285714286,0.017809629440307617,0.3418238162994385,0.0005044937133789062,0.0073239803314208984,0.009978532791137695
