num_events,utilization,reallocations,changes,failures,reallocated_prop,time_compute,time_apply,time_enum,time_search,time_pp
1,0.04728260869565217,1,0,0,0.0,0.019330501556396484,0.1711440086364746,9.918212890625e-05,0.0007045269012451172,0.018525362014770508
