num_events,utilization,reallocations,changes,failures,reallocated_prop,time_compute,time_apply,time_enum,time_search,time_pp
1,0.65,20,38,0,0.4166666666666667,0.011264801025390625,0.33810877799987793,0.0005095005035400391,0.0012693405151367188,0.00948476791381836
