num_events,utilization,reallocations,changes,failures,reallocated_prop,time_compute,time_apply,time_enum,time_search,time_pp
1,0.65,66,141,0,0.15207373271889402,0.01940464973449707,0.3326070308685303,0.0005016326904296875,0.008893966674804688,0.010007381439208984
