num_events,utilization,reallocations,changes,failures,reallocated_prop,time_compute,time_apply
1,0.6542798913043478,6,6,0,0.8333333333333334,0.07358407974243164,3.828427314758301
