num_events,utilization,reallocations,changes,failures,reallocated_prop,time_compute,time_apply,time_enum,time_search,time_pp
1,1.0,28,61,0,0.0875,0.11848950386047363,0.5755279064178467,0.014783620834350586,0.0939939022064209,0.009709835052490234
