num_events,utilization,reallocations,changes,failures,reallocated_prop,time_compute,time_apply,time_enum,time_search,time_pp
1,0.7633152173913044,30,66,0,0.410958904109589,0.012837409973144531,0.48906898498535156,0.0005335807800292969,0.0027875900268554688,0.009514093399047852
