num_events,utilization,reallocations,changes,failures,reallocated_prop,time_compute,time_apply,time_enum,time_search,time_pp
1,1.0,2,3,0,0.2,0.030500173568725586,0.5950047969818115,0.014965057373046875,0.006206989288330078,0.009325981140136719
