num_events,utilization,reallocations,changes,failures,reallocated_prop,time_compute,time_apply,time_enum,time_search,time_pp
1,0.483695652173913,1,0,0,0.0,0.3609497547149658,0.3464784622192383,0.01825714111328125,0.3327805995941162,0.009909629821777344
