num_events,utilization,reallocations,changes,failures,reallocated_prop,time_compute,time_apply
1,0.9059782608695652,39,73,0,0.2484076433121019,0.01632237434387207,0.5642828941345215
