num_events,utilization,reallocations,changes,failures,reallocated_prop,time_compute,time_apply,time_enum,time_search,time_pp
1,0.004891304347826087,1,0,0,0.0,0.07297205924987793,0.5886039733886719,8.535385131835938e-05,0.0002613067626953125,0.07262349128723145
