num_events,utilization,reallocations,changes,failures,reallocated_prop,time_compute,time_apply,time_enum,time_search,time_pp
1,0.13179347826086957,1,0,0,0.0,0.08440780639648438,0.8222742080688477,3.933906555175781e-05,0.0003952980041503906,0.08397078514099121
