num_events,utilization,reallocations,changes,failures,reallocated_prop,time_compute,time_apply,time_enum,time_search,time_pp
1,1.0,5,6,0,0.2777777777777778,0.03282332420349121,0.5837554931640625,0.01490640640258789,0.008519887924194336,0.009394407272338867
