num_events,utilization,reallocations,changes,failures,reallocated_prop,time_compute,time_apply,time_enum,time_search,time_pp
1,0.65,4,7,0,0.4,0.019182205200195312,0.5982232093811035,0.0004992485046386719,0.0004506111145019531,0.018229961395263672
