num_events,utilization,reallocations,changes,failures,reallocated_prop,time_compute,time_apply,time_enum,time_search,time_pp
1,0.08559782608695653,1,0,0,0.0,0.07032394409179688,0.6039152145385742,3.337860107421875e-05,0.0002551078796386719,0.07003378868103027
