num_events,utilization,reallocations,changes,failures,reallocated_prop,time_compute,time_apply
1,0.9059782608695652,61,146,0,0.41496598639455784,0.015533924102783203,0.5519874095916748
