num_events,utilization,reallocations,changes,failures,reallocated_prop,time_compute,time_apply
1,0.8932065217391304,35,66,0,0.330188679245283,0.015648841857910156,0.5680744647979736
