num_events,utilization,reallocations,changes,failures,reallocated_prop,time_compute,time_apply
1,0.8532608695652174,10,15,0,0.4166666666666667,0.011929035186767578,0.5308530330657959
