num_events,utilization,reallocations,changes,failures,reallocated_prop,time_compute,time_apply,time_enum,time_search,time_pp
1,0.65,95,181,0,0.2224824355971897,0.018228769302368164,0.3215322494506836,0.0005044937133789062,0.008113622665405273,0.009608983993530273
