num_events,utilization,reallocations,changes,failures,reallocated_prop,time_compute,time_apply,time_enum,time_search,time_pp
1,0.0125,1,0,0,0.0,0.01816868782043457,0.14910387992858887,8.416175842285156e-05,0.00017452239990234375,0.01790785789489746
