num_events,utilization,reallocations,changes,failures,reallocated_prop,time_compute,time_apply,time_enum,time_search,time_pp
1,0.029891304347826088,1,0,0,0.0,0.03549551963806152,0.23638439178466797,3.4332275390625e-05,5.5789947509765625e-05,0.03540349006652832
