num_events,utilization,reallocations,changes,failures,reallocated_prop,time_compute,time_apply,time_enum,time_search,time_pp
1,0.33260869565217394,1,0,0,0.0,0.011952400207519531,0.1784656047821045,9.298324584960938e-05,0.002151012420654297,0.009706258773803711
