num_events,utilization,reallocations,changes,failures,reallocated_prop,time_compute,time_apply,time_enum,time_search,time_pp
1,1.0,81,117,0,0.2709030100334448,0.11222052574157715,0.5804097652435303,0.014879703521728516,0.08762192726135254,0.00971674919128418
