num_events,utilization,reallocations,changes,failures,reallocated_prop,time_compute,time_apply,time_enum,time_search,time_pp
1,0.7293478260869565,4,3,0,0.08823529411764706,0.019822359085083008,0.8997609615325928,0.00010728836059570312,0.0005793571472167969,0.019133329391479492
