num_events,utilization,reallocations,changes,failures,reallocated_prop,time_compute,time_apply,time_enum,time_search,time_pp
1,1.0,26,38,0,0.3023255813953488,0.052197933197021484,0.5756585597991943,0.014880657196044922,0.027749300003051758,0.009566307067871094
