num_events,utilization,reallocations,changes,failures,reallocated_prop,time_compute,time_apply,time_enum,time_search,time_pp
1,1.0,81,139,0,0.2066326530612245,0.13891077041625977,0.6010420322418213,0.014656782150268555,0.11435246467590332,0.00989985466003418
