num_events,utilization,reallocations,changes,failures,reallocated_prop,time_compute,time_apply,time_enum,time_search,time_pp
1,0.003260869565217391,1,0,0,0.0,0.034148454666137695,0.1306004524230957,0.018233776092529297,0.006801605224609375,0.009111166000366211
