num_events,utilization,reallocations,changes,failures,reallocated_prop,time_compute,time_apply,time_enum,time_search,time_pp
1,0.65,29,54,0,0.2283464566929134,0.013303279876708984,0.3161799907684326,0.0005433559417724609,0.002860546112060547,0.009897470474243164
