num_events,utilization,reallocations,changes,failures,reallocated_prop,time_compute,time_apply
1,0.8581521739130434,11,18,0,0.3793103448275862,0.012264251708984375,0.5514528751373291
