num_events,utilization,reallocations,changes,failures,reallocated_prop,time_compute,time_apply,time_enum,time_search,time_pp
1,1.0,31,63,0,0.2719298245614035,0.11087250709533691,0.6535212993621826,0.014773845672607422,0.08654308319091797,0.009552955627441406
