num_events,utilization,reallocations,changes,failures,reallocated_prop,time_compute,time_apply,time_enum,time_search,time_pp
1,1.0,74,132,0,0.19023136246786632,0.1274566650390625,0.560553789138794,0.012679100036621094,0.10540986061096191,0.009366035461425781
