num_events,utilization,reallocations,changes,failures,reallocated_prop,time_compute,time_apply
1,0.7114809782608695,8,11,0,0.47058823529411764,0.07593703269958496,3.9192235469818115
