num_events,utilization,reallocations,changes,failures,reallocated_prop,time_compute,time_apply,time_enum,time_search,time_pp
1,1.0,19,42,0,0.3064516129032258,0.09298062324523926,0.628514289855957,0.014743328094482422,0.06880903244018555,0.009425640106201172
