num_events,utilization,reallocations,changes,failures,reallocated_prop,time_compute,time_apply,time_enum,time_search,time_pp
1,1.0,23,25,0,0.5,0.07586216926574707,0.5826308727264404,0.012659311294555664,0.05407977104187012,0.009120702743530273
