num_events,utilization,reallocations,changes,failures,reallocated_prop,time_compute,time_apply
1,0.7786684782608696,13,27,0,0.3611111111111111,0.021094083786010742,0.9748964309692383
