num_events,utilization,reallocations,changes,failures,reallocated_prop,time_compute,time_apply,time_enum,time_search,time_pp
1,0.7315217391304348,12,11,0,0.5238095238095238,0.009542465209960938,0.44982147216796875,8.20159912109375e-05,0.00038504600524902344,0.009073257446289062
