num_events,utilization,reallocations,changes,failures,reallocated_prop,time_compute,time_apply,time_enum,time_search,time_pp
1,0.3293478260869565,1,0,0,0.0,0.011783838272094727,0.18038558959960938,9.512901306152344e-05,0.002044677734375,0.009642601013183594
