num_events,utilization,reallocations,changes,failures,reallocated_prop,time_compute,time_apply
1,0.7546195652173913,6,6,0,0.8333333333333334,0.3930790424346924,0.5395417213439941
