num_events,utilization,reallocations,changes,failures,reallocated_prop,time_compute,time_apply,time_enum,time_search,time_pp
1,0.010326086956521738,1,0,0,0.0,0.039818763732910156,0.30452871322631836,9.703636169433594e-05,0.0003209114074707031,0.039398908615112305
