num_events,utilization,reallocations,changes,failures,reallocated_prop,time_compute,time_apply
1,0.8592391304347826,9,10,0,0.2222222222222222,0.009705305099487305,0.5186789035797119
