num_events,utilization,reallocations,changes,failures,reallocated_prop,time_compute,time_apply,time_enum,time_search,time_pp
1,0.65,12,29,0,0.32432432432432434,0.010735511779785156,0.30112433433532715,0.0004870891571044922,0.0010943412780761719,0.009152412414550781
