num_events,utilization,reallocations,changes,failures,reallocated_prop,time_compute,time_apply,time_enum,time_search,time_pp
1,0.65,75,165,0,0.16968325791855204,0.01986408233642578,0.335843563079834,0.0005040168762207031,0.009250640869140625,0.010106325149536133
