num_events,utilization,reallocations,changes,failures,reallocated_prop,time_compute,time_apply,time_enum,time_search,time_pp
1,0.13043478260869565,1,0,0,0.0,0.018585205078125,0.17951393127441406,3.2901763916015625e-05,0.00011301040649414062,0.018437862396240234
