num_events,utilization,reallocations,changes,failures,reallocated_prop,time_compute,time_apply,time_enum,time_search,time_pp
1,0.65,62,106,0,0.3069306930693069,0.014765739440917969,0.3226194381713867,0.0005476474761962891,0.0044782161712646484,0.00973820686340332
