num_events,utilization,reallocations,changes,failures,reallocated_prop,time_compute,time_apply,time_enum,time_search,time_pp
1,0.6838315217391304,8,16,0,0.4,0.03873014450073242,1.8061680793762207,0.0005190372467041016,0.0014677047729492188,0.036741018295288086
