num_events,utilization,reallocations,changes,failures,reallocated_prop,time_compute,time_apply
1,0.8377717391304348,7,14,0,0.3888888888888889,0.011495590209960938,0.5126359462738037
