num_events,utilization,reallocations,changes,failures,reallocated_prop,time_compute,time_apply,time_enum,time_search,time_pp
1,0.011956521739130435,1,0,0,0.0,0.010684967041015625,0.08495354652404785,0.00010585784912109375,0.0001251697540283203,0.0104522705078125
