num_events,utilization,reallocations,changes,failures,reallocated_prop,time_compute,time_apply,time_enum,time_search,time_pp
1,0.7635869565217391,28,43,0,0.21705426356589147,0.01352834701538086,0.4792935848236084,0.0004966259002685547,0.0036852359771728516,0.009344339370727539
