num_events,utilization,reallocations,changes,failures,reallocated_prop,time_compute,time_apply,time_enum,time_search,time_pp
1,0.0641304347826087,1,0,0,0.0,0.0096893310546875,0.08994126319885254,8.296966552734375e-05,0.0003910064697265625,0.009213924407958984
