num_events,utilization,reallocations,changes,failures,reallocated_prop,time_compute,time_apply,time_enum,time_search,time_pp
1,0.02309782608695652,1,0,0,0.0,0.07264232635498047,0.4829742908477783,3.4332275390625e-05,7.843971252441406e-05,0.07252764701843262
