num_events,utilization,reallocations,changes,failures,reallocated_prop,time_compute,time_apply,time_enum,time_search,time_pp
1,0.7635869565217391,21,41,0,0.4883720930232558,0.011635065078735352,0.47327613830566406,0.0004930496215820312,0.0018553733825683594,0.00928497314453125
