num_events,utilization,reallocations,changes,failures,reallocated_prop,time_compute,time_apply,time_enum,time_search,time_pp
1,1.0,96,141,0,0.20915032679738563,0.15700864791870117,0.5998032093048096,0.014737129211425781,0.13242101669311523,0.00984811782836914
