num_events,utilization,reallocations,changes,failures,reallocated_prop,time_compute,time_apply,time_enum,time_search,time_pp
1,0.1736413043478261,1,0,0,0.0,0.011210918426513672,0.2188887596130371,0.0006062984466552734,0.00032782554626464844,0.010275125503540039
