num_events,utilization,reallocations,changes,failures,reallocated_prop,time_compute,time_apply,time_enum,time_search,time_pp
1,1.0,32,54,0,0.256,0.06317281723022461,0.5693225860595703,0.014954566955566406,0.03860020637512207,0.009615421295166016
