num_events,utilization,reallocations,changes,failures,reallocated_prop,time_compute,time_apply,time_enum,time_search,time_pp
1,0.16847826086956522,1,0,0,0.0,0.011084318161010742,0.13111305236816406,0.00011754035949707031,0.0012521743774414062,0.009713172912597656
