num_events,utilization,reallocations,changes,failures,reallocated_prop,time_compute,time_apply
1,0.8834239130434782,17,17,0,0.5161290322580645,0.010131359100341797,0.5399420261383057
