num_events,utilization,reallocations,changes,failures,reallocated_prop,time_compute,time_apply,time_enum,time_search,time_pp
1,0.65,62,106,0,0.30845771144278605,0.017415285110473633,0.38260483741760254,0.0007143020629882812,0.004403114318847656,0.01229548454284668
