num_events,utilization,reallocations,changes,failures,reallocated_prop,time_compute,time_apply,time_enum,time_search,time_pp
1,0.6629076086956521,4,9,0,0.3333333333333333,0.03913259506225586,1.7414345741271973,0.0005288124084472656,0.0008559226989746094,0.03774571418762207
