num_events,utilization,reallocations,changes,failures,reallocated_prop,time_compute,time_apply
1,0.7913043478260869,16,16,0,0.5555555555555556,0.022491455078125,1.252488613128662
