num_events,utilization,reallocations,changes,failures,reallocated_prop,time_compute,time_apply,time_enum,time_search,time_pp
1,1.0,42,67,0,0.49411764705882355,0.08334040641784668,0.6330816745758057,0.014421939849853516,0.0593721866607666,0.009544610977172852
