num_events,utilization,reallocations,changes,failures,reallocated_prop,time_compute,time_apply,time_enum,time_search,time_pp
1,0.0008152173913043478,1,0,0,0.0,0.034998416900634766,0.27278828620910645,8.511543273925781e-05,5.5789947509765625e-05,0.03485560417175293
