num_events,utilization,reallocations,changes,failures,reallocated_prop,time_compute,time_apply,time_enum,time_search,time_pp
1,0.016304347826086956,1,0,0,0.0,0.03601670265197754,0.29992246627807617,8.487701416015625e-05,0.0004131793975830078,0.03551650047302246
