num_events,utilization,reallocations,changes,failures,reallocated_prop,time_compute,time_apply,time_enum,time_search,time_pp
1,0.38804347826086955,1,0,0,0.0,0.29033541679382324,0.29493141174316406,0.0192108154296875,0.26177310943603516,0.009349346160888672
