num_events,utilization,reallocations,changes,failures,reallocated_prop,time_compute,time_apply,time_enum,time_search,time_pp
1,1.0,19,20,0,0.3114754098360656,0.1394510269165039,0.6288714408874512,0.01857471466064453,0.11141729354858398,0.009455680847167969
