num_events,utilization,reallocations,changes,failures,reallocated_prop,time_compute,time_apply,time_enum,time_search,time_pp
1,0.6544157608695652,2,5,0,0.2857142857142857,0.07480740547180176,3.516587972640991,0.0005207061767578125,0.0006191730499267578,0.07366609573364258
