num_events,utilization,reallocations,changes,failures,reallocated_prop,time_compute,time_apply,time_enum,time_search,time_pp
1,0.17065217391304346,1,0,0,0.0,0.14713239669799805,0.2031397819519043,0.018062829971313477,0.11958622932434082,0.009481668472290039
