num_events,utilization,reallocations,changes,failures,reallocated_prop,time_compute,time_apply,time_enum,time_search,time_pp
1,0.65,4,7,0,0.36363636363636365,0.010146856307983398,0.2996842861175537,0.0005323886871337891,0.0004858970642089844,0.009126663208007812
