num_events,utilization,reallocations,changes,failures,reallocated_prop,time_compute,time_apply,time_enum,time_search,time_pp
1,0.002989130434782609,1,0,0,0.0,0.03780174255371094,0.2899806499481201,0.00010395050048828125,0.00011491775512695312,0.03758096694946289
