num_events,utilization,reallocations,changes,failures,reallocated_prop,time_compute,time_apply,time_enum,time_search,time_pp
1,0.006929347826086956,1,0,0,0.0,0.07517433166503906,0.6003623008728027,9.822845458984375e-05,0.0004115104675292969,0.07466268539428711
