num_events,utilization,reallocations,changes,failures,reallocated_prop,time_compute,time_apply,time_enum,time_search,time_pp
1,0.65,25,33,0,0.18115942028985507,0.013355016708374023,0.31635451316833496,0.0005514621734619141,0.003203153610229492,0.009598970413208008
