num_events,utilization,reallocations,changes,failures,reallocated_prop,time_compute,time_apply,time_enum,time_search,time_pp
1,1.0,7,10,0,0.4375,0.046953439712524414,0.5912966728210449,0.01269674301147461,0.025053739547729492,0.009200334548950195
