num_events,utilization,reallocations,changes,failures,reallocated_prop,time_compute,time_apply,time_enum,time_search,time_pp
1,0.65,43,78,0,0.3644067796610169,0.012823343276977539,0.3182098865509033,0.0005080699920654297,0.002691507339477539,0.00962209701538086
