num_events,utilization,reallocations,changes,failures,reallocated_prop,time_compute,time_apply,time_enum,time_search,time_pp
1,1.0,20,37,0,0.06389776357827476,0.11677765846252441,0.5704548358917236,0.01476740837097168,0.09225964546203613,0.009748458862304688
