num_events,utilization,reallocations,changes,failures,reallocated_prop,time_compute,time_apply,time_enum,time_search,time_pp
1,0.003260869565217391,1,0,0,0.0,0.03761768341064453,0.1297454833984375,0.021484851837158203,0.007080793380737305,0.009050369262695312
