num_events,utilization,reallocations,changes,failures,reallocated_prop,time_compute,time_apply,time_enum,time_search,time_pp
1,1.0,3,5,0,0.21428571428571427,0.03274679183959961,0.5960257053375244,0.015319347381591797,0.007673501968383789,0.009752035140991211
