num_events,utilization,reallocations,changes,failures,reallocated_prop,time_compute,time_apply,time_enum,time_search,time_pp
1,0.3,1,0,0,0.0,0.030678749084472656,0.17512297630310059,0.016184568405151367,0.004216909408569336,0.010275840759277344
