num_events,utilization,reallocations,changes,failures,reallocated_prop,time_compute,time_apply,time_enum,time_search,time_pp
1,0.1108695652173913,1,0,0,0.0,0.011032342910766602,0.11206722259521484,0.00010180473327636719,0.0008490085601806641,0.010079622268676758
