num_events,utilization,reallocations,changes,failures,reallocated_prop,time_compute,time_apply
1,0.8456521739130435,12,12,0,0.7333333333333333,0.009542703628540039,0.5256052017211914
