num_events,utilization,reallocations,changes,failures,reallocated_prop,time_compute,time_apply,time_enum,time_search,time_pp
1,0.03315217391304348,1,0,0,0.0,0.01894402503967285,0.16337823867797852,9.989738464355469e-05,0.0005106925964355469,0.01833200454711914
