num_events,utilization,reallocations,changes,failures,reallocated_prop,time_compute,time_apply,time_enum,time_search,time_pp
1,0.65,95,221,0,0.2753623188405797,0.0178375244140625,0.34038734436035156,0.0005092620849609375,0.0073850154876708984,0.009940624237060547
