num_events,utilization,reallocations,changes,failures,reallocated_prop,time_compute,time_apply,time_enum,time_search,time_pp
1,0.10054347826086957,1,0,0,0.0,0.07596683502197266,0.6316802501678467,3.4332275390625e-05,0.00030732154846191406,0.0756227970123291
