num_events,utilization,reallocations,changes,failures,reallocated_prop,time_compute,time_apply,time_enum,time_search,time_pp
1,0.65,4,7,0,0.4,0.01028299331665039,0.3065927028656006,0.0005114078521728516,0.00046944618225097656,0.009299993515014648
