num_events,utilization,reallocations,changes,failures,reallocated_prop,time_compute,time_apply,time_enum,time_search,time_pp
1,0.022282608695652174,1,0,0,0.0,0.036945343017578125,0.3087193965911865,0.00010156631469726562,0.0006189346313476562,0.036223411560058594
