num_events,utilization,reallocations,changes,failures,reallocated_prop,time_compute,time_apply,time_enum,time_search,time_pp
1,0.65,35,65,0,0.09043927648578812,0.018630027770996094,0.3227858543395996,0.0005068778991699219,0.007996082305908203,0.010124921798706055
