num_events,utilization,reallocations,changes,failures,reallocated_prop,time_compute,time_apply,time_enum,time_search,time_pp
1,0.65,30,73,0,0.32608695652173914,0.014880180358886719,0.3753342628479004,0.0007078647613525391,0.0021619796752929688,0.0120086669921875
