num_events,utilization,reallocations,changes,failures,reallocated_prop,time_compute,time_apply
1,0.7605978260869565,8,9,0,0.7777777777777778,0.00954437255859375,0.5193510055541992
