num_events,utilization,reallocations,changes,failures,reallocated_prop,time_compute,time_apply,time_enum,time_search,time_pp
1,0.09103260869565218,1,0,0,0.0,0.07281970977783203,0.6295261383056641,3.457069396972656e-05,0.00027561187744140625,0.07250761985778809
