num_events,utilization,reallocations,changes,failures,reallocated_prop,time_compute,time_apply,time_enum,time_search,time_pp
1,0.65,72,141,0,0.22153846153846155,0.016179800033569336,0.31624841690063477,0.0005083084106445312,0.006272554397583008,0.009397506713867188
