num_events,utilization,reallocations,changes,failures,reallocated_prop,time_compute,time_apply
1,0.7332880434782608,15,14,0,0.5384615384615384,0.037926435470581055,2.008366107940674
