num_events,utilization,reallocations,changes,failures,reallocated_prop,time_compute,time_apply,time_enum,time_search,time_pp
1,1.0,18,28,0,0.375,0.08171343803405762,0.5854947566986084,0.012850046157836914,0.059578895568847656,0.00928187370300293
