num_events,utilization,reallocations,changes,failures,reallocated_prop,time_compute,time_apply,time_enum,time_search,time_pp
1,0.65,37,67,0,0.3854166666666667,0.011971235275268555,0.3035304546356201,0.0004925727844238281,0.0022513866424560547,0.00922536849975586
