num_events,utilization,reallocations,changes,failures,reallocated_prop,time_compute,time_apply
1,0.7567934782608695,6,10,0,0.42857142857142855,0.011184930801391602,0.5119245052337646
