num_events,utilization,reallocations,changes,failures,reallocated_prop,time_compute,time_apply
1,0.8029891304347826,14,14,0,0.6190476190476191,0.00928497314453125,0.5264344215393066
