num_events,utilization,reallocations,changes,failures,reallocated_prop,time_compute,time_apply,time_enum,time_search,time_pp
1,0.042119565217391304,1,0,0,0.0,0.07146263122558594,0.5118663311004639,3.3855438232421875e-05,0.00013947486877441406,0.07128643989562988
