num_events,utilization,reallocations,changes,failures,reallocated_prop,time_compute,time_apply,time_enum,time_search,time_pp
1,1.0,77,135,0,0.25245901639344265,0.11368799209594727,0.5853068828582764,0.014797449111938477,0.0891408920288086,0.00974726676940918
