num_events,utilization,reallocations,changes,failures,reallocated_prop,time_compute,time_apply,time_enum,time_search,time_pp
1,1.0,63,141,0,0.18475073313782991,0.12297224998474121,0.5872206687927246,0.014630794525146484,0.09817886352539062,0.010159969329833984
