num_events,utilization,reallocations,changes,failures,reallocated_prop,time_compute,time_apply
1,0.9057065217391305,46,62,0,0.5054945054945055,0.013834238052368164,0.5599329471588135
