num_events,utilization,reallocations,changes,failures,reallocated_prop,time_compute,time_apply,time_enum,time_search,time_pp
1,0.65,72,141,0,0.22153846153846155,0.017084836959838867,0.32988524436950684,0.0005023479461669922,0.006857633590698242,0.009723186492919922
