num_events,utilization,reallocations,changes,failures,reallocated_prop,time_compute,time_apply,time_enum,time_search,time_pp
1,0.65,8,14,0,0.42105263157894735,0.010736942291259766,0.31011080741882324,0.0005095005035400391,0.0006763935089111328,0.009549379348754883
