num_events,utilization,reallocations,changes,failures,reallocated_prop,time_compute,time_apply,time_enum,time_search,time_pp
1,0.65,107,172,0,0.25295508274231676,0.018872737884521484,0.33722496032714844,0.0005071163177490234,0.008652925491333008,0.009711027145385742
