num_events,utilization,reallocations,changes,failures,reallocated_prop,time_compute,time_apply,time_enum,time_search,time_pp
1,0.0,0,0,0,0.0,0.010400056838989258,0.06013679504394531,3.4809112548828125e-05,1.621246337890625e-05,0.010346651077270508
