num_events,utilization,reallocations,changes,failures,reallocated_prop,time_compute,time_apply,time_enum,time_search,time_pp
1,0.12173913043478261,1,0,0,0.0,0.010411262512207031,0.11224246025085449,9.369850158691406e-05,0.0008528232574462891,0.009463071823120117
