num_events,utilization,reallocations,changes,failures,reallocated_prop,time_compute,time_apply,time_enum,time_search,time_pp
1,0.03260869565217391,1,0,0,0.0,0.01774454116821289,0.11767768859863281,3.075599670410156e-05,3.361701965332031e-05,0.017678260803222656
