num_events,utilization,reallocations,changes,failures,reallocated_prop,time_compute,time_apply
1,0.7098505434782608,6,6,0,0.7142857142857143,0.03646135330200195,1.9831922054290771
