num_events,utilization,reallocations,changes,failures,reallocated_prop,time_compute,time_apply,time_enum,time_search,time_pp
1,0.13043478260869565,1,0,0,0.0,0.010386943817138672,0.09450268745422363,3.5762786865234375e-05,6.437301635742188e-05,0.010284900665283203
