num_events,utilization,reallocations,changes,failures,reallocated_prop,time_compute,time_apply
1,0.7048913043478261,6,6,0,0.8333333333333334,0.00975179672241211,0.514063835144043
