num_events,utilization,reallocations,changes,failures,reallocated_prop,time_compute,time_apply,time_enum,time_search,time_pp
1,0.45652173913043476,1,0,0,0.0,0.3407409191131592,0.32971978187561035,0.018417835235595703,0.31247615814208984,0.009844779968261719
