num_events,utilization,reallocations,changes,failures,reallocated_prop,time_compute,time_apply,time_enum,time_search,time_pp
1,0.49130434782608695,1,0,0,0.0,0.3467087745666504,0.3338136672973633,0.017658233642578125,0.31964945793151855,0.009398698806762695
