num_events,utilization,reallocations,changes,failures,reallocated_prop,time_compute,time_apply,time_enum,time_search,time_pp
1,0.005978260869565218,1,0,0,0.0,0.01983928680419922,0.14863872528076172,9.799003601074219e-05,0.00011920928955078125,0.01961994171142578
