num_events,utilization,reallocations,changes,failures,reallocated_prop,time_compute,time_apply
1,0.814945652173913,14,14,0,0.6190476190476191,0.009145259857177734,0.5023643970489502
