num_events,utilization,reallocations,changes,failures,reallocated_prop,time_compute,time_apply,time_enum,time_search,time_pp
1,0.025543478260869567,1,0,0,0.0,0.01959824562072754,0.1594862937927246,9.655952453613281e-05,0.00037169456481933594,0.01912832260131836
