num_events,utilization,reallocations,changes,failures,reallocated_prop,time_compute,time_apply,time_enum,time_search,time_pp
1,0.6668817934782608,13,24,0,0.43333333333333335,0.0756373405456543,3.5600457191467285,0.0005066394805908203,0.0016906261444091797,0.07343816757202148
