num_events,utilization,reallocations,changes,failures,reallocated_prop,time_compute,time_apply,time_enum,time_search,time_pp
1,0.46304347826086956,1,0,0,0.0,0.34440040588378906,0.33356285095214844,0.018290042877197266,0.3161938190460205,0.009914159774780273
