num_events,utilization,reallocations,changes,failures,reallocated_prop,time_compute,time_apply,time_enum,time_search,time_pp
1,0.15,0,0,0,0.0,0.011234045028686523,0.09828352928161621,0.0005733966827392578,0.0002453327178955078,0.010413408279418945
