num_events,utilization,reallocations,changes,failures,reallocated_prop,time_compute,time_apply
1,0.8394021739130435,12,26,0,0.3870967741935484,0.013113021850585938,0.5246729850769043
