num_events,utilization,reallocations,changes,failures,reallocated_prop,time_compute,time_apply,time_enum,time_search,time_pp
1,0.09239130434782608,1,0,0,0.0,0.010077238082885742,0.10440397262573242,9.441375732421875e-05,0.0006871223449707031,0.00929403305053711
