num_events,utilization,reallocations,changes,failures,reallocated_prop,time_compute,time_apply,time_enum,time_search,time_pp
1,1.0,79,141,0,0.2289855072463768,0.12229728698730469,0.5903258323669434,0.014678955078125,0.09793496131896973,0.009681224822998047
