num_events,utilization,reallocations,changes,failures,reallocated_prop,time_compute,time_apply,time_enum,time_search,time_pp
1,1.0,21,48,0,0.09210526315789473,0.09884357452392578,0.5811383724212646,0.015078544616699219,0.07317996025085449,0.01058340072631836
