num_events,utilization,reallocations,changes,failures,reallocated_prop,time_compute,time_apply,time_enum,time_search,time_pp
1,1.0,33,68,0,0.25984251968503935,0.10559868812561035,0.6413044929504395,0.014553308486938477,0.08140087127685547,0.009641885757446289
