num_events,utilization,reallocations,changes,failures,reallocated_prop,time_compute,time_apply,time_enum,time_search,time_pp
1,0.27391304347826084,1,0,0,0.0,0.011339426040649414,0.1609494686126709,0.00010156631469726562,0.0017933845520019531,0.009442806243896484
