num_events,utilization,reallocations,changes,failures,reallocated_prop,time_compute,time_apply,time_enum,time_search,time_pp
1,0.6794836956521739,6,5,0,0.35714285714285715,0.01846003532409668,0.9057724475860596,0.00010013580322265625,0.00023031234741210938,0.01812744140625
