num_events,utilization,reallocations,changes,failures,reallocated_prop,time_compute,time_apply,time_enum,time_search,time_pp
1,0.08967391304347826,1,0,0,0.0,0.07329106330871582,0.635045051574707,3.2901763916015625e-05,0.00026869773864746094,0.07298755645751953
