num_events,utilization,reallocations,changes,failures,reallocated_prop,time_compute,time_apply,time_enum,time_search,time_pp
1,0.17391304347826086,1,0,0,0.0,0.03677654266357422,0.40636110305786133,3.361701965332031e-05,0.00026416778564453125,0.03647661209106445
