num_events,utilization,reallocations,changes,failures,reallocated_prop,time_compute,time_apply,time_enum,time_search,time_pp
1,0.08152173913043478,1,0,0,0.0,0.03575396537780762,0.3000204563140869,3.3855438232421875e-05,0.00013685226440429688,0.035581350326538086
