num_events,utilization,reallocations,changes,failures,reallocated_prop,time_compute,time_apply,time_enum,time_search,time_pp
1,0.665421195652174,16,18,0,0.46875,0.07175707817077637,3.5269711017608643,3.457069396972656e-05,0.0001914501190185547,0.07152867317199707
