num_events,utilization,reallocations,changes,failures,reallocated_prop,time_compute,time_apply,time_enum,time_search,time_pp
1,0.006114130434782609,1,0,0,0.0,0.07228875160217285,0.5854332447052002,8.344650268554688e-05,0.0003256797790527344,0.07187795639038086
