num_events,utilization,reallocations,changes,failures,reallocated_prop,time_compute,time_apply,time_enum,time_search,time_pp
1,0.15543478260869564,1,0,0,0.0,0.010518074035644531,0.1232607364654541,8.082389831542969e-05,0.0009832382202148438,0.009452342987060547
