num_events,utilization,reallocations,changes,failures,reallocated_prop,time_compute,time_apply,time_enum
1,0.1956521739130435,1,0,0,0.0,0.010362386703491211,0.1645960807800293,0.00014591217041015625
