num_events,utilization,reallocations,changes,failures,reallocated_prop,time_compute,time_apply,time_enum,time_search,time_pp
1,0.11413043478260869,1,0,0,0.0,0.010620594024658203,0.1097264289855957,9.679794311523438e-05,0.0008130073547363281,0.009709358215332031
