num_events,utilization,reallocations,changes,failures,reallocated_prop,time_compute,time_apply
1,0.9019021739130435,46,66,0,0.3458646616541353,0.015092849731445312,0.5471916198730469
