num_events,utilization,reallocations,changes,failures,reallocated_prop,time_compute,time_apply,time_enum,time_search,time_pp
1,0.7633152173913044,25,45,0,0.352112676056338,0.012056350708007812,0.457716703414917,0.0004994869232177734,0.0025043487548828125,0.009051084518432617
