num_events,utilization,reallocations,changes,failures,reallocated_prop,time_compute,time_apply,time_enum,time_search,time_pp
1,0.6736413043478261,3,2,0,0.16666666666666666,0.018128156661987305,0.8566036224365234,9.918212890625e-05,0.00022792816162109375,0.017798900604248047
