num_events,utilization,reallocations,changes,failures,reallocated_prop,time_compute,time_apply,time_enum,time_search,time_pp
1,1.0,8,21,0,0.1568627450980392,0.04190659523010254,0.5780541896820068,0.014548540115356445,0.017773151397705078,0.009582281112670898
