num_events,utilization,reallocations,changes,failures,reallocated_prop,time_compute,time_apply,time_enum,time_search,time_pp
1,1.0,22,63,0,0.15384615384615385,0.06823492050170898,0.572148323059082,0.014884233474731445,0.04362750053405762,0.009720802307128906
