num_events,utilization,reallocations,changes,failures,reallocated_prop,time_compute,time_apply,time_enum,time_search,time_pp
1,0.7567934782608695,29,51,0,0.34523809523809523,0.01208353042602539,0.4578969478607178,0.0004525184631347656,0.002531290054321289,0.009098052978515625
