num_events,utilization,reallocations,changes,failures,reallocated_prop,time_compute,time_apply,time_enum,time_search,time_pp
1,0.00625,1,0,0,0.0,0.07593584060668945,0.5938351154327393,9.870529174804688e-05,0.0003879070281982422,0.07544684410095215
