num_events,utilization,reallocations,changes,failures,reallocated_prop,time_compute,time_apply,time_enum,time_search,time_pp
1,1.0,18,51,0,0.15384615384615385,0.06543803215026855,0.5751843452453613,0.016000986099243164,0.03954148292541504,0.009893417358398438
