num_events,utilization,reallocations,changes,failures,reallocated_prop,time_compute,time_apply,time_enum,time_search,time_pp
1,0.6851222826086957,13,12,0,0.4,0.03672027587890625,1.8230924606323242,9.870529174804688e-05,0.0005338191986083984,0.03608512878417969
