num_events,utilization,reallocations,changes,failures,reallocated_prop,time_compute,time_apply,time_enum,time_search,time_pp
1,1.0,40,58,0,0.16194331983805668,0.09876894950866699,0.5811665058135986,0.014701128005981445,0.07427191734313965,0.009793758392333984
