num_events,utilization,reallocations,changes,failures,reallocated_prop,time_compute,time_apply,time_enum,time_search,time_pp
1,0.3391304347826087,1,0,0,0.0,0.2623307704925537,0.26738476753234863,0.018253087997436523,0.23416852951049805,0.009906768798828125
