num_events,utilization,reallocations,changes,failures,reallocated_prop,time_compute,time_apply,time_enum,time_search,time_pp
1,0.65,40,91,0,0.3007518796992481,0.013204336166381836,0.3191361427307129,0.0005085468292236328,0.0029573440551757812,0.009736061096191406
