num_events,utilization,reallocations,changes,failures,reallocated_prop,time_compute,time_apply
1,0.9146739130434782,45,63,0,0.6081081081081081,0.013284683227539062,0.5788192749023438
