num_events,utilization,reallocations,changes,failures,reallocated_prop,time_compute,time_apply,time_enum,time_search,time_pp
1,0.4532608695652174,1,0,0,0.0,0.34267568588256836,0.33289551734924316,0.021721839904785156,0.31115078926086426,0.009799957275390625
