num_events,utilization,reallocations,changes,failures,reallocated_prop,time_compute,time_apply,time_enum,time_search,time_pp
1,0.65,67,141,0,0.20679012345679013,0.017019271850585938,0.3359401226043701,0.0005083084106445312,0.006704568862915039,0.009804725646972656
