num_events,utilization,reallocations,changes,failures,reallocated_prop,time_compute,time_apply,time_enum,time_search,time_pp
1,1.0,31,65,0,0.28703703703703703,0.10072088241577148,0.6390361785888672,0.014820337295532227,0.07627391815185547,0.009623527526855469
