num_events,utilization,reallocations,changes,failures,reallocated_prop,time_compute,time_apply,time_enum,time_search,time_pp
1,0.65,12,29,0,0.3333333333333333,0.03558611869812012,1.1426305770874023,0.0005340576171875,0.0009531974792480469,0.034096717834472656
