num_events,utilization,reallocations,changes,failures,reallocated_prop,time_compute,time_apply,time_enum,time_search,time_pp
1,1.0,81,117,0,0.2709030100334448,0.11583662033081055,0.600949764251709,0.01488494873046875,0.09069967269897461,0.010250091552734375
