num_events,utilization,reallocations,changes,failures,reallocated_prop,time_compute,time_apply,time_enum,time_search,time_pp
1,0.11956521739130435,1,0,0,0.0,0.03561902046203613,0.34650659561157227,2.8848648071289062e-05,0.0001647472381591797,0.03542375564575195
