num_events,utilization,reallocations,changes,failures,reallocated_prop,time_compute,time_apply,time_enum,time_search,time_pp
1,0.65,68,148,0,0.2677165354330709,0.015638113021850586,0.334369421005249,0.0005435943603515625,0.0054285526275634766,0.009663820266723633
