num_events,utilization,reallocations,changes,failures,reallocated_prop,time_compute,time_apply
1,0.8494565217391304,8,7,0,0.2916666666666667,0.009622573852539062,0.5133321285247803
