num_events,utilization,reallocations,changes,failures,reallocated_prop,time_compute,time_apply,time_enum,time_search,time_pp
1,0.7324728260869565,10,10,0,0.32142857142857145,0.018171072006225586,0.938995361328125,3.528594970703125e-05,0.00021123886108398438,0.017922639846801758
