num_events,utilization,reallocations,changes,failures,reallocated_prop,time_compute,time_apply,time_enum,time_search,time_pp
1,0.65,40,75,0,0.42105263157894735,0.020803213119506836,0.6117470264434814,0.0004940032958984375,0.002251863479614258,0.018055438995361328
