num_events,utilization,reallocations,changes,failures,reallocated_prop,time_compute,time_apply,time_enum,time_search,time_pp
1,0.15217391304347827,1,0,0,0.0,0.01762557029724121,0.18887066841125488,2.9325485229492188e-05,0.00010895729064941406,0.01748514175415039
