num_events,utilization,reallocations,changes,failures,reallocated_prop,time_compute,time_apply,time_enum,time_search,time_pp
1,1.0,52,73,0,0.20077220077220076,0.10088539123535156,0.577817440032959,0.014697074890136719,0.07636880874633789,0.009817123413085938
