num_events,utilization,reallocations,changes,failures,reallocated_prop,time_compute,time_apply,time_enum,time_search,time_pp
1,0.3804347826086957,1,0,0,0.0,0.0489811897277832,0.26824188232421875,0.012976408004760742,0.026410341262817383,0.00959157943725586
