num_events,utilization,reallocations,changes,failures,reallocated_prop,time_compute,time_apply,time_enum,time_search,time_pp
1,0.3065217391304348,1,0,0,0.0,0.011632442474365234,0.17187809944152832,0.000118255615234375,0.002006053924560547,0.009506940841674805
