num_events,utilization,reallocations,changes,failures,reallocated_prop,time_compute,time_apply,time_enum,time_search,time_pp
1,0.01358695652173913,1,0,0,0.0,0.0733330249786377,0.457470178604126,3.6716461181640625e-05,5.793571472167969e-05,0.07323646545410156
