num_events,utilization,reallocations,changes,failures,reallocated_prop,time_compute,time_apply
1,0.7858695652173913,4,8,0,0.3076923076923077,0.010809183120727539,0.5159754753112793
