num_events,utilization,reallocations,changes,failures,reallocated_prop,time_compute,time_apply,time_enum,time_search,time_pp
1,0.18369565217391304,1,0,0,0.0,0.010431289672851562,0.12627410888671875,8.0108642578125e-05,0.0012359619140625,0.009113311767578125
