num_events,utilization,reallocations,changes,failures,reallocated_prop,time_compute,time_apply,time_enum,time_search,time_pp
1,0.013179347826086957,1,0,0,0.0,0.07567286491394043,0.6224830150604248,9.775161743164062e-05,0.0007693767547607422,0.07480406761169434
