num_events,utilization,reallocations,changes,failures,reallocated_prop,time_compute,time_apply,time_enum,time_search,time_pp
1,0.7567934782608695,21,36,0,0.2692307692307692,0.011505603790283203,0.45371079444885254,0.0004210472106933594,0.0022623538970947266,0.008819818496704102
