num_events,utilization,reallocations,changes,failures,reallocated_prop,time_compute,time_apply,time_enum,time_search,time_pp
1,0.0002717391304347826,1,0,0,0.0,0.06953740119934082,0.6247835159301758,0.0004968643188476562,0.0001938343048095703,0.06884503364562988
