num_events,utilization,reallocations,changes,failures,reallocated_prop,time_compute,time_apply,time_enum,time_search,time_pp
1,0.31290760869565215,3,2,0,1.0,0.018733978271484375,0.5200269222259521,9.846687316894531e-05,9.989738464355469e-05,0.018533945083618164
