num_events,utilization,reallocations,changes,failures,reallocated_prop,time_compute,time_apply,time_enum,time_search,time_pp
1,0.043478260869565216,1,0,0,0.0,0.010035514831542969,0.0858616828918457,9.751319885253906e-05,0.00035881996154785156,0.009577035903930664
