num_events,utilization,reallocations,changes,failures,reallocated_prop,time_compute,time_apply,time_enum,time_search,time_pp
1,0.01358695652173913,1,0,0,0.0,0.020496368408203125,0.1748049259185791,8.559226989746094e-05,0.00018930435180664062,0.02021956443786621
