num_events,utilization,reallocations,changes,failures,reallocated_prop,time_compute,time_apply,time_enum,time_search,time_pp
1,0.40869565217391307,1,0,0,0.0,0.3110525608062744,0.3114769458770752,0.02155327796936035,0.27970266342163086,0.009793996810913086
