num_events,utilization,reallocations,changes,failures,reallocated_prop,time_compute,time_apply,time_enum,time_search,time_pp
1,0.699320652173913,7,6,0,0.46153846153846156,0.01974630355834961,0.9189314842224121,3.695487976074219e-05,0.0001380443572998047,0.019568920135498047
