num_events,utilization,reallocations,changes,failures,reallocated_prop,time_compute,time_apply,time_enum,time_search,time_pp
1,0.15434782608695652,1,0,0,0.0,0.13472485542297363,0.190582275390625,0.019521236419677734,0.10597014427185059,0.0092315673828125
