num_events,utilization,reallocations,changes,failures,reallocated_prop,time_compute,time_apply
1,0.803804347826087,18,20,0,0.7391304347826086,0.009655475616455078,0.5412271022796631
