num_events,utilization,reallocations,changes,failures,reallocated_prop,time_compute,time_apply,time_enum,time_search,time_pp
1,1.0,14,20,0,0.5185185185185185,0.04538679122924805,0.5712978839874268,0.012591838836669922,0.0236055850982666,0.009187459945678711
