num_events,utilization,reallocations,changes,failures,reallocated_prop,time_compute,time_apply,time_enum,time_search,time_pp
1,0.65,9,22,0,0.32142857142857145,0.01944446563720703,0.5928442478179932,0.0004930496215820312,0.000873565673828125,0.018076181411743164
