num_events,utilization,reallocations,changes,failures,reallocated_prop,time_compute,time_apply,time_enum,time_search,time_pp
1,1.0,67,79,0,0.16183574879227053,0.1430492401123047,0.5778374671936035,0.014703750610351562,0.11836504936218262,0.009977102279663086
