num_events,utilization,reallocations,changes,failures,reallocated_prop,time_compute,time_apply
1,0.7629076086956522,18,19,0,0.7727272727272727,0.019483089447021484,0.9879019260406494
