num_events,utilization,reallocations,changes,failures,reallocated_prop,time_compute,time_apply,time_enum,time_search,time_pp
1,0.65,31,58,0,0.4189189189189189,0.03658747673034668,1.2139930725097656,0.0004909038543701172,0.0017046928405761719,0.03438973426818848
