num_events,utilization,reallocations,changes,failures,reallocated_prop,time_compute,time_apply
1,0.753804347826087,11,12,0,0.7692307692307693,0.009580135345458984,0.5076367855072021
