num_events,utilization,reallocations,changes,failures,reallocated_prop,time_compute,time_apply,time_enum,time_search,time_pp
1,0.65,68,148,0,0.26877470355731226,0.016440153121948242,0.33608555793762207,0.0005464553833007812,0.005873918533325195,0.010017871856689453
