num_events,utilization,reallocations,changes,failures,reallocated_prop,time_compute,time_apply,time_enum,time_search,time_pp
1,0.07717391304347826,1,0,0,0.0,0.009912490844726562,0.09412813186645508,8.630752563476562e-05,0.0004754066467285156,0.009349822998046875
