num_events,utilization,reallocations,changes,failures,reallocated_prop,time_compute,time_apply,time_enum,time_search,time_pp
1,1.0,9,24,0,0.15789473684210525,0.0439910888671875,0.5705764293670654,0.014699220657348633,0.019908428192138672,0.009381294250488281
