num_events,utilization,reallocations,changes,failures,reallocated_prop,time_compute,time_apply,time_enum,time_search,time_pp
1,0.65,77,130,0,0.24758842443729903,0.016793012619018555,0.31502676010131836,0.0005009174346923828,0.0064852237701416016,0.00980520248413086
