num_events,utilization,reallocations,changes,failures,reallocated_prop,time_compute,time_apply,time_enum,time_search,time_pp
1,0.029347826086956522,1,0,0,0.0,0.009847164154052734,0.08542943000793457,0.00010633468627929688,0.0002465248107910156,0.00949239730834961
