num_events,utilization,reallocations,changes,failures,reallocated_prop,time_compute,time_apply,time_enum,time_search,time_pp
1,0.65,28,68,0,0.3333333333333333,0.07384443283081055,2.4075820446014404,0.0005052089691162109,0.0020470619201660156,0.0712897777557373
