num_events,utilization,reallocations,changes,failures,reallocated_prop,time_compute,time_apply
1,0.8358695652173913,7,6,0,0.2727272727272727,0.009624004364013672,0.523261308670044
