num_events,utilization,reallocations,changes,failures,reallocated_prop,time_compute,time_apply,time_enum,time_search,time_pp
1,0.65,83,189,0,0.24629080118694363,0.01673436164855957,0.3367431163787842,0.0005130767822265625,0.0067942142486572266,0.009426116943359375
