num_events,utilization,reallocations,changes,failures,reallocated_prop,time_compute,time_apply,time_enum,time_search,time_pp
1,0.3760869565217391,1,0,0,0.0,0.012148857116699219,0.1967604160308838,9.512901306152344e-05,0.0023496150970458984,0.009702682495117188
