num_events,utilization,reallocations,changes,failures,reallocated_prop,time_compute,time_apply,time_enum,time_search,time_pp
1,0.02010869565217391,1,0,0,0.0,0.01939702033996582,0.15639638900756836,8.344650268554688e-05,0.0002579689025878906,0.01905345916748047
