num_events,utilization,reallocations,changes,failures,reallocated_prop,time_compute,time_apply,time_enum,time_search,time_pp
1,0.003260869565217391,1,0,0,0.0,0.0359652042388916,0.35376882553100586,3.361701965332031e-05,2.2411346435546875e-05,0.03590750694274902
