num_events,utilization,reallocations,changes,failures,reallocated_prop,time_compute,time_apply,time_enum,time_search,time_pp
1,0.22282608695652173,1,0,0,0.0,0.0401763916015625,0.47008204460144043,3.743171691894531e-05,0.00035500526428222656,0.039782047271728516
