num_events,utilization,reallocations,changes,failures,reallocated_prop,time_compute,time_apply,time_enum,time_search,time_pp
1,1.0,68,153,0,0.1475054229934924,0.15685462951660156,0.5900442600250244,0.014746665954589844,0.13206005096435547,0.010045528411865234
