num_events,utilization,reallocations,changes,failures,reallocated_prop,time_compute,time_apply,time_enum,time_search,time_pp
1,0.6628396739130434,9,9,0,0.47058823529411764,0.06981301307678223,3.4369945526123047,3.504753112792969e-05,0.0001456737518310547,0.06963038444519043
