num_events,utilization,reallocations,changes,failures,reallocated_prop,time_compute,time_apply,time_enum,time_search,time_pp
1,0.057065217391304345,1,0,0,0.0,0.07961869239807129,0.6129837036132812,3.0279159545898438e-05,0.00015616416931152344,0.07943010330200195
