num_events,utilization,reallocations,changes,failures,reallocated_prop,time_compute,time_apply,time_enum,time_search,time_pp
1,0.6911684782608696,8,14,0,0.47058823529411764,0.019797086715698242,0.9209768772125244,0.0005564689636230469,0.0010933876037597656,0.01814556121826172
