num_events,utilization,reallocations,changes,failures,reallocated_prop,time_compute,time_apply
1,0.4703804347826087,2,1,0,0.3333333333333333,0.011536121368408203,0.4354512691497803
