num_events,utilization,reallocations,changes,failures,reallocated_prop,time_compute,time_apply,time_enum,time_search,time_pp
1,0.0008152173913043478,1,0,0,0.0,0.036498308181762695,0.28392529487609863,9.846687316894531e-05,6.103515625e-05,0.036336660385131836
