num_events,utilization,reallocations,changes,failures,reallocated_prop,time_compute,time_apply,time_enum,time_search,time_pp
1,0.004347826086956522,1,0,0,0.0,0.01821446418762207,0.1434342861175537,9.942054748535156e-05,9.632110595703125e-05,0.018016576766967773
