num_events,utilization,reallocations,changes,failures,reallocated_prop,time_compute,time_apply,time_enum,time_search,time_pp
1,1.0,20,45,0,0.09615384615384616,0.08657479286193848,0.5796496868133545,0.01471400260925293,0.06215786933898926,0.009701013565063477
