num_events,utilization,reallocations,changes,failures,reallocated_prop,time_compute,time_apply,time_enum,time_search,time_pp
1,0.005434782608695652,1,0,0,0.0,0.01083827018737793,0.08339214324951172,0.0001068115234375,7.915496826171875e-05,0.010650396347045898
