num_events,utilization,reallocations,changes,failures,reallocated_prop,time_compute,time_apply,time_enum,time_search,time_pp
1,0.65,22,39,0,0.3188405797101449,0.01171875,0.30107879638671875,0.0005383491516113281,0.0016341209411621094,0.009544610977172852
