num_events,utilization,reallocations,changes,failures,reallocated_prop,time_compute,time_apply
1,0.8336956521739131,10,9,0,0.4090909090909091,0.009848833084106445,0.5026254653930664
