num_events,utilization,reallocations,changes,failures,reallocated_prop,time_compute,time_apply,time_enum,time_search,time_pp
1,0.1956521739130435,1,0,0,0.0,0.010740041732788086,0.13504981994628906,9.250640869140625e-05,0.0012919902801513672,0.009354114532470703
