num_events,utilization,reallocations,changes,failures,reallocated_prop,time_compute,time_apply,time_enum,time_search,time_pp
1,0.5054347826086957,1,0,0,0.0,0.3679337501525879,0.35060906410217285,0.018270254135131836,0.33963847160339355,0.010022163391113281
