num_events,utilization,reallocations,changes,failures,reallocated_prop,time_compute,time_apply,time_enum,time_search,time_pp
1,0.2326086956521739,1,0,0,0.0,0.011633634567260742,0.1513197422027588,9.5367431640625e-05,0.0016186237335205078,0.009917259216308594
