num_events,utilization,reallocations,changes,failures,reallocated_prop,time_compute,time_apply,time_enum,time_search,time_pp
1,0.65,39,83,0,0.2635135135135135,0.01342916488647461,0.3209381103515625,0.0005025863647460938,0.003270864486694336,0.009653091430664062
