num_events,utilization,reallocations,changes,failures,reallocated_prop,time_compute,time_apply,time_enum,time_search,time_pp
1,0.21304347826086956,1,0,0,0.0,0.18412446975708008,0.22744083404541016,0.018337726593017578,0.15545225143432617,0.010332822799682617
