num_events,utilization,reallocations,changes,failures,reallocated_prop,time_compute,time_apply,time_enum,time_search,time_pp
1,1.0,23,41,0,0.24468085106382978,0.05898094177246094,0.5819530487060547,0.015972137451171875,0.03270125389099121,0.010306358337402344
