num_events,utilization,reallocations,changes,failures,reallocated_prop,time_compute,time_apply,time_enum,time_search,time_pp
1,1.0,15,27,0,0.0539568345323741,0.10565781593322754,0.5682394504547119,0.014747142791748047,0.08111453056335449,0.009793758392333984
