num_events,utilization,reallocations,changes,failures,reallocated_prop,time_compute,time_apply
1,0.8508152173913044,10,10,0,0.2727272727272727,0.010202646255493164,0.5362377166748047
