num_events,utilization,reallocations,changes,failures,reallocated_prop,time_compute,time_apply,time_enum,time_search,time_pp
1,0.65,56,98,0,0.3236994219653179,0.014015913009643555,0.32335972785949707,0.0004994869232177734,0.003865480422973633,0.009648323059082031
