num_events,utilization,reallocations,changes,failures,reallocated_prop,time_compute,time_apply,time_enum,time_search,time_pp
1,0.022282608695652174,1,0,0,0.0,0.03687429428100586,0.3075070381164551,0.00010991096496582031,0.0006620883941650391,0.03610062599182129
