num_events,utilization,reallocations,changes,failures,reallocated_prop,time_compute,time_apply,time_enum,time_search,time_pp
1,0.65,25,35,0,0.20161290322580644,0.01285409927368164,0.31192708015441895,0.0005061626434326172,0.0027785301208496094,0.009567499160766602
