num_events,utilization,reallocations,changes,failures,reallocated_prop,time_compute,time_apply,time_enum,time_search,time_pp
1,0.0391304347826087,1,0,0,0.0,0.061754465103149414,0.15233325958251953,0.021851062774658203,0.030458688735961914,0.009441852569580078
