num_events,utilization,reallocations,changes,failures,reallocated_prop,time_compute,time_apply,time_enum,time_search,time_pp
1,0.15543478260869564,1,0,0,0.0,0.010521173477172852,0.11543464660644531,9.584426879882812e-05,0.0010449886322021484,0.009378433227539062
