num_events,utilization,reallocations,changes,failures,reallocated_prop,time_compute,time_apply,time_enum,time_search,time_pp
1,0.2793478260869565,1,0,0,0.0,0.23301386833190918,0.2609825134277344,0.019411325454711914,0.20380854606628418,0.009792327880859375
