num_events,utilization,reallocations,changes,failures,reallocated_prop,time_compute,time_apply,time_enum,time_search,time_pp
1,0.21956521739130436,1,0,0,0.0,0.1826474666595459,0.2253866195678711,0.018332719802856445,0.15487241744995117,0.009440183639526367
