num_events,utilization,reallocations,changes,failures,reallocated_prop,time_compute,time_apply,time_enum,time_search,time_pp
1,1.0,28,61,0,0.36363636363636365,0.09019017219543457,0.6135163307189941,0.013475179672241211,0.06752204895019531,0.009191036224365234
