num_events,utilization,reallocations,changes,failures,reallocated_prop,time_compute,time_apply,time_enum,time_search,time_pp
1,0.65,22,41,0,0.4230769230769231,0.01126861572265625,0.31413722038269043,0.0005040168762207031,0.001361846923828125,0.009401082992553711
