num_events,utilization,reallocations,changes,failures,reallocated_prop,time_compute,time_apply,time_enum,time_search,time_pp
1,0.12391304347826088,1,0,0,0.0,0.11496353149414062,0.1825885772705078,0.018269777297973633,0.08742403984069824,0.009267568588256836
