num_events,utilization,reallocations,changes,failures,reallocated_prop,time_compute,time_apply,time_enum,time_search,time_pp
1,0.7567934782608695,53,98,0,0.5145631067961165,0.014099836349487305,0.5016307830810547,0.0005369186401367188,0.003268003463745117,0.010293245315551758
