num_events,utilization,reallocations,changes,failures,reallocated_prop,time_compute,time_apply,time_enum,time_search,time_pp
1,0.2793478260869565,1,0,0,0.0,0.011044025421142578,0.17205810546875,8.082389831542969e-05,0.0016155242919921875,0.009345769882202148
