num_events,utilization,reallocations,changes,failures,reallocated_prop,time_compute,time_apply,time_enum,time_search,time_pp
1,0.7567934782608695,34,66,0,0.4927536231884058,0.012066364288330078,0.4857199192047119,0.0004971027374267578,0.0022878646850585938,0.009279727935791016
