num_events,utilization,reallocations,changes,failures,reallocated_prop,time_compute,time_apply
1,0.7445652173913043,7,11,0,0.3888888888888889,0.019556522369384766,0.9632401466369629
