num_events,utilization,reallocations,changes,failures,reallocated_prop,time_compute,time_apply,time_enum,time_search,time_pp
1,0.23043478260869565,1,0,0,0.0,0.19437479972839355,0.2308483123779297,0.021794557571411133,0.16292548179626465,0.009652853012084961
