num_events,utilization,reallocations,changes,failures,reallocated_prop,time_compute,time_apply,time_enum,time_search,time_pp
1,0.65,26,48,0,0.43333333333333335,0.0383145809173584,1.203969955444336,0.0004894733428955078,0.0015485286712646484,0.03627419471740723
