num_events,utilization,reallocations,changes,failures,reallocated_prop,time_compute,time_apply,time_enum,time_search,time_pp
1,0.07282608695652174,1,0,0,0.0,0.08265924453735352,0.16071367263793945,0.02177262306213379,0.051502227783203125,0.009381771087646484
