num_events,utilization,reallocations,changes,failures,reallocated_prop,time_compute,time_apply,time_enum,time_search,time_pp
1,1.0,18,39,0,0.04285714285714286,0.1450653076171875,0.5734901428222656,0.014724016189575195,0.12017273902893066,0.010165929794311523
