num_events,utilization,reallocations,changes,failures,reallocated_prop,time_compute,time_apply,time_enum,time_search,time_pp
1,0.005298913043478261,1,0,0,0.0,0.07801008224487305,0.5958709716796875,0.00013518333435058594,0.00033664703369140625,0.07753586769104004
