num_events,utilization,reallocations,changes,failures,reallocated_prop,time_compute,time_apply,time_enum,time_search,time_pp
1,1.0,32,72,0,0.19875776397515527,0.07693171501159668,0.5717892646789551,0.01572418212890625,0.05095195770263672,0.010253429412841797
