num_events,utilization,reallocations,changes,failures,reallocated_prop,time_compute,time_apply,time_enum,time_search,time_pp
1,1.0,5,9,0,0.25,0.04449892044067383,0.5799579620361328,0.014978885650634766,0.0203092098236084,0.009207725524902344
