num_events,utilization,reallocations,changes,failures,reallocated_prop,time_compute,time_apply,time_enum,time_search,time_pp
1,0.65,28,53,0,0.417910447761194,0.02046966552734375,0.608513593673706,0.0005459785461425781,0.001683950424194336,0.018237590789794922
