num_events,utilization,reallocations,changes,failures,reallocated_prop,time_compute,time_apply,time_enum,time_search,time_pp
1,0.5918478260869565,2,2,0,0.2,0.010427236557006836,0.4532458782196045,0.0005774497985839844,0.0005335807800292969,0.009314298629760742
