num_events,utilization,reallocations,changes,failures,reallocated_prop,time_compute,time_apply,time_enum,time_search,time_pp
1,0.65,27,58,0,0.2755102040816326,0.02288985252380371,0.6206014156341553,0.0005431175231933594,0.0026450157165527344,0.019699573516845703
