num_events,utilization,reallocations,changes,failures,reallocated_prop,time_compute,time_apply,time_enum,time_search,time_pp
1,0.6592391304347827,2,5,0,0.2857142857142857,0.038678646087646484,1.7770609855651855,0.0005185604095458984,0.0006008148193359375,0.03755760192871094
