num_events,utilization,reallocations,changes,failures,reallocated_prop,time_compute,time_apply
1,0.7129076086956522,10,14,0,0.47619047619047616,0.07511043548583984,3.917513608932495
