num_events,utilization,reallocations,changes,failures,reallocated_prop,time_compute,time_apply,time_enum,time_search,time_pp
1,1.0,9,24,0,0.15789473684210525,0.047695159912109375,0.5879688262939453,0.015893936157226562,0.021407604217529297,0.010392427444458008
