num_events,utilization,reallocations,changes,failures,reallocated_prop,time_compute,time_apply,time_enum,time_search,time_pp
1,0.19782608695652174,1,0,0,0.0,0.1668100357055664,0.21489524841308594,0.018197059631347656,0.13915610313415527,0.00945425033569336
