num_events,utilization,reallocations,changes,failures,reallocated_prop,time_compute,time_apply,time_enum,time_search,time_pp
1,0.31956521739130433,1,0,0,0.0,0.011813640594482422,0.17670774459838867,9.322166442871094e-05,0.0021140575408935547,0.009605169296264648
