num_events,utilization,reallocations,changes,failures,reallocated_prop,time_compute,time_apply,time_enum,time_search,time_pp
1,1.0,101,183,0,0.2135306553911205,0.16158795356750488,0.6205592155456543,0.014686346054077148,0.13684892654418945,0.010050535202026367
