num_events,utilization,reallocations,changes,failures,reallocated_prop,time_compute,time_apply,time_enum,time_search,time_pp
1,0.3978260869565217,1,0,0,0.0,0.30603718757629395,0.3036770820617676,0.018384218215942383,0.2779078483581543,0.009743213653564453
