num_events,utilization,reallocations,changes,failures,reallocated_prop,time_compute,time_apply,time_enum,time_search,time_pp
1,0.04021739130434782,1,0,0,0.0,0.058138132095336914,0.1456444263458252,0.01827716827392578,0.03059554100036621,0.00926351547241211
