num_events,utilization,reallocations,changes,failures,reallocated_prop,time_compute,time_apply,time_enum,time_search,time_pp
1,0.18478260869565216,1,0,0,0.0,0.010489463806152344,0.12853193283081055,9.846687316894531e-05,0.0011858940124511719,0.009203433990478516
