num_events,utilization,reallocations,changes,failures,reallocated_prop,time_compute,time_apply,time_enum,time_search,time_pp
1,0.65,34,63,0,0.425,0.012085437774658203,0.3146631717681885,0.0005466938018798828,0.0019555091857910156,0.009581327438354492
