num_events,utilization,reallocations,changes,failures,reallocated_prop,time_compute,time_apply,time_enum,time_search,time_pp
1,0.6588315217391304,6,12,0,0.35294117647058826,0.07666921615600586,3.5070173740386963,0.0005047321319580078,0.0010442733764648438,0.07511782646179199
