num_events,utilization,reallocations,changes,failures,reallocated_prop,time_compute,time_apply
1,0.7464673913043478,5,4,0,0.36363636363636365,0.009748220443725586,0.5040464401245117
