num_events,utilization,reallocations,changes,failures,reallocated_prop,time_compute,time_apply,time_enum,time_search,time_pp
1,1.0,2,6,0,0.13333333333333333,0.051345109939575195,0.5916416645050049,0.01465296745300293,0.027440547943115234,0.009248733520507812
