num_events,utilization,reallocations,changes,failures,reallocated_prop,time_compute,time_apply,time_enum
1,0.31521739130434784,1,0,0,0.0,0.05858969688415527,0.25538039207458496,0.01813983917236328
