num_events,utilization,reallocations,changes,failures,reallocated_prop,time_compute,time_apply,time_enum,time_search,time_pp
1,0.010597826086956521,1,0,0,0.0,0.03693366050720215,0.2978978157043457,9.799003601074219e-05,0.00033473968505859375,0.0364987850189209
