num_events,utilization,reallocations,changes,failures,reallocated_prop,time_compute,time_apply
1,0.8480978260869565,24,24,0,0.6764705882352942,0.009157896041870117,0.5275049209594727
