num_events,utilization,reallocations,changes,failures,reallocated_prop,time_compute,time_apply
1,0.8035326086956521,12,12,0,0.7333333333333333,0.009932518005371094,0.5496182441711426
