num_events,utilization,reallocations,changes,failures,reallocated_prop,time_compute,time_apply,time_enum,time_search,time_pp
1,0.65,47,97,0,0.15562913907284767,0.01858997344970703,0.36250758171081543,0.0006871223449707031,0.006024837493896484,0.011876344680786133
