num_events,utilization,reallocations,changes,failures,reallocated_prop,time_compute,time_apply,time_enum,time_search,time_pp
1,0.1956521739130435,1,0,0,0.0,0.0379331111907959,0.200120210647583,0.012878656387329102,0.015536785125732422,0.009515523910522461
