num_events,utilization,reallocations,changes,failures,reallocated_prop,time_compute,time_apply
1,0.9059782608695652,41,94,0,0.2546583850931677,0.016352176666259766,0.5668964385986328
