num_events,utilization,reallocations,changes,failures,reallocated_prop,time_compute,time_apply,time_enum,time_search,time_pp
1,0.7567934782608695,61,86,0,0.5258620689655172,0.012495756149291992,0.46169090270996094,0.0004429817199707031,0.003220796585083008,0.008828878402709961
