num_events,utilization,reallocations,changes,failures,reallocated_prop,time_compute,time_apply
1,0.8929347826086956,50,90,0,0.5050505050505051,0.01515507698059082,0.5624203681945801
