num_events,utilization,reallocations,changes,failures,reallocated_prop,time_compute,time_apply,time_enum,time_search,time_pp
1,0.20217391304347826,1,0,0,0.0,0.010231494903564453,0.13059782981872559,8.0108642578125e-05,0.001195669174194336,0.008954524993896484
