num_events,utilization,reallocations,changes,failures,reallocated_prop,time_compute,time_apply,time_enum,time_search,time_pp
1,0.06793478260869565,1,0,0,0.0,0.03747153282165527,0.28369903564453125,3.504753112792969e-05,0.00011658668518066406,0.03731727600097656
