num_events,utilization,reallocations,changes,failures,reallocated_prop,time_compute,time_apply,time_enum,time_search,time_pp
1,0.014130434782608696,1,0,0,0.0,0.045586585998535156,0.1368424892425537,0.021836280822753906,0.014386177062988281,0.009361982345581055
