num_events,utilization,reallocations,changes,failures,reallocated_prop,time_compute,time_apply,time_enum,time_search,time_pp
1,0.7635869565217391,31,64,0,0.41333333333333333,0.013098001480102539,0.4774813652038574,0.0005481243133544922,0.0029091835021972656,0.00963902473449707
