num_events,utilization,reallocations,changes,failures,reallocated_prop,time_compute,time_apply,time_enum,time_search,time_pp
1,1.0,80,180,0,0.19656019656019655,0.13231873512268066,0.574519157409668,0.012404441833496094,0.11034607887268066,0.009566307067871094
