num_events,utilization,reallocations,changes,failures,reallocated_prop,time_compute,time_apply,time_enum,time_search,time_pp
1,0.010326086956521738,1,0,0,0.0,0.018358707427978516,0.14779186248779297,9.584426879882812e-05,0.00018596649169921875,0.018075227737426758
