num_events,utilization,reallocations,changes,failures,reallocated_prop,time_compute,time_apply,time_enum,time_search,time_pp
1,1.0,36,78,0,0.2057142857142857,0.07900047302246094,0.5737102031707764,0.014895200729370117,0.054312705993652344,0.009790658950805664
