num_events,utilization,reallocations,changes,failures,reallocated_prop,time_compute,time_apply,time_enum,time_search,time_pp
1,1.0,8,10,0,0.5,0.04256725311279297,0.591148853302002,0.012800931930541992,0.02062249183654785,0.009140968322753906
