num_events,utilization,reallocations,changes,failures,reallocated_prop,time_compute,time_apply,time_enum,time_search,time_pp
1,0.7633152173913044,48,113,0,0.4485981308411215,0.012459278106689453,0.4685099124908447,0.0004253387451171875,0.0031845569610595703,0.008847475051879883
