num_events,utilization,reallocations,changes,failures,reallocated_prop,time_compute,time_apply,time_enum,time_search,time_pp
1,0.6841032608695652,8,18,0,0.3076923076923077,0.03835606575012207,1.8096349239349365,0.0005116462707519531,0.001544952392578125,0.03629732131958008
