num_events,utilization,reallocations,changes,failures,reallocated_prop,time_compute,time_apply,time_enum,time_search,time_pp
1,0.3402173913043478,1,0,0,0.0,0.011809349060058594,0.1838822364807129,9.250640869140625e-05,0.002157926559448242,0.009557485580444336
