num_events,utilization,reallocations,changes,failures,reallocated_prop,time_compute,time_apply
1,0.8255434782608696,5,9,0,0.38461538461538464,0.011498689651489258,0.5041089057922363
