num_events,utilization,reallocations,changes,failures,reallocated_prop,time_compute,time_apply,time_enum,time_search,time_pp
1,1.0,31,72,0,0.3875,0.09086155891418457,0.6326813697814941,0.013440132141113281,0.06833648681640625,0.009083271026611328
