num_events,utilization,reallocations,changes,failures,reallocated_prop,time_compute,time_apply,time_enum,time_search,time_pp
1,0.059782608695652176,1,0,0,0.0,0.021878957748413086,0.1691884994506836,4.124641418457031e-05,7.605552673339844e-05,0.021759748458862305
