num_events,utilization,reallocations,changes,failures,reallocated_prop,time_compute,time_apply
1,0.8809782608695652,22,37,0,0.5789473684210527,0.01379084587097168,0.5385732650756836
