num_events,utilization,reallocations,changes,failures,reallocated_prop,time_compute,time_apply,time_enum,time_search,time_pp
1,1.0,6,15,0,0.16216216216216217,0.03895378112792969,0.5752947330474854,0.015474796295166016,0.014067411422729492,0.00940847396850586
