num_events,utilization,reallocations,changes,failures,reallocated_prop,time_compute,time_apply,time_enum,time_search,time_pp
1,0.01684782608695652,1,0,0,0.0,0.018582582473754883,0.15001177787780762,8.320808410644531e-05,0.00022077560424804688,0.01827716827392578
