num_events,utilization,reallocations,changes,failures,reallocated_prop,time_compute,time_apply,time_enum,time_search,time_pp
1,0.08695652173913043,1,0,0,0.0,0.010477304458618164,0.08554458618164062,3.5762786865234375e-05,4.76837158203125e-05,0.010391473770141602
