num_events,utilization,reallocations,changes,failures,reallocated_prop,time_compute,time_apply,time_enum,time_search,time_pp
1,0.025,1,0,0,0.0,0.009902238845825195,0.08385658264160156,0.00010633468627929688,0.00021600723266601562,0.00957798957824707
