num_events,utilization,reallocations,changes,failures,reallocated_prop,time_compute,time_apply,time_enum,time_search,time_pp
1,0.18478260869565216,1,0,0,0.0,0.010627508163452148,0.13214564323425293,9.751319885253906e-05,0.0012314319610595703,0.00929713249206543
