num_events,utilization,reallocations,changes,failures,reallocated_prop,time_compute,time_apply
1,0.7797554347826087,14,15,0,0.5652173913043478,0.019205570220947266,0.9931540489196777
