num_events,utilization,reallocations,changes,failures,reallocated_prop,time_compute,time_apply,time_enum,time_search,time_pp
1,0.017934782608695653,1,0,0,0.0,0.03664112091064453,0.3021876811981201,9.822845458984375e-05,0.0005083084106445312,0.036032915115356445
