num_events,utilization,reallocations,changes,failures,reallocated_prop,time_compute,time_apply,time_enum,time_search,time_pp
1,0.30309103260869563,2,1,0,0.5,0.0725393295288086,2.073084592819214,9.822845458984375e-05,0.0001010894775390625,0.07233738899230957
