num_events,utilization,reallocations,changes,failures,reallocated_prop,time_compute,time_apply,time_enum,time_search,time_pp
1,0.036684782608695655,1,0,0,0.0,0.07254672050476074,0.5103931427001953,3.4332275390625e-05,0.00012946128845214844,0.07238054275512695
