num_events,utilization,reallocations,changes,failures,reallocated_prop,time_compute,time_apply,time_enum,time_search,time_pp
1,0.15217391304347827,1,0,0,0.0,0.03672003746032715,0.19825458526611328,0.013440608978271484,0.013368844985961914,0.00990748405456543
