num_events,utilization,reallocations,changes,failures,reallocated_prop,time_compute,time_apply,time_enum,time_search,time_pp
1,0.7058423913043478,13,14,0,0.42857142857142855,0.017596006393432617,0.8983969688415527,2.956390380859375e-05,0.0001590251922607422,0.01740574836730957
