num_events,utilization,reallocations,changes,failures,reallocated_prop,time_compute,time_apply,time_enum,time_search,time_pp
1,0.02010869565217391,1,0,0,0.0,0.03775978088378906,0.3148186206817627,0.00010371208190917969,0.0006074905395507812,0.037046194076538086
