num_events,utilization,reallocations,changes,failures,reallocated_prop,time_compute,time_apply,time_enum,time_search,time_pp
1,1.0,8,21,0,0.1568627450980392,0.045847177505493164,0.5861151218414307,0.015799999237060547,0.019651412963867188,0.010394573211669922
