num_events,utilization,reallocations,changes,failures,reallocated_prop,time_compute,time_apply
1,0.7947010869565218,13,12,0,0.4444444444444444,0.02301311492919922,1.1152634620666504
