num_events,utilization,reallocations,changes,failures,reallocated_prop,time_compute,time_apply,time_enum,time_search,time_pp
1,0.6712635869565218,13,12,0,0.3333333333333333,0.07282447814941406,3.541379928588867,0.00010085105895996094,0.0006310939788818359,0.07209062576293945
