num_events,utilization,reallocations,changes,failures,reallocated_prop,time_compute,time_apply
1,0.7422554347826087,23,24,0,0.7333333333333333,0.03636312484741211,1.9159104824066162
