num_events,utilization,reallocations,changes,failures,reallocated_prop,time_compute,time_apply
1,0.7671195652173913,12,11,0,0.4583333333333333,0.01852726936340332,0.9855921268463135
