num_events,utilization,reallocations,changes,failures,reallocated_prop,time_compute,time_apply
1,0.8214673913043479,10,9,0,0.4090909090909091,0.010415315628051758,0.5543391704559326
