num_events,utilization,reallocations,changes,failures,reallocated_prop,time_compute,time_apply,time_enum,time_search,time_pp
1,0.65,103,197,0,0.3029411764705882,0.017684459686279297,0.338578462600708,0.0005064010620117188,0.00731968879699707,0.009856224060058594
