num_events,utilization,reallocations,changes,failures,reallocated_prop,time_compute,time_apply,time_enum,time_search,time_pp
1,0.65,75,165,0,0.16968325791855204,0.018908023834228516,0.3327908515930176,0.0005109310150146484,0.008945703506469727,0.00944972038269043
