num_events,utilization,reallocations,changes,failures,reallocated_prop,time_compute,time_apply
1,0.8831521739130435,7,6,0,0.2222222222222222,0.009682655334472656,0.5333399772644043
