num_events,utilization,reallocations,changes,failures,reallocated_prop,time_compute,time_apply,time_enum,time_search,time_pp
1,1.0,45,135,0,0.09846827133479212,0.15485525131225586,0.5835845470428467,0.014828920364379883,0.12996578216552734,0.010058164596557617
