num_events,utilization,reallocations,changes,failures,reallocated_prop,time_compute,time_apply,time_enum,time_search,time_pp
1,0.2108695652173913,1,0,0,0.0,0.18232321739196777,0.23339390754699707,0.021565675735473633,0.1505417823791504,0.010213851928710938
