num_events,utilization,reallocations,changes,failures,reallocated_prop,time_compute,time_apply,time_enum,time_search,time_pp
1,0.7633152173913044,20,47,0,0.46511627906976744,0.011601924896240234,0.4753272533416748,0.0004975795745849609,0.0018281936645507812,0.00927424430847168
