num_events,utilization,reallocations,changes,failures,reallocated_prop,time_compute,time_apply,time_enum,time_search,time_pp
1,0.65,2,5,0,0.2857142857142857,0.07250046730041504,2.371034622192383,0.0005021095275878906,0.00038361549377441406,0.07161307334899902
