num_events,utilization,reallocations,changes,failures,reallocated_prop,time_compute,time_apply,time_enum,time_search,time_pp
1,0.004347826086956522,1,0,0,0.0,0.03524637222290039,0.13161373138427734,0.018334627151489258,0.007645606994628906,0.009263753890991211
