num_events,utilization,reallocations,changes,failures,reallocated_prop,time_compute,time_apply,time_enum,time_search,time_pp
1,0.21630434782608696,1,0,0,0.0,0.011379480361938477,0.14249920845031738,0.00010085105895996094,0.0014963150024414062,0.0097808837890625
