num_events,utilization,reallocations,changes,failures,reallocated_prop,time_compute,time_apply,time_enum,time_search,time_pp
1,0.021739130434782608,1,0,0,0.0,0.02623748779296875,0.11081266403198242,0.013018131256103516,0.0040051937103271484,0.009212017059326172
