num_events,utilization,reallocations,changes,failures,reallocated_prop,time_compute,time_apply,time_enum,time_search,time_pp
1,0.65,71,153,0,0.2720306513409962,0.016048908233642578,0.33715343475341797,0.0005054473876953125,0.005478858947753906,0.010062217712402344
