num_events,utilization,reallocations,changes,failures,reallocated_prop,time_compute,time_apply
1,0.8540760869565217,10,9,0,0.34615384615384615,0.010088205337524414,0.5477092266082764
