num_events,utilization,reallocations,changes,failures,reallocated_prop,time_compute,time_apply
1,0.8597826086956522,8,19,0,0.34782608695652173,0.012536048889160156,0.5440294742584229
