num_events,utilization,reallocations,changes,failures,reallocated_prop,time_compute,time_apply,time_enum,time_search,time_pp
1,0.65,7,17,0,0.3333333333333333,0.036664485931396484,1.162017822265625,0.0004980564117431641,0.0007181167602539062,0.0354461669921875
