num_events,utilization,reallocations,changes,failures,reallocated_prop,time_compute,time_apply,time_enum,time_search,time_pp
1,0.30543478260869567,1,0,0,0.0,0.010776281356811523,0.1622600555419922,8.034706115722656e-05,0.0017642974853515625,0.008929729461669922
