num_events,utilization,reallocations,changes,failures,reallocated_prop,time_compute,time_apply
1,0.8157608695652174,7,6,0,0.3157894736842105,0.01007080078125,0.5319700241088867
