num_events,utilization,reallocations,changes,failures,reallocated_prop,time_compute,time_apply
1,0.9019021739130435,31,48,0,0.23484848484848486,0.015362262725830078,0.5517916679382324
