num_events,utilization,reallocations,changes,failures,reallocated_prop,time_compute,time_apply,time_enum,time_search,time_pp
1,0.6913722826086957,14,13,0,0.38235294117647056,0.036481380462646484,1.8137397766113281,9.72747802734375e-05,0.0005016326904296875,0.03587985038757324
