num_events,utilization,reallocations,changes,failures,reallocated_prop,time_compute,time_apply,time_enum,time_search,time_pp
1,0.0782608695652174,1,0,0,0.0,0.08977174758911133,0.16230273246765137,0.022565603256225586,0.05786013603210449,0.009343624114990234
