num_events,utilization,reallocations,changes,failures,reallocated_prop,time_compute,time_apply
1,0.45278532608695654,2,1,0,0.3333333333333333,0.037779808044433594,1.4103083610534668
