num_events,utilization,reallocations,changes,failures,reallocated_prop,time_compute,time_apply,time_enum,time_search,time_pp
1,0.03152173913043478,1,0,0,0.0,0.01031351089477539,0.08724570274353027,0.00010991096496582031,0.0002658367156982422,0.009935617446899414
