num_events,utilization,reallocations,changes,failures,reallocated_prop,time_compute,time_apply,time_enum,time_search,time_pp
1,0.7567934782608695,64,81,0,0.4383561643835616,0.013753175735473633,0.47692441940307617,0.0005092620849609375,0.003922224044799805,0.009319305419921875
