num_events,utilization,reallocations,changes,failures,reallocated_prop,time_compute,time_apply,time_enum,time_search,time_pp
1,0.7633152173913044,79,159,0,0.5266666666666666,0.014253616333007812,0.4922518730163574,0.0004940032958984375,0.004148721694946289,0.009609222412109375
