num_events,utilization,reallocations,changes,failures,reallocated_prop,time_compute,time_apply,time_enum,time_search,time_pp
1,0.65,77,155,0,0.24367088607594936,0.01687002182006836,0.33444833755493164,0.0005004405975341797,0.006502628326416016,0.009865283966064453
