num_events,utilization,reallocations,changes,failures,reallocated_prop,time_compute,time_apply,time_enum,time_search,time_pp
1,1.0,13,17,0,0.5,0.05149245262145996,0.5848174095153809,0.012723445892333984,0.02949213981628418,0.009273767471313477
