num_events,utilization,reallocations,changes,failures,reallocated_prop,time_compute,time_apply,time_enum,time_search,time_pp
1,0.051086956521739134,1,0,0,0.0,0.019084453582763672,0.17327356338500977,8.487701416015625e-05,0.0006384849548339844,0.018359661102294922
