num_events,utilization,reallocations,changes,failures,reallocated_prop,time_compute,time_apply,time_enum,time_search,time_pp
1,0.005978260869565218,1,0,0,0.0,0.036023616790771484,0.28870677947998047,9.846687316894531e-05,0.0001952648162841797,0.03572726249694824
