num_events,utilization,reallocations,changes,failures,reallocated_prop,time_compute,time_apply,time_enum,time_search,time_pp
1,0.034782608695652174,1,0,0,0.0,0.018642663955688477,0.16277575492858887,8.320808410644531e-05,0.0004298686981201172,0.018127918243408203
