num_events,utilization,reallocations,changes,failures,reallocated_prop,time_compute,time_apply,time_enum,time_search,time_pp
1,1.0,42,93,0,0.09545454545454546,0.15068531036376953,0.5839431285858154,0.014717340469360352,0.12606143951416016,0.009904861450195312
