num_events,utilization,reallocations,changes,failures,reallocated_prop,time_compute,time_apply,time_enum,time_search,time_pp
1,0.65,89,173,0,0.26646706586826346,0.0175015926361084,0.347064733505249,0.0005064010620117188,0.007046937942504883,0.009946346282958984
