num_events,utilization,reallocations,changes,failures,reallocated_prop,time_compute,time_apply,time_enum,time_search,time_pp
1,0.65,56,90,0,0.1414141414141414,0.01877140998840332,0.3251979351043701,0.0005009174346923828,0.008401155471801758,0.009866952896118164
