num_events,utilization,reallocations,changes,failures,reallocated_prop,time_compute,time_apply,time_enum,time_search,time_pp
1,0.22391304347826088,1,0,0,0.0,0.011229753494262695,0.14354991912841797,9.34600830078125e-05,0.0015263557434082031,0.00960850715637207
