num_events,utilization,reallocations,changes,failures,reallocated_prop,time_compute,time_apply,time_enum,time_search,time_pp
1,0.65,17,31,0,0.4358974358974359,0.03585100173950195,1.1402370929718018,0.0004904270172119141,0.0009868144989013672,0.03437185287475586
