num_events,utilization,reallocations,changes,failures,reallocated_prop,time_compute,time_apply,time_enum,time_search,time_pp
1,0.7633152173913044,73,142,0,0.5,0.013852357864379883,0.4872474670410156,0.0004956722259521484,0.003999471664428711,0.009355783462524414
