num_events,utilization,reallocations,changes,failures,reallocated_prop,time_compute,time_apply,time_enum,time_search,time_pp
1,0.6662364130434782,10,9,0,0.32142857142857145,0.07550597190856934,3.5680768489837646,0.0001010894775390625,0.0004775524139404297,0.07492446899414062
