num_events,utilization,reallocations,changes,failures,reallocated_prop,time_compute,time_apply,time_enum,time_search,time_pp
1,0.6967391304347826,8,8,0,0.4375,0.01861858367919922,0.9162271022796631,3.5762786865234375e-05,0.00012636184692382812,0.018454313278198242
