num_events,utilization,reallocations,changes,failures,reallocated_prop,time_compute,time_apply,time_enum,time_search,time_pp
1,1.0,47,141,0,0.13662790697674418,0.12470746040344238,0.612290620803833,0.014775991439819336,0.1001121997833252,0.009816884994506836
