num_events,utilization,reallocations,changes,failures,reallocated_prop,time_compute,time_apply,time_enum,time_search,time_pp
1,0.6948369565217392,10,19,0,0.3333333333333333,0.04048895835876465,1.8379638195037842,0.0005106925964355469,0.0020029544830322266,0.03797340393066406
