num_events,utilization,reallocations,changes,failures,reallocated_prop,time_compute,time_apply
1,0.9059782608695652,83,147,0,0.5724137931034483,0.01541757583618164,0.5647304058074951
