num_events,utilization,reallocations,changes,failures,reallocated_prop,time_compute,time_apply,time_enum,time_search,time_pp
1,1.0,17,32,0,0.2328767123287671,0.049859046936035156,0.5823445320129395,0.014863967895507812,0.02451610565185547,0.010477304458618164
