num_events,utilization,reallocations,changes,failures,reallocated_prop,time_compute,time_apply,time_enum
1,0.18478260869565216,1,0,0,0.0,0.04749250411987305,0.2003462314605713,0.018178462982177734
