num_events,utilization,reallocations,changes,failures,reallocated_prop,time_compute,time_apply,time_enum,time_search,time_pp
1,0.65,14,34,0,0.32558139534883723,0.07615828514099121,2.4210877418518066,0.0005376338958740234,0.0012595653533935547,0.07435870170593262
