num_events,utilization,reallocations,changes,failures,reallocated_prop,time_compute,time_apply,time_enum
1,0.13043478260869565,1,0,0,0.0,0.010457277297973633,0.14199185371398926,0.00014591217041015625
