num_events,utilization,reallocations,changes,failures,reallocated_prop,time_compute,time_apply,time_enum,time_search,time_pp
1,0.1956521739130435,1,0,0,0.0,0.010521888732910156,0.11766457557678223,3.600120544433594e-05,8.916854858398438e-05,0.010394811630249023
