num_events,utilization,reallocations,changes,failures,reallocated_prop,time_compute,time_apply,time_enum,time_search,time_pp
1,1.0,50,106,0,0.30303030303030304,0.1091301441192627,0.6486763954162598,0.015345335006713867,0.0841512680053711,0.009630680084228516
