num_events,utilization,reallocations,changes,failures,reallocated_prop,time_compute,time_apply,time_enum,time_search,time_pp
1,0.65,29,54,0,0.2283464566929134,0.01292276382446289,0.3162221908569336,0.0005018711090087891,0.002834320068359375,0.009584665298461914
