num_events,utilization,reallocations,changes,failures,reallocated_prop,time_compute,time_apply,time_enum,time_search,time_pp
1,0.6780570652173913,8,14,0,0.42105263157894735,0.03880786895751953,1.8042118549346924,0.0005199909210205078,0.0014607906341552734,0.03682565689086914
