num_events,utilization,reallocations,changes,failures,reallocated_prop,time_compute,time_apply,time_enum,time_search,time_pp
1,0.23369565217391305,1,0,0,0.0,0.036977291107177734,0.471813440322876,3.314018249511719e-05,0.0003523826599121094,0.0365900993347168
