num_events,utilization,reallocations,changes,failures,reallocated_prop,time_compute,time_apply
1,0.7521739130434782,4,5,0,0.4444444444444444,0.010932683944702148,0.5024664402008057
