num_events,utilization,reallocations,changes,failures,reallocated_prop,time_compute,time_apply,time_enum,time_search,time_pp
1,0.07173913043478261,1,0,0,0.0,0.010281562805175781,0.09495258331298828,0.0001010894775390625,0.0005314350128173828,0.009647846221923828
