num_events,utilization,reallocations,changes,failures,reallocated_prop,time_compute,time_apply,time_enum,time_search,time_pp
1,0.0014945652173913044,1,0,0,0.0,0.07348871231079102,0.5780234336853027,8.416175842285156e-05,0.00010561943054199219,0.07329678535461426
