num_events,utilization,reallocations,changes,failures,reallocated_prop,time_compute,time_apply,time_enum,time_search,time_pp
1,0.23641304347826086,1,0,0,0.0,0.037021636962890625,0.4751274585723877,3.2901763916015625e-05,0.00035381317138671875,0.03663325309753418
