num_events,utilization,reallocations,changes,failures,reallocated_prop,time_compute,time_apply,time_enum,time_search,time_pp
1,1.0,29,53,0,0.1141732283464567,0.09814810752868652,0.5726096630096436,0.014813423156738281,0.07361936569213867,0.009712934494018555
