num_events,utilization,reallocations,changes,failures,reallocated_prop,time_compute,time_apply,time_enum,time_search,time_pp
1,0.025,1,0,0,0.0,0.01918172836303711,0.16407537460327148,9.751319885253906e-05,0.0003654956817626953,0.018716812133789062
