num_events,utilization,reallocations,changes,failures,reallocated_prop,time_compute,time_apply,time_enum,time_search,time_pp
1,0.65,4,7,0,0.36363636363636365,0.010143041610717773,0.2989389896392822,0.0005364418029785156,0.00047397613525390625,0.009130239486694336
