num_events,utilization,reallocations,changes,failures,reallocated_prop,time_compute,time_apply,time_enum,time_search,time_pp
1,0.23478260869565218,1,0,0,0.0,0.20291543006896973,0.23842716217041016,0.02174663543701172,0.1710212230682373,0.010145187377929688
