num_events,utilization,reallocations,changes,failures,reallocated_prop,time_compute,time_apply,time_enum,time_search,time_pp
1,1.0,35,64,0,0.28688524590163933,0.11832547187805176,0.650200366973877,0.014586925506591797,0.09401726722717285,0.009719133377075195
