num_events,utilization,reallocations,changes,failures,reallocated_prop,time_compute,time_apply,time_enum,time_search,time_pp
1,0.004347826086956522,1,0,0,0.0,0.010281562805175781,0.08012962341308594,0.00011396408081054688,7.343292236328125e-05,0.010091781616210938
