num_events,utilization,reallocations,changes,failures,reallocated_prop,time_compute,time_apply,time_enum,time_search,time_pp
1,0.7139945652173914,11,22,0,0.4230769230769231,0.020755767822265625,0.9244637489318848,0.0005159378051757812,0.0015745162963867188,0.018663406372070312
