num_events,utilization,reallocations,changes,failures,reallocated_prop,time_compute,time_apply,time_enum,time_search,time_pp
1,0.65,47,94,0,0.23737373737373738,0.014611959457397461,0.323253870010376,0.0004990100860595703,0.0042476654052734375,0.00986337661743164
