num_events,utilization,reallocations,changes,failures,reallocated_prop,time_compute,time_apply
1,0.7084239130434783,8,9,0,0.7777777777777778,0.07146525382995605,3.7328555583953857
