num_events,utilization,reallocations,changes,failures,reallocated_prop,time_compute,time_apply,time_enum,time_search,time_pp
1,1.0,28,63,0,0.14358974358974358,0.08172106742858887,0.5885438919067383,0.014694690704345703,0.05731487274169922,0.009709358215332031
