num_events,utilization,reallocations,changes,failures,reallocated_prop,time_compute,time_apply,time_enum,time_search,time_pp
1,0.7567934782608695,57,72,0,0.5,0.013457536697387695,0.4891316890716553,0.0004949569702148438,0.0034132003784179688,0.009547233581542969
