num_events,utilization,reallocations,changes,failures,reallocated_prop,time_compute,time_apply,time_enum,time_search,time_pp
1,0.023641304347826086,1,0,0,0.0,0.03805422782897949,0.31212520599365234,9.846687316894531e-05,0.0007011890411376953,0.03725290298461914
