num_events,utilization,reallocations,changes,failures,reallocated_prop,time_compute,time_apply,time_enum,time_search,time_pp
1,0.6627717391304347,3,2,0,0.13333333333333333,0.03692507743835449,1.7738640308380127,0.0001227855682373047,0.00025200843811035156,0.036548614501953125
