num_events,utilization,reallocations,changes,failures,reallocated_prop,time_compute,time_apply,time_enum,time_search,time_pp
1,0.65,63,130,0,0.2032258064516129,0.017096757888793945,0.32950329780578613,0.0005071163177490234,0.006558656692504883,0.010028839111328125
