num_events,utilization,reallocations,changes,failures,reallocated_prop,time_compute,time_apply,time_enum,time_search,time_pp
1,0.65,17,31,0,0.4358974358974359,0.03604745864868164,1.1617257595062256,0.0004932880401611328,0.0009922981262207031,0.034560441970825195
