num_events,utilization,reallocations,changes,failures,reallocated_prop,time_compute,time_apply,time_enum,time_search,time_pp
1,0.7633152173913044,28,41,0,0.2153846153846154,0.013547182083129883,0.47347211837768555,0.0004978179931640625,0.003687620162963867,0.009358882904052734
