num_events,utilization,reallocations,changes,failures,reallocated_prop,time_compute,time_apply,time_enum,time_search,time_pp
1,0.3858695652173913,1,0,0,0.0,0.01230621337890625,0.19766616821289062,9.417533874511719e-05,0.0025115013122558594,0.009699344635009766
