num_events,utilization,reallocations,changes,failures,reallocated_prop,time_compute,time_apply
1,0.7179008152173914,8,11,0,0.47058823529411764,0.07227611541748047,3.7881903648376465
