num_events,utilization,reallocations,changes,failures,reallocated_prop,time_compute,time_apply
1,0.9059782608695652,31,54,0,0.2719298245614035,0.015594005584716797,0.5518460273742676
