num_events,utilization,reallocations,changes,failures,reallocated_prop,time_compute,time_apply
1,0.7195991847826086,13,20,0,0.43333333333333335,0.07729434967041016,3.9938724040985107
