num_events,utilization,reallocations,changes,failures,reallocated_prop,time_compute,time_apply,time_enum,time_search,time_pp
1,0.18478260869565216,1,0,0,0.0,0.010766267776489258,0.11487126350402832,3.7670135498046875e-05,8.511543273925781e-05,0.010641098022460938
