num_events,utilization,reallocations,changes,failures,reallocated_prop,time_compute,time_apply,time_enum,time_search,time_pp
1,0.2391304347826087,1,0,0,0.0,0.012859821319580078,0.15993189811706543,4.4345855712890625e-05,0.00010824203491210938,0.012705326080322266
