num_events,utilization,reallocations,changes,failures,reallocated_prop,time_compute,time_apply,time_enum,time_search,time_pp
1,0.3,1,0,0,0.0,0.01910233497619629,0.3118886947631836,0.0005276203155517578,0.00025153160095214844,0.018321514129638672
