num_events,utilization,reallocations,changes,failures,reallocated_prop,time_compute,time_apply,time_enum,time_search,time_pp
1,0.65,31,58,0,0.4246575342465753,0.07454323768615723,2.4068603515625,0.0004949569702148438,0.0017659664154052734,0.07227969169616699
