num_events,utilization,reallocations,changes,failures,reallocated_prop,time_compute,time_apply,time_enum,time_search,time_pp
1,0.65,30,73,0,0.32608695652173914,0.012381792068481445,0.3160843849182129,0.0004999637603759766,0.002149820327758789,0.009730339050292969
