num_events,utilization,reallocations,changes,failures,reallocated_prop,time_compute,time_apply,time_enum,time_search,time_pp
1,1.0,18,32,0,0.24324324324324326,0.04910778999328613,0.5735504627227783,0.014810323715209961,0.024792194366455078,0.009503602981567383
