num_events,utilization,reallocations,changes,failures,reallocated_prop,time_compute,time_apply,time_enum,time_search,time_pp
1,0.05,1,0,0,0.0,0.009000062942504883,0.08587336540222168,8.7738037109375e-05,0.000308990478515625,0.00860142707824707
