num_events,utilization,reallocations,changes,failures,reallocated_prop,time_compute,time_apply
1,0.8603260869565217,11,24,0,0.3793103448275862,0.011997461318969727,0.5197985172271729
