num_events,utilization,reallocations,changes,failures,reallocated_prop,time_compute,time_apply,time_enum,time_search,time_pp
1,0.65,16,39,0,0.32653061224489793,0.019829750061035156,0.6052274703979492,0.0004956722259521484,0.0012841224670410156,0.018048524856567383
