num_events,utilization,reallocations,changes,failures,reallocated_prop,time_compute,time_apply,time_enum,time_search,time_pp
1,0.11956521739130435,1,0,0,0.0,0.008977651596069336,0.08229875564575195,3.5762786865234375e-05,0.00013184547424316406,0.008800745010375977
