num_events,utilization,reallocations,changes,failures,reallocated_prop,time_compute,time_apply,time_enum,time_search,time_pp
1,0.65,73,161,0,0.3333333333333333,0.015023946762084961,0.33280158042907715,0.0005080699920654297,0.004664182662963867,0.00984954833984375
