num_events,utilization,reallocations,changes,failures,reallocated_prop,time_compute,time_apply,time_enum,time_search,time_pp
1,0.65,4,7,0,0.4,0.019092082977294922,0.6107826232910156,0.0004932880401611328,0.0004546642303466797,0.018141508102416992
