num_events,utilization,reallocations,changes,failures,reallocated_prop,time_compute,time_apply,time_enum,time_search,time_pp
1,0.2826086956521739,1,0,0,0.0,0.04329109191894531,0.232269287109375,0.012847661972045898,0.021070480346679688,0.00937032699584961
