num_events,utilization,reallocations,changes,failures,reallocated_prop,time_compute,time_apply,time_enum,time_search,time_pp
1,0.34891304347826085,1,0,0,0.0,0.26755523681640625,0.2832629680633545,0.01814413070678711,0.2397441864013672,0.00966501235961914
