num_events,utilization,reallocations,changes,failures,reallocated_prop,time_compute,time_apply,time_enum,time_search,time_pp
1,0.19456521739130433,1,0,0,0.0,0.16775035858154297,0.21513152122497559,0.02142953872680664,0.1368117332458496,0.009506940841674805
