num_events,utilization,reallocations,changes,failures,reallocated_prop,time_compute,time_apply,time_enum,time_search,time_pp
1,0.65,31,69,0,0.2897196261682243,0.012478828430175781,0.316586971282959,0.0005059242248535156,0.0024404525756835938,0.009529829025268555
