num_events,utilization,reallocations,changes,failures,reallocated_prop,time_compute,time_apply,time_enum,time_search,time_pp
1,0.16304347826086957,1,0,0,0.0,0.010749578475952148,0.12364602088928223,9.417533874511719e-05,0.0011928081512451172,0.009461164474487305
