num_events,utilization,reallocations,changes,failures,reallocated_prop,time_compute,time_apply
1,0.7679347826086956,8,7,0,0.5384615384615384,0.010038137435913086,0.49723052978515625
