num_events,utilization,reallocations,changes,failures,reallocated_prop,time_compute,time_apply,time_enum,time_search,time_pp
1,0.65,4,10,0,0.2857142857142857,0.07408571243286133,2.360546588897705,0.0005376338958740234,0.0005643367767333984,0.07298159599304199
