num_events,utilization,reallocations,changes,failures,reallocated_prop,time_compute,time_apply
1,0.738179347826087,9,16,0,0.4090909090909091,0.04001760482788086,2.0119106769561768
