num_events,utilization,reallocations,changes,failures,reallocated_prop,time_compute,time_apply
1,0.9057065217391305,47,96,0,0.34057971014492755,0.015852689743041992,0.594048023223877
