num_events,utilization,reallocations,changes,failures,reallocated_prop,time_compute,time_apply,time_enum,time_search,time_pp
1,1.0,19,19,0,0.2835820895522388,0.16863346099853516,0.6262180805206299,0.01999831199645996,0.13916015625,0.009472846984863281
