num_events,utilization,reallocations,changes,failures,reallocated_prop,time_compute,time_apply,time_enum,time_search,time_pp
1,1.0,8,14,0,0.23529411764705882,0.037584543228149414,0.5750992298126221,0.014986038208007812,0.013147592544555664,0.009449005126953125
