num_events,utilization,reallocations,changes,failures,reallocated_prop,time_compute,time_apply,time_enum,time_search,time_pp
1,0.65,13,24,0,0.40625,0.01961994171142578,0.5980105400085449,0.0004982948303222656,0.000949859619140625,0.018169879913330078
