num_events,utilization,reallocations,changes,failures,reallocated_prop,time_compute,time_apply,time_enum,time_search,time_pp
1,0.7633152173913044,37,61,0,0.4567901234567901,0.012157678604125977,0.45852184295654297,0.0004963874816894531,0.0025436878204345703,0.00911569595336914
