num_events,utilization,reallocations,changes,failures,reallocated_prop,time_compute,time_apply,time_enum,time_search,time_pp
1,0.010054347826086956,1,0,0,0.0,0.036900997161865234,0.29796743392944336,9.846687316894531e-05,0.000301361083984375,0.0364990234375
