num_events,utilization,reallocations,changes,failures,reallocated_prop,time_compute,time_apply,time_enum,time_search,time_pp
1,0.65,79,153,0,0.3015267175572519,0.01588582992553711,0.3307480812072754,0.0005049705505371094,0.005594730377197266,0.009784221649169922
