num_events,utilization,reallocations,changes,failures,reallocated_prop,time_compute,time_apply,time_enum,time_search,time_pp
1,0.65,11,27,0,0.3142857142857143,0.011122465133666992,0.3091721534729004,0.0005123615264892578,0.0009942054748535156,0.009613990783691406
