num_events,utilization,reallocations,changes,failures,reallocated_prop,time_compute,time_apply,time_enum,time_search,time_pp
1,0.65,90,207,0,0.19736842105263158,0.020144224166870117,0.3411827087402344,0.0005021095275878906,0.009420156478881836,0.010220050811767578
