num_events,utilization,reallocations,changes,failures,reallocated_prop,time_compute,time_apply,time_enum,time_search,time_pp
1,0.65,17,41,0,0.3333333333333333,0.011719226837158203,0.312328577041626,0.0005033016204833984,0.0013189315795898438,0.009895563125610352
