num_events,utilization,reallocations,changes,failures,reallocated_prop,time_compute,time_apply,time_enum
1,0.021739130434782608,1,0,0,0.0,0.03349757194519043,0.1255474090576172,0.018180131912231445
