num_events,utilization,reallocations,changes,failures,reallocated_prop,time_compute,time_apply,time_enum,time_search,time_pp
1,0.6663043478260869,2,5,0,0.25,0.01968836784362793,0.8653156757354736,0.0005240440368652344,0.0007026195526123047,0.018459796905517578
