num_events,utilization,reallocations,changes,failures,reallocated_prop,time_compute,time_apply,time_enum,time_search,time_pp
1,0.7567934782608695,41,68,0,0.36283185840707965,0.013074159622192383,0.48252081871032715,0.0005395412445068359,0.0032205581665039062,0.009311914443969727
