num_events,utilization,reallocations,changes,failures,reallocated_prop,time_compute,time_apply,time_enum,time_search,time_pp
1,0.65,91,213,0,0.33090909090909093,0.016352415084838867,0.35833215713500977,0.0005090236663818359,0.0059049129486083984,0.00993657112121582
