num_events,utilization,reallocations,changes,failures,reallocated_prop,time_compute,time_apply,time_enum,time_search,time_pp
1,1.0,34,72,0,0.18888888888888888,0.08322405815124512,0.5749204158782959,0.015111446380615234,0.05795574188232422,0.010154247283935547
