num_events,utilization,reallocations,changes,failures,reallocated_prop,time_compute,time_apply,time_enum,time_search,time_pp
1,1.0,5,7,0,0.4166666666666667,0.07113051414489746,0.5955781936645508,0.01834869384765625,0.0436251163482666,0.00915384292602539
