num_events,utilization,reallocations,changes,failures,reallocated_prop,time_compute,time_apply,time_enum,time_search,time_pp
1,0.06521739130434782,1,0,0,0.0,0.01023411750793457,0.09289097785949707,9.608268737792969e-05,0.00045800209045410156,0.009678125381469727
