num_events,utilization,reallocations,changes,failures,reallocated_prop,time_compute,time_apply,time_enum,time_search,time_pp
1,1.0,15,24,0,0.25862068965517243,0.04414010047912598,0.5703434944152832,0.014761686325073242,0.01980876922607422,0.009567499160766602
