num_events,utilization,reallocations,changes,failures,reallocated_prop,time_compute,time_apply,time_enum,time_search,time_pp
1,0.006521739130434782,1,0,0,0.0,0.07401561737060547,0.602515459060669,9.870529174804688e-05,0.0003879070281982422,0.07352709770202637
