num_events,utilization,reallocations,changes,failures,reallocated_prop,time_compute,time_apply,time_enum,time_search,time_pp
1,0.034239130434782605,1,0,0,0.0,0.019006967544555664,0.16465544700622559,0.00010061264038085938,0.0005152225494384766,0.018389463424682617
