num_events,utilization,reallocations,changes,failures,reallocated_prop,time_compute,time_apply,time_enum,time_search,time_pp
1,0.04755434782608696,1,0,0,0.0,0.07338714599609375,0.5339882373809814,3.457069396972656e-05,0.0001544952392578125,0.0731961727142334
