num_events,utilization,reallocations,changes,failures,reallocated_prop,time_compute,time_apply
1,0.7951086956521739,7,7,0,0.2608695652173913,0.00964975357055664,0.49697136878967285
