num_events,utilization,reallocations,changes,failures,reallocated_prop,time_compute,time_apply,time_enum,time_search,time_pp
1,0.03152173913043478,1,0,0,0.0,0.009914875030517578,0.08656811714172363,0.0001068115234375,0.0002655982971191406,0.009540081024169922
