num_events,utilization,reallocations,changes,failures,reallocated_prop,time_compute,time_apply,time_enum,time_search,time_pp
1,0.08152173913043478,1,0,0,0.0,0.08762502670288086,0.16594648361206055,0.021669387817382812,0.05647611618041992,0.009476661682128906
