num_events,utilization,reallocations,changes,failures,reallocated_prop,time_compute,time_apply,time_enum,time_search,time_pp
1,0.65,111,213,0,0.24183006535947713,0.023392200469970703,0.40259838104248047,0.0006780624389648438,0.010129928588867188,0.01258230209350586
