num_events,utilization,reallocations,changes,failures,reallocated_prop,time_compute,time_apply,time_enum,time_search,time_pp
1,1.0,5,7,0,0.45454545454545453,0.060546875,0.5880117416381836,0.019434213638305664,0.03154253959655762,0.0095672607421875
