num_events,utilization,reallocations,changes,failures,reallocated_prop,time_compute,time_apply
1,0.7956521739130434,10,9,0,0.3333333333333333,0.010109186172485352,0.5051307678222656
