num_events,utilization,reallocations,changes,failures,reallocated_prop,time_compute,time_apply,time_enum,time_search,time_pp
1,0.7146739130434783,5,4,0,0.14814814814814814,0.018262147903442383,0.8933854103088379,8.58306884765625e-05,0.0003631114959716797,0.01781153678894043
