num_events,utilization,reallocations,changes,failures,reallocated_prop,time_compute,time_apply,time_enum,time_search,time_pp
1,0.6616847826086957,9,9,0,0.5,0.06909584999084473,3.4235715866088867,3.4809112548828125e-05,0.0001285076141357422,0.06893062591552734
