num_events,utilization,reallocations,changes,failures,reallocated_prop,time_compute,time_apply,time_enum,time_search,time_pp
1,0.65,31,58,0,0.4189189189189189,0.020577192306518555,0.6063299179077148,0.0005173683166503906,0.0018267631530761719,0.01823139190673828
