num_events,utilization,reallocations,changes,failures,reallocated_prop,time_compute,time_apply,time_enum,time_search,time_pp
1,0.7567934782608695,56,81,0,0.5490196078431373,0.012360334396362305,0.46033668518066406,0.0004932880401611328,0.002861499786376953,0.009003400802612305
