num_events,utilization,reallocations,changes,failures,reallocated_prop,time_compute,time_apply
1,0.7535326086956522,6,5,0,0.45454545454545453,0.010191917419433594,0.5103576183319092
