num_events,utilization,reallocations,changes,failures,reallocated_prop,time_compute,time_apply,time_enum,time_search,time_pp
1,0.5099184782608696,3,2,0,0.5,0.01765298843383789,0.7086620330810547,3.3855438232421875e-05,3.886222839355469e-05,0.017577648162841797
