num_events,utilization,reallocations,changes,failures,reallocated_prop,time_compute,time_apply,time_enum,time_search,time_pp
1,0.7067934782608696,5,4,0,0.3076923076923077,0.010603666305541992,0.5073955059051514,0.00010704994201660156,0.00028133392333984375,0.010213375091552734
