num_events,utilization,reallocations,changes,failures,reallocated_prop,time_compute,time_apply,time_enum,time_search,time_pp
1,1.0,14,14,0,0.35,0.11484885215759277,0.614607572555542,0.018346786499023438,0.08725118637084961,0.009248733520507812
