num_events,utilization,reallocations,changes,failures,reallocated_prop,time_compute,time_apply,time_enum,time_search,time_pp
1,0.0020380434782608695,1,0,0,0.0,0.07374835014343262,0.5835733413696289,9.703636169433594e-05,0.00015306472778320312,0.07349610328674316
