num_events,utilization,reallocations,changes,failures,reallocated_prop,time_compute,time_apply,time_enum,time_search,time_pp
1,1.0,8,21,0,0.16,0.03860902786254883,0.5531024932861328,0.013119697570800781,0.0164339542388916,0.00905466079711914
