num_events,utilization,reallocations,changes,failures,reallocated_prop,time_compute,time_apply,time_enum,time_search,time_pp
1,1.0,13,30,0,0.19117647058823528,0.0478363037109375,0.569528341293335,0.015314579010009766,0.022970914840698242,0.009547948837280273
