num_events,utilization,reallocations,changes,failures,reallocated_prop,time_compute,time_apply,time_enum,time_search,time_pp
1,0.4717391304347826,1,0,0,0.0,0.3488922119140625,0.3381943702697754,0.018267154693603516,0.32050561904907227,0.010115623474121094
