num_events,utilization,reallocations,changes,failures,reallocated_prop,time_compute,time_apply,time_enum,time_search,time_pp
1,0.07717391304347826,1,0,0,0.0,0.010993719100952148,0.10137152671813965,0.00010418891906738281,0.0005910396575927734,0.010296821594238281
