num_events,utilization,reallocations,changes,failures,reallocated_prop,time_compute,time_apply,time_enum,time_search,time_pp
1,0.005434782608695652,1,0,0,0.0,0.0779268741607666,0.6033501625061035,9.989738464355469e-05,0.0003311634063720703,0.07749390602111816
