num_events,utilization,reallocations,changes,failures,reallocated_prop,time_compute,time_apply,time_enum,time_search,time_pp
1,0.65,147,277,0,0.407202216066482,0.017171144485473633,0.3332810401916504,0.0005159378051757812,0.007234811782836914,0.009418249130249023
