num_events,utilization,reallocations,changes,failures,reallocated_prop,time_compute,time_apply,time_enum,time_search,time_pp
1,0.3826086956521739,1,0,0,0.0,0.28389954566955566,0.28512048721313477,0.01819753646850586,0.25644493103027344,0.009254217147827148
