num_events,utilization,reallocations,changes,failures,reallocated_prop,time_compute,time_apply,time_enum,time_search,time_pp
1,1.0,17,41,0,0.3148148148148148,0.07540106773376465,0.6080224514007568,0.012903928756713867,0.05346226692199707,0.009032964706420898
