num_events,utilization,reallocations,changes,failures,reallocated_prop,time_compute,time_apply,time_enum,time_search,time_pp
1,0.6608016304347826,6,5,0,0.35714285714285715,0.07312154769897461,3.5344536304473877,0.00010013580322265625,0.00033974647521972656,0.07267951965332031
