num_events,utilization,reallocations,changes,failures,reallocated_prop,time_compute,time_apply,time_enum,time_search,time_pp
1,1.0,45,135,0,0.09846827133479212,0.15640592575073242,0.5873327255249023,0.014796257019042969,0.13161468505859375,0.009992361068725586
