num_events,utilization,reallocations,changes,failures,reallocated_prop,time_compute,time_apply,time_enum,time_search,time_pp
1,0.65,5,12,0,0.3125,0.01839470863342285,0.586859941482544,0.0004932880401611328,0.0005323886871337891,0.017367124557495117
