num_events,utilization,reallocations,changes,failures,reallocated_prop,time_compute,time_apply,time_enum,time_search,time_pp
1,0.019021739130434784,1,0,0,0.0,0.07072329521179199,0.46373605728149414,2.9325485229492188e-05,6.222724914550781e-05,0.07062983512878418
