num_events,utilization,reallocations,changes,failures,reallocated_prop,time_compute,time_apply,time_enum,time_search,time_pp
1,0.65,26,48,0,0.4262295081967213,0.07787322998046875,2.410184383392334,0.0004966259002685547,0.001562356948852539,0.07581162452697754
