num_events,utilization,reallocations,changes,failures,reallocated_prop,time_compute,time_apply
1,0.9057065217391305,22,51,0,0.41509433962264153,0.013733386993408203,0.5716009140014648
