num_events,utilization,reallocations,changes,failures,reallocated_prop,time_compute,time_apply,time_enum,time_search,time_pp
1,0.06086956521739131,1,0,0,0.0,0.010216236114501953,0.09314131736755371,9.703636169433594e-05,0.0004372596740722656,0.009680747985839844
