num_events,utilization,reallocations,changes,failures,reallocated_prop,time_compute,time_apply,time_enum,time_search,time_pp
1,0.08695652173913043,1,0,0,0.0,0.009916067123413086,0.0781259536743164,3.552436828613281e-05,4.744529724121094e-05,0.00983119010925293
