num_events,utilization,reallocations,changes,failures,reallocated_prop,time_compute,time_apply,time_enum,time_search,time_pp
1,0.65,17,31,0,0.4358974358974359,0.07377457618713379,2.419555187225342,0.0005311965942382812,0.0011267662048339844,0.07211422920227051
