num_events,utilization,reallocations,changes,failures,reallocated_prop,time_compute,time_apply,time_enum,time_search,time_pp
1,0.65,95,183,0,0.35315985130111527,0.015813350677490234,0.3332557678222656,0.0005009174346923828,0.005609989166259766,0.009698867797851562
