num_events,utilization,reallocations,changes,failures,reallocated_prop,time_compute,time_apply,time_enum,time_search,time_pp
1,1.0,76,171,0,0.1623931623931624,0.15836620330810547,0.5947754383087158,0.014690160751342773,0.1338503360748291,0.009822845458984375
