num_events,utilization,reallocations,changes,failures,reallocated_prop,time_compute,time_apply,time_enum,time_search,time_pp
1,0.42717391304347824,1,0,0,0.0,0.32410192489624023,0.32105326652526855,0.01832270622253418,0.2953934669494629,0.010384082794189453
