num_events,utilization,reallocations,changes,failures,reallocated_prop,time_compute,time_apply,time_enum
1,0.021739130434782608,1,0,0,0.0,0.031585693359375,0.12284159660339355,0.016939401626586914
