num_events,utilization,reallocations,changes,failures,reallocated_prop,time_compute,time_apply,time_enum,time_search,time_pp
1,0.43369565217391304,1,0,0,0.0,0.32175326347351074,0.31953883171081543,0.018526077270507812,0.29340219497680664,0.009822607040405273
