num_events,utilization,reallocations,changes,failures,reallocated_prop,time_compute,time_apply,time_enum,time_search,time_pp
1,0.5039402173913043,3,2,0,0.5,0.0706639289855957,2.9116270542144775,3.457069396972656e-05,4.8160552978515625e-05,0.07057857513427734
