num_events,utilization,reallocations,changes,failures,reallocated_prop,time_compute,time_apply,time_enum,time_search,time_pp
1,0.22282608695652173,1,0,0,0.0,0.018230199813842773,0.2189176082611084,2.9802322387695312e-05,0.0001475811004638672,0.0180509090423584
