num_events,utilization,reallocations,changes,failures,reallocated_prop,time_compute,time_apply,time_enum,time_search,time_pp
1,0.08967391304347826,1,0,0,0.0,0.038616180419921875,0.3109245300292969,3.409385681152344e-05,0.0001468658447265625,0.03843331336975098
