num_events,utilization,reallocations,changes,failures,reallocated_prop,time_compute,time_apply,time_enum,time_search,time_pp
1,0.506929347826087,3,2,0,0.5,0.01870274543762207,0.6849138736724854,3.409385681152344e-05,2.765655517578125e-05,0.018639326095581055
