num_events,utilization,reallocations,changes,failures,reallocated_prop,time_compute,time_apply,time_enum,time_search,time_pp
1,1.0,9,9,0,0.16363636363636364,0.14346575736999512,0.6397976875305176,0.018508195877075195,0.1151421070098877,0.009812116622924805
