num_events,utilization,reallocations,changes,failures,reallocated_prop,time_compute,time_apply,time_enum,time_search,time_pp
1,0.23695652173913043,1,0,0,0.0,0.20260024070739746,0.23519492149353027,0.018365859985351562,0.17456865310668945,0.009664058685302734
