num_events,utilization,reallocations,changes,failures,reallocated_prop,time_compute,time_apply,time_enum,time_search,time_pp
1,0.2543478260869565,1,0,0,0.0,0.012384414672851562,0.16464543342590332,0.00011157989501953125,0.0017328262329101562,0.010537862777709961
