num_events,utilization,reallocations,changes,failures,reallocated_prop,time_compute,time_apply,time_enum,time_search,time_pp
1,0.035326086956521736,1,0,0,0.0,0.07165670394897461,0.5035512447357178,2.9087066650390625e-05,0.00010275840759277344,0.07152199745178223
