num_events,utilization,reallocations,changes,failures,reallocated_prop,time_compute,time_apply
1,0.7883152173913044,12,11,0,0.4583333333333333,0.010938882827758789,0.5292587280273438
