num_events,utilization,reallocations,changes,failures,reallocated_prop,time_compute,time_apply,time_enum,time_search,time_pp
1,0.65,44,82,0,0.22448979591836735,0.014453411102294922,0.32505321502685547,0.0005042552947998047,0.004260063171386719,0.009687423706054688
