num_events,utilization,reallocations,changes,failures,reallocated_prop,time_compute,time_apply,time_enum,time_search,time_pp
1,0.4525135869565217,2,1,0,0.3333333333333333,0.03436136245727539,1.3712096214294434,8.296966552734375e-05,6.413459777832031e-05,0.03421211242675781
