num_events,utilization,reallocations,changes,failures,reallocated_prop,time_compute,time_apply,time_enum,time_search,time_pp
1,1.0,5,12,0,0.16666666666666666,0.035916805267333984,0.5771236419677734,0.014788389205932617,0.011810779571533203,0.009316444396972656
