num_events,utilization,reallocations,changes,failures,reallocated_prop,time_compute,time_apply,time_enum,time_search,time_pp
1,0.18043478260869567,1,0,0,0.0,0.01071619987487793,0.13015985488891602,9.72747802734375e-05,0.0011970996856689453,0.009420394897460938
