num_events,utilization,reallocations,changes,failures,reallocated_prop,time_compute,time_apply
1,0.8584239130434783,9,8,0,0.25806451612903225,0.009688615798950195,0.5309350490570068
