num_events,utilization,reallocations,changes,failures,reallocated_prop,time_compute,time_apply,time_enum,time_search,time_pp
1,0.4641304347826087,1,0,0,0.0,0.33449220657348633,0.32959771156311035,0.01712346076965332,0.3066883087158203,0.010678291320800781
