num_events,utilization,reallocations,changes,failures,reallocated_prop,time_compute,time_apply,time_enum,time_search,time_pp
1,0.5090353260869566,3,2,0,0.5,0.0369410514831543,1.4646761417388916,0.00010061264038085938,0.00012302398681640625,0.03671526908874512
