num_events,utilization,reallocations,changes,failures,reallocated_prop,time_compute,time_apply
1,0.9059782608695652,25,60,0,0.423728813559322,0.014184951782226562,0.5628645420074463
