num_events,utilization,reallocations,changes,failures,reallocated_prop,time_compute,time_apply,time_enum,time_search,time_pp
1,0.5347826086956522,1,0,0,0.0,0.3880000114440918,0.36434054374694824,0.018391132354736328,0.3596336841583252,0.009972572326660156
