num_events,utilization,reallocations,changes,failures,reallocated_prop,time_compute,time_apply,time_enum,time_search,time_pp
1,0.20434782608695654,1,0,0,0.0,0.0101470947265625,0.13169169425964355,7.843971252441406e-05,0.0012362003326416016,0.008831024169921875
