num_events,utilization,reallocations,changes,failures,reallocated_prop,time_compute,time_apply,time_enum,time_search,time_pp
1,0.65,28,53,0,0.4117647058823529,0.01934647560119629,0.6081480979919434,0.00041604042053222656,0.0016102790832519531,0.0173187255859375
