num_events,utilization,reallocations,changes,failures,reallocated_prop,time_compute,time_apply,time_enum,time_search,time_pp
1,0.09130434782608696,1,0,0,0.0,0.08675575256347656,0.1683793067932129,0.017596006393432617,0.06037330627441406,0.008784294128417969
