num_events,utilization,reallocations,changes,failures,reallocated_prop,time_compute,time_apply,time_enum,time_search,time_pp
1,1.0,5,9,0,0.22727272727272727,0.035704612731933594,0.5749199390411377,0.015635967254638672,0.010121345520019531,0.009945392608642578
