num_events,utilization,reallocations,changes,failures,reallocated_prop,time_compute,time_apply,time_enum,time_search,time_pp
1,0.2141304347826087,1,0,0,0.0,0.011005878448486328,0.14326858520507812,9.608268737792969e-05,0.0014183521270751953,0.009489297866821289
