num_events,utilization,reallocations,changes,failures,reallocated_prop,time_compute,time_apply,time_enum,time_search,time_pp
1,0.3760869565217391,1,0,0,0.0,0.287825345993042,0.2969820499420166,0.0182650089263916,0.25960421562194824,0.00995326042175293
