num_events,utilization,reallocations,changes,failures,reallocated_prop,time_compute,time_apply,time_enum,time_search,time_pp
1,0.65,55,99,0,0.36666666666666664,0.013262033462524414,0.32755374908447266,0.0005078315734863281,0.003320932388305664,0.00943136215209961
