num_events,utilization,reallocations,changes,failures,reallocated_prop,time_compute,time_apply,time_enum,time_search,time_pp
1,0.06114130434782609,1,0,0,0.0,0.08792901039123535,0.6800305843353271,4.029273986816406e-05,0.0001938343048095703,0.0876929759979248
