num_events,utilization,reallocations,changes,failures,reallocated_prop,time_compute,time_apply,time_enum,time_search,time_pp
1,1.0,18,37,0,0.13846153846153847,0.10411906242370605,0.6597332954406738,0.014885902404785156,0.07949972152709961,0.009730815887451172
