num_events,utilization,reallocations,changes,failures,reallocated_prop,time_compute,time_apply,time_enum,time_search,time_pp
1,0.65,37,67,0,0.3854166666666667,0.012214899063110352,0.3234272003173828,0.0005028247833251953,0.0021986961364746094,0.009511947631835938
