num_events,utilization,reallocations,changes,failures,reallocated_prop,time_compute,time_apply,time_enum,time_search,time_pp
1,0.7635869565217391,74,142,0,0.5103448275862069,0.013919353485107422,0.49065494537353516,0.0005030632019042969,0.004010915756225586,0.00940394401550293
