num_events,utilization,reallocations,changes,failures,reallocated_prop,time_compute,time_apply,time_enum,time_search,time_pp
1,0.075,1,0,0,0.0,0.010697126388549805,0.10201501846313477,0.00010609626770019531,0.0005786418914794922,0.010010719299316406
