num_events,utilization,reallocations,changes,failures,reallocated_prop,time_compute,time_apply,time_enum,time_search,time_pp
1,0.7633152173913044,72,132,0,0.5294117647058824,0.013878107070922852,0.4867236614227295,0.0005006790161132812,0.0038330554962158203,0.009542465209960938
