num_events,utilization,reallocations,changes,failures,reallocated_prop,time_compute,time_apply
1,0.9059782608695652,42,62,0,0.3620689655172414,0.014769315719604492,0.549950122833252
