num_events,utilization,reallocations,changes,failures,reallocated_prop,time_compute,time_apply,time_enum,time_search,time_pp
1,1.0,22,46,0,0.2972972972972973,0.0982668399810791,0.6352429389953613,0.0146331787109375,0.07363629341125488,0.0099945068359375
