num_events,utilization,reallocations,changes,failures,reallocated_prop,time_compute,time_apply,time_enum,time_search,time_pp
1,0.011956521739130435,1,0,0,0.0,0.0400996208190918,0.13464140892028809,0.018375635147094727,0.012606143951416016,0.00911569595336914
