num_events,utilization,reallocations,changes,failures,reallocated_prop,time_compute,time_apply,time_enum,time_search,time_pp
1,1.0,37,81,0,0.185,0.08440828323364258,0.5905208587646484,0.014742374420166016,0.05990886688232422,0.00975489616394043
