num_events,utilization,reallocations,changes,failures,reallocated_prop,time_compute,time_apply,time_enum,time_search,time_pp
1,0.1532608695652174,1,0,0,0.0,0.010640382766723633,0.11786317825317383,7.963180541992188e-05,0.0011870861053466797,0.009372472763061523
