num_events,utilization,reallocations,changes,failures,reallocated_prop,time_compute,time_apply,time_enum,time_search,time_pp
1,0.46847826086956523,1,0,0,0.0,0.3494412899017334,0.3375074863433838,0.021661996841430664,0.3175044059753418,0.010272026062011719
