num_events,utilization,reallocations,changes,failures,reallocated_prop,time_compute,time_apply,time_enum,time_search,time_pp
1,0.29347826086956524,1,0,0,0.0,0.23716187477111816,0.2588167190551758,0.02170252799987793,0.20587563514709473,0.009581565856933594
