num_events,utilization,reallocations,changes,failures,reallocated_prop,time_compute,time_apply,time_enum,time_search,time_pp
1,0.0,0,0,0,0.0,0.07216906547546387,0.4291982650756836,3.0040740966796875e-05,1.239776611328125e-05,0.07212519645690918
