num_events,utilization,reallocations,changes,failures,reallocated_prop,time_compute,time_apply,time_enum,time_search,time_pp
1,0.051630434782608696,1,0,0,0.0,0.03617405891418457,0.26371216773986816,3.2901763916015625e-05,9.918212890625e-05,0.03603982925415039
