num_events,utilization,reallocations,changes,failures,reallocated_prop,time_compute,time_apply,time_enum,time_search,time_pp
1,0.3684782608695652,1,0,0,0.0,0.27092552185058594,0.2902491092681885,0.01784825325012207,0.24361658096313477,0.009458780288696289
