num_events,utilization,reallocations,changes,failures,reallocated_prop,time_compute,time_apply,time_enum,time_search,time_pp
1,0.002989130434782609,1,0,0,0.0,0.03961539268493652,0.32567286491394043,8.893013000488281e-05,0.00010585784912109375,0.03941917419433594
