num_events,utilization,reallocations,changes,failures,reallocated_prop,time_compute,time_apply,time_enum,time_search,time_pp
1,0.09782608695652174,1,0,0,0.0,0.09463834762573242,0.16514992713928223,0.017505645751953125,0.06813549995422363,0.008995771408081055
