num_events,utilization,reallocations,changes,failures,reallocated_prop,time_compute,time_apply,time_enum,time_search,time_pp
1,0.6719429347826087,5,4,0,0.2857142857142857,0.03692364692687988,1.7922978401184082,0.00010132789611816406,0.0003714561462402344,0.03644847869873047
