num_events,utilization,reallocations,changes,failures,reallocated_prop,time_compute,time_apply,time_enum,time_search,time_pp
1,0.65,84,163,0,0.3169811320754717,0.015863656997680664,0.3311946392059326,0.0005061626434326172,0.005642890930175781,0.00971221923828125
