num_events,utilization,reallocations,changes,failures,reallocated_prop,time_compute,time_apply,time_enum,time_search,time_pp
1,0.0391304347826087,1,0,0,0.0,0.010417699813842773,0.0884099006652832,0.00010514259338378906,0.0003170967102050781,0.009993553161621094
