num_events,utilization,reallocations,changes,failures,reallocated_prop,time_compute,time_apply,time_enum,time_search,time_pp
1,0.7635869565217391,33,61,0,0.515625,0.012091398239135742,0.48265671730041504,0.0004942417144775391,0.002300739288330078,0.009294748306274414
