num_events,utilization,reallocations,changes,failures,reallocated_prop,time_compute,time_apply,time_enum,time_search,time_pp
1,0.002717391304347826,1,0,0,0.0,0.07205843925476074,0.5795626640319824,0.00010037422180175781,0.000194549560546875,0.0717611312866211
