num_events,utilization,reallocations,changes,failures,reallocated_prop,time_compute,time_apply
1,0.4891304347826087,2,1,0,0.3333333333333333,0.010608911514282227,0.41744041442871094
