num_events,utilization,reallocations,changes,failures,reallocated_prop,time_compute,time_apply,time_enum,time_search,time_pp
1,0.7597826086956522,3,5,0,0.6,0.03049015998840332,0.5457358360290527,0.012632131576538086,0.00868082046508789,0.009175300598144531
