num_events,utilization,reallocations,changes,failures,reallocated_prop,time_compute,time_apply
1,0.45842391304347824,2,1,0,0.3333333333333333,0.03805661201477051,1.615447998046875
