num_events,utilization,reallocations,changes,failures,reallocated_prop,time_compute,time_apply
1,0.9146739130434782,44,76,0,0.2875816993464052,0.01488041877746582,0.5565052032470703
