num_events,utilization,reallocations,changes,failures,reallocated_prop,time_compute,time_apply,time_enum,time_search,time_pp
1,0.175,1,0,0,0.0,0.011077404022216797,0.13057351112365723,9.036064147949219e-05,0.0010955333709716797,0.009889602661132812
