num_events,utilization,reallocations,changes,failures,reallocated_prop,time_compute,time_apply,time_enum,time_search,time_pp
1,0.9195652173913044,2,2,0,0.16666666666666666,0.03832817077636719,0.5926992893218994,0.014339208602905273,0.014847993850708008,0.009137630462646484
