num_events,utilization,reallocations,changes,failures,reallocated_prop,time_compute,time_apply,time_enum
1,0.2826086956521739,1,0,0,0.0,0.010583639144897461,0.19664287567138672,0.00014901161193847656
