num_events,utilization,reallocations,changes,failures,reallocated_prop,time_compute,time_apply,time_enum,time_search,time_pp
1,1.0,81,183,0,0.19852941176470587,0.14169788360595703,0.591484785079956,0.014645814895629883,0.11692643165588379,0.010123252868652344
