num_events,utilization,reallocations,changes,failures,reallocated_prop,time_compute,time_apply,time_enum,time_search,time_pp
1,1.0,36,81,0,0.08275862068965517,0.14710521697998047,0.5994067192077637,0.014734745025634766,0.12224602699279785,0.010121583938598633
