num_events,utilization,reallocations,changes,failures,reallocated_prop,time_compute,time_apply,time_enum,time_search,time_pp
1,0.65,28,46,0,0.27184466019417475,0.012218236923217773,0.317396879196167,0.0005502700805664062,0.002335071563720703,0.009330987930297852
