num_events,utilization,reallocations,changes,failures,reallocated_prop,time_compute,time_apply
1,0.9146739130434782,32,53,0,0.5614035087719298,0.013404369354248047,0.5601339340209961
