num_events,utilization,reallocations,changes,failures,reallocated_prop,time_compute,time_apply,time_enum,time_search,time_pp
1,0.65,65,123,0,0.3651685393258427,0.013614892959594727,0.31970667839050293,0.0005061626434326172,0.0037550926208496094,0.009351491928100586
