num_events,utilization,reallocations,changes,failures,reallocated_prop,time_compute,time_apply,time_enum,time_search,time_pp
1,0.65,5,12,0,0.3125,0.07334303855895996,2.3855512142181396,0.0004949569702148438,0.0005958080291748047,0.0722498893737793
