num_events,utilization,reallocations,changes,failures,reallocated_prop,time_compute,time_apply,time_enum,time_search,time_pp
1,0.65,28,53,0,0.4117647058823529,0.011674880981445312,0.3122265338897705,0.0005083084106445312,0.0016512870788574219,0.009513139724731445
