num_events,utilization,reallocations,changes,failures,reallocated_prop,time_compute,time_apply,time_enum,time_search,time_pp
1,0.175,1,0,0,0.0,0.1466383934020996,0.19965720176696777,0.017966747283935547,0.11924338340759277,0.009426116943359375
