num_events,utilization,reallocations,changes,failures,reallocated_prop,time_compute,time_apply,time_enum,time_search,time_pp
1,0.0038043478260869567,1,0,0,0.0,0.07543373107910156,0.5809428691864014,0.00011730194091796875,0.00029659271240234375,0.07501649856567383
