num_events,utilization,reallocations,changes,failures,reallocated_prop,time_compute,time_apply,time_enum,time_search,time_pp
1,1.0,47,59,0,0.15309446254071662,0.11482930183410645,0.5742802619934082,0.014717340469360352,0.0903468132019043,0.00976252555847168
