num_events,utilization,reallocations,changes,failures,reallocated_prop,time_compute,time_apply,time_enum,time_search,time_pp
1,0.08152173913043478,1,0,0,0.0,0.035851240158081055,0.300473690032959,3.4332275390625e-05,0.00013780593872070312,0.03567695617675781
