num_events,utilization,reallocations,changes,failures,reallocated_prop,time_compute,time_apply
1,0.9054347826086957,14,31,0,0.4117647058823529,0.013564348220825195,0.5540378093719482
