num_events,utilization,reallocations,changes,failures,reallocated_prop,time_compute,time_apply
1,0.9138586956521739,5,4,0,0.36363636363636365,0.04628133773803711,0.5460832118988037
