num_events,utilization,reallocations,changes,failures,reallocated_prop,time_compute,time_apply
1,0.8336956521739131,8,7,0,0.3888888888888889,0.010340213775634766,0.5363616943359375
