num_events,utilization,reallocations,changes,failures,reallocated_prop,time_compute,time_apply,time_enum,time_search,time_pp
1,1.0,19,25,0,0.3220338983050847,0.04465079307556152,0.5712995529174805,0.014851808547973633,0.020222902297973633,0.00957489013671875
