num_events,utilization,reallocations,changes,failures,reallocated_prop,time_compute,time_apply
1,0.9059782608695652,44,73,0,0.4631578947368421,0.014017581939697266,0.5426392555236816
