num_events,utilization,reallocations,changes,failures,reallocated_prop,time_compute,time_apply,time_enum,time_search,time_pp
1,1.0,25,27,0,0.5319148936170213,0.08349752426147461,0.6408307552337646,0.01301431655883789,0.06096220016479492,0.009518146514892578
