num_events,utilization,reallocations,changes,failures,reallocated_prop,time_compute,time_apply
1,0.9682065217391305,6,6,0,0.4166666666666667,0.07501912117004395,0.5957190990447998
