num_events,utilization,reallocations,changes,failures,reallocated_prop,time_compute,time_apply,time_enum,time_search,time_pp
1,0.05543478260869565,1,0,0,0.0,0.06866955757141113,0.15138936042785645,0.018399477005004883,0.041107177734375,0.009160757064819336
