num_events,utilization,reallocations,changes,failures,reallocated_prop,time_compute,time_apply,time_enum,time_search,time_pp
1,0.035869565217391305,1,0,0,0.0,0.010626554489135742,0.0916738510131836,0.00011515617370605469,0.00029659271240234375,0.010212898254394531
