num_events,utilization,reallocations,changes,failures,reallocated_prop,time_compute,time_apply,time_enum,time_search,time_pp
1,1.0,30,54,0,0.10526315789473684,0.10862922668457031,0.5767078399658203,0.014775753021240234,0.0840156078338623,0.009835481643676758
