num_events,utilization,reallocations,changes,failures,reallocated_prop,time_compute,time_apply,time_enum,time_search,time_pp
1,0.08831521739130435,1,0,0,0.0,0.09265851974487305,0.7056362628936768,3.552436828613281e-05,0.00027561187744140625,0.09234499931335449
