num_events,utilization,reallocations,changes,failures,reallocated_prop,time_compute,time_apply,time_enum,time_search,time_pp
1,1.0,21,63,0,0.12280701754385964,0.07724165916442871,0.5745174884796143,0.014772176742553711,0.05272316932678223,0.009744405746459961
