num_events,utilization,reallocations,changes,failures,reallocated_prop,time_compute,time_apply,time_enum,time_search,time_pp
1,0.65,31,57,0,0.3780487804878049,0.01262664794921875,0.333432674407959,0.0004611015319824219,0.002070188522338867,0.010093212127685547
