num_events,utilization,reallocations,changes,failures,reallocated_prop,time_compute,time_apply,time_enum,time_search,time_pp
1,0.65,9,22,0,0.32142857142857145,0.010708332061767578,0.292266845703125,0.0005905628204345703,0.0007615089416503906,0.009354352951049805
