num_events,utilization,reallocations,changes,failures,reallocated_prop,time_compute,time_apply,time_enum,time_search,time_pp
1,0.125,1,0,0,0.0,0.035672903060913086,0.3445901870727539,3.409385681152344e-05,0.00019693374633789062,0.03543972969055176
