num_events,utilization,reallocations,changes,failures,reallocated_prop,time_compute,time_apply,time_enum,time_search,time_pp
1,0.002173913043478261,1,0,0,0.0,0.018283367156982422,0.14087748527526855,9.703636169433594e-05,6.794929504394531e-05,0.01811671257019043
