num_events,utilization,reallocations,changes,failures,reallocated_prop,time_compute,time_apply,time_enum,time_search,time_pp
1,1.0,101,183,0,0.2469437652811736,0.14257478713989258,0.6225578784942627,0.014707565307617188,0.11791396141052246,0.009949922561645508
