num_events,utilization,reallocations,changes,failures,reallocated_prop,time_compute,time_apply
1,0.7576086956521739,6,6,0,0.29411764705882354,0.01858687400817871,0.9731063842773438
