num_events,utilization,reallocations,changes,failures,reallocated_prop,time_compute,time_apply,time_enum,time_search,time_pp
1,0.6579144021739131,9,9,0,0.5333333333333333,0.07470965385437012,3.5531351566314697,3.457069396972656e-05,9.417533874511719e-05,0.07457876205444336
