num_events,utilization,reallocations,changes,failures,reallocated_prop,time_compute,time_apply
1,0.9016304347826087,36,69,0,0.33962264150943394,0.015013456344604492,0.5617144107818604
