num_events,utilization,reallocations,changes,failures,reallocated_prop,time_compute,time_apply,time_enum
1,0.2826086956521739,1,0,0,0.0,0.010439395904541016,0.19645023345947266,0.00014662742614746094
