num_events,utilization,reallocations,changes,failures,reallocated_prop,time_compute,time_apply
1,0.725679347826087,12,12,0,0.5238095238095238,0.03729724884033203,1.9993007183074951
