num_events,utilization,reallocations,changes,failures,reallocated_prop,time_compute,time_apply,time_enum,time_search,time_pp
1,0.07717391304347826,1,0,0,0.0,0.08197212219238281,0.16252851486206055,0.018870830535888672,0.05350136756896973,0.009598016738891602
