num_events,utilization,reallocations,changes,failures,reallocated_prop,time_compute,time_apply,time_enum,time_search,time_pp
1,0.7633152173913044,38,71,0,0.42696629213483145,0.012345552444458008,0.46020984649658203,0.00042819976806640625,0.0027577877044677734,0.009157419204711914
