num_events,utilization,reallocations,changes,failures,reallocated_prop,time_compute,time_apply,time_enum,time_search,time_pp
1,0.20978260869565218,1,0,0,0.0,0.1801607608795166,0.22096586227416992,0.020418643951416016,0.1502537727355957,0.009486198425292969
