num_events,utilization,reallocations,changes,failures,reallocated_prop,time_compute,time_apply
1,0.8929347826086956,40,64,0,0.2898550724637681,0.01692485809326172,0.546126127243042
