num_events,utilization,reallocations,changes,failures,reallocated_prop,time_compute,time_apply,time_enum,time_search,time_pp
1,0.6547554347826087,5,4,0,0.5714285714285714,0.07278108596801758,3.481102466583252,3.504753112792969e-05,7.128715515136719e-05,0.07267236709594727
