num_events,utilization,reallocations,changes,failures,reallocated_prop,time_compute,time_apply
1,0.9019021739130435,52,78,0,0.40310077519379844,0.01502847671508789,0.5594708919525146
